<?xml version="1.0" encoding="UTF-8"?>
<rootTag>
<Award>
<AwardTitle><![CDATA[Understanding and Optimizing Ride-Sourcing Drivers' Learning Dynamics]]></AwardTitle>
<AGENCY>NSF</AGENCY>
<AwardEffectiveDate>06/01/2023</AwardEffectiveDate>
<AwardExpirationDate>05/31/2026</AwardExpirationDate>
<AwardTotalIntnAmount>495638.00</AwardTotalIntnAmount>
<AwardAmount>503138</AwardAmount>
<AwardInstrument>
<Value>Standard Grant</Value>
</AwardInstrument>
<Organization>
<Code>07030000</Code>
<Directorate>
<Abbreviation>ENG</Abbreviation>
<LongName>Directorate For Engineering</LongName>
</Directorate>
<Division>
<Abbreviation>CMMI</Abbreviation>
<LongName>Div Of Civil, Mechanical, &amp; Manufact Inn</LongName>
</Division>
</Organization>
<ProgramOfficer>
<SignBlockName>Siqian Shen</SignBlockName>
<PO_EMAI>siqshen@nsf.gov</PO_EMAI>
<PO_PHON>7032927048</PO_PHON>
</ProgramOfficer>
<AbstractNarration>This project will generate behavioral insights and algorithmic tools for ride-sourcing drivers to enable effective driver organization and eventual market efficiency and enhanced societal welfare. It will work with drivers to obtain location and operational data and generate optimized and coordinated guidance on tactical and operational decisions to maximize their welfare. Transportation agencies and local communities could partner with drivers to gain insights into the market and optimize policies to meet societal goals. The independence of ride-sourcing drivers comes at the price of social isolation and anxiety. This project will chart a technology-inspired pathway to better connection and organization of the diffusive workforce, and increase its cohesion, vitality, and social contribution. Ride-sourcing drivers are more likely from the lower income and other vulnerable parts of the population, and the project prototype serves as an outreach tool to improve their well-being, in addition to being a test bed for the research program. The PI will incorporate the research results in her graduate/upper-class undergraduate courses on transportation systems analysis and economics, where traditionally the supplier side of the transportation market is not treated in the same depth as the consumer side.  &lt;br/&gt;&lt;br/&gt;There are three major research objectives: 1) Understand drivers' learning and choice behaviors using dynamic discrete choice models grounded on psychologically sound learning theories; 2) Develop model-based and model-free algorithms to optimize decisions on when to start and end working, where to search for passengers and whether to accept a ride request, scalable to the level of driver participation; 3) Generate behaviorally informed driver guidance synthesizing results from previous two objectives. The project is innovative in three major aspects. First, it provides an alternative approach to enhancing the ride-sourcing market by directly working with drivers instead of platforms as commonly done in the literature and practice. The driver-centered approach is potentially more socially efficient due to the avoidance of a platform's tendency for over-supply and fairer due to its collaborative nature. Secondly, it advances understandings of drivers' learning and choice making dynamics under uncertainty at various temporal scales: routing and order acceptance at the minute-to-minute level, and scheduling at the hour-to-hour level. This integrated approach will fill the knowledge gap of reasons and dynamics behind the low retention rate of ride-sourcing drivers. Thirdly, it contributes to the development of high-performance optimization algorithms for ride-sourcing operations with an emphasis on the scalability to the level of driver participation and data availability.&lt;br/&gt;&lt;br/&gt;This award reflects NSF's statutory mission and has been deemed worthy of support through evaluation using the Foundation's intellectual merit and broader impacts review criteria.</AbstractNarration>
<MinAmdLetterDate>05/01/2023</MinAmdLetterDate>
<MaxAmdLetterDate>05/21/2024</MaxAmdLetterDate>
<ARRAAmount/>
<TRAN_TYPE>Grant</TRAN_TYPE>
<CFDA_NUM>47.041</CFDA_NUM>
<NSF_PAR_USE_FLAG>1</NSF_PAR_USE_FLAG>
<FUND_AGCY_CODE>4900</FUND_AGCY_CODE>
<AWDG_AGCY_CODE>4900</AWDG_AGCY_CODE>
<AwardID>2300984</AwardID>
<Investigator>
<FirstName>Song</FirstName>
<LastName>Gao</LastName>
<PI_MID_INIT/>
<PI_SUFX_NAME/>
<PI_FULL_NAME>Song Gao</PI_FULL_NAME>
<EmailAddress><![CDATA[sgao@umass.edu]]></EmailAddress>
<NSF_ID>000509783</NSF_ID>
<StartDate>05/01/2023</StartDate>
<EndDate/>
<RoleCode>Principal Investigator</RoleCode>
</Investigator>
<Institution>
<Name><![CDATA[University of Massachusetts Amherst]]></Name>
<CityName>AMHERST</CityName>
<ZipCode>010039252</ZipCode>
<PhoneNumber>4135450698</PhoneNumber>
<StreetAddress><![CDATA[101 COMMONWEALTH AVE]]></StreetAddress>
<StreetAddress2/>
<CountryName>United States</CountryName>
<StateName>Massachusetts</StateName>
<StateCode>MA</StateCode>
<CONGRESSDISTRICT>02</CONGRESSDISTRICT>
<CONGRESS_DISTRICT_ORG>MA02</CONGRESS_DISTRICT_ORG>
<ORG_UEI_NUM>VGJHK59NMPK9</ORG_UEI_NUM>
<ORG_LGL_BUS_NAME>UNIVERSITY OF MASSACHUSETTS</ORG_LGL_BUS_NAME>
<ORG_PRNT_UEI_NUM/>
</Institution>
<Performance_Institution>
<Name><![CDATA[University of Massachusetts Amherst]]></Name>
<CityName>AMHERST</CityName>
<StateCode>MA</StateCode>
<ZipCode>01003</ZipCode>
<StreetAddress><![CDATA[COMMONWEALTH AVE]]></StreetAddress>
<CountryCode>US</CountryCode>
<CountryName>United States</CountryName>
<StateName>Massachusetts</StateName>
<CountryFlag>1</CountryFlag>
<CONGRESSDISTRICT>02</CONGRESSDISTRICT>
<CONGRESS_DISTRICT_PERF>MA02</CONGRESS_DISTRICT_PERF>
</Performance_Institution>
<ProgramElement>
<Code>163100</Code>
<Text>CIS-Civil Infrastructure Syst</Text>
</ProgramElement>
<ProgramReference>
<Code>029E</Code>
<Text>INFRASTRUCTURE SYSTEMS MGT</Text>
</ProgramReference>
<ProgramReference>
<Code>1057</Code>
<Text>CIS BASE RESEARCH</Text>
</ProgramReference>
<ProgramReference>
<Code>116E</Code>
<Text>RESEARCH EXP FOR UNDERGRADS</Text>
</ProgramReference>
<ProgramReference>
<Code>9102</Code>
<Text>WOMEN, MINORITY, DISABLED, NEC</Text>
</ProgramReference>
<ProgramReference>
<Code>9178</Code>
<Text>UNDERGRADUATE EDUCATION</Text>
</ProgramReference>
<ProgramReference>
<Code>9231</Code>
<Text>SUPPL FOR UNDERGRAD RES ASSIST</Text>
</ProgramReference>
<ProgramReference>
<Code>9251</Code>
<Text>REU SUPP-Res Exp for Ugrd Supp</Text>
</ProgramReference>
<Appropriation>
<Code/>
<Name/>
<APP_SYMB_ID/>
</Appropriation>
<Appropriation>
<Code/>
<Name/>
<APP_SYMB_ID/>
</Appropriation>
<Fund>
<Code>01002425DB</Code>
<Name><![CDATA[NSF RESEARCH & RELATED ACTIVIT]]></Name>
<FUND_SYMB_ID>040100</FUND_SYMB_ID>
</Fund>
<Fund>
<Code>01002324DB</Code>
<Name><![CDATA[NSF RESEARCH & RELATED ACTIVIT]]></Name>
<FUND_SYMB_ID>040100</FUND_SYMB_ID>
</Fund>
<FUND_OBLG>2023~495638</FUND_OBLG>
<FUND_OBLG>2024~7500</FUND_OBLG>
</Award>
</rootTag>
