<?xml version="1.0" encoding="UTF-8"?>
<rootTag>
<Award>
<AwardTitle><![CDATA[Collaborative Research: U.S. GEOTRACE GP17-OCE and GP17-ANT: Characterizing iron-binding organic ligands in the Southern Ocean and implications for iron cycling in the global ocean]]></AwardTitle>
<AGENCY>NSF</AGENCY>
<AwardEffectiveDate>11/01/2022</AwardEffectiveDate>
<AwardExpirationDate>07/31/2025</AwardExpirationDate>
<AwardTotalIntnAmount>399803.00</AwardTotalIntnAmount>
<AwardAmount>399803</AwardAmount>
<AwardInstrument>
<Value>Continuing Grant</Value>
</AwardInstrument>
<Organization>
<Code>06040000</Code>
<Directorate>
<Abbreviation>GEO</Abbreviation>
<LongName>Directorate For Geosciences</LongName>
</Directorate>
<Division>
<Abbreviation>OCE</Abbreviation>
<LongName>Division Of Ocean Sciences</LongName>
</Division>
</Organization>
<ProgramOfficer>
<SignBlockName>Elizabeth Canuel</SignBlockName>
<PO_EMAI>ecanuel@nsf.gov</PO_EMAI>
<PO_PHON>7032927938</PO_PHON>
</ProgramOfficer>
<AbstractNarration>Iron is an essential element for life and plays an important role in defining how much atmospheric carbon dioxide is taken up into the ocean by phytoplankton. However, iron cycling is closely governed by the chemistry of seawater; nearly all iron in seawater is associated with various unknown organic compounds, called iron-binding ligands, which impact whether and how iron is utilized by organisms and the distribution of iron throughout the ocean. Detail understanding of the cycling of organic iron-binding ligands is necessary to understand iron cycling in the oceans and the connections between iron cycling and atmospheric carbon. The proposed research will be carried out as a part of US GEOTRACES expedition to test the hypothesis that the Southern Ocean is a globally significant source of iron-binding organic ligands, and that different sources of these organic molecules lead to different iron-ligand characteristics. The US GEOTRACES program is a large collaborative effort to sample ocean systems at high resolution for a suite of key trace elements and isotopes. The South Pacific and Southern Ocean regions targeted by the upcoming US GEOTRACES GP17 cruises are important locations of water mass formation and the subsequent transport of carbon and nutrients to the global ocean. Organic ligands produced in these regions thus have important implications for the stabilization, reactivity, and residence time of iron along the path of global water mass circulation and could impact the global oceanic inventory of dissolved iron. &lt;br/&gt;&lt;br/&gt;This project will measure the distribution of iron-binding organic ligands, and identify specific organic molecules that comprise these ligands, in field and experimental samples collected on upcoming US GEOTRACES cruises in the South Pacific (GP17-OCE) and Southern Ocean (GP17-ANT). These datasets will be utilized to conduct the first extensive intercalibration of the two most widely used approaches for characterizing iron-binding organic ligands, providing important insight into these datasets and how they can be synthesized to improve understanding of iron cycling in the oceans. All data from this project will be made publicly available. Project activities will provide educational and training opportunities for middle school, high school, undergraduate, and graduate students, and results will be shared with the public through the development of virtual reality modules and via local outreach events.&lt;br/&gt;&lt;br/&gt;This award reflects NSF's statutory mission and has been deemed worthy of support through evaluation using the Foundation's intellectual merit and broader impacts review criteria.</AbstractNarration>
<MinAmdLetterDate>10/27/2022</MinAmdLetterDate>
<MaxAmdLetterDate>09/18/2023</MaxAmdLetterDate>
<ARRAAmount/>
<TRAN_TYPE>Grant</TRAN_TYPE>
<CFDA_NUM>47.050</CFDA_NUM>
<NSF_PAR_USE_FLAG>1</NSF_PAR_USE_FLAG>
<FUND_AGCY_CODE>4900</FUND_AGCY_CODE>
<AWDG_AGCY_CODE>4900</AWDG_AGCY_CODE>
<AwardID>2300915</AwardID>
<Investigator>
<FirstName>Kristen</FirstName>
<LastName>Buck</LastName>
<PI_MID_INIT>N</PI_MID_INIT>
<PI_SUFX_NAME/>
<PI_FULL_NAME>Kristen N Buck</PI_FULL_NAME>
<EmailAddress><![CDATA[kristen.buck@oregonstate.edu]]></EmailAddress>
<NSF_ID>000524399</NSF_ID>
<StartDate>10/27/2022</StartDate>
<EndDate/>
<RoleCode>Principal Investigator</RoleCode>
</Investigator>
<Institution>
<Name><![CDATA[Oregon State University]]></Name>
<CityName>CORVALLIS</CityName>
<ZipCode>973318655</ZipCode>
<PhoneNumber>5417374933</PhoneNumber>
<StreetAddress><![CDATA[1500 SW JEFFERSON AVE]]></StreetAddress>
<StreetAddress2/>
<CountryName>United States</CountryName>
<StateName>Oregon</StateName>
<StateCode>OR</StateCode>
<CONGRESSDISTRICT>04</CONGRESSDISTRICT>
<CONGRESS_DISTRICT_ORG>OR04</CONGRESS_DISTRICT_ORG>
<ORG_UEI_NUM>MZ4DYXE1SL98</ORG_UEI_NUM>
<ORG_LGL_BUS_NAME>OREGON STATE UNIVERSITY</ORG_LGL_BUS_NAME>
<ORG_PRNT_UEI_NUM/>
</Institution>
<Performance_Institution>
<Name><![CDATA[Oregon State University]]></Name>
<CityName>CORVALLIS</CityName>
<StateCode>OR</StateCode>
<ZipCode>973318655</ZipCode>
<StreetAddress><![CDATA[1500 SW JEFFERSON ST]]></StreetAddress>
<CountryCode>US</CountryCode>
<CountryName>United States</CountryName>
<StateName>Oregon</StateName>
<CountryFlag>1</CountryFlag>
<CONGRESSDISTRICT>04</CONGRESSDISTRICT>
<CONGRESS_DISTRICT_PERF>OR04</CONGRESS_DISTRICT_PERF>
</Performance_Institution>
<ProgramElement>
<Code>167000</Code>
<Text>Chemical Oceanography</Text>
</ProgramElement>
<ProgramReference>
<Code>1670</Code>
<Text>CHEMICAL OCEANOGRAPHY</Text>
</ProgramReference>
<Appropriation>
<Code/>
<Name/>
<APP_SYMB_ID/>
</Appropriation>
<Appropriation>
<Code/>
<Name/>
<APP_SYMB_ID/>
</Appropriation>
<Fund>
<Code>01002324DB</Code>
<Name><![CDATA[NSF RESEARCH & RELATED ACTIVIT]]></Name>
<FUND_SYMB_ID>040100</FUND_SYMB_ID>
</Fund>
<Fund>
<Code>01002223DB</Code>
<Name><![CDATA[NSF RESEARCH & RELATED ACTIVIT]]></Name>
<FUND_SYMB_ID>040100</FUND_SYMB_ID>
</Fund>
<FUND_OBLG>2022~130038</FUND_OBLG>
<FUND_OBLG>2023~269765</FUND_OBLG>
</Award>
</rootTag>
