<?xml version="1.0" encoding="UTF-8"?>
<rootTag>
<Award>
<AwardTitle><![CDATA[Collaborative Research: Smart Dental Implant System for Ambulatory Dental Care]]></AwardTitle>
<AGENCY>NSF</AGENCY>
<AwardEffectiveDate>10/01/2022</AwardEffectiveDate>
<AwardExpirationDate>12/31/2025</AwardExpirationDate>
<AwardTotalIntnAmount>250000.00</AwardTotalIntnAmount>
<AwardAmount>250000</AwardAmount>
<AwardInstrument>
<Value>Standard Grant</Value>
</AwardInstrument>
<Organization>
<Code>07010000</Code>
<Directorate>
<Abbreviation>ENG</Abbreviation>
<LongName>Directorate For Engineering</LongName>
</Directorate>
<Division>
<Abbreviation>ECCS</Abbreviation>
<LongName>Div Of Electrical, Commun &amp; Cyber Sys</LongName>
</Division>
</Organization>
<ProgramOfficer>
<SignBlockName>Yogesh Gianchandani</SignBlockName>
<PO_EMAI>ygiancha@nsf.gov</PO_EMAI>
<PO_PHON>7032922202</PO_PHON>
</ProgramOfficer>
<AbstractNarration>Every year, approximately 5 million implants are placed to replace missing teeth in the United States. Although the dental implant practice shows initial high success rates, many studies reported high occurrences of peri-implant diseases, up to 50% after 10 years of installation. These peri-implant diseases can potentially lead to patient discomfort, painful and costly surgical replacement of failed implants, and even the overall oral health breakdown. In particular, the geriatric population, smokers, or patients with a history of chronic periodontitis or diabetes were more vulnerable to peri-implant diseases. A significant body of studies indicates that the root causes of peri-implant disease are the accumulation of dental plaque at the soft tissue-implant interface and the subsequent local inflammation. Today, numerous antimicrobial agents are available, potentially reducing bacterial activity on the dental crown surface. However, most of these agents may not be appropriate for long-term use because these may disrupt ecological microbiota and induce drug resistance over time. In addition, antimicrobial coating surfaces have not been a great success due to the gradual loss of therapeutic agents into the surrounding environment. As such, the overall objective of this project is to build a practical strategy to prevent peri-implant disease by enhancing the immunity of peripheral soft tissue against bacterial infection. Furthermore, the project integrates the research with educational venues by mentoring graduate and undergraduate students, including underrepresented minorities and female students, developing interdisciplinary curricula to bridge the gap between engineering and biomedical research.&lt;br/&gt;The project leverages cross-cutting innovations spanning engineering and dental medicine to create an ambulatory dental care platform, a human oral motion-powered Smart Dental Implant (SDI) system. The SDI system enables in situ, highly effective, and targeted low-level light therapy in proximity to disease-prone areas. The SDI system represents a significant opportunity to improve the prevention of peri-implant disease. This project 1) elucidates the unprecedented potential of human oral biomechanical energy harvesting as a reliable power source, 2) understands the underlying mechanism of the photon-cell-microbe interaction in the new mode of near-contact low-level light therapy, and 3) validates the SDI system using a clinically relevant animal model of peri-implantitis. The outcome of this award will provide new perspectives on preventing and controlling the onset of peri-implant diseases. In addition, a successful demonstration of the energy harvesting technology will simultaneously extend the range of applicability in any field requiring near-zero power application. Finally, a similar concept can also be replicated in other microbially induced inflammations, such as skin wound healing and sustaining orthopedic implants.&lt;br/&gt;&lt;br/&gt;This award reflects NSF's statutory mission and has been deemed worthy of support through evaluation using the Foundation's intellectual merit and broader impacts review criteria.</AbstractNarration>
<MinAmdLetterDate>10/28/2022</MinAmdLetterDate>
<MaxAmdLetterDate>10/28/2022</MaxAmdLetterDate>
<ARRAAmount/>
<TRAN_TYPE>Grant</TRAN_TYPE>
<CFDA_NUM>47.041</CFDA_NUM>
<NSF_PAR_USE_FLAG>1</NSF_PAR_USE_FLAG>
<FUND_AGCY_CODE>4900</FUND_AGCY_CODE>
<AWDG_AGCY_CODE>4900</AWDG_AGCY_CODE>
<AwardID>2300985</AwardID>
<Investigator>
<FirstName>Albert</FirstName>
<LastName>Kim</LastName>
<PI_MID_INIT/>
<PI_SUFX_NAME/>
<PI_FULL_NAME>Albert Kim</PI_FULL_NAME>
<EmailAddress><![CDATA[akim1@usf.edu]]></EmailAddress>
<NSF_ID>000776062</NSF_ID>
<StartDate>10/28/2022</StartDate>
<EndDate/>
<RoleCode>Principal Investigator</RoleCode>
</Investigator>
<Institution>
<Name><![CDATA[University of South Florida]]></Name>
<CityName>TAMPA</CityName>
<ZipCode>336205800</ZipCode>
<PhoneNumber>8139742897</PhoneNumber>
<StreetAddress><![CDATA[4202 E FOWLER AVE]]></StreetAddress>
<StreetAddress2/>
<CountryName>United States</CountryName>
<StateName>Florida</StateName>
<StateCode>FL</StateCode>
<CONGRESSDISTRICT>15</CONGRESSDISTRICT>
<CONGRESS_DISTRICT_ORG>FL15</CONGRESS_DISTRICT_ORG>
<ORG_UEI_NUM>NKAZLXLL7Z91</ORG_UEI_NUM>
<ORG_LGL_BUS_NAME>UNIVERSITY OF SOUTH FLORIDA</ORG_LGL_BUS_NAME>
<ORG_PRNT_UEI_NUM/>
</Institution>
<Performance_Institution>
<Name><![CDATA[University of South Florida]]></Name>
<CityName>TAMPA</CityName>
<StateCode>FL</StateCode>
<ZipCode>336209951</ZipCode>
<StreetAddress><![CDATA[4202 E FOWLER AVE]]></StreetAddress>
<CountryCode>US</CountryCode>
<CountryName>United States</CountryName>
<StateName>Florida</StateName>
<CountryFlag>1</CountryFlag>
<CONGRESSDISTRICT>15</CONGRESSDISTRICT>
<CONGRESS_DISTRICT_PERF>FL15</CONGRESS_DISTRICT_PERF>
</Performance_Institution>
<ProgramElement>
<Code>756400</Code>
<Text>CCSS-Comms Circuits &amp; Sens Sys</Text>
</ProgramElement>
<ProgramReference>
<Code>090E</Code>
<Text>Chem/Bio and Physical Diagnostics</Text>
</ProgramReference>
<ProgramReference>
<Code>095E</Code>
<Text>Photonic integration</Text>
</ProgramReference>
<ProgramReference>
<Code>108E</Code>
<Text>Bioelectronics</Text>
</ProgramReference>
<Appropriation>
<Code/>
<Name/>
<APP_SYMB_ID/>
</Appropriation>
<Fund>
<Code>01002223DB</Code>
<Name><![CDATA[NSF RESEARCH & RELATED ACTIVIT]]></Name>
<FUND_SYMB_ID>040100</FUND_SYMB_ID>
</Fund>
<FUND_OBLG>2022~250000</FUND_OBLG>
</Award>
</rootTag>
