<?xml version="1.0" encoding="UTF-8"?>
<rootTag>
<Award>
<AwardTitle><![CDATA[Collaborative Research: Effects of instructional analogies on illusions of understanding in Introductory Geoscience]]></AwardTitle>
<AGENCY>NSF</AGENCY>
<AwardEffectiveDate>08/01/2023</AwardEffectiveDate>
<AwardExpirationDate>07/31/2027</AwardExpirationDate>
<AwardTotalIntnAmount>229816.00</AwardTotalIntnAmount>
<AwardAmount>131311</AwardAmount>
<AwardInstrument>
<Value>Continuing Grant</Value>
</AwardInstrument>
<Organization>
<Code>11090000</Code>
<Directorate>
<Abbreviation>EDU</Abbreviation>
<LongName>Directorate for STEM Education</LongName>
</Directorate>
<Division>
<Abbreviation>DRL</Abbreviation>
<LongName>Division Of Research On Learning</LongName>
</Division>
</Organization>
<ProgramOfficer>
<SignBlockName>Gregg Solomon</SignBlockName>
<PO_EMAI>gesolomo@nsf.gov</PO_EMAI>
<PO_PHON>7032928333</PO_PHON>
</ProgramOfficer>
<AbstractNarration>Analogies pervade textbooks and other teaching materials in geology and other STEM fields. "The Earth's crust is like a multi-layered cake with many different colors of icing." This is an example of an analogy used to teach geology. Anaologies are widely thought to be effective teaching tools because they take something that students are already familiar with and relate it to a new unfamiliar concept. But this same feature could potentially lead to illusions of understanding. Students may assume that if they understand the familiar thing (layered cake) they understand what they need to learn about the unfamiliar thing (strata in the Earth's crust). In contrast, the scientific concept may be far more complex and possess features that the simple, familiar object does not. If the limits of the analogy are not detailed for the student, they may become overconfident in their knowledge and fail to put forth the additional effort needed for full understanding. This would be an error in metacomprehension that undermines self-regulated learning behaviors. The current project will study how analogies are used in undergraduate Introductory Geology to explore their potential negative impact on the accuracy of students' judgments about their own knowledge and to develop lessons aimed at eliminating or reducing this negative impact. The results will have implications beyond the field of geology, as analogies are a pervasive aspect of learning environments across STEM fields.&lt;br/&gt;&lt;br/&gt;The current project will involve a systemic analysis of how analogies are used in widely adopted instructional resources in Geology and will also include a series of experiments to be conducted within undergraduate Introductory Geoscience classrooms whose students are primarily college freshman and sophomores. All materials used for the experiments will be authentic classroom materials, fully integrated into the courses' online homework activities. The basic procedure common to these experiments is that students will read textbook excerpts on various topics in geoscience that systematically vary in whether they include analogies. After studying all topics, students will be asked to judge their level of comprehension for each topic ("How many items do you think you will get correct on a 5-item test?") and asked to identify which topics they would choose to restudy. Students will then take a comprehension test for each topic that requires inferential reasoning rather than just memory for words. This procedure allows for computing how accurate students are in their judgments of their own comprehension (i.e., metacomprehension), whether they choose to restudy topics they need to study most, and their actual comprehension of each topic. Student performance on course exams will be used as a more distal measure of impact. Beyond the impact of analogies on each outcome measure, some experiments will test whether the impact of analogies can be moderated by having students draw sketches of the geological phenomena, and by a short online tutorial about how to map between the familiar source and unfamiliar target concepts of an analogy along with warnings to avoid the inflated confidence that might occur due to the analogy source's being familiar. In addition to improving STEM instruction, the findings will have the potential to advance the broader literatures in metacomphrehension, science learning, and use of analogies to convey complex concepts in STEM. This project is supported by the EDU Core Research (ECR) program. ECR emphasizes fundamental STEM education research that generates foundational knowledge in the field. Investments are made in critical areas that are essential, broad, and enduring: STEM learning and STEM learning environments, broadening participation in STEM, and STEM workforce development.&lt;br/&gt;&lt;br/&gt;This award reflects NSF's statutory mission and has been deemed worthy of support through evaluation using the Foundation's intellectual merit and broader impacts review criteria.</AbstractNarration>
<MinAmdLetterDate>07/16/2023</MinAmdLetterDate>
<MaxAmdLetterDate>07/16/2023</MaxAmdLetterDate>
<ARRAAmount/>
<TRAN_TYPE>Grant</TRAN_TYPE>
<CFDA_NUM>47.076</CFDA_NUM>
<NSF_PAR_USE_FLAG>1</NSF_PAR_USE_FLAG>
<FUND_AGCY_CODE>4900</FUND_AGCY_CODE>
<AWDG_AGCY_CODE>4900</AWDG_AGCY_CODE>
<AwardID>2300992</AwardID>
<Investigator>
<FirstName>Nicole</FirstName>
<LastName>LaDue</LastName>
<PI_MID_INIT/>
<PI_SUFX_NAME/>
<PI_FULL_NAME>Nicole LaDue</PI_FULL_NAME>
<EmailAddress><![CDATA[nladue@niu.edu]]></EmailAddress>
<NSF_ID>000656835</NSF_ID>
<StartDate>07/16/2023</StartDate>
<EndDate/>
<RoleCode>Principal Investigator</RoleCode>
</Investigator>
<Institution>
<Name><![CDATA[Northern Illinois University]]></Name>
<CityName>DEKALB</CityName>
<ZipCode>601152828</ZipCode>
<PhoneNumber>8157531581</PhoneNumber>
<StreetAddress><![CDATA[1425 W LINCOLN HWY]]></StreetAddress>
<StreetAddress2/>
<CountryName>United States</CountryName>
<StateName>Illinois</StateName>
<StateCode>IL</StateCode>
<CONGRESSDISTRICT>14</CONGRESSDISTRICT>
<CONGRESS_DISTRICT_ORG>IL14</CONGRESS_DISTRICT_ORG>
<ORG_UEI_NUM>M2EEE68GGCY9</ORG_UEI_NUM>
<ORG_LGL_BUS_NAME>NORTHERN ILLINOIS UNIVERSITY</ORG_LGL_BUS_NAME>
<ORG_PRNT_UEI_NUM/>
</Institution>
<Performance_Institution>
<Name><![CDATA[Northern Illinois University]]></Name>
<CityName>DeKalb</CityName>
<StateCode>IL</StateCode>
<ZipCode>601152828</ZipCode>
<StreetAddress><![CDATA[1425 W LINCOLN HWY]]></StreetAddress>
<CountryCode>US</CountryCode>
<CountryName>United States</CountryName>
<StateName>Illinois</StateName>
<CountryFlag>1</CountryFlag>
<CONGRESSDISTRICT>14</CONGRESSDISTRICT>
<CONGRESS_DISTRICT_PERF>IL14</CONGRESS_DISTRICT_PERF>
</Performance_Institution>
<ProgramElement>
<Code>798000</Code>
<Text>ECR-EDU Core Research</Text>
</ProgramElement>
<ProgramReference>
<Code>8817</Code>
<Text>STEM Learning &amp; Learning Environments</Text>
</ProgramReference>
<Appropriation>
<Code/>
<Name/>
<APP_SYMB_ID/>
</Appropriation>
<Fund>
<Code>04002324DB</Code>
<Name><![CDATA[NSF STEM Education]]></Name>
<FUND_SYMB_ID>040106</FUND_SYMB_ID>
</Fund>
<FUND_OBLG>2023~131311</FUND_OBLG>
</Award>
</rootTag>
