<?xml version="1.0" encoding="UTF-8"?>
<rootTag>
<Award>
<AwardTitle><![CDATA[Research Initiation Award: Analysis of Glycoprotein Composition and Function of PGE2 EP Receptors in Mammary-derived Cells]]></AwardTitle>
<AGENCY>NSF</AGENCY>
<AwardEffectiveDate>09/15/2023</AwardEffectiveDate>
<AwardExpirationDate>08/31/2026</AwardExpirationDate>
<AwardTotalIntnAmount>299997.00</AwardTotalIntnAmount>
<AwardAmount>299997</AwardAmount>
<AwardInstrument>
<Value>Standard Grant</Value>
</AwardInstrument>
<Organization>
<Code>11060000</Code>
<Directorate>
<Abbreviation>EDU</Abbreviation>
<LongName>Directorate for STEM Education</LongName>
</Directorate>
<Division>
<Abbreviation>EES</Abbreviation>
<LongName>Div. of Equity for Excellence in STEM</LongName>
</Division>
</Organization>
<ProgramOfficer>
<SignBlockName>Carleitta Paige-Anderson</SignBlockName>
<PO_EMAI>cpaigean@nsf.gov</PO_EMAI>
<PO_PHON>7032922816</PO_PHON>
</ProgramOfficer>
<AbstractNarration>The Historically Black Colleges and Universities Undergraduate Program (HBCU-UP) through Research Initiation Awards provide support for junior and mid-career faculty at Historically Black Colleges and Universities who are building new research programs or redirecting and rebuilding existing research programs. It is expected that the award helps to further the faculty member's research capability and effectiveness and improve research and teaching at the home institution. This award to the University of Maryland Eastern Short supports faculty, undergraduate and graduate student research experiences as they seek to elucidate the role of glycosylation on the function and subcellular localization of PGE2 receptors in mammary epithelial cells and characterize their intracellular glycosylation profile. Glycosylation is one of the most important protein post-translational modifications, and this project aims to advance knowledge to this end utilizing a combination of glycoproteomic, molecular cloning, site directed mutagenesis and immunocytochemistry approaches. &lt;br/&gt;&lt;br/&gt;The primary focus of this project is PGE2, one of the most abundant bio-active lipid molecules involved in both physiological and pathophysiological processes and mediates its effects by binding to G-protein-coupled-receptors (GPCRs). Given the importance of glycosylation in intracellular molecular mechanisms, this project describes efforts to 1) analyze the glycan heterogeneity in mammary epithelial cells using glycomic and glycoproteomic techniques; 2) use site-directed mutagenesis to determine the effect of glycosylation on EP receptor function; and 3) use confocal microscopy to analyze the effect of glycosylation on subcellular localization of PGE2-EP1, EP1v and EP4 receptors. This project has the potential to advance knowledge on the role of glycosylation in regulating intracellular calcium and cAMP signaling, which are key secondary messengers in many biological systems. In addition, these research endeavors are likely to expand the research capacity of the institution and contribute to future students on the cellular and molecular mechanistic understanding of the PGE2 EP1/EP4 signaling axis both in mammary cells.&lt;br/&gt;&lt;br/&gt;This award reflects NSF's statutory mission and has been deemed worthy of support through evaluation using the Foundation's intellectual merit and broader impacts review criteria.</AbstractNarration>
<MinAmdLetterDate>08/23/2023</MinAmdLetterDate>
<MaxAmdLetterDate>08/23/2023</MaxAmdLetterDate>
<ARRAAmount/>
<TRAN_TYPE>Grant</TRAN_TYPE>
<CFDA_NUM>47.076</CFDA_NUM>
<NSF_PAR_USE_FLAG>1</NSF_PAR_USE_FLAG>
<FUND_AGCY_CODE>4900</FUND_AGCY_CODE>
<AWDG_AGCY_CODE>4900</AWDG_AGCY_CODE>
<AwardID>2300448</AwardID>
<Investigator>
<FirstName>Jocelyn</FirstName>
<LastName>Reader</LastName>
<PI_MID_INIT/>
<PI_SUFX_NAME/>
<PI_FULL_NAME>Jocelyn Reader</PI_FULL_NAME>
<EmailAddress><![CDATA[jreader@umes.edu]]></EmailAddress>
<NSF_ID>000889858</NSF_ID>
<StartDate>08/23/2023</StartDate>
<EndDate/>
<RoleCode>Principal Investigator</RoleCode>
</Investigator>
<Institution>
<Name><![CDATA[University of Maryland Eastern Shore]]></Name>
<CityName>PRINCESS ANNE</CityName>
<ZipCode>218531295</ZipCode>
<PhoneNumber>4106516714</PhoneNumber>
<StreetAddress><![CDATA[11868 ACADEMIC OVAL]]></StreetAddress>
<StreetAddress2/>
<CountryName>United States</CountryName>
<StateName>Maryland</StateName>
<StateCode>MD</StateCode>
<CONGRESSDISTRICT>01</CONGRESSDISTRICT>
<CONGRESS_DISTRICT_ORG>MD01</CONGRESS_DISTRICT_ORG>
<ORG_UEI_NUM>LNUBJQ26R2M5</ORG_UEI_NUM>
<ORG_LGL_BUS_NAME>UNIVERSITY OF MARYLAND ES</ORG_LGL_BUS_NAME>
<ORG_PRNT_UEI_NUM/>
</Institution>
<Performance_Institution>
<Name><![CDATA[University of Maryland Eastern Shore]]></Name>
<CityName>PRINCESS ANNE</CityName>
<StateCode>MD</StateCode>
<ZipCode>218531295</ZipCode>
<StreetAddress><![CDATA[11868 ACADEMIC OVAL]]></StreetAddress>
<CountryCode>US</CountryCode>
<CountryName>United States</CountryName>
<StateName>Maryland</StateName>
<CountryFlag>1</CountryFlag>
<CONGRESSDISTRICT>01</CONGRESSDISTRICT>
<CONGRESS_DISTRICT_PERF>MD01</CONGRESS_DISTRICT_PERF>
</Performance_Institution>
<ProgramElement>
<Code>159400</Code>
<Text>Hist Black Colleges and Univ</Text>
</ProgramElement>
<ProgramReference>
<Code>9178</Code>
<Text>UNDERGRADUATE EDUCATION</Text>
</ProgramReference>
<Appropriation>
<Code/>
<Name/>
<APP_SYMB_ID/>
</Appropriation>
<Fund>
<Code>04002324DB</Code>
<Name><![CDATA[NSF STEM Education]]></Name>
<FUND_SYMB_ID>040106</FUND_SYMB_ID>
</Fund>
<FUND_OBLG>2023~299997</FUND_OBLG>
</Award>
</rootTag>
