<?xml version="1.0" encoding="UTF-8"?>
<rootTag>
<Award>
<AwardTitle><![CDATA[Culturally Responsive Elementary Science Teaching]]></AwardTitle>
<AGENCY>NSF</AGENCY>
<AwardEffectiveDate>09/01/2023</AwardEffectiveDate>
<AwardExpirationDate>08/31/2026</AwardExpirationDate>
<AwardTotalIntnAmount>1730451.00</AwardTotalIntnAmount>
<AwardAmount>1045966</AwardAmount>
<AwardInstrument>
<Value>Continuing Grant</Value>
</AwardInstrument>
<Organization>
<Code>11090000</Code>
<Directorate>
<Abbreviation>EDU</Abbreviation>
<LongName>Directorate for STEM Education</LongName>
</Directorate>
<Division>
<Abbreviation>DRL</Abbreviation>
<LongName>Division Of Research On Learning</LongName>
</Division>
</Organization>
<ProgramOfficer>
<SignBlockName>Melissa J. Luna</SignBlockName>
<PO_EMAI>mjluna@nsf.gov</PO_EMAI>
<PO_PHON>7032928288</PO_PHON>
</ProgramOfficer>
<AbstractNarration>Curriculum materials are not a script for teachers to follow, but a tool over which they exert agency as they make decisions about how to adapt the materials for use in their specific context with their particular students. Indeed, adaptation is necessary in order to ensure that teachers can provide equitable learning experiences for all students, particularly those from marginalized groups. Teachers' adaptations make a significant impact on both instruction and on students, and can have a considerable effect on curriculum-driven and equity-focused education reform interventions. While researchers have begun to identify patterns in teachers' curriculum adaptations, little is known about which kinds of adaptations support student learning or how teachers' capacity to adapt materials develops over time. Most current studies provide only a snapshot of teachers' curriculum implementation--often their first use of the materials--as opposed to successive curricular enactments. Because research indicates teachers need at least two iterations with curriculum materials in order to use them purposefully and skillfully, further research is needed to understand how teachers' adaptations change with experience using curriculum materials. This project will contribute valuable knowledge about how teachers' capacity to adapt curriculum materials develops over time, and has implications for the development of curriculum, professional development, and teacher education efforts to promote culturally-responsive instruction. &lt;br/&gt;&lt;br/&gt;This Level II Exploratory Project in the Teaching Strand of the DRK-12 program seeks to better understand how teachers' capacity and willingness to customize instructional approaches to meet standards and the needs of diverse student populations develops through initial practice and successive enactments of curriculum materials. This work will address current gaps in the literature and contribute to an overall understanding of how teachers develop the capacity to use curricula in ways that advance the goal of equitable science instruction. The overarching goals of the project include: 1) implementing a high-quality practicum-based professional development model for K-6 teachers; 2) conducting a comprehensive and rigorous program of research to examine associations between teachers' learned adaptations of curriculum over successive enactments of materials and pedagogical design capacity for culturally responsive instruction; and 3) disseminating project outcomes to a variety of stakeholders to produce broader impacts. Over three years, this project will work with a cohort of 30 elementary teachers, 30 preservice teachers, and approximately 1700 students. Professional development will be provided to introduce teachers to the Explore the Salish Sea (ESS) curriculum, which utilizes marine phenomena in the local environment to help students meet the Next Generation Science Standards. By examining four successive enactments of curriculum materials, the project will provide insight into the process by which teachers develop curricular context knowledge (CCK), but also how the curriculum functions to engage students with science ideas and practices in particular contexts, which has implications for how teachers connect their CCK to culturally responsive instruction (CRI). Through collective case study methods, the researchers will document and examine the ways in which elementary teachers develop the capacity to adapt curriculum materials to be culturally responsive to their students, and the role that developing CCK plays in this process. This work will help develop a more robust understanding of what it means to be 'culturally responsive' in elementary science, and to advance practice by developing context-rich representations of culturally responsive curriculum adaptation to share with stakeholders with similar contexts and goals. This project is funded by the Discovery Research preK-12 program (DRK-12) that seeks to significantly enhance the learning and teaching of science, technology, engineering, and mathematics (STEM) by preK-12 students and teachers, through research and development of innovative resources, models, and tools. Projects in the DRK-12 program build on fundamental research in STEM education and prior research and development efforts that provide theoretical and empirical justification for proposed projects.&lt;br/&gt;&lt;br/&gt;This award reflects NSF's statutory mission and has been deemed worthy of support through evaluation using the Foundation's intellectual merit and broader impacts review criteria.</AbstractNarration>
<MinAmdLetterDate>07/25/2023</MinAmdLetterDate>
<MaxAmdLetterDate>07/25/2023</MaxAmdLetterDate>
<ARRAAmount/>
<TRAN_TYPE>Grant</TRAN_TYPE>
<CFDA_NUM>47.076</CFDA_NUM>
<NSF_PAR_USE_FLAG>1</NSF_PAR_USE_FLAG>
<FUND_AGCY_CODE>4900</FUND_AGCY_CODE>
<AWDG_AGCY_CODE>4900</AWDG_AGCY_CODE>
<AwardID>2300558</AwardID>
<Investigator>
<FirstName>Joslyn</FirstName>
<LastName>Melton</LastName>
<PI_MID_INIT>C</PI_MID_INIT>
<PI_SUFX_NAME/>
<PI_FULL_NAME>Joslyn C Melton</PI_FULL_NAME>
<EmailAddress><![CDATA[josie.melton@wwu.edu]]></EmailAddress>
<NSF_ID>000898777</NSF_ID>
<StartDate>07/25/2023</StartDate>
<EndDate/>
<RoleCode>Co-Principal Investigator</RoleCode>
</Investigator>
<Investigator>
<FirstName>Deborah</FirstName>
<LastName>Hanuscin</LastName>
<PI_MID_INIT>L</PI_MID_INIT>
<PI_SUFX_NAME/>
<PI_FULL_NAME>Deborah L Hanuscin</PI_FULL_NAME>
<EmailAddress><![CDATA[debi.hanuscin@wwu.edu]]></EmailAddress>
<NSF_ID>000068323</NSF_ID>
<StartDate>07/25/2023</StartDate>
<EndDate/>
<RoleCode>Principal Investigator</RoleCode>
</Investigator>
<Institution>
<Name><![CDATA[Western Washington University]]></Name>
<CityName>BELLINGHAM</CityName>
<ZipCode>982255996</ZipCode>
<PhoneNumber>3606502884</PhoneNumber>
<StreetAddress><![CDATA[516 HIGH ST]]></StreetAddress>
<StreetAddress2/>
<CountryName>United States</CountryName>
<StateName>Washington</StateName>
<StateCode>WA</StateCode>
<CONGRESSDISTRICT>02</CONGRESSDISTRICT>
<CONGRESS_DISTRICT_ORG>WA02</CONGRESS_DISTRICT_ORG>
<ORG_UEI_NUM>U3ZFA57417D4</ORG_UEI_NUM>
<ORG_LGL_BUS_NAME>WESTERN WASHINGTON UNIVERSITY</ORG_LGL_BUS_NAME>
<ORG_PRNT_UEI_NUM>U3ZFA57417D4</ORG_PRNT_UEI_NUM>
</Institution>
<Performance_Institution>
<Name><![CDATA[Western Washington University]]></Name>
<CityName>BELLINGHAM</CityName>
<StateCode>WA</StateCode>
<ZipCode>982255946</ZipCode>
<StreetAddress><![CDATA[516 HIGH ST]]></StreetAddress>
<CountryCode>US</CountryCode>
<CountryName>United States</CountryName>
<StateName>Washington</StateName>
<CountryFlag>1</CountryFlag>
<CONGRESSDISTRICT>02</CONGRESSDISTRICT>
<CONGRESS_DISTRICT_PERF>WA02</CONGRESS_DISTRICT_PERF>
</Performance_Institution>
<ProgramElement>
<Code>764500</Code>
<Text>Discovery Research K-12</Text>
</ProgramElement>
<ProgramReference>
<Code>8212</Code>
<Text>Broaden Particip STEM Resrch</Text>
</ProgramReference>
<Appropriation>
<Code/>
<Name/>
<APP_SYMB_ID/>
</Appropriation>
<Fund>
<Code>04002324DB</Code>
<Name><![CDATA[NSF STEM Education]]></Name>
<FUND_SYMB_ID>040106</FUND_SYMB_ID>
</Fund>
<FUND_OBLG>2023~1045966</FUND_OBLG>
</Award>
</rootTag>
