<?xml version="1.0" encoding="UTF-8"?>
<rootTag>
<Award>
<AwardTitle><![CDATA[Collaborative Research: Unpacking Computational Thinking for Elementary Teachers and Learners]]></AwardTitle>
<AGENCY>NSF</AGENCY>
<AwardEffectiveDate>06/01/2023</AwardEffectiveDate>
<AwardExpirationDate>05/31/2027</AwardExpirationDate>
<AwardTotalIntnAmount>443581.00</AwardTotalIntnAmount>
<AwardAmount>221791</AwardAmount>
<AwardInstrument>
<Value>Continuing Grant</Value>
</AwardInstrument>
<Organization>
<Code>11090000</Code>
<Directorate>
<Abbreviation>EDU</Abbreviation>
<LongName>Directorate for STEM Education</LongName>
</Directorate>
<Division>
<Abbreviation>DRL</Abbreviation>
<LongName>Division Of Research On Learning</LongName>
</Division>
</Organization>
<ProgramOfficer>
<SignBlockName>Fengfeng Ke</SignBlockName>
<PO_EMAI>fke@nsf.gov</PO_EMAI>
<PO_PHON>7032922411</PO_PHON>
</ProgramOfficer>
<AbstractNarration>The goal of this project is to investigate the integration of computational thinking (CT) into elementary school curricula by studying how teachers develop expertise in integrating CT activities that align with interdisciplinary standards and existing curricula. This project addresses the critical need for science, technology, engineering, and mathematics (STEM) literacy by investigating effective models of professional development (PD) that improve STEM teaching and learning. Leveraging an asset-based approach, the project will provide opportunities to broaden participation in computer science education through building a community of practice for teachers and designing CT-infused curricula. To ensure that all teachers have the necessary support to participate in new pedagogical practices of increasing complexity, the project will utilize a collaborative teacher PD and mentorship structure in which teachers will work closely with peers and project team members to prepare, teach, and reflect upon lessons through multi-year participation. The research will document how teachers come to understand CT and take up these practices in their classrooms. The Discovery Research preK-12 program (DRK-12) seeks to significantly enhance the learning and teaching of STEM by preK-12 students and teachers, through research and development of innovative resources, models and tools. Projects in the DRK-12 program build on fundamental research in STEM education and prior research and development efforts that provide theoretical and empirical justification for proposed projects.&lt;br/&gt;&lt;br/&gt;Over four years, this project will directly impact 135 teachers in multi-year participation in professional development and approximately 12,000 students indirectly in their classrooms. This project will initially focus on schools in South Carolina, especially in rural districts. The project will be guided by three primary research questions: 1) How do preK-5 teachers integrate CT into their disciplinary teaching?; 2) What are the personal learning trajectories that teachers move through as they work towards CT integration?; 3) What are the barriers and accelerators for teachers’ implementation of CT-infused lessons? This project is grounded in the idea that incremental, sustainable, and substantial teacher learning comes when teachers are fully invested in the cycle of learning and have opportunities to build and strengthen their communities of practice. In reflective PD sessions held throughout the academic year and summer, teachers will explore, co-design, implement, and refine student learning activities that integrate CT into existing content area standards and curricula. The CT activities, which will include standards-based lesson plans, assessments, and supplemental resources, will offer both plugged and unplugged components, so that students and teachers have opportunities to understand the conceptual underpinnings of computational thinking with and without computers. A minimum of 120 lessons and related pedagogical materials mapped to core-content standards will be developed and made freely available to the public on the project website. Using a mixed methods approach, this study will document the trajectories through which elementary teachers move as they begin to integrate CT into disciplinary teaching, as well as barriers and accelerators faced as they integrate CT into disciplinary teaching. Quantitative survey methodologies and multimodal analysis of narrative interviews, classroom video, teacher reflections, and pedagogical artifacts will be used to analyze teachers’ sense making about CT over time and the uptake of new pedagogical approaches in their teaching. Ultimately, this study will produce a set of empirically-tested learning trajectories that can be used to support teachers in integrating CT into their classrooms. As a means of expanding the community of practice, sharing resources, and disseminating project findings to a nationwide audience, the project also incorporates a virtual PD component to support PD access to elementary school teachers from underrepresented and underserved schools across the United States.&lt;br/&gt;&lt;br/&gt;This award reflects NSF's statutory mission and has been deemed worthy of support through evaluation using the Foundation's intellectual merit and broader impacts review criteria.</AbstractNarration>
<MinAmdLetterDate>05/09/2023</MinAmdLetterDate>
<MaxAmdLetterDate>05/09/2023</MaxAmdLetterDate>
<ARRAAmount/>
<TRAN_TYPE>Grant</TRAN_TYPE>
<CFDA_NUM>47.076</CFDA_NUM>
<NSF_PAR_USE_FLAG>1</NSF_PAR_USE_FLAG>
<FUND_AGCY_CODE>4900</FUND_AGCY_CODE>
<AWDG_AGCY_CODE>4900</AWDG_AGCY_CODE>
<AwardID>2300323</AwardID>
<Investigator>
<FirstName>Candace</FirstName>
<LastName>Joswick</LastName>
<PI_MID_INIT/>
<PI_SUFX_NAME/>
<PI_FULL_NAME>Candace Joswick</PI_FULL_NAME>
<EmailAddress><![CDATA[candace.joswick@uta.edu]]></EmailAddress>
<NSF_ID>000813007</NSF_ID>
<StartDate>05/09/2023</StartDate>
<EndDate/>
<RoleCode>Co-Principal Investigator</RoleCode>
</Investigator>
<Investigator>
<FirstName>Robin</FirstName>
<LastName>Jocius</LastName>
<PI_MID_INIT/>
<PI_SUFX_NAME/>
<PI_FULL_NAME>Robin Jocius</PI_FULL_NAME>
<EmailAddress><![CDATA[robin.jocius@uta.edu]]></EmailAddress>
<NSF_ID>000719217</NSF_ID>
<StartDate>05/09/2023</StartDate>
<EndDate/>
<RoleCode>Principal Investigator</RoleCode>
</Investigator>
<Institution>
<Name><![CDATA[University of Texas at Arlington]]></Name>
<CityName>ARLINGTON</CityName>
<ZipCode>760199800</ZipCode>
<PhoneNumber>8172722105</PhoneNumber>
<StreetAddress><![CDATA[701 S NEDDERMAN DR]]></StreetAddress>
<StreetAddress2/>
<CountryName>United States</CountryName>
<StateName>Texas</StateName>
<StateCode>TX</StateCode>
<CONGRESSDISTRICT>25</CONGRESSDISTRICT>
<CONGRESS_DISTRICT_ORG>TX25</CONGRESS_DISTRICT_ORG>
<ORG_UEI_NUM>LMLUKUPJJ9N3</ORG_UEI_NUM>
<ORG_LGL_BUS_NAME>UNIVERSITY OF TEXAS AT ARLINGTON</ORG_LGL_BUS_NAME>
<ORG_PRNT_UEI_NUM/>
</Institution>
<Performance_Institution>
<Name><![CDATA[University of Texas at Arlington]]></Name>
<CityName>ARLINGTON</CityName>
<StateCode>TX</StateCode>
<ZipCode>760199800</ZipCode>
<StreetAddress><![CDATA[701 S. NEDDERMAN DR]]></StreetAddress>
<CountryCode>US</CountryCode>
<CountryName>United States</CountryName>
<StateName>Texas</StateName>
<CountryFlag>1</CountryFlag>
<CONGRESSDISTRICT>25</CONGRESSDISTRICT>
<CONGRESS_DISTRICT_PERF>TX25</CONGRESS_DISTRICT_PERF>
</Performance_Institution>
<ProgramElement>
<Code>764500</Code>
<Text>Discovery Research K-12</Text>
</ProgramElement>
<Appropriation>
<Code/>
<Name/>
<APP_SYMB_ID/>
</Appropriation>
<Fund>
<Code>04002324DB</Code>
<Name><![CDATA[NSF STEM Education]]></Name>
<FUND_SYMB_ID>040106</FUND_SYMB_ID>
</Fund>
<FUND_OBLG>2023~221791</FUND_OBLG>
</Award>
</rootTag>
