<?xml version="1.0" encoding="UTF-8"?>
<rootTag>
<Award>
<AwardTitle><![CDATA[The Role of Interstitial Air Layer in Drop Impact on Liquid-infused Surfaces]]></AwardTitle>
<AGENCY>NSF</AGENCY>
<AwardEffectiveDate>10/01/2022</AwardEffectiveDate>
<AwardExpirationDate>09/30/2023</AwardExpirationDate>
<AwardTotalIntnAmount>318962.00</AwardTotalIntnAmount>
<AwardAmount>34403</AwardAmount>
<AwardInstrument>
<Value>Standard Grant</Value>
</AwardInstrument>
<Organization>
<Code>07020000</Code>
<Directorate>
<Abbreviation>ENG</Abbreviation>
<LongName>Directorate For Engineering</LongName>
</Directorate>
<Division>
<Abbreviation>CBET</Abbreviation>
<LongName>Div Of Chem, Bioeng, Env, &amp; Transp Sys</LongName>
</Division>
</Organization>
<ProgramOfficer>
<SignBlockName>Ron Joslin</SignBlockName>
<PO_EMAI>rjoslin@nsf.gov</PO_EMAI>
<PO_PHON>7032927030</PO_PHON>
</ProgramOfficer>
<AbstractNarration>Liquid-infused surfaces have attracted great interest in recent years due to their super slippery properties upon drop impact and potential benefits in self-cleaning and anti-fouling applications without much understanding of the underlying physics. The proposed project seeks to address this issue by examining the drop impact dynamics on lubricated and liquid-infused surfaces, with a focus on probing the role of the entrained air layer prior to drop-film contact and during drop-film interactions. Understanding the air film dynamics underneath the droplet allows for the better tuning of the liquid film properties in the lubricating layer, designing more robust nanostructures, and ultimately enhancing the performance of liquid-infused surfaces for applications ranging from anti-fouling and anti-icing to phase separation and thermal management. Since the air film dissipation is a universal phenomenon, the outcome of this study is also relevant to many industrial processes such as multilayered inkjet printing of functional materials, spray coating on wetted surfaces, combustion of fuel in internal combustion engines, pesticide spraying on waxy plant leaves as well as cooling of microelectronics. The project is hence relevant to several research frontiers of fluid mechanics in conjunction with surface sciences, nanomanufacturing, and heat transfer. This project will also enable new course materials for PI's two recently developed courses on Interfacial Transport Phenomena and Nanomanufacturing, as well as original contributions to the Gallery of Fluid Motion at the American Physical Society Division of Fluids Dynamics Meetings. In addition to training graduate students, the PI will actively mentor undergraduate researchers and recruit women and under-represented minority students. The community outreach programs extend to inner-city K-12 teachers and students through the Philly Materials Day, Philly Science Festival, and Drexel Graduate Fellows in K-12 and Research for Undergraduate programs.&lt;br/&gt;&lt;br/&gt;The key objective of this study is to advance the fundamental understanding of drop impact on lubricated and liquid-infused surfaces, with a focus on probing the role of the entrained air layer between the drop and film both prior to liquid-liquid contact and during liquid-liquid interaction. In contrast to drop impact on solid surfaces where even the smallest asperities cause random breakup of the entraining air film, the air film failure mechanisms on lubricated surfaces are expected to be much more controllable. Moreover, the post-rupture liquid-liquid contact may lead to interfacial instability and microbubble formation whose mechanisms are unclear. By integrating the total internal reflection microscopy, reflection interference microscopy, and high-speed imaging, the air film evolution and post-rupture liquid-liquid contact dynamics will be directly visualized for different impact conditions and drop/film/substrate properties with nanometer spatial and microsecond temporal resolution. This unique capability enables direct probing of air film profile at thickness where the liquid-liquid intermolecular interactions become important. The knowledge obtained from this project will bridge the gap between the drop impact physics of solid surfaces to deep liquid pools and enable technological discoveries from surface structural design to enhanced lubricant stability. The specific project aims are to address the following issues as fundamental to drop impact on lubricated and liquid-infused surfaces: (1) How does the air film evolve and rupture with varying impact conditions, film properties, and ambient pressure? (2) What is the frontal growth dynamics of liquid-liquid contact after air film ruptures? (3) What is the mechanism of finger-like instability at the growing liquid-liquid front? (4) How do surface structures and inclination affect air entrainment and drop impact dynamics?</AbstractNarration>
<MinAmdLetterDate>10/11/2022</MinAmdLetterDate>
<MaxAmdLetterDate>10/11/2022</MaxAmdLetterDate>
<ARRAAmount/>
<TRAN_TYPE>Grant</TRAN_TYPE>
<CFDA_NUM>47.041</CFDA_NUM>
<NSF_PAR_USE_FLAG>1</NSF_PAR_USE_FLAG>
<FUND_AGCY_CODE>4900</FUND_AGCY_CODE>
<AWDG_AGCY_CODE>4900</AWDG_AGCY_CODE>
<AwardID>2300317</AwardID>
<Investigator>
<FirstName>Ying</FirstName>
<LastName>Sun</LastName>
<PI_MID_INIT/>
<PI_SUFX_NAME/>
<PI_FULL_NAME>Ying Sun</PI_FULL_NAME>
<EmailAddress><![CDATA[sunyg@ucmail.uc.edu]]></EmailAddress>
<NSF_ID>000388968</NSF_ID>
<StartDate>10/11/2022</StartDate>
<EndDate/>
<RoleCode>Principal Investigator</RoleCode>
</Investigator>
<Institution>
<Name><![CDATA[University of Cincinnati Main Campus]]></Name>
<CityName>CINCINNATI</CityName>
<ZipCode>452202872</ZipCode>
<PhoneNumber>5135564358</PhoneNumber>
<StreetAddress><![CDATA[2600 CLIFTON AVE]]></StreetAddress>
<StreetAddress2/>
<CountryName>United States</CountryName>
<StateName>Ohio</StateName>
<StateCode>OH</StateCode>
<CONGRESSDISTRICT>01</CONGRESSDISTRICT>
<CONGRESS_DISTRICT_ORG>OH01</CONGRESS_DISTRICT_ORG>
<ORG_UEI_NUM>DZ4YCZ3QSPR5</ORG_UEI_NUM>
<ORG_LGL_BUS_NAME>CINCINNATI UNIV OF</ORG_LGL_BUS_NAME>
<ORG_PRNT_UEI_NUM>DZ4YCZ3QSPR5</ORG_PRNT_UEI_NUM>
</Institution>
<Performance_Institution>
<Name><![CDATA[University of Cincinnati Main Campus]]></Name>
<CityName>CINCINNATI</CityName>
<StateCode>OH</StateCode>
<ZipCode>452202872</ZipCode>
<StreetAddress><![CDATA[2600 CLIFTON AVE]]></StreetAddress>
<CountryCode>US</CountryCode>
<CountryName>United States</CountryName>
<StateName>Ohio</StateName>
<CountryFlag>1</CountryFlag>
<CONGRESSDISTRICT>01</CONGRESSDISTRICT>
<CONGRESS_DISTRICT_PERF>OH01</CONGRESS_DISTRICT_PERF>
</Performance_Institution>
<ProgramElement>
<Code>144300</Code>
<Text>FD-Fluid Dynamics</Text>
</ProgramElement>
<Appropriation>
<Code/>
<Name/>
<APP_SYMB_ID/>
</Appropriation>
<Fund>
<Code>01001718DB</Code>
<Name><![CDATA[NSF RESEARCH & RELATED ACTIVIT]]></Name>
<FUND_SYMB_ID>040100</FUND_SYMB_ID>
</Fund>
<FUND_OBLG>2017~34403</FUND_OBLG>
<POR>
<DRECONTENT><![CDATA[<div class="porColContainerWBG"> <div class="porContentCol"><p>Liquid-infused surfaces are good candidates for self-cleaning and anti-fouling applications owing to their super slippery properties. This study examines the drop impact dynamics on lubricated and liquid-infused surfaces, with a focus on probing the role of the entrained air layer between the drop and film. By integrating multiple high-speed imaging techniques, the pre-contact air film evolution and post-rupture liquid-liquid contact dynamics are directly visualized for different impact/pressure conditions and drop/film/substrate properties with nanometer spatial and microsecond temporal resolution.&nbsp;</p> <p>The air film failure mechanisms on lubricated surfaces are found to be more controllable than those on solid surfaces. Three&nbsp;different air film failure modes, namely kink, film and dimple modes, are experimentally observed as a result of the interplay among capillary, disjoining, and inertial pressures. The spatio-temporally resolved local air film height as well as the horizontal extents of the dimple and kink are measured.&nbsp;The results are compared with theory predictions or simulations with good agreements.&nbsp;Early-stage post-rupture liquid-liquid spreading dynamics, interfacial instabilities, and microbubble formation are also examined. Strategies to suppress bubble entrapment are proposed and implemented. The knowledge obtained from this project will enable technological discoveries from surface structural design to enhanced lubricant stability.</p> <p>The research findings of this project have been disseminated through twelve journal articles, one book chapter, over 20 conference/seminar presentations. Two doctoral dissertations and one masters thesis have been completed. Six undergraduate researchers have been mentored. The multifaceted research training of these next-generation researchers has laid a solid foundation for their future success in R&amp;D fields. Associated outreach activities in Philadelphia and Cincinnati School Districts have increased the interest of inner-city students in STEM disciplines.&nbsp;</p><br> <p>  Last Modified: 12/30/2023<br> Modified by: Ying&nbsp;Sun</p></div> <div class="porSideCol" ></div> </div>]]></DRECONTENT>
<POR_COPY_TXT><![CDATA[  Liquid-infused surfaces are good candidates for self-cleaning and anti-fouling applications owing to their super slippery properties. This study examines the drop impact dynamics on lubricated and liquid-infused surfaces, with a focus on probing the role of the entrained air layer between the drop and film. By integrating multiple high-speed imaging techniques, the pre-contact air film evolution and post-rupture liquid-liquid contact dynamics are directly visualized for different impact/pressure conditions and drop/film/substrate properties with nanometer spatial and microsecond temporal resolution.   The air film failure mechanisms on lubricated surfaces are found to be more controllable than those on solid surfaces. Threedifferent air film failure modes, namely kink, film and dimple modes, are experimentally observed as a result of the interplay among capillary, disjoining, and inertial pressures. The spatio-temporally resolved local air film height as well as the horizontal extents of the dimple and kink are measured.The results are compared with theory predictions or simulations with good agreements.Early-stage post-rupture liquid-liquid spreading dynamics, interfacial instabilities, and microbubble formation are also examined. Strategies to suppress bubble entrapment are proposed and implemented. The knowledge obtained from this project will enable technological discoveries from surface structural design to enhanced lubricant stability.   The research findings of this project have been disseminated through twelve journal articles, one book chapter, over 20 conference/seminar presentations. Two doctoral dissertations and one masters thesis have been completed. Six undergraduate researchers have been mentored. The multifaceted research training of these next-generation researchers has laid a solid foundation for their future success in R&D fields. Associated outreach activities in Philadelphia and Cincinnati School Districts have increased the interest of inner-city students in STEM disciplines.     Last Modified: 12/30/2023       Submitted by: YingSun]]></POR_COPY_TXT>
</POR>
</Award>
</rootTag>
