<?xml version="1.0" encoding="UTF-8"?>
<rootTag>
<Award>
<AwardTitle><![CDATA[Creating Advanced Manufacturing Pathways Program]]></AwardTitle>
<AGENCY>NSF</AGENCY>
<AwardEffectiveDate>09/15/2023</AwardEffectiveDate>
<AwardExpirationDate>08/31/2026</AwardExpirationDate>
<AwardTotalIntnAmount>347969.00</AwardTotalIntnAmount>
<AwardAmount>347969</AwardAmount>
<AwardInstrument>
<Value>Standard Grant</Value>
</AwardInstrument>
<Organization>
<Code>11040100</Code>
<Directorate>
<Abbreviation>EDU</Abbreviation>
<LongName>Directorate for STEM Education</LongName>
</Directorate>
<Division>
<Abbreviation>DUE</Abbreviation>
<LongName>Division Of Undergraduate Education</LongName>
</Division>
</Organization>
<ProgramOfficer>
<SignBlockName>Michael Davis</SignBlockName>
<PO_EMAI>mdavis@nsf.gov</PO_EMAI>
<PO_PHON>7032920000</PO_PHON>
</ProgramOfficer>
<AbstractNarration>In an effort to address the growing regional need for a skilled technical workforce, Arkansas State University Newport (ASUN), a comprehensive two-year community college with three campuses in northeastern Arkansas, will consolidate current insights from employers, ongoing research in career and technical education, and an established credentialing program to strengthen their advanced manufacturing program.  The ASUN Creating Advanced Manufacturing Pathways Program (CAMPP) seeks to realign the existing ASUN advanced manufacturing program to meet the current and emerging needs of regional industry.  This includes the need to increase the diversity of the regional advanced manufacturing workforce to include students from underrepresented demographic groups.  Finally, ASUN will  provide reskilling and upskilling opportunities in new technologies for incumbent workers in advanced manufacturing. &lt;br/&gt;&lt;br/&gt;The plan to realign ASUN’s advanced manufacturing program with the needs of regional industry was partially informed by a survey conducted by the program’s faculty and advisory board.  Roughly half the respondents felt that there were educational gaps for new employees, and there was insufficient support for on-the-job training.  To address these concerns, ASUN faculty will work with the advanced manufacturing advisory board to identify opportunities for curricular enhancements with a focus on incorporating training on contemporary tools in American manufacturing. To recruit a diverse population of new students, ASUN will integrate an extensive outreach effort to area middle and high schools through invitations to events such as the industry-sponsored annual Manufacturing Day festivities and focused efforts to recruit, mentor, and train students underrepresented in the manufacturing workforce.  ASUN will also work with incumbent workers to participate in relevant and convenient courses on topics ranging from automation and robotics to 3D printing and additive manufacturing.  This project is funded by the Advanced Technological Education program that focuses on the education of technicians for the advanced-technology fields that drive the Nation's economy.&lt;br/&gt;&lt;br/&gt;This award reflects NSF's statutory mission and has been deemed worthy of support through evaluation using the Foundation's intellectual merit and broader impacts review criteria.</AbstractNarration>
<MinAmdLetterDate>09/14/2023</MinAmdLetterDate>
<MaxAmdLetterDate>07/19/2024</MaxAmdLetterDate>
<ARRAAmount/>
<TRAN_TYPE>Grant</TRAN_TYPE>
<CFDA_NUM>47.076</CFDA_NUM>
<NSF_PAR_USE_FLAG>1</NSF_PAR_USE_FLAG>
<FUND_AGCY_CODE>4900</FUND_AGCY_CODE>
<AWDG_AGCY_CODE>4900</AWDG_AGCY_CODE>
<AwardID>2300744</AwardID>
<Investigator>
<FirstName>Ken</FirstName>
<LastName>Beach</LastName>
<PI_MID_INIT>R</PI_MID_INIT>
<PI_SUFX_NAME/>
<PI_FULL_NAME>Ken R Beach</PI_FULL_NAME>
<EmailAddress><![CDATA[ken_beach@asun.edu]]></EmailAddress>
<NSF_ID>000840238</NSF_ID>
<StartDate>09/14/2023</StartDate>
<EndDate/>
<RoleCode>Co-Principal Investigator</RoleCode>
</Investigator>
<Investigator>
<FirstName>Jonathan</FirstName>
<LastName>Ambs</LastName>
<PI_MID_INIT/>
<PI_SUFX_NAME/>
<PI_FULL_NAME>Jonathan Ambs</PI_FULL_NAME>
<EmailAddress><![CDATA[jonathan_ambs@asun.edu]]></EmailAddress>
<NSF_ID>000888084</NSF_ID>
<StartDate>09/14/2023</StartDate>
<EndDate/>
<RoleCode>Principal Investigator</RoleCode>
</Investigator>
<Institution>
<Name><![CDATA[Arkansas State University - Newport]]></Name>
<CityName>NEWPORT</CityName>
<ZipCode>721128912</ZipCode>
<PhoneNumber>8705127800</PhoneNumber>
<StreetAddress><![CDATA[7648 VICTORY BLVD]]></StreetAddress>
<StreetAddress2/>
<CountryName>United States</CountryName>
<StateName>Arkansas</StateName>
<StateCode>AR</StateCode>
<CONGRESSDISTRICT>01</CONGRESSDISTRICT>
<CONGRESS_DISTRICT_ORG>AR01</CONGRESS_DISTRICT_ORG>
<ORG_UEI_NUM>VDLHHGQQM9D6</ORG_UEI_NUM>
<ORG_LGL_BUS_NAME>ARKANSAS STATE UNIVERSITY-NEWPORT</ORG_LGL_BUS_NAME>
<ORG_PRNT_UEI_NUM/>
</Institution>
<Performance_Institution>
<Name><![CDATA[Arkansas State University - Newport]]></Name>
<CityName>Newport</CityName>
<StateCode>AR</StateCode>
<ZipCode>721128912</ZipCode>
<StreetAddress><![CDATA[7648 Victory Blvd]]></StreetAddress>
<CountryCode>US</CountryCode>
<CountryName>United States</CountryName>
<StateName>Arkansas</StateName>
<CountryFlag>1</CountryFlag>
<CONGRESSDISTRICT>01</CONGRESSDISTRICT>
<CONGRESS_DISTRICT_PERF>AR01</CONGRESS_DISTRICT_PERF>
</Performance_Institution>
<ProgramElement>
<Code>741200</Code>
<Text>Advanced Tech Education Prog</Text>
</ProgramElement>
<ProgramReference>
<Code>1032</Code>
<Text>ADVANCED TECHNOLOGY EDUCATION</Text>
</ProgramReference>
<ProgramReference>
<Code>9150</Code>
<Text>EXP PROG TO STIM COMP RES</Text>
</ProgramReference>
<ProgramReference>
<Code>9178</Code>
<Text>UNDERGRADUATE EDUCATION</Text>
</ProgramReference>
<ProgramReference>
<Code>SMET</Code>
<Text>SCIENCE, MATH, ENG &amp; TECH EDUCATION</Text>
</ProgramReference>
<Appropriation>
<Code/>
<Name/>
<APP_SYMB_ID/>
</Appropriation>
<Fund>
<Code>04002324DB</Code>
<Name><![CDATA[NSF STEM Education]]></Name>
<FUND_SYMB_ID>040106</FUND_SYMB_ID>
</Fund>
<FUND_OBLG>2023~347969</FUND_OBLG>
</Award>
</rootTag>
