<?xml version="1.0" encoding="UTF-8"?>
<rootTag>
<Award>
<AwardTitle><![CDATA[Collaborative Research: Reconfigurable Intelligent Electromagnetic Surface Using Magnetic Shape Memory Polymers]]></AwardTitle>
<AGENCY>NSF</AGENCY>
<AwardEffectiveDate>10/01/2023</AwardEffectiveDate>
<AwardExpirationDate>09/30/2026</AwardExpirationDate>
<AwardTotalIntnAmount>300000.00</AwardTotalIntnAmount>
<AwardAmount>300000</AwardAmount>
<AwardInstrument>
<Value>Standard Grant</Value>
</AwardInstrument>
<Organization>
<Code>07010000</Code>
<Directorate>
<Abbreviation>ENG</Abbreviation>
<LongName>Directorate For Engineering</LongName>
</Directorate>
<Division>
<Abbreviation>ECCS</Abbreviation>
<LongName>Div Of Electrical, Commun &amp; Cyber Sys</LongName>
</Division>
</Organization>
<ProgramOfficer>
<SignBlockName>Jenshan Lin</SignBlockName>
<PO_EMAI>jenlin@nsf.gov</PO_EMAI>
<PO_PHON>7032927360</PO_PHON>
</ProgramOfficer>
<AbstractNarration>The ability to dynamically manipulate electromagnetic waves by a flat aperture will lead to the realization of reconfigurable intelligent surfaces (RIS). This vision includes implementing such reconfigurable surfaces at cell tower base stations to increase capacity and serve more users for 5G and beyond wireless systems in both outdoor and indoor settings. Moreover, dynamic and arbitrary manipulation of electromagnetic wavefronts is an exciting and versatile tool for next-generation wireless communication, imaging, holography, surveillance, and sensing applications. Reconfigurability or programmability is a vital feature of such future agile radio frequency systems. Reconfigurable devices or circuits (e.g., diodes and variable capacitors) have been used in such smart systems to control radiation pattern, polarization, or operating frequency. This project investigates a new approach of using programmable soft materials, for the first time, on RIS. The new approach offers unique advantages over the state-of-art technologies. This project is an interdisciplinary and collaborative effort between the mmWave Antennas and Arrays Laboratory (School of Electrical and Computer Engineering at Georgia Institute of Technology) and the Soft Intelligent Materials Laboratory (Department of Mechanical Engineering at Stanford University).&lt;br/&gt;&lt;br/&gt;The research of this project is transformative as it challenges the conventional methods that have been applied to control RIS and reconfigure those wireless systems using them. The new approach is based on a viable mechanical reconfiguration method using shape memory polymers and magnetic actuation. Thus, unlike other state-of-the-art technologies, semiconductor switching devices such as diodes are no longer needed inside each unit cell. The advantage of this global reconfiguration method becomes even more important for large intelligent surfaces. In contrast to traditional reconfiguration schemes that use semiconductor devices such as diodes, the new architecture utilizes a unique and purely mechanical deformation that does not suffer from loss and nonlinearity associated with traditional semiconductor devices. In this project, researchers will use magnetically responsive soft materials to drive the multimodal mechanical shape reconfigurations of the RIS under an external magnetic field with several tens of millitesla. The project is expected to demonstrate several advantages of the new approach over existing state-of-art technologies, including programmability enabled by magnetic excitation, linearity, scalability, low operating voltage, low loss, and multimodal reconfiguration.&lt;br/&gt;&lt;br/&gt;This award reflects NSF's statutory mission and has been deemed worthy of support through evaluation using the Foundation's intellectual merit and broader impacts review criteria.</AbstractNarration>
<MinAmdLetterDate>07/25/2023</MinAmdLetterDate>
<MaxAmdLetterDate>07/25/2023</MaxAmdLetterDate>
<ARRAAmount/>
<TRAN_TYPE>Grant</TRAN_TYPE>
<CFDA_NUM>47.041</CFDA_NUM>
<NSF_PAR_USE_FLAG>1</NSF_PAR_USE_FLAG>
<FUND_AGCY_CODE>4900</FUND_AGCY_CODE>
<AWDG_AGCY_CODE>4900</AWDG_AGCY_CODE>
<AwardID>2300156</AwardID>
<Investigator>
<FirstName>Nima</FirstName>
<LastName>Ghalichechian</LastName>
<PI_MID_INIT/>
<PI_SUFX_NAME/>
<PI_FULL_NAME>Nima Ghalichechian</PI_FULL_NAME>
<EmailAddress><![CDATA[nghalich3@gatech.edu]]></EmailAddress>
<NSF_ID>000645814</NSF_ID>
<StartDate>07/25/2023</StartDate>
<EndDate/>
<RoleCode>Principal Investigator</RoleCode>
</Investigator>
<Institution>
<Name><![CDATA[Georgia Tech Research Corporation]]></Name>
<CityName>ATLANTA</CityName>
<ZipCode>303186395</ZipCode>
<PhoneNumber>4048944819</PhoneNumber>
<StreetAddress><![CDATA[926 DALNEY ST NW]]></StreetAddress>
<StreetAddress2/>
<CountryName>United States</CountryName>
<StateName>Georgia</StateName>
<StateCode>GA</StateCode>
<CONGRESSDISTRICT>05</CONGRESSDISTRICT>
<CONGRESS_DISTRICT_ORG>GA05</CONGRESS_DISTRICT_ORG>
<ORG_UEI_NUM>EMW9FC8J3HN4</ORG_UEI_NUM>
<ORG_LGL_BUS_NAME>GEORGIA TECH RESEARCH CORP</ORG_LGL_BUS_NAME>
<ORG_PRNT_UEI_NUM>EMW9FC8J3HN4</ORG_PRNT_UEI_NUM>
</Institution>
<Performance_Institution>
<Name><![CDATA[Georgia Tech Research Corporation]]></Name>
<CityName>ATLANTA</CityName>
<StateCode>GA</StateCode>
<ZipCode>30332</ZipCode>
<StreetAddress><![CDATA[926 DALNEY ST NW]]></StreetAddress>
<CountryCode>US</CountryCode>
<CountryName>United States</CountryName>
<StateName>Georgia</StateName>
<CountryFlag>1</CountryFlag>
<CONGRESSDISTRICT>05</CONGRESSDISTRICT>
<CONGRESS_DISTRICT_PERF>GA05</CONGRESS_DISTRICT_PERF>
</Performance_Institution>
<ProgramElement>
<Code>756400</Code>
<Text>CCSS-Comms Circuits &amp; Sens Sys</Text>
</ProgramElement>
<ProgramReference>
<Code>098E</Code>
<Text>Antennas and Electromagnetics</Text>
</ProgramReference>
<ProgramReference>
<Code>105E</Code>
<Text>RF/Microwave &amp; mm-wave tech</Text>
</ProgramReference>
<Appropriation>
<Code/>
<Name/>
<APP_SYMB_ID/>
</Appropriation>
<Fund>
<Code>01002324DB</Code>
<Name><![CDATA[NSF RESEARCH & RELATED ACTIVIT]]></Name>
<FUND_SYMB_ID>040100</FUND_SYMB_ID>
</Fund>
<FUND_OBLG>2023~300000</FUND_OBLG>
</Award>
</rootTag>
