<?xml version="1.0" encoding="UTF-8"?>
<rootTag>
<Award>
<AwardTitle><![CDATA[FY23 NSF CISE Proposal Development Workshop: Increasing Participation and Competitiveness of Minority-serving Institutions]]></AwardTitle>
<AGENCY>NSF</AGENCY>
<AwardEffectiveDate>01/01/2023</AwardEffectiveDate>
<AwardExpirationDate>12/31/2025</AwardExpirationDate>
<AwardTotalIntnAmount>99870.00</AwardTotalIntnAmount>
<AwardAmount>99870</AwardAmount>
<AwardInstrument>
<Value>Standard Grant</Value>
</AwardInstrument>
<Organization>
<Code>05050000</Code>
<Directorate>
<Abbreviation>CSE</Abbreviation>
<LongName>Direct For Computer &amp; Info Scie &amp; Enginr</LongName>
</Directorate>
<Division>
<Abbreviation>CNS</Abbreviation>
<LongName>Division Of Computer and Network Systems</LongName>
</Division>
</Organization>
<ProgramOfficer>
<SignBlockName>Subrata Acharya</SignBlockName>
<PO_EMAI>acharyas@nsf.gov</PO_EMAI>
<PO_PHON>7032922451</PO_PHON>
</ProgramOfficer>
<AbstractNarration>The American Society for Engineering Education (ASEE) will conduct a Proposal Development Workshop for teams of researchers working at Minority-serving Institutions (MSIs). The workshop’s goal is to increase the participation of MSIs in the National Science Foundation’s (NSF) Computer Science and Engineering (CISE) core programs. NSF has recruited a three-member steering committee to host a series of workshops during FY23, focusing on individual constituent groups: (a) historically black colleges and universities (HBCUs), (b) Hispanic Serving Institutions (HSIs), and (c) Native-serving Institutions. The purpose of these workshops is threefold: (1) to identify research ideas for NSF CISE core programs, (2) to form research teams among researchers from MSIs, and (3) to begin the groundwork on grant proposals. The participant teams that form during these first three workshops will have the opportunity to apply to participate in the 2021 ASEE Proposal Development Workshop.&lt;br/&gt;&lt;br/&gt;The Proposal Development Workshop will be held virtually during December 2022-January 2023. ASEE estimates hosting roughly 60 participants. The proposed workshop will increase the capacity of researchers from MSIs to produce competitive proposals through a program of instruction, practice, and review. The instruction will include interactive training sessions on how to convey intellectual merit and broader impact and how to compose budgets and budget justifications. Practice sessions will include research teams working together on these key proposal areas. Researchers with track records of success in implementing NSF CISE core programs will review the proposals and provide feedback. Following the conclusion of the workshops, participants will provide feedback through an online survey, distributed after the Workshop ends. ASEE will produce a summary of the meeting that includes synopses of the plenary talks, analyses of relevant discussions, and results from the post-event survey. The Workshop is intended to encourage partnerships among MSIs that support the submission of competitive research proposals to computer and information science and engineering programs.&lt;br/&gt;&lt;br/&gt;This award reflects NSF's statutory mission and has been deemed worthy of support through evaluation using the Foundation's intellectual merit and broader impacts review criteria.</AbstractNarration>
<MinAmdLetterDate>01/04/2023</MinAmdLetterDate>
<MaxAmdLetterDate>01/04/2023</MaxAmdLetterDate>
<ARRAAmount/>
<TRAN_TYPE>Grant</TRAN_TYPE>
<CFDA_NUM>47.070</CFDA_NUM>
<NSF_PAR_USE_FLAG>1</NSF_PAR_USE_FLAG>
<FUND_AGCY_CODE>4900</FUND_AGCY_CODE>
<AWDG_AGCY_CODE>4900</AWDG_AGCY_CODE>
<AwardID>2300410</AwardID>
<Investigator>
<FirstName>Alexandra</FirstName>
<LastName>Sharpe</LastName>
<PI_MID_INIT/>
<PI_SUFX_NAME/>
<PI_FULL_NAME>Alexandra Sharpe</PI_FULL_NAME>
<EmailAddress><![CDATA[a.sharpe@asee.org]]></EmailAddress>
<NSF_ID>000867296</NSF_ID>
<StartDate>01/04/2023</StartDate>
<EndDate/>
<RoleCode>Co-Principal Investigator</RoleCode>
</Investigator>
<Investigator>
<FirstName>Jacqueline</FirstName>
<LastName>El-Sayed</LastName>
<PI_MID_INIT/>
<PI_SUFX_NAME/>
<PI_FULL_NAME>Jacqueline El-Sayed</PI_FULL_NAME>
<EmailAddress><![CDATA[j.elsayed@asee.org]]></EmailAddress>
<NSF_ID>000822731</NSF_ID>
<StartDate>01/04/2023</StartDate>
<EndDate/>
<RoleCode>Principal Investigator</RoleCode>
</Investigator>
<Institution>
<Name><![CDATA[American Society For Engineering Education]]></Name>
<CityName>WASHINGTON</CityName>
<ZipCode>200362476</ZipCode>
<PhoneNumber>2023313500</PhoneNumber>
<StreetAddress><![CDATA[1818 N ST NW STE 600]]></StreetAddress>
<StreetAddress2/>
<CountryName>United States</CountryName>
<StateName>District of Columbia</StateName>
<StateCode>DC</StateCode>
<CONGRESSDISTRICT>00</CONGRESSDISTRICT>
<CONGRESS_DISTRICT_ORG>DC00</CONGRESS_DISTRICT_ORG>
<ORG_UEI_NUM>F6G9C4HMNHW4</ORG_UEI_NUM>
<ORG_LGL_BUS_NAME>AMERICAN SOCIETY FOR ENGINEERING EDUCATION</ORG_LGL_BUS_NAME>
<ORG_PRNT_UEI_NUM/>
</Institution>
<Performance_Institution>
<Name><![CDATA[American Society For Engineering Education]]></Name>
<CityName>WASHINGTON</CityName>
<StateCode>DC</StateCode>
<ZipCode>200362476</ZipCode>
<StreetAddress><![CDATA[1818 N ST NW STE 600]]></StreetAddress>
<CountryCode>US</CountryCode>
<CountryName>United States</CountryName>
<StateName>District of Columbia</StateName>
<CountryFlag>1</CountryFlag>
<CONGRESSDISTRICT>00</CONGRESSDISTRICT>
<CONGRESS_DISTRICT_PERF>DC00</CONGRESS_DISTRICT_PERF>
</Performance_Institution>
<ProgramElement>
<Code>173Y00</Code>
<Text>CISE MSI Research Expansion</Text>
</ProgramElement>
<ProgramReference>
<Code>7556</Code>
<Text>CONFERENCE AND WORKSHOPS</Text>
</ProgramReference>
<ProgramReference>
<Code>9102</Code>
<Text>WOMEN, MINORITY, DISABLED, NEC</Text>
</ProgramReference>
<Appropriation>
<Code/>
<Name/>
<APP_SYMB_ID/>
</Appropriation>
<Fund>
<Code>01002324DB</Code>
<Name><![CDATA[NSF RESEARCH & RELATED ACTIVIT]]></Name>
<FUND_SYMB_ID>040100</FUND_SYMB_ID>
</Fund>
<FUND_OBLG>2023~99870</FUND_OBLG>
</Award>
</rootTag>
