<?xml version="1.0" encoding="UTF-8"?>
<rootTag>
<Award>
<AwardTitle><![CDATA[Collaborative Research: CueLearn: Enhancing Social Problem Solving through Intelligent Support]]></AwardTitle>
<AGENCY>NSF</AGENCY>
<AwardEffectiveDate>08/01/2023</AwardEffectiveDate>
<AwardExpirationDate>07/31/2027</AwardExpirationDate>
<AwardTotalIntnAmount>600032.00</AwardTotalIntnAmount>
<AwardAmount>291664</AwardAmount>
<AwardInstrument>
<Value>Continuing Grant</Value>
</AwardInstrument>
<Organization>
<Code>11090000</Code>
<Directorate>
<Abbreviation>EDU</Abbreviation>
<LongName>Directorate for STEM Education</LongName>
</Directorate>
<Division>
<Abbreviation>DRL</Abbreviation>
<LongName>Division Of Research On Learning</LongName>
</Division>
</Organization>
<ProgramOfficer>
<SignBlockName>Eric Knuth</SignBlockName>
<PO_EMAI>eknuth@nsf.gov</PO_EMAI>
<PO_PHON>7032928402</PO_PHON>
</ProgramOfficer>
<AbstractNarration>The goal of this project is to develop CueLearn, an educational web application that will foster effective peer collaborations to improve mathematical problem solving amongst middle school students. Research suggests that learning is often better and longer lasting when students engage in well-scaffolded, shared, and collaborative learning experiences. However, educational technologies do not often leverage this research, with the focus most often being on the individual rather than a group. The CueLearn project will thus develop, test, and implement two intelligent strategies to improve students' collaborative problem solving: 1) facilitating effective student collaborations through the creation of effective peer groups within CueLearn, and 2) using real-time supports to increase student engagement and help students persist productively. The project's key aim is to design a system that will easily facilitate quality peer collaboration for all students, while also supporting teachers in their use of technology for collaborative work.&lt;br/&gt;&lt;br/&gt;The project focuses on social learning experiences by automatically assigning students to work with optimized peer groups. Multiple grouping strategies will be tested through a series of observational studies and experiments to identify which grouping strategy works best. For example, students may be grouped based on their intended problem-solving strategy, so that students will be exposed to diverse approaches from peers who are using different strategies. However, intelligent student grouping methods may not be effective for learning by themselves, unless students are also provided with additional support during problem solving. Machine learning approaches will therefore be used to monitor engagement and detect unproductive forms of persistence in real-time in order to provide in-the-moment support as needed. Critically, these supports will be co-designed with students. Automated ideal grouping combined with just-in-time supports are hypothesized to improve students' problem solving performance and mathematical beliefs. Through all of these design innovations, the project aims to provide a new and effective educational technology for students and teachers.&lt;br/&gt;&lt;br/&gt;The Discovery Research preK-12 program (DRK-12) seeks to significantly enhance the learning and teaching of science, technology, engineering and mathematics (STEM) by preK-12 students and teachers, through research and development of innovative resources, models and tools. Projects in the DRK-12 program build on fundamental research in STEM education and prior research and development efforts that provide theoretical and empirical justification for proposed projects.&lt;br/&gt;&lt;br/&gt;This award reflects NSF's statutory mission and has been deemed worthy of support through evaluation using the Foundation's intellectual merit and broader impacts review criteria.</AbstractNarration>
<MinAmdLetterDate>06/30/2023</MinAmdLetterDate>
<MaxAmdLetterDate>06/30/2023</MaxAmdLetterDate>
<ARRAAmount/>
<TRAN_TYPE>Grant</TRAN_TYPE>
<CFDA_NUM>47.076</CFDA_NUM>
<NSF_PAR_USE_FLAG>1</NSF_PAR_USE_FLAG>
<FUND_AGCY_CODE>4900</FUND_AGCY_CODE>
<AWDG_AGCY_CODE>4900</AWDG_AGCY_CODE>
<AwardID>2300829</AwardID>
<Investigator>
<FirstName>Ryan</FirstName>
<LastName>Baker</LastName>
<PI_MID_INIT/>
<PI_SUFX_NAME/>
<PI_FULL_NAME>Ryan Baker</PI_FULL_NAME>
<EmailAddress><![CDATA[ryanshaunbaker@gmail.com]]></EmailAddress>
<NSF_ID>000620525</NSF_ID>
<StartDate>06/30/2023</StartDate>
<EndDate/>
<RoleCode>Principal Investigator</RoleCode>
</Investigator>
<Institution>
<Name><![CDATA[University of Pennsylvania]]></Name>
<CityName>PHILADELPHIA</CityName>
<ZipCode>191046205</ZipCode>
<PhoneNumber>2158987293</PhoneNumber>
<StreetAddress><![CDATA[3451 WALNUT ST STE 440A]]></StreetAddress>
<StreetAddress2/>
<CountryName>United States</CountryName>
<StateName>Pennsylvania</StateName>
<StateCode>PA</StateCode>
<CONGRESSDISTRICT>03</CONGRESSDISTRICT>
<CONGRESS_DISTRICT_ORG>PA03</CONGRESS_DISTRICT_ORG>
<ORG_UEI_NUM>GM1XX56LEP58</ORG_UEI_NUM>
<ORG_LGL_BUS_NAME>TRUSTEES OF THE UNIVERSITY OF PENNSYLVANIA, THE</ORG_LGL_BUS_NAME>
<ORG_PRNT_UEI_NUM>GM1XX56LEP58</ORG_PRNT_UEI_NUM>
</Institution>
<Performance_Institution>
<Name><![CDATA[University of Pennsylvania]]></Name>
<CityName>PHILADELPHIA</CityName>
<StateCode>PA</StateCode>
<ZipCode>191046205</ZipCode>
<StreetAddress><![CDATA[3451 WALNUT ST STE 440A]]></StreetAddress>
<CountryCode>US</CountryCode>
<CountryName>United States</CountryName>
<StateName>Pennsylvania</StateName>
<CountryFlag>1</CountryFlag>
<CONGRESSDISTRICT>03</CONGRESSDISTRICT>
<CONGRESS_DISTRICT_PERF>PA03</CONGRESS_DISTRICT_PERF>
</Performance_Institution>
<ProgramElement>
<Code>722700</Code>
<Text>ITEST-Inov Tech Exp Stu &amp; Teac</Text>
</ProgramElement>
<ProgramElement>
<Code>764500</Code>
<Text>Discovery Research K-12</Text>
</ProgramElement>
<ProgramReference>
<Code>092Z</Code>
<Text>AI-Supported Learning</Text>
</ProgramReference>
<ProgramReference>
<Code>8817</Code>
<Text>STEM Learning &amp; Learning Environments</Text>
</ProgramReference>
<Appropriation>
<Code/>
<Name/>
<APP_SYMB_ID/>
</Appropriation>
<Appropriation>
<Code/>
<Name/>
<APP_SYMB_ID/>
</Appropriation>
<Fund>
<Code>04002324DB</Code>
<Name><![CDATA[NSF STEM Education]]></Name>
<FUND_SYMB_ID>040106</FUND_SYMB_ID>
</Fund>
<Fund>
<Code>1300PYXXDB</Code>
<Name><![CDATA[H-1B FUND, EDU, NSF]]></Name>
<FUND_SYMB_ID>045176</FUND_SYMB_ID>
</Fund>
<FUND_OBLG>2023~291664</FUND_OBLG>
</Award>
</rootTag>
