<?xml version="1.0" encoding="UTF-8"?>
<rootTag>
<Award>
<AwardTitle><![CDATA[Developing a Multi-Disciplinary STEM Education Model for Multilingual Learners That Meets Societal Challenges]]></AwardTitle>
<AGENCY>NSF</AGENCY>
<AwardEffectiveDate>09/15/2023</AwardEffectiveDate>
<AwardExpirationDate>08/31/2027</AwardExpirationDate>
<AwardTotalIntnAmount>2998580.00</AwardTotalIntnAmount>
<AwardAmount>2348491</AwardAmount>
<AwardInstrument>
<Value>Continuing Grant</Value>
</AwardInstrument>
<Organization>
<Code>11090000</Code>
<Directorate>
<Abbreviation>EDU</Abbreviation>
<LongName>Directorate for STEM Education</LongName>
</Directorate>
<Division>
<Abbreviation>DRL</Abbreviation>
<LongName>Division Of Research On Learning</LongName>
</Division>
</Organization>
<ProgramOfficer>
<SignBlockName>Robert Russell</SignBlockName>
<PO_EMAI>rlrussel@nsf.gov</PO_EMAI>
<PO_PHON>7032922995</PO_PHON>
</ProgramOfficer>
<AbstractNarration>This project contributes to advancing knowledge on STEM education focusing on societal challenges by harnessing the convergence of STEM subjects, including data science and computer science, to empower a minoritized student group - multilingual middle-school learners (MLs). The research seeks to make two significant contributions. First, the project will develop a conceptual framework for multi-disciplinary STEM education with MLs to address pressing societal challenges. Second, over the course of four years, the project will translate this conceptual framework into practical implementation in classrooms, creating a comprehensive innovation to: (1) develop an instructional unit centered around a societal challenge in STEM education for MLs, utilizing the context of the COVID-19 pandemic; (2) create a teacher professional development (PD) program to facilitate successful implementation of the instructional unit in classrooms; and (3) Develop and validate a suite of instruments to measure the impact of the innovation on both students and teachers, evaluate the integrity of implementation, and assess its potential for diverse instructional settings.&lt;br/&gt;&lt;br/&gt;The project is grounded in a conceptual framework that addresses pressing societal challenges and employs the convergence of multiple STEM subjects to explain these challenges. The primary goal is to empower MLs in STEM learning by recognizing and nurturing their assets, such as transnational experiences and rich meaning-making resources to build students' equitable participation in STEM education. The research will take place in New York City Public Schools, the largest school district in the nation, and will be conducted in three phases over four years. Phase 1 (Years 1, 2, and 3) will employ design-based research to develop, test, and refine the instructional unit and PD program iteratively. Phase 2 (Years 2 and 3) will focus on developing a suite of instruments to study the innovation, ensuring they are valid and suitable for future larger-scale studies. Phase 3 (Year 4) will finalize the instructional unit, PD program, and instruments, making them ready for implementation and broader use. The conceptual framework, innovation, and instruments will pave the way for future large-scale field trials. Furthermore, the project will serve as a foundation for extending STEM education to address other pressing societal challenges, such as climate change and sustainability. Finally, it will contribute to a research agenda that seeks to tackle complex and pervasive societal issues that disproportionately impact minoritized groups.&lt;br/&gt;&lt;br/&gt;The Discovery Research preK-12 program (DRK-12) seeks to significantly enhance the learning and teaching of science, technology, engineering and mathematics (STEM) by preK-12 students and teachers, through research and development of innovative resources, models and tools. Projects in the DRK-12 program build on fundamental research in STEM education and prior research and development efforts that provide theoretical and empirical justification for proposed projects. &lt;br/&gt;&lt;br/&gt;This award reflects NSF's statutory mission and has been deemed worthy of support through evaluation using the Foundation's intellectual merit and broader impacts review criteria.</AbstractNarration>
<MinAmdLetterDate>09/15/2023</MinAmdLetterDate>
<MaxAmdLetterDate>09/09/2024</MaxAmdLetterDate>
<ARRAAmount/>
<TRAN_TYPE>Grant</TRAN_TYPE>
<CFDA_NUM>47.076</CFDA_NUM>
<NSF_PAR_USE_FLAG>1</NSF_PAR_USE_FLAG>
<FUND_AGCY_CODE>4900</FUND_AGCY_CODE>
<AWDG_AGCY_CODE>4900</AWDG_AGCY_CODE>
<AwardID>2300118</AwardID>
<Investigator>
<FirstName>Okhee</FirstName>
<LastName>Lee</LastName>
<PI_MID_INIT/>
<PI_SUFX_NAME/>
<PI_FULL_NAME>Okhee Lee</PI_FULL_NAME>
<EmailAddress><![CDATA[olee@nyu.edu]]></EmailAddress>
<NSF_ID>000327461</NSF_ID>
<StartDate>09/15/2023</StartDate>
<EndDate/>
<RoleCode>Principal Investigator</RoleCode>
</Investigator>
<Investigator>
<FirstName>Eric</FirstName>
<LastName>Klopfer</LastName>
<PI_MID_INIT/>
<PI_SUFX_NAME/>
<PI_FULL_NAME>Eric Klopfer</PI_FULL_NAME>
<EmailAddress><![CDATA[klopfer@mit.edu]]></EmailAddress>
<NSF_ID>000174971</NSF_ID>
<StartDate>09/15/2023</StartDate>
<EndDate/>
<RoleCode>Co-Principal Investigator</RoleCode>
</Investigator>
<Investigator>
<FirstName>Eric</FirstName>
<LastName>Banilower</LastName>
<PI_MID_INIT>R</PI_MID_INIT>
<PI_SUFX_NAME/>
<PI_FULL_NAME>Eric R Banilower</PI_FULL_NAME>
<EmailAddress><![CDATA[erb@horizon-research.com]]></EmailAddress>
<NSF_ID>000194395</NSF_ID>
<StartDate>09/15/2023</StartDate>
<EndDate/>
<RoleCode>Co-Principal Investigator</RoleCode>
</Investigator>
<Investigator>
<FirstName>Alison</FirstName>
<LastName>Haas</LastName>
<PI_MID_INIT/>
<PI_SUFX_NAME/>
<PI_FULL_NAME>Alison Haas</PI_FULL_NAME>
<EmailAddress><![CDATA[ams728@nyu.edu]]></EmailAddress>
<NSF_ID>000863572</NSF_ID>
<StartDate>09/15/2023</StartDate>
<EndDate/>
<RoleCode>Co-Principal Investigator</RoleCode>
</Investigator>
<Investigator>
<FirstName>Scott</FirstName>
<LastName>Grapin</LastName>
<PI_MID_INIT>E</PI_MID_INIT>
<PI_SUFX_NAME/>
<PI_FULL_NAME>Scott E Grapin</PI_FULL_NAME>
<EmailAddress><![CDATA[sgrapin@miami.edu]]></EmailAddress>
<NSF_ID>000864669</NSF_ID>
<StartDate>09/15/2023</StartDate>
<EndDate/>
<RoleCode>Co-Principal Investigator</RoleCode>
</Investigator>
<Institution>
<Name><![CDATA[New York University]]></Name>
<CityName>NEW YORK</CityName>
<ZipCode>100121019</ZipCode>
<PhoneNumber>2129982121</PhoneNumber>
<StreetAddress><![CDATA[70 WASHINGTON SQ S]]></StreetAddress>
<StreetAddress2/>
<CountryName>United States</CountryName>
<StateName>New York</StateName>
<StateCode>NY</StateCode>
<CONGRESSDISTRICT>10</CONGRESSDISTRICT>
<CONGRESS_DISTRICT_ORG>NY10</CONGRESS_DISTRICT_ORG>
<ORG_UEI_NUM>NX9PXMKW5KW8</ORG_UEI_NUM>
<ORG_LGL_BUS_NAME>NEW YORK UNIVERSITY</ORG_LGL_BUS_NAME>
<ORG_PRNT_UEI_NUM/>
</Institution>
<Performance_Institution>
<Name><![CDATA[New York University]]></Name>
<CityName>NEW YORK</CityName>
<StateCode>NY</StateCode>
<ZipCode>100121019</ZipCode>
<StreetAddress><![CDATA[70 WASHINGTON SQ S]]></StreetAddress>
<CountryCode>US</CountryCode>
<CountryName>United States</CountryName>
<StateName>New York</StateName>
<CountryFlag>1</CountryFlag>
<CONGRESSDISTRICT>10</CONGRESSDISTRICT>
<CONGRESS_DISTRICT_PERF>NY10</CONGRESS_DISTRICT_PERF>
</Performance_Institution>
<ProgramElement>
<Code>764500</Code>
<Text>Discovery Research K-12</Text>
</ProgramElement>
<ProgramReference>
<Code>8212</Code>
<Text>Broaden Particip STEM Resrch</Text>
</ProgramReference>
<Appropriation>
<Code/>
<Name/>
<APP_SYMB_ID/>
</Appropriation>
<Appropriation>
<Code/>
<Name/>
<APP_SYMB_ID/>
</Appropriation>
<Fund>
<Code>04002425DB</Code>
<Name><![CDATA[NSF STEM Education]]></Name>
<FUND_SYMB_ID>040106</FUND_SYMB_ID>
</Fund>
<Fund>
<Code>04002324DB</Code>
<Name><![CDATA[NSF STEM Education]]></Name>
<FUND_SYMB_ID>040106</FUND_SYMB_ID>
</Fund>
<FUND_OBLG>2023~1534147</FUND_OBLG>
<FUND_OBLG>2024~814344</FUND_OBLG>
</Award>
</rootTag>
