<?xml version="1.0" encoding="UTF-8"?>
<rootTag>
<Award>
<AwardTitle><![CDATA[Preparing Advanced Manufacturing Technicians for Industry 4.0 in Rural Western Kentucky]]></AwardTitle>
<AGENCY>NSF</AGENCY>
<AwardEffectiveDate>07/01/2023</AwardEffectiveDate>
<AwardExpirationDate>06/30/2026</AwardExpirationDate>
<AwardTotalIntnAmount>320377.00</AwardTotalIntnAmount>
<AwardAmount>320377</AwardAmount>
<AwardInstrument>
<Value>Standard Grant</Value>
</AwardInstrument>
<Organization>
<Code>11040100</Code>
<Directorate>
<Abbreviation>EDU</Abbreviation>
<LongName>Directorate for STEM Education</LongName>
</Directorate>
<Division>
<Abbreviation>DUE</Abbreviation>
<LongName>Division Of Undergraduate Education</LongName>
</Division>
</Organization>
<ProgramOfficer>
<SignBlockName>Michael Davis</SignBlockName>
<PO_EMAI>mdavis@nsf.gov</PO_EMAI>
<PO_PHON>7032920000</PO_PHON>
</ProgramOfficer>
<AbstractNarration>Smart Manufacturing, often described as Industry 4.0, is a growing field which refers to next-generation integration of manufacturing and automation through the use of digitally-connected systems and processes. Over the past three years, western Kentucky manufacturers have rapidly accelerated the adoption of these latest-generation technologies in response to challenges imposed by the COVID-19 pandemic. This has resulted in the need for industrial technicians with significantly higher skill levels in the installation, maintenance, and repair of interconnected manufacturing systems and equipment. This is an important issue in rural western Kentucky where manufacturing jobs can provide a higher income than many other occupations. Rural areas compete with urban areas for industrial employers and cannot afford to risk a manufacturer leaving due to the lack of a skilled technical workforce. This three-year project at West Kentucky Community and Technical College (WKCTC) seeks to update its Advanced Manufacturing curriculum to meet the needs of area manufacturers. The project will utilize an advisory team which includes industry partners to align curriculum with industry need. Students will benefit from revised training relevant to the Advanced Manufacturing environment and earn nationally-recognized, stackable industry certifications in 24 months or less. Faculty associated with the project will benefit from professional development with updated equipment and teaching methods. Because WKCTC has a high population of rural students who are underrepresented in their pursuit of STEM pathways, this project has the potential to broaden participation in the STEM workforce and generate new knowledge on the degree to which revised teaching methods and stronger industry and K-12 partnerships prepare students for industry employment. &lt;br/&gt;&lt;br/&gt;The overall goal of the project is to better prepare students to enter the STEM workforce with industry-aligned classwork, while meeting area industry need for digitally-skilled Advanced Manufacturing technicians. The project will update and enhance technician training courses specific to advanced sensors, robotics, and artificial intelligence systems. Six principle activities provide a framework for the project's execution. First is the provision to WKCTC faculty of training so they are qualified to teach latest-generation Industry 4.0 technology curriculum. Second is updating existing Electrical, Industrial Maintenance, and Air Conditioning Technology courses to meet industry standards. Third is to add and embed relevant, nationally recognized industry certifications into coursework. Fourth is updating student lab equipment to align with what is being used by regional employers, and fifth is to engage industry partners in curriculum design and student learning. Sixth, and finally, is offering annual workshops for high school partners to increase awareness of programs, training, and career options in Industry 4.0 available to their students. This project is funded by the Advanced Technological Education program which focuses on the education of technicians for the advanced technology fields that drive the Nation's economy.&lt;br/&gt;&lt;br/&gt;This award reflects NSF's statutory mission and has been deemed worthy of support through evaluation using the Foundation's intellectual merit and broader impacts review criteria.</AbstractNarration>
<MinAmdLetterDate>03/10/2023</MinAmdLetterDate>
<MaxAmdLetterDate>02/13/2024</MaxAmdLetterDate>
<ARRAAmount/>
<TRAN_TYPE>Grant</TRAN_TYPE>
<CFDA_NUM>47.076</CFDA_NUM>
<NSF_PAR_USE_FLAG>1</NSF_PAR_USE_FLAG>
<FUND_AGCY_CODE>4900</FUND_AGCY_CODE>
<AWDG_AGCY_CODE>4900</AWDG_AGCY_CODE>
<AwardID>2300335</AwardID>
<Investigator>
<FirstName>Tim</FirstName>
<LastName>Driver</LastName>
<PI_MID_INIT/>
<PI_SUFX_NAME/>
<PI_FULL_NAME>Tim Driver</PI_FULL_NAME>
<EmailAddress><![CDATA[Tim.driver@kctcs.edu]]></EmailAddress>
<NSF_ID>000705929</NSF_ID>
<StartDate>03/10/2023</StartDate>
<EndDate>02/13/2024</EndDate>
<RoleCode>Former Co-Principal Investigator</RoleCode>
</Investigator>
<Investigator>
<FirstName>Jonathan</FirstName>
<LastName>Baker</LastName>
<PI_MID_INIT>H</PI_MID_INIT>
<PI_SUFX_NAME/>
<PI_FULL_NAME>Jonathan H Baker</PI_FULL_NAME>
<EmailAddress><![CDATA[jonathan.baker@kctcs.edu]]></EmailAddress>
<NSF_ID>000876703</NSF_ID>
<StartDate>03/10/2023</StartDate>
<EndDate/>
<RoleCode>Principal Investigator</RoleCode>
</Investigator>
<Investigator>
<FirstName>Rayla</FirstName>
<LastName>Trigg</LastName>
<PI_MID_INIT/>
<PI_SUFX_NAME/>
<PI_FULL_NAME>Rayla Trigg</PI_FULL_NAME>
<EmailAddress><![CDATA[rayla.trigg@kctcs.edu]]></EmailAddress>
<NSF_ID>000820625</NSF_ID>
<StartDate>02/13/2024</StartDate>
<EndDate/>
<RoleCode>Co-Principal Investigator</RoleCode>
</Investigator>
<Institution>
<Name><![CDATA[Kentucky Community & Technical College System]]></Name>
<CityName>VERSAILLES</CityName>
<ZipCode>403831245</ZipCode>
<PhoneNumber>8592563397</PhoneNumber>
<StreetAddress><![CDATA[300 N MAIN ST]]></StreetAddress>
<StreetAddress2/>
<CountryName>United States</CountryName>
<StateName>Kentucky</StateName>
<StateCode>KY</StateCode>
<CONGRESSDISTRICT>06</CONGRESSDISTRICT>
<CONGRESS_DISTRICT_ORG>KY06</CONGRESS_DISTRICT_ORG>
<ORG_UEI_NUM>GWSXAJZALU69</ORG_UEI_NUM>
<ORG_LGL_BUS_NAME>KENTUCKY COMMUNITY &amp; TECHNICAL COLLEGE SYSTEM</ORG_LGL_BUS_NAME>
<ORG_PRNT_UEI_NUM>GWSXAJZALU69</ORG_PRNT_UEI_NUM>
</Institution>
<Performance_Institution>
<Name><![CDATA[West Kentucky Community and Technical College]]></Name>
<CityName>Paducah</CityName>
<StateCode>KY</StateCode>
<ZipCode>420027380</ZipCode>
<StreetAddress><![CDATA[4810 Alben Barkley Drive]]></StreetAddress>
<CountryCode>US</CountryCode>
<CountryName>United States</CountryName>
<StateName>Kentucky</StateName>
<CountryFlag>1</CountryFlag>
<CONGRESSDISTRICT>01</CONGRESSDISTRICT>
<CONGRESS_DISTRICT_PERF>KY01</CONGRESS_DISTRICT_PERF>
</Performance_Institution>
<ProgramElement>
<Code>741200</Code>
<Text>Advanced Tech Education Prog</Text>
</ProgramElement>
<ProgramReference>
<Code>1032</Code>
<Text>ADVANCED TECHNOLOGY EDUCATION</Text>
</ProgramReference>
<ProgramReference>
<Code>9178</Code>
<Text>UNDERGRADUATE EDUCATION</Text>
</ProgramReference>
<ProgramReference>
<Code>SMET</Code>
<Text>SCIENCE, MATH, ENG &amp; TECH EDUCATION</Text>
</ProgramReference>
<Appropriation>
<Code/>
<Name/>
<APP_SYMB_ID/>
</Appropriation>
<Fund>
<Code>04002324DB</Code>
<Name><![CDATA[NSF STEM Education]]></Name>
<FUND_SYMB_ID>040106</FUND_SYMB_ID>
</Fund>
<FUND_OBLG>2023~320377</FUND_OBLG>
</Award>
</rootTag>
