<?xml version="1.0" encoding="UTF-8"?>
<rootTag>
<Award>
<AwardTitle><![CDATA[RAPID: Critical data collection from a flash flooding event in Eastern Kentucky]]></AwardTitle>
<AGENCY>NSF</AGENCY>
<AwardEffectiveDate>11/01/2022</AwardEffectiveDate>
<AwardExpirationDate>10/31/2023</AwardExpirationDate>
<AwardTotalIntnAmount>49970.00</AwardTotalIntnAmount>
<AwardAmount>49970</AwardAmount>
<AwardInstrument>
<Value>Standard Grant</Value>
</AwardInstrument>
<Organization>
<Code>06030000</Code>
<Directorate>
<Abbreviation>GEO</Abbreviation>
<LongName>Directorate For Geosciences</LongName>
</Directorate>
<Division>
<Abbreviation>EAR</Abbreviation>
<LongName>Division Of Earth Sciences</LongName>
</Division>
</Organization>
<ProgramOfficer>
<SignBlockName>Laura Lautz</SignBlockName>
<PO_EMAI>llautz@nsf.gov</PO_EMAI>
<PO_PHON>7032927775</PO_PHON>
</ProgramOfficer>
<AbstractNarration>Kentucky and adjacent Appalachian regions suffer repeated tragic loss of life and property damage due to flash flooding. Flash floods in eastern Kentucky are unique with respect to the frequency, magnitude, duration, and timing of stormwater delivery. However, the mechanisms controlling flash flood generation are poorly understood in this region. The proposed project will inform understanding of flash floods in eastern Kentucky and throughout Appalachia. The data from this study will assist with understanding the watershed properties that control the generation of flash floods and will assist with post-flood analyses to determine the mechanisms of the July 2022 floods in eastern Kentucky. These data will additionally improve flash flood forecasting technology, which may assist with the mitigation of the impacts of future flash floods.&lt;br/&gt;&lt;br/&gt;Flash floods – defined as the swift increase in discharge caused by intense rainfall or release of water over a small region – rank as the most destructive weather-related hazard in many locations of the world. The July 2022 flash flooding in Eastern Kentucky resulted in at least 37 deaths, including 4 children, with hundreds of homes destroyed. Flash flooding is not a new phenomenon to this region. However, the July 2022 floods resulted in one of the largest number of fatalities due to flash flooding in the US in over 45 years, placing it as one of the deadliest flash floods on record. The objectives of this project are to: 1) investigate the downstream impacts and behavior of flash floods in headwater streams by gathering critical and timely data that will lead to improved prediction and modeling of flash flood dynamics; and 2) understand the continued impact of flash floods on water quality in headwater streams throughout Appalachia. Three main research tasks will be performed to accomplish the research goal: 1) collect perishable high-water mark data, 2) collect soil samples to quantify soil-water condition and perform soil characteristic tests to assist with hydraulic model calibration for future projects, and 3) analyze surface water and sediment samples for stormwater indicators. Data collected through this research will eventually be used to create hydraulic models to understand velocities and volumes of water produced at the headwater-scale and answer questions related to the contribution of headwaters to downstream flash floods.&lt;br/&gt;&lt;br/&gt;This award reflects NSF's statutory mission and has been deemed worthy of support through evaluation using the Foundation's intellectual merit and broader impacts review criteria.</AbstractNarration>
<MinAmdLetterDate>10/24/2022</MinAmdLetterDate>
<MaxAmdLetterDate>10/24/2022</MaxAmdLetterDate>
<ARRAAmount/>
<TRAN_TYPE>Grant</TRAN_TYPE>
<CFDA_NUM>47.050</CFDA_NUM>
<NSF_PAR_USE_FLAG>1</NSF_PAR_USE_FLAG>
<FUND_AGCY_CODE>4900</FUND_AGCY_CODE>
<AWDG_AGCY_CODE>4900</AWDG_AGCY_CODE>
<AwardID>2300627</AwardID>
<Investigator>
<FirstName>Mark</FirstName>
<LastName>French</LastName>
<PI_MID_INIT>N</PI_MID_INIT>
<PI_SUFX_NAME/>
<PI_FULL_NAME>Mark N French</PI_FULL_NAME>
<EmailAddress><![CDATA[mark.french@louisville.edu]]></EmailAddress>
<NSF_ID>000343568</NSF_ID>
<StartDate>10/24/2022</StartDate>
<EndDate/>
<RoleCode>Co-Principal Investigator</RoleCode>
</Investigator>
<Investigator>
<FirstName>Thomas</FirstName>
<LastName>Rockaway</LastName>
<PI_MID_INIT>D</PI_MID_INIT>
<PI_SUFX_NAME/>
<PI_FULL_NAME>Thomas D Rockaway</PI_FULL_NAME>
<EmailAddress><![CDATA[rockaway@louisville.edu]]></EmailAddress>
<NSF_ID>000397339</NSF_ID>
<StartDate>10/24/2022</StartDate>
<EndDate/>
<RoleCode>Co-Principal Investigator</RoleCode>
</Investigator>
<Investigator>
<FirstName>Omid</FirstName>
<LastName>Ghasemi-Fare</LastName>
<PI_MID_INIT/>
<PI_SUFX_NAME/>
<PI_FULL_NAME>Omid Ghasemi-Fare</PI_FULL_NAME>
<EmailAddress><![CDATA[o0ghas01@louisville.edu]]></EmailAddress>
<NSF_ID>000729857</NSF_ID>
<StartDate>10/24/2022</StartDate>
<EndDate/>
<RoleCode>Principal Investigator</RoleCode>
</Investigator>
<Investigator>
<FirstName>David</FirstName>
<LastName>Mahoney</LastName>
<PI_MID_INIT>T</PI_MID_INIT>
<PI_SUFX_NAME/>
<PI_FULL_NAME>David T Mahoney</PI_FULL_NAME>
<EmailAddress><![CDATA[tyler.mahoney@louisville.edu]]></EmailAddress>
<NSF_ID>000862791</NSF_ID>
<StartDate>10/24/2022</StartDate>
<EndDate/>
<RoleCode>Co-Principal Investigator</RoleCode>
</Investigator>
<Institution>
<Name><![CDATA[University of Louisville Research Foundation Inc]]></Name>
<CityName>LOUISVILLE</CityName>
<ZipCode>402081838</ZipCode>
<PhoneNumber>5028523788</PhoneNumber>
<StreetAddress><![CDATA[2301 S 3RD ST]]></StreetAddress>
<StreetAddress2/>
<CountryName>United States</CountryName>
<StateName>Kentucky</StateName>
<StateCode>KY</StateCode>
<CONGRESSDISTRICT>03</CONGRESSDISTRICT>
<CONGRESS_DISTRICT_ORG>KY03</CONGRESS_DISTRICT_ORG>
<ORG_UEI_NUM>E1KJM4T54MK6</ORG_UEI_NUM>
<ORG_LGL_BUS_NAME>UNIVERSITY OF LOUISVILLE</ORG_LGL_BUS_NAME>
<ORG_PRNT_UEI_NUM/>
</Institution>
<Performance_Institution>
<Name><![CDATA[University of Louisville Research Foundation Inc]]></Name>
<CityName>LOUISVILLE</CityName>
<StateCode>KY</StateCode>
<ZipCode>402081838</ZipCode>
<StreetAddress><![CDATA[2301 S 3RD ST]]></StreetAddress>
<CountryCode>US</CountryCode>
<CountryName>United States</CountryName>
<StateName>Kentucky</StateName>
<CountryFlag>1</CountryFlag>
<CONGRESSDISTRICT>03</CONGRESSDISTRICT>
<CONGRESS_DISTRICT_PERF>KY03</CONGRESS_DISTRICT_PERF>
</Performance_Institution>
<ProgramElement>
<Code>157900</Code>
<Text>Hydrologic Sciences</Text>
</ProgramElement>
<ProgramElement>
<Code>722200</Code>
<Text>XC-Crosscutting Activities Pro</Text>
</ProgramElement>
<ProgramReference>
<Code>7914</Code>
<Text>RAPID</Text>
</ProgramReference>
<Appropriation>
<Code/>
<Name/>
<APP_SYMB_ID/>
</Appropriation>
<Fund>
<Code>01002324DB</Code>
<Name><![CDATA[NSF RESEARCH & RELATED ACTIVIT]]></Name>
<FUND_SYMB_ID>040100</FUND_SYMB_ID>
</Fund>
<FUND_OBLG>2023~49970</FUND_OBLG>
<POR>
<DRECONTENT><![CDATA[<div class="porColContainerWBG"> <div class="porContentCol"><p>The goal of the project was to collect perishable data after a flash flooding event in eastern Kentucky.</p> <p>PIs, graduate, and undergraduate students travelled several times to eastern Kentucky and (i) Collected perishable high-water mark data on both larger streams as well as in the headwater tributaries within the Troublesome Creek watershed in eastern Kentucky; and (ii) Collected soil samples to quantify soil-water conditions and perform soil characteristic tests at the proposed locations to assist with hydrologic model calibration for future projects. High-water mark data consisted of debris and sediment lines, and was corroborated with eye-witness reports and pictures of water height. High-water mark data facilitated the generation of maps of the flood extent using a regression-based index which correlated upstream contributing area with the width and depth of the flood in a variety of stream orders. The data will help to quantify the role of headwater streams to flash floods in higher order rivers. This is relevant given that headwater streams receive limited protection under the Clean Water Act and are vulnerable to disturbance. In eastern KY, and much of central Appalachia, the majority of stream network length consists of headwaters. Thus, deepening the understanding of headwater function with in larger watershed systems is critical.&nbsp;&nbsp;</p><br> <p>  Last Modified: 02/14/2024<br> Modified by: Omid&nbsp;Ghasemi-Fare</p></div> <div class="porSideCol" ></div> </div>]]></DRECONTENT>
<POR_COPY_TXT><![CDATA[  The goal of the project was to collect perishable data after a flash flooding event in eastern Kentucky.   PIs, graduate, and undergraduate students travelled several times to eastern Kentucky and (i) Collected perishable high-water mark data on both larger streams as well as in the headwater tributaries within the Troublesome Creek watershed in eastern Kentucky; and (ii) Collected soil samples to quantify soil-water conditions and perform soil characteristic tests at the proposed locations to assist with hydrologic model calibration for future projects. High-water mark data consisted of debris and sediment lines, and was corroborated with eye-witness reports and pictures of water height. High-water mark data facilitated the generation of maps of the flood extent using a regression-based index which correlated upstream contributing area with the width and depth of the flood in a variety of stream orders. The data will help to quantify the role of headwater streams to flash floods in higher order rivers. This is relevant given that headwater streams receive limited protection under the Clean Water Act and are vulnerable to disturbance. In eastern KY, and much of central Appalachia, the majority of stream network length consists of headwaters. Thus, deepening the understanding of headwater function with in larger watershed systems is critical.     Last Modified: 02/14/2024       Submitted by: OmidGhasemi-Fare]]></POR_COPY_TXT>
</POR>
</Award>
</rootTag>
