<?xml version="1.0" encoding="UTF-8"?>
<rootTag>
<Award>
<AwardTitle><![CDATA[National Information Technology Innovation Center (NITIC)]]></AwardTitle>
<AGENCY>NSF</AGENCY>
<AwardEffectiveDate>09/01/2023</AwardEffectiveDate>
<AwardExpirationDate>08/31/2028</AwardExpirationDate>
<AwardTotalIntnAmount>7475000.00</AwardTotalIntnAmount>
<AwardAmount>7475000</AwardAmount>
<AwardInstrument>
<Value>Standard Grant</Value>
</AwardInstrument>
<Organization>
<Code>11040100</Code>
<Directorate>
<Abbreviation>EDU</Abbreviation>
<LongName>Directorate for STEM Education</LongName>
</Directorate>
<Division>
<Abbreviation>DUE</Abbreviation>
<LongName>Division Of Undergraduate Education</LongName>
</Division>
</Organization>
<ProgramOfficer>
<SignBlockName>Paul Tymann</SignBlockName>
<PO_EMAI>ptymann@nsf.gov</PO_EMAI>
<PO_PHON>7032922832</PO_PHON>
</ProgramOfficer>
<AbstractNarration>The Information Technology (IT) industry is continuing to experience shortages of skilled workers, and COVID-19 has further exacerbated the sense of urgency and need for an IT skilled technical workforce.  According to CompTIA’s 2022 Workforce and Learning Trends report, U.S. tech employment will grow an estimated 12.4 million net jobs in 2022 alone. Over the next ten years, technology occupations are expected to grow at twice the rate of overall employment. Yet the high demand for skilled workers is confounded by workers leaving the field. According to Microsoft’s 2021 Work Trends Index, more than 40% of employees were considering a job change, and 46% planned to make a significant career move or transition. While traditional areas of technology are experiencing an increasing demand, there are also emerging job clusters. These include, but are not limited to, the following fields: Artificial Intelligence (AI), Machine Learning (ML), IT Automation, Quantum Computing, DevOps, FinTech, Augmented Reality (AR), Virtual Reality (VR), Encryption Technologies, IoT/Edge Computing, 5G, and Blockchain Technology. Nationally, there are diversity gaps in the IT industry. Underserved and disadvantaged students are not well represented in pathways for careers in IT which often discourages these individuals from pursuing these career pathways. This project will bring together an experienced consortium of community colleges leaders in information technology collaborating with industry partners to create the National Information Technology Innovation Center (NITIC). &lt;br/&gt;&lt;br/&gt;The Center will create a future-focused community of practice with diverse perspectives and geographic distribution. NITIC will focus on emerging technologies while strengthening and promoting proven best practices from prior ATE IT centers. NITIC will create new deliverables that develop high-quality educational materials, curricula, pedagogy, and teaching resources while consolidating access for existing materials across broad areas of information technology. The center will leverage a mix of experienced and emerging community college partners to serve as leaders within their technology clusters to expand collaboration and develop future leadership for the ATE community. The Center will produce, implement, assess impact, and broadly share the following: 1) Innovation clearinghouse to encourage new emerging IT curriculum and materials driven by a Business &amp; Industry Leadership Team (BILT) Model for high employer engagement;  2) A Community of Practice: IT Innovation Network (ITIN) to promote sharing and problem-solving; 3) Faculty Professional Development Model – Working Connections Virtual and In-Person Workshops to address continuing learning needs for faculty as technologies emerge; and  4) Dedicated models for increasing diversity and underserved population representation in IT, including veterans, women, and underserved student populations in STEM. This project is funded by the Advanced Technological Education program that focuses on the education of technicians for the advanced-technology fields that drive the Nation's economy.&lt;br/&gt;&lt;br/&gt;This award reflects NSF's statutory mission and has been deemed worthy of support through evaluation using the Foundation's intellectual merit and broader impacts review criteria.</AbstractNarration>
<MinAmdLetterDate>08/30/2023</MinAmdLetterDate>
<MaxAmdLetterDate>08/30/2023</MaxAmdLetterDate>
<ARRAAmount/>
<TRAN_TYPE>Grant</TRAN_TYPE>
<CFDA_NUM>47.076</CFDA_NUM>
<NSF_PAR_USE_FLAG>1</NSF_PAR_USE_FLAG>
<FUND_AGCY_CODE>4900</FUND_AGCY_CODE>
<AWDG_AGCY_CODE>4900</AWDG_AGCY_CODE>
<AwardID>2300188</AwardID>
<Investigator>
<FirstName>Kyle</FirstName>
<LastName>Jones</LastName>
<PI_MID_INIT/>
<PI_SUFX_NAME/>
<PI_FULL_NAME>Kyle Jones</PI_FULL_NAME>
<EmailAddress><![CDATA[kyle.jones4990@sinclair.edu]]></EmailAddress>
<NSF_ID>000731888</NSF_ID>
<StartDate>08/30/2023</StartDate>
<EndDate/>
<RoleCode>Co-Principal Investigator</RoleCode>
</Investigator>
<Investigator>
<FirstName>Lawrence</FirstName>
<LastName>McWherter</LastName>
<PI_MID_INIT>J</PI_MID_INIT>
<PI_SUFX_NAME/>
<PI_FULL_NAME>Lawrence J McWherter</PI_FULL_NAME>
<EmailAddress><![CDATA[lmcwherter@cscc.edu]]></EmailAddress>
<NSF_ID>000740931</NSF_ID>
<StartDate>08/30/2023</StartDate>
<EndDate/>
<RoleCode>Principal Investigator</RoleCode>
</Investigator>
<Investigator>
<FirstName>Rajiv</FirstName>
<LastName>Malkan</LastName>
<PI_MID_INIT/>
<PI_SUFX_NAME/>
<PI_FULL_NAME>Rajiv Malkan</PI_FULL_NAME>
<EmailAddress><![CDATA[rajiv.malkan@lonestar.edu]]></EmailAddress>
<NSF_ID>000837314</NSF_ID>
<StartDate>08/30/2023</StartDate>
<EndDate/>
<RoleCode>Co-Principal Investigator</RoleCode>
</Investigator>
<Investigator>
<FirstName>Diane</FirstName>
<LastName>Meza</LastName>
<PI_MID_INIT>M</PI_MID_INIT>
<PI_SUFX_NAME/>
<PI_FULL_NAME>Diane M Meza</PI_FULL_NAME>
<EmailAddress><![CDATA[diane.meza@mesacc.edu]]></EmailAddress>
<NSF_ID>000892987</NSF_ID>
<StartDate>08/30/2023</StartDate>
<EndDate/>
<RoleCode>Co-Principal Investigator</RoleCode>
</Investigator>
<Institution>
<Name><![CDATA[Columbus State Community College]]></Name>
<CityName>COLUMBUS</CityName>
<ZipCode>432151722</ZipCode>
<PhoneNumber>6142872639</PhoneNumber>
<StreetAddress><![CDATA[550 E SPRING ST]]></StreetAddress>
<StreetAddress2/>
<CountryName>United States</CountryName>
<StateName>Ohio</StateName>
<StateCode>OH</StateCode>
<CONGRESSDISTRICT>03</CONGRESSDISTRICT>
<CONGRESS_DISTRICT_ORG>OH03</CONGRESS_DISTRICT_ORG>
<ORG_UEI_NUM>H7GFSFHXELW4</ORG_UEI_NUM>
<ORG_LGL_BUS_NAME>COLUMBUS STATE COMMUNITY COLLEGE</ORG_LGL_BUS_NAME>
<ORG_PRNT_UEI_NUM>H7GFSFHXELW4</ORG_PRNT_UEI_NUM>
</Institution>
<Performance_Institution>
<Name><![CDATA[Columbus State Community College]]></Name>
<CityName>COLUMBUS</CityName>
<StateCode>OH</StateCode>
<ZipCode>432151722</ZipCode>
<StreetAddress><![CDATA[550 E SPRING ST]]></StreetAddress>
<CountryCode>US</CountryCode>
<CountryName>United States</CountryName>
<StateName>Ohio</StateName>
<CountryFlag>1</CountryFlag>
<CONGRESSDISTRICT>03</CONGRESSDISTRICT>
<CONGRESS_DISTRICT_PERF>OH03</CONGRESS_DISTRICT_PERF>
</Performance_Institution>
<ProgramElement>
<Code>741200</Code>
<Text>Advanced Tech Education Prog</Text>
</ProgramElement>
<ProgramReference>
<Code>1032</Code>
<Text>ADVANCED TECHNOLOGY EDUCATION</Text>
</ProgramReference>
<ProgramReference>
<Code>9178</Code>
<Text>UNDERGRADUATE EDUCATION</Text>
</ProgramReference>
<ProgramReference>
<Code>SMET</Code>
<Text>SCIENCE, MATH, ENG &amp; TECH EDUCATION</Text>
</ProgramReference>
<Appropriation>
<Code/>
<Name/>
<APP_SYMB_ID/>
</Appropriation>
<Fund>
<Code>04002324DB</Code>
<Name><![CDATA[NSF STEM Education]]></Name>
<FUND_SYMB_ID>040106</FUND_SYMB_ID>
</Fund>
<FUND_OBLG>2023~7475000</FUND_OBLG>
</Award>
</rootTag>
