<?xml version="1.0" encoding="UTF-8"?>
<rootTag>
<Award>
<AwardTitle><![CDATA[Developing Computational Adversarial Thinking: Bridging Technical Skills Training and Academic Coursework]]></AwardTitle>
<AGENCY>NSF</AGENCY>
<AwardEffectiveDate>07/01/2023</AwardEffectiveDate>
<AwardExpirationDate>06/30/2026</AwardExpirationDate>
<AwardTotalIntnAmount>349990.00</AwardTotalIntnAmount>
<AwardAmount>349990</AwardAmount>
<AwardInstrument>
<Value>Standard Grant</Value>
</AwardInstrument>
<Organization>
<Code>11040100</Code>
<Directorate>
<Abbreviation>EDU</Abbreviation>
<LongName>Directorate for STEM Education</LongName>
</Directorate>
<Division>
<Abbreviation>DUE</Abbreviation>
<LongName>Division Of Undergraduate Education</LongName>
</Division>
</Organization>
<ProgramOfficer>
<SignBlockName>Paul Tymann</SignBlockName>
<PO_EMAI>ptymann@nsf.gov</PO_EMAI>
<PO_PHON>7032922832</PO_PHON>
</ProgramOfficer>
<AbstractNarration>The national shortage of software developers who lack basic cybersecurity skills is well-documented. This shortage is a result of a divergence between career technical education and traditional academic degree paths. On the one hand, many IT professionals understand the technical aspects of cybersecurity, from installing firewalls to forensics, but require additional software development skills. On the other hand, computer scientists/developers (i.e., those who have pursued standard academic training) understand software development but lack adversarial thinking (AT) skills. The goal of this project is to increase cyber awareness by helping students to develop AT skills. This project will investigate the impact of using AT in introductory computing courses for computer science and non-computer science majors. By infusing AT education in computing programs at the community and technical college level, this project will enhance the first two years of education in computing and increase the number of qualified software developers in the borderland of El Paso, Texas.&lt;br/&gt; &lt;br/&gt;This project will address the minimal emphasis on AT knowledge and skills in the fundamentals of computer science courses by infusing AT and analytics within the curriculum and developing extracurricular activities to provide community practice through experiential learning. New initiatives include the development of a computer science course for non-majors that will introduce AT in a multidisciplinary environment; the infusion of AT modules in the fundamentals of computer science courses; professional development opportunities for students, instructional assistants, and professionals to learn about AT concepts in computing; and the development of student competitions (also known as Hackathons). This project will provide novel pedagogical teaching based on AT and analytics as an extension of computational thinking. Best practices and content material will be shared in a public repository, accessible to educators worldwide. This project is funded by the Advanced Technological Education program that focuses on the education of technicians for the advanced-technology fields that drive the nation's economy.&lt;br/&gt;&lt;br/&gt;This award reflects NSF's statutory mission and has been deemed worthy of support through evaluation using the Foundation's intellectual merit and broader impacts review criteria.</AbstractNarration>
<MinAmdLetterDate>04/08/2023</MinAmdLetterDate>
<MaxAmdLetterDate>04/08/2023</MaxAmdLetterDate>
<ARRAAmount/>
<TRAN_TYPE>Grant</TRAN_TYPE>
<CFDA_NUM>47.076</CFDA_NUM>
<NSF_PAR_USE_FLAG>1</NSF_PAR_USE_FLAG>
<FUND_AGCY_CODE>4900</FUND_AGCY_CODE>
<AWDG_AGCY_CODE>4900</AWDG_AGCY_CODE>
<AwardID>2300378</AwardID>
<Investigator>
<FirstName>Nadia</FirstName>
<LastName>Karichev</LastName>
<PI_MID_INIT>V</PI_MID_INIT>
<PI_SUFX_NAME/>
<PI_FULL_NAME>Nadia V Karichev</PI_FULL_NAME>
<EmailAddress><![CDATA[nmerzlya@epcc.edu]]></EmailAddress>
<NSF_ID>000839499</NSF_ID>
<StartDate>04/08/2023</StartDate>
<EndDate/>
<RoleCode>Co-Principal Investigator</RoleCode>
</Investigator>
<Investigator>
<FirstName>Christian</FirstName>
<LastName>Servin</LastName>
<PI_MID_INIT/>
<PI_SUFX_NAME/>
<PI_FULL_NAME>Christian Servin</PI_FULL_NAME>
<EmailAddress><![CDATA[cservin1@epcc.edu]]></EmailAddress>
<NSF_ID>000708320</NSF_ID>
<StartDate>04/08/2023</StartDate>
<EndDate/>
<RoleCode>Principal Investigator</RoleCode>
</Investigator>
<Institution>
<Name><![CDATA[El Paso County Community College]]></Name>
<CityName>EL PASO</CityName>
<ZipCode>799256511</ZipCode>
<PhoneNumber>9158316511</PhoneNumber>
<StreetAddress><![CDATA[9050 VISCOUNT BLVD]]></StreetAddress>
<StreetAddress2/>
<CountryName>United States</CountryName>
<StateName>Texas</StateName>
<StateCode>TX</StateCode>
<CONGRESSDISTRICT>16</CONGRESSDISTRICT>
<CONGRESS_DISTRICT_ORG>TX16</CONGRESS_DISTRICT_ORG>
<ORG_UEI_NUM>S8LXMMGHNMG9</ORG_UEI_NUM>
<ORG_LGL_BUS_NAME>EL PASO COUNTY COMMUNITY COLLEGE DISTRICT</ORG_LGL_BUS_NAME>
<ORG_PRNT_UEI_NUM/>
</Institution>
<Performance_Institution>
<Name><![CDATA[El Paso County Community College]]></Name>
<CityName>EL PASO</CityName>
<StateCode>TX</StateCode>
<ZipCode>799256511</ZipCode>
<StreetAddress><![CDATA[9050 VISCOUNT BLVD]]></StreetAddress>
<CountryCode>US</CountryCode>
<CountryName>United States</CountryName>
<StateName>Texas</StateName>
<CountryFlag>1</CountryFlag>
<CONGRESSDISTRICT>16</CONGRESSDISTRICT>
<CONGRESS_DISTRICT_PERF>TX16</CONGRESS_DISTRICT_PERF>
</Performance_Institution>
<ProgramElement>
<Code>741200</Code>
<Text>Advanced Tech Education Prog</Text>
</ProgramElement>
<ProgramReference>
<Code>1032</Code>
<Text>ADVANCED TECHNOLOGY EDUCATION</Text>
</ProgramReference>
<ProgramReference>
<Code>9178</Code>
<Text>UNDERGRADUATE EDUCATION</Text>
</ProgramReference>
<ProgramReference>
<Code>SMET</Code>
<Text>SCIENCE, MATH, ENG &amp; TECH EDUCATION</Text>
</ProgramReference>
<Appropriation>
<Code/>
<Name/>
<APP_SYMB_ID/>
</Appropriation>
<Fund>
<Code>04002324DB</Code>
<Name><![CDATA[NSF STEM Education]]></Name>
<FUND_SYMB_ID>040106</FUND_SYMB_ID>
</Fund>
<FUND_OBLG>2023~349990</FUND_OBLG>
</Award>
</rootTag>
