<?xml version="1.0" encoding="UTF-8"?>
<rootTag>
<Award>
<AwardTitle><![CDATA[Accelerating Advanced Electric Vehicle Technician Education While Increasing the Recruitment and Retention of Women]]></AwardTitle>
<AGENCY>NSF</AGENCY>
<AwardEffectiveDate>07/01/2023</AwardEffectiveDate>
<AwardExpirationDate>06/30/2026</AwardExpirationDate>
<AwardTotalIntnAmount>347934.00</AwardTotalIntnAmount>
<AwardAmount>347934</AwardAmount>
<AwardInstrument>
<Value>Standard Grant</Value>
</AwardInstrument>
<Organization>
<Code>11040100</Code>
<Directorate>
<Abbreviation>EDU</Abbreviation>
<LongName>Directorate for STEM Education</LongName>
</Directorate>
<Division>
<Abbreviation>DUE</Abbreviation>
<LongName>Division Of Undergraduate Education</LongName>
</Division>
</Organization>
<ProgramOfficer>
<SignBlockName>Michael Davis</SignBlockName>
<PO_EMAI>mdavis@nsf.gov</PO_EMAI>
<PO_PHON>7032920000</PO_PHON>
</ProgramOfficer>
<AbstractNarration>The shift towards battery powered electric vehicles continues to change the landscape of public and personal transportation in the United States and shows no signs of slowing down. While development of infrastructure ramps up and the number of electric vehicles on the road continues to grow, the impact on the automotive and heavy equipment repair industry will need to be addressed. This project from Linn Benton Community College (LBCC) seeks to address the growing skills gap facing automotive and heavy equipment technicians in southwest Oregon. The college will leverage its existing automotive and heavy equipment diesel facilities to create a new one-year certificate that will focus on electric vehicle and hybrid vehicle technology. As part of this effort, the college will make a special effort to engage more female students in the college's advanced transportation technology program. Finally, the project will promote the development of advanced vehicle technician education programs regionally through a collaborative effort including neighboring community colleges and high schools.  &lt;br/&gt;&lt;br/&gt;The project team recently completed an industry survey of dealerships, independent repair shops, and municipalities in the region to gauge their needs for current and future workers. Results from this survey will inform the creation of a new one-year certificate, which will be a new stackable credential that will contribute to the existing Advanced Vehicle Technology degree. Instructors from LBCC will complete industry recognized training to prepare them for the creation of six new courses on Advanced Transportation and Battery Vehicle Technology. To increase the representation of females, the college will participate in customized training sessions to make systemic changes that should result in increased female enrollment. Practices from this training will create a culture of support for female students, and should ultimately help to diversify the electric vehicle workforce. Results from this work will be shared regionally among Oregon's 17 community colleges, and nationally through the ATE community. This project is funded by the Advanced Technological Education program that focuses on the education of technicians for the advanced-technology fields that drive the nation's economy.&lt;br/&gt;&lt;br/&gt;This award reflects NSF's statutory mission and has been deemed worthy of support through evaluation using the Foundation's intellectual merit and broader impacts review criteria.</AbstractNarration>
<MinAmdLetterDate>04/04/2023</MinAmdLetterDate>
<MaxAmdLetterDate>08/13/2024</MaxAmdLetterDate>
<ARRAAmount/>
<TRAN_TYPE>Grant</TRAN_TYPE>
<CFDA_NUM>47.076</CFDA_NUM>
<NSF_PAR_USE_FLAG>1</NSF_PAR_USE_FLAG>
<FUND_AGCY_CODE>4900</FUND_AGCY_CODE>
<AWDG_AGCY_CODE>4900</AWDG_AGCY_CODE>
<AwardID>2300497</AwardID>
<Investigator>
<FirstName>Garwin</FirstName>
<LastName>Burroughs</LastName>
<PI_MID_INIT>M</PI_MID_INIT>
<PI_SUFX_NAME/>
<PI_FULL_NAME>Garwin M Burroughs</PI_FULL_NAME>
<EmailAddress><![CDATA[burroug@linnbenton.edu]]></EmailAddress>
<NSF_ID>000888910</NSF_ID>
<StartDate>04/04/2023</StartDate>
<EndDate>08/13/2024</EndDate>
<RoleCode>Former Co-Principal Investigator</RoleCode>
</Investigator>
<Investigator>
<FirstName>Michael</FirstName>
<LastName>LeBlanc</LastName>
<PI_MID_INIT>K</PI_MID_INIT>
<PI_SUFX_NAME/>
<PI_FULL_NAME>Michael K LeBlanc</PI_FULL_NAME>
<EmailAddress><![CDATA[leblanm@linnbenton.edu]]></EmailAddress>
<NSF_ID>000857105</NSF_ID>
<StartDate>04/04/2023</StartDate>
<EndDate/>
<RoleCode>Principal Investigator</RoleCode>
</Investigator>
<Institution>
<Name><![CDATA[Linn Benton Community College]]></Name>
<CityName>ALBANY</CityName>
<ZipCode>973213755</ZipCode>
<PhoneNumber>5419174999</PhoneNumber>
<StreetAddress><![CDATA[6500 PACIFIC BLVD SW]]></StreetAddress>
<StreetAddress2/>
<CountryName>United States</CountryName>
<StateName>Oregon</StateName>
<StateCode>OR</StateCode>
<CONGRESSDISTRICT>05</CONGRESSDISTRICT>
<CONGRESS_DISTRICT_ORG>OR05</CONGRESS_DISTRICT_ORG>
<ORG_UEI_NUM>QMKDAZEGH1M1</ORG_UEI_NUM>
<ORG_LGL_BUS_NAME>LINN-BENTON COMMUNITY COLLEGE</ORG_LGL_BUS_NAME>
<ORG_PRNT_UEI_NUM>QMKDAZEGH1M1</ORG_PRNT_UEI_NUM>
</Institution>
<Performance_Institution>
<Name><![CDATA[Linn-Benton Community College]]></Name>
<CityName>ALBANY</CityName>
<StateCode>OR</StateCode>
<ZipCode>973213755</ZipCode>
<StreetAddress><![CDATA[6500 SW PACIFIC BLVD]]></StreetAddress>
<CountryCode>US</CountryCode>
<CountryName>United States</CountryName>
<StateName>Oregon</StateName>
<CountryFlag>1</CountryFlag>
<CONGRESSDISTRICT>05</CONGRESSDISTRICT>
<CONGRESS_DISTRICT_PERF>OR05</CONGRESS_DISTRICT_PERF>
</Performance_Institution>
<ProgramElement>
<Code>741200</Code>
<Text>Advanced Tech Education Prog</Text>
</ProgramElement>
<ProgramReference>
<Code>1032</Code>
<Text>ADVANCED TECHNOLOGY EDUCATION</Text>
</ProgramReference>
<ProgramReference>
<Code>9178</Code>
<Text>UNDERGRADUATE EDUCATION</Text>
</ProgramReference>
<ProgramReference>
<Code>SMET</Code>
<Text>SCIENCE, MATH, ENG &amp; TECH EDUCATION</Text>
</ProgramReference>
<Appropriation>
<Code/>
<Name/>
<APP_SYMB_ID/>
</Appropriation>
<Fund>
<Code>04002324DB</Code>
<Name><![CDATA[NSF STEM Education]]></Name>
<FUND_SYMB_ID>040106</FUND_SYMB_ID>
</Fund>
<FUND_OBLG>2023~347934</FUND_OBLG>
</Award>
</rootTag>
