<?xml version="1.0" encoding="UTF-8"?>
<rootTag>
<Award>
<AwardTitle><![CDATA[Collaborative Research: Synthetic microbial consortia for organismal resilience and reproducible ecosystem services in changing environments]]></AwardTitle>
<AGENCY>NSF</AGENCY>
<AwardEffectiveDate>07/01/2023</AwardEffectiveDate>
<AwardExpirationDate>06/30/2026</AwardExpirationDate>
<AwardTotalIntnAmount>291182.00</AwardTotalIntnAmount>
<AwardAmount>291182</AwardAmount>
<AwardInstrument>
<Value>Standard Grant</Value>
</AwardInstrument>
<Organization>
<Code>08070000</Code>
<Directorate>
<Abbreviation>BIO</Abbreviation>
<LongName>Direct For Biological Sciences</LongName>
</Directorate>
<Division>
<Abbreviation>MCB</Abbreviation>
<LongName>Div Of Molecular and Cellular Bioscience</LongName>
</Division>
</Organization>
<ProgramOfficer>
<SignBlockName>Andrea Porras-Alfaro</SignBlockName>
<PO_EMAI>aporrasa@nsf.gov</PO_EMAI>
<PO_PHON>7032922944</PO_PHON>
</ProgramOfficer>
<AbstractNarration>As our planet's climate continues to change, finding new approaches to alleviate its impact is crucial. Microbiomes, which consist of smaller organisms making a living on larger species, can affect how their hosts respond to environmental change. This project evaluates whether and how we can assemble synthetic microbiomes to help host species cope with the impacts of environmental change. Due to the enormous diversity of microbial communities, there are numerous ways to engineer synthetic microbiomes, making it difficult to identify the principles that underpin their impacts on host species. The researchers will employ high-throughput techniques to simultaneously evaluate the impacts of different synthetic communities and environmental conditions on plant hosts. The results will expand our understanding of how environmental change alters the impacts of microbes on hosts and how engineered synthetic microbial communities may help hosts adapt to a changing climate. The researchers will actively mentor students from middle school to undergraduate level, create a new Course-Based Undergraduate Research Experience Lab course in the cutting-edge field of synthetic microbiology, and design a backyard research program for under-served middle and high school students to provide training to attract their interest to possible careers in STEM.  &lt;br/&gt;&lt;br/&gt;This study will explore the intersection of different research areas to study the interactions between hosts and microbes, including symbiosis, evolutionary biology, and ecosystem functioning. It will assess how elevated temperatures affect three crucial components of host-microbe interactions: (1) microbe-microbe interactions and their impact on host fitness, (2) functional redundancy and its effect on biodiversity and ecosystem functions, and (3) evolvability during microbiome breeding. To achieve this goal, the researchers will collect duckweed, a widespread aquatic plant, across a temperature gradient, acquire bacteria from duckweeds and other sources, and use these collections in large multifactorial experiments on an automated, high-throughput platform. The collections, results, and experimental methods will contribute to the development of microbial consortia that can enhance organismal and ecosystem resilience in the Anthropocene.&lt;br/&gt;&lt;br/&gt;This award reflects NSF's statutory mission and has been deemed worthy of support through evaluation using the Foundation's intellectual merit and broader impacts review criteria.</AbstractNarration>
<MinAmdLetterDate>06/27/2023</MinAmdLetterDate>
<MaxAmdLetterDate>06/27/2023</MaxAmdLetterDate>
<ARRAAmount/>
<TRAN_TYPE>Grant</TRAN_TYPE>
<CFDA_NUM>47.074</CFDA_NUM>
<NSF_PAR_USE_FLAG>1</NSF_PAR_USE_FLAG>
<FUND_AGCY_CODE>4900</FUND_AGCY_CODE>
<AWDG_AGCY_CODE>4900</AWDG_AGCY_CODE>
<AwardID>2300059</AwardID>
<Investigator>
<FirstName>Anna</FirstName>
<LastName>O'Brien</LastName>
<PI_MID_INIT>M</PI_MID_INIT>
<PI_SUFX_NAME/>
<PI_FULL_NAME>Anna M O'Brien</PI_FULL_NAME>
<EmailAddress><![CDATA[anna.obrien@unh.edu]]></EmailAddress>
<NSF_ID>000735058</NSF_ID>
<StartDate>06/27/2023</StartDate>
<EndDate/>
<RoleCode>Principal Investigator</RoleCode>
</Investigator>
<Institution>
<Name><![CDATA[University of New Hampshire]]></Name>
<CityName>DURHAM</CityName>
<ZipCode>038242620</ZipCode>
<PhoneNumber>6038622172</PhoneNumber>
<StreetAddress><![CDATA[51 COLLEGE RD]]></StreetAddress>
<StreetAddress2><![CDATA[BLDG 107]]></StreetAddress2>
<CountryName>United States</CountryName>
<StateName>New Hampshire</StateName>
<StateCode>NH</StateCode>
<CONGRESSDISTRICT>01</CONGRESSDISTRICT>
<CONGRESS_DISTRICT_ORG>NH01</CONGRESS_DISTRICT_ORG>
<ORG_UEI_NUM>GBNGC495XA67</ORG_UEI_NUM>
<ORG_LGL_BUS_NAME>UNIVERSITY SYSTEM OF NEW HAMPSHIRE</ORG_LGL_BUS_NAME>
<ORG_PRNT_UEI_NUM/>
</Institution>
<Performance_Institution>
<Name><![CDATA[University of New Hampshire]]></Name>
<CityName>DURHAM</CityName>
<StateCode>NH</StateCode>
<ZipCode>038242620</ZipCode>
<StreetAddress><![CDATA[51 COLLEGE RD SERVICE BLDG 107]]></StreetAddress>
<CountryCode>US</CountryCode>
<CountryName>United States</CountryName>
<StateName>New Hampshire</StateName>
<CountryFlag>1</CountryFlag>
<CONGRESSDISTRICT>01</CONGRESSDISTRICT>
<CONGRESS_DISTRICT_PERF>NH01</CONGRESS_DISTRICT_PERF>
</Performance_Institution>
<ProgramElement>
<Code>727500</Code>
<Text>Cross-BIO Activities</Text>
</ProgramElement>
<ProgramReference>
<Code>7275</Code>
<Text>CROSS-EF ACTIVITIES</Text>
</ProgramReference>
<ProgramReference>
<Code>7465</Code>
<Text>NANOSCALE BIO CORE</Text>
</ProgramReference>
<ProgramReference>
<Code>9150</Code>
<Text>EXP PROG TO STIM COMP RES</Text>
</ProgramReference>
<Appropriation>
<Code/>
<Name/>
<APP_SYMB_ID/>
</Appropriation>
<Fund>
<Code>01002324DB</Code>
<Name><![CDATA[NSF RESEARCH & RELATED ACTIVIT]]></Name>
<FUND_SYMB_ID>040100</FUND_SYMB_ID>
</Fund>
<FUND_OBLG>2023~291182</FUND_OBLG>
</Award>
</rootTag>
