<?xml version="1.0" encoding="UTF-8"?>
<rootTag>
<Award>
<AwardTitle><![CDATA[Collaborative Research: Increasing Inclusion and Equity of Minoritized STEM Faculty: Examining the Role of Epistemic Exclusion in Scholar(ly) Evaluation Practices]]></AwardTitle>
<AGENCY>NSF</AGENCY>
<AwardEffectiveDate>08/01/2023</AwardEffectiveDate>
<AwardExpirationDate>07/31/2028</AwardExpirationDate>
<AwardTotalIntnAmount>421070.00</AwardTotalIntnAmount>
<AwardAmount>173474</AwardAmount>
<AwardInstrument>
<Value>Continuing Grant</Value>
</AwardInstrument>
<Organization>
<Code>11060000</Code>
<Directorate>
<Abbreviation>EDU</Abbreviation>
<LongName>Directorate for STEM Education</LongName>
</Directorate>
<Division>
<Abbreviation>EES</Abbreviation>
<LongName>Div. of Equity for Excellence in STEM</LongName>
</Division>
</Organization>
<ProgramOfficer>
<SignBlockName>Jessie Dearo</SignBlockName>
<PO_EMAI>jdearo@nsf.gov</PO_EMAI>
<PO_PHON>7032925350</PO_PHON>
</ProgramOfficer>
<AbstractNarration>The proposed project examines whether and how epistemic exclusion, a form of scholarly devaluation, is a barrier to the full inclusion and participation of women faculty and faculty of color in STEM. Epistemic exclusion occurs when disciplinary biases defining what STEM scholarship is valued are coupled with negative stereotypes about productivity and commitment of individuals based on their social identities to produce unfair evaluation processes. Because many faculty career outcomes (such as hiring, tenure, promotion, and leadership opportunities) are determined by research productivity metrics, research evaluation biases can impact interest, retention, and success in STEM research careers. The focus on scholarly work as a site of devaluation extends prior work on interpersonal forms of exclusion (e.g., social exclusion) in STEM education and research contexts. This knowledge is important for informing the development of individual and systemic level interventions to broaden participation in STEM.&lt;br/&gt;&lt;br/&gt;The study will: 1) examine whether the level of epistemic exclusion among STEM faculty varies depending on scholars’ identities and career stage; 2) determine how experiences of epistemic exclusion affect STEM faculty careers; and 3) examine how consequences of epistemic exclusion vary depending on STEM scholars’ identities and career stage. This project will survey of 1800 tenure track STEM faculty at U.S. R1 and R2 universities nationally and hold focus groups of a subsample surveyed. The focus groups will explore how epistemic exclusion is uniquely experienced, understood, and impactful by career stage (early, mid, senior). This work builds on prior work by the research team that developed and validated the Faculty Epistemic Exclusion (FEE) Scale. This research will make significant intellectual contributions including the exploration of a new area of study for researchers interested in issues of fairness and inclusion in STEM education and research environments. &lt;br/&gt;&lt;br/&gt;This project is supported by NSF's EHR Core Research (ECR) program. The ECR program emphasizes fundamental STEM education research that generates foundational knowledge in the field. Investments are made in critical areas that are essential, broad, and enduring: STEM learning and STEM learning environments, broadening participation in STEM, and STEM workforce development. The program supports the accumulation of robust evidence to inform efforts to understand, build theory to explain, and suggest intervention and innovations to address persistent challenges in education.&lt;br/&gt;&lt;br/&gt;This award reflects NSF's statutory mission and has been deemed worthy of support through evaluation using the Foundation's intellectual merit and broader impacts review criteria.</AbstractNarration>
<MinAmdLetterDate>07/12/2023</MinAmdLetterDate>
<MaxAmdLetterDate>07/12/2023</MaxAmdLetterDate>
<ARRAAmount/>
<TRAN_TYPE>Grant</TRAN_TYPE>
<CFDA_NUM>47.076</CFDA_NUM>
<NSF_PAR_USE_FLAG>1</NSF_PAR_USE_FLAG>
<FUND_AGCY_CODE>4900</FUND_AGCY_CODE>
<AWDG_AGCY_CODE>4900</AWDG_AGCY_CODE>
<AwardID>2300165</AwardID>
<Investigator>
<FirstName>Martinque</FirstName>
<LastName>Jones</LastName>
<PI_MID_INIT>K</PI_MID_INIT>
<PI_SUFX_NAME/>
<PI_FULL_NAME>Martinque K Jones</PI_FULL_NAME>
<EmailAddress><![CDATA[Martinque.jones@unt.edu]]></EmailAddress>
<NSF_ID>000810349</NSF_ID>
<StartDate>07/12/2023</StartDate>
<EndDate/>
<RoleCode>Principal Investigator</RoleCode>
</Investigator>
<Institution>
<Name><![CDATA[University of North Texas]]></Name>
<CityName>DENTON</CityName>
<ZipCode>762051132</ZipCode>
<PhoneNumber>9405653940</PhoneNumber>
<StreetAddress><![CDATA[1112 DALLAS DR STE 4000]]></StreetAddress>
<StreetAddress2/>
<CountryName>United States</CountryName>
<StateName>Texas</StateName>
<StateCode>TX</StateCode>
<CONGRESSDISTRICT>13</CONGRESSDISTRICT>
<CONGRESS_DISTRICT_ORG>TX13</CONGRESS_DISTRICT_ORG>
<ORG_UEI_NUM>G47WN1XZNWX9</ORG_UEI_NUM>
<ORG_LGL_BUS_NAME>UNIVERSITY OF NORTH TEXAS</ORG_LGL_BUS_NAME>
<ORG_PRNT_UEI_NUM/>
</Institution>
<Performance_Institution>
<Name><![CDATA[University of North Texas]]></Name>
<CityName>DENTON</CityName>
<StateCode>TX</StateCode>
<ZipCode>762035017</ZipCode>
<StreetAddress><![CDATA[1155 UNION CIR #305250]]></StreetAddress>
<CountryCode>US</CountryCode>
<CountryName>United States</CountryName>
<StateName>Texas</StateName>
<CountryFlag>1</CountryFlag>
<CONGRESSDISTRICT>13</CONGRESSDISTRICT>
<CONGRESS_DISTRICT_PERF>TX13</CONGRESS_DISTRICT_PERF>
</Performance_Institution>
<ProgramElement>
<Code>798000</Code>
<Text>ECR-EDU Core Research</Text>
</ProgramElement>
<ProgramReference>
<Code>8212</Code>
<Text>Broaden Particip STEM Resrch</Text>
</ProgramReference>
<Appropriation>
<Code/>
<Name/>
<APP_SYMB_ID/>
</Appropriation>
<Fund>
<Code>04002324DB</Code>
<Name><![CDATA[NSF STEM Education]]></Name>
<FUND_SYMB_ID>040106</FUND_SYMB_ID>
</Fund>
<FUND_OBLG>2023~173474</FUND_OBLG>
</Award>
</rootTag>
