<?xml version="1.0" encoding="UTF-8"?>
<rootTag>
<Award>
<AwardTitle><![CDATA[Fostering Systems Thinking in High School Environmental Engineering through Engagement of Coastal Communities]]></AwardTitle>
<AGENCY>NSF</AGENCY>
<AwardEffectiveDate>09/15/2023</AwardEffectiveDate>
<AwardExpirationDate>08/31/2026</AwardExpirationDate>
<AwardTotalIntnAmount>1687043.00</AwardTotalIntnAmount>
<AwardAmount>1291591</AwardAmount>
<AwardInstrument>
<Value>Continuing Grant</Value>
</AwardInstrument>
<Organization>
<Code>11090000</Code>
<Directorate>
<Abbreviation>EDU</Abbreviation>
<LongName>Directorate for STEM Education</LongName>
</Directorate>
<Division>
<Abbreviation>DRL</Abbreviation>
<LongName>Division Of Research On Learning</LongName>
</Division>
</Organization>
<ProgramOfficer>
<SignBlockName>Joan Walker</SignBlockName>
<PO_EMAI>jowalker@nsf.gov</PO_EMAI>
<PO_PHON>7032920000</PO_PHON>
</ProgramOfficer>
<AbstractNarration>This project is an innovative exploratory research study focused on developing a high school environmental engineering curriculum that addresses the challenges posed by climate change. The curriculum follows a model-validate-iterate design paradigm, where students model dynamic real-world systems, validate their models using data, and create multiple iterations to explore changes in the system over time. The project aims to cultivate a new generation of environmental engineers who possess the necessary skills to analyze complex systems, collaborate with diverse communities, and develop creative solutions. By integrating systems thinking (ST) and critical science agency (CSA), the curriculum will bridge the gap between classroom learning and real-world applications. Through collaborative efforts with students-largely from minoritized backgrounds-, teachers, and community partners, the project will create an engaging and participatory STEM learning experience. The outcomes of this project will contribute to the national interest by preparing students for environmental engineering careers and empowering them to address climate change-related challenges with creativity, effectiveness, equity, and justice.&lt;br/&gt;&lt;br/&gt;Using a design-based implementation research approach, the interdisciplinary research team--including the University of California-Irvine's Schools of Education, Engineering, and Biological Sciences--will partner with informal science educators from the Orange County Department of Education, teachers from a local school district and students from minoritized communities, and non-profit and community partners to co-design the curriculum. The project will investigate coastal changes as well as flooding concerns along the Santa Ana River in Orange County, CA. The curriculum will be tested with three classes (approximately 100 students) from underrepresented minority groups and low socio-economic backgrounds. Research questions will explore the design process and learning process and related student outcomes: 1. How can an environmental engineering curriculum and learning activities be designed to integrate a focus on ST and CSA in a way that is impactful? How do different stakeholders (i.e., researchers; informal science educators; high-school students; community members) participate and contribute their perspectives and expertise to the design process? 2. How do participating students from diverse backgrounds engage in co-designed learning activities? To what extent do they develop ST and CSA?  The project will be structured in three phases: participatory co-design in Year 1, a curriculum testing in Year 2, and data analysis in Year 3. Data sources will include interviews with community members, recordings of design sessions, fieldnotes, and design artifacts, pre/post engineering ST measures, lesson recordings and interviews with a sub-sample of students and a student feedback survey. A mixed-method approach will be employed to analyze the design process through equity-centered participatory research perspectives and to examine students' learning process and development of CSA. Regression analysis will be employed to examine student learning outcomes. Findings will be disseminated through publications in peer-reviewed scholarly journals and practitioner-oriented conferences. Participating high-school students will be invited to present to their community and share with peer networks. The curriculum will be made available to teachers and informal educators for free through the project website.&lt;br/&gt;&lt;br/&gt;This award reflects NSF's statutory mission and has been deemed worthy of support through evaluation using the Foundation's intellectual merit and broader impacts review criteria.</AbstractNarration>
<MinAmdLetterDate>09/13/2023</MinAmdLetterDate>
<MaxAmdLetterDate>09/03/2024</MaxAmdLetterDate>
<ARRAAmount/>
<TRAN_TYPE>Grant</TRAN_TYPE>
<CFDA_NUM>47.076</CFDA_NUM>
<NSF_PAR_USE_FLAG>1</NSF_PAR_USE_FLAG>
<FUND_AGCY_CODE>4900</FUND_AGCY_CODE>
<AWDG_AGCY_CODE>4900</AWDG_AGCY_CODE>
<AwardID>2300556</AwardID>
<Investigator>
<FirstName>Hosun</FirstName>
<LastName>Kang</LastName>
<PI_MID_INIT/>
<PI_SUFX_NAME/>
<PI_FULL_NAME>Hosun Kang</PI_FULL_NAME>
<EmailAddress><![CDATA[hosunk@uci.edu]]></EmailAddress>
<NSF_ID>000668509</NSF_ID>
<StartDate>09/13/2023</StartDate>
<EndDate/>
<RoleCode>Co-Principal Investigator</RoleCode>
</Investigator>
<Investigator>
<FirstName>Rossella</FirstName>
<LastName>Santagata</LastName>
<PI_MID_INIT/>
<PI_SUFX_NAME/>
<PI_FULL_NAME>Rossella Santagata</PI_FULL_NAME>
<EmailAddress><![CDATA[r.santagata@uci.edu]]></EmailAddress>
<NSF_ID>000537205</NSF_ID>
<StartDate>09/13/2023</StartDate>
<EndDate/>
<RoleCode>Principal Investigator</RoleCode>
</Investigator>
<Investigator>
<FirstName>Sara</FirstName>
<LastName>Ludovise</LastName>
<PI_MID_INIT/>
<PI_SUFX_NAME/>
<PI_FULL_NAME>Sara Ludovise</PI_FULL_NAME>
<EmailAddress><![CDATA[sludovise@ocde.us]]></EmailAddress>
<NSF_ID>000862916</NSF_ID>
<StartDate>09/13/2023</StartDate>
<EndDate/>
<RoleCode>Co-Principal Investigator</RoleCode>
</Investigator>
<Investigator>
<FirstName>Jennifer</FirstName>
<LastName>Long</LastName>
<PI_MID_INIT>J</PI_MID_INIT>
<PI_SUFX_NAME/>
<PI_FULL_NAME>Jennifer J Long</PI_FULL_NAME>
<EmailAddress><![CDATA[jjlong@uci.edu]]></EmailAddress>
<NSF_ID>000864750</NSF_ID>
<StartDate>09/13/2023</StartDate>
<EndDate/>
<RoleCode>Co-Principal Investigator</RoleCode>
</Investigator>
<Institution>
<Name><![CDATA[University of California-Irvine]]></Name>
<CityName>IRVINE</CityName>
<ZipCode>926970001</ZipCode>
<PhoneNumber>9498247295</PhoneNumber>
<StreetAddress><![CDATA[160 ALDRICH HALL]]></StreetAddress>
<StreetAddress2/>
<CountryName>United States</CountryName>
<StateName>California</StateName>
<StateCode>CA</StateCode>
<CONGRESSDISTRICT>47</CONGRESSDISTRICT>
<CONGRESS_DISTRICT_ORG>CA47</CONGRESS_DISTRICT_ORG>
<ORG_UEI_NUM>MJC5FCYQTPE6</ORG_UEI_NUM>
<ORG_LGL_BUS_NAME>UNIVERSITY OF CALIFORNIA IRVINE</ORG_LGL_BUS_NAME>
<ORG_PRNT_UEI_NUM>MJC5FCYQTPE6</ORG_PRNT_UEI_NUM>
</Institution>
<Performance_Institution>
<Name><![CDATA[University of California-Irvine]]></Name>
<CityName>IRVINE</CityName>
<StateCode>CA</StateCode>
<ZipCode>926175500</ZipCode>
<StreetAddress><![CDATA[3456 Education]]></StreetAddress>
<CountryCode>US</CountryCode>
<CountryName>United States</CountryName>
<StateName>California</StateName>
<CountryFlag>1</CountryFlag>
<CONGRESSDISTRICT>47</CONGRESSDISTRICT>
<CONGRESS_DISTRICT_PERF>CA47</CONGRESS_DISTRICT_PERF>
</Performance_Institution>
<ProgramElement>
<Code>764500</Code>
<Text>Discovery Research K-12</Text>
</ProgramElement>
<ProgramReference>
<Code>043Z</Code>
<Text>PPSR- Public Participation in Scientific</Text>
</ProgramReference>
<ProgramReference>
<Code>8212</Code>
<Text>Broaden Particip STEM Resrch</Text>
</ProgramReference>
<Appropriation>
<Code/>
<Name/>
<APP_SYMB_ID/>
</Appropriation>
<Fund>
<Code>04002324DB</Code>
<Name><![CDATA[NSF STEM Education]]></Name>
<FUND_SYMB_ID>040106</FUND_SYMB_ID>
</Fund>
<FUND_OBLG>2023~1291591</FUND_OBLG>
</Award>
</rootTag>
