<?xml version="1.0" encoding="UTF-8"?>
<rootTag>
<Award>
<AwardTitle><![CDATA[Collaborative Research: Mobilizing Physics Teachers to Promote Inclusive and Communal Classroom Cultures through Everyday Actions]]></AwardTitle>
<AGENCY>NSF</AGENCY>
<AwardEffectiveDate>09/15/2023</AwardEffectiveDate>
<AwardExpirationDate>08/31/2027</AwardExpirationDate>
<AwardTotalIntnAmount>1321338.00</AwardTotalIntnAmount>
<AwardAmount>1321338</AwardAmount>
<AwardInstrument>
<Value>Standard Grant</Value>
</AwardInstrument>
<Organization>
<Code>11090000</Code>
<Directorate>
<Abbreviation>EDU</Abbreviation>
<LongName>Directorate for STEM Education</LongName>
</Directorate>
<Division>
<Abbreviation>DRL</Abbreviation>
<LongName>Division Of Research On Learning</LongName>
</Division>
</Organization>
<ProgramOfficer>
<SignBlockName>Robert Russell</SignBlockName>
<PO_EMAI>rlrussel@nsf.gov</PO_EMAI>
<PO_PHON>7032922995</PO_PHON>
</ProgramOfficer>
<AbstractNarration>The project addresses the historic marginalization of women and minoritized racial/ethnic (MRE) groups in physics. The aim of the project is to co-design, test, and disseminate professional learning (PL) for high school physics teachers, specifically targeting the implementation of inclusive and equitable practices that support physics identity development and persistence of women and MRE groups. The project leverages the existing national network of over 1,800 high school physics teachers established by the project, which is called STEP UP.  Teachers play a crucial role in students' transition to college and their decisions regarding what to study. STEP UP challenges prevailing narratives about who can do physics and what constitutes physics, along with the Everyday Actions Guide (EAG) for inclusion and equity, Research has shown positive effects on the physics identity of women and MRE. However, teachers have expressed a continuous need for additional professional learning (PL) to effectively implement the EAG. In response, the project will co-design a PL program with teachers, testing its impact on teacher and student outcomes through design-based research (DBR) and an experimental study, and propagating the evidence-based PL program to hundreds of high school physics teachers. Overall, the project aims to support high school physics teachers across the nation in implementing and enhancing their inclusive practices. The project will ultimately impact over 10,000 students. &lt;br/&gt;&lt;br/&gt;The project aims to deepen physics teachers' engagement with inclusive and equitable practices, foster communal classroom cultures, and promote physics identity development for women and MRE. It also seeks to understand how the propagation of these practices can be effectively implemented at a larger scale to support positive teacher and student outcomes. After collaborating with teachers in the co-design of the PL program, the project will implement an experimental design involving 120 physics teachers, with treatment groups receiving the PL facilitated by trained teachers, and control groups not receiving the PL. The effects of the PL on teacher and student outcomes will be examined. In the final phase, the PL program will be implemented on a larger scale, involving 400 in-service and 100 pre-service physics teachers. using a train-the-trainer model. The impact of the PL will be assessed through a survey study. The use of an evidence-based model and a community-engaged train-the-trainer approach will have broader implications for other professional learning projects, as well as the ongoing success of the STEP UP program.  The commitment of two national societies, which will continue the professional learning for via their extensive teacher networks, ensuring the project's sustainability and long-term impact.&lt;br/&gt;&lt;br/&gt;The Discovery Research preK-12 program (DRK-12) seeks to significantly enhance the learning and teaching of science, technology, engineering and mathematics (STEM) by preK-12 students and teachers, through research and development of innovative resources, models and tools. Projects in the DRK-12 program build on fundamental research in STEM education and prior research and development efforts that provide theoretical and empirical justification for proposed projects. &lt;br/&gt;&lt;br/&gt;This award reflects NSF's statutory mission and has been deemed worthy of support through evaluation using the Foundation's intellectual merit and broader impacts review criteria.</AbstractNarration>
<MinAmdLetterDate>09/07/2023</MinAmdLetterDate>
<MaxAmdLetterDate>01/29/2024</MaxAmdLetterDate>
<ARRAAmount/>
<TRAN_TYPE>Grant</TRAN_TYPE>
<CFDA_NUM>47.076</CFDA_NUM>
<NSF_PAR_USE_FLAG>1</NSF_PAR_USE_FLAG>
<FUND_AGCY_CODE>4900</FUND_AGCY_CODE>
<AWDG_AGCY_CODE>4900</AWDG_AGCY_CODE>
<AwardID>2300607</AwardID>
<Investigator>
<FirstName>Geoffrey</FirstName>
<LastName>Potvin</LastName>
<PI_MID_INIT/>
<PI_SUFX_NAME/>
<PI_FULL_NAME>Geoffrey Potvin</PI_FULL_NAME>
<EmailAddress><![CDATA[gpotvin@fiu.edu]]></EmailAddress>
<NSF_ID>000514839</NSF_ID>
<StartDate>09/07/2023</StartDate>
<EndDate/>
<RoleCode>Co-Principal Investigator</RoleCode>
</Investigator>
<Investigator>
<FirstName>Pooneh</FirstName>
<LastName>Sabouri</LastName>
<PI_MID_INIT/>
<PI_SUFX_NAME/>
<PI_FULL_NAME>Pooneh Sabouri</PI_FULL_NAME>
<EmailAddress><![CDATA[psabouri@fiu.edu]]></EmailAddress>
<NSF_ID>000846463</NSF_ID>
<StartDate>09/07/2023</StartDate>
<EndDate/>
<RoleCode>Co-Principal Investigator</RoleCode>
</Investigator>
<Investigator>
<FirstName>Zahra</FirstName>
<LastName>Hazari</LastName>
<PI_MID_INIT/>
<PI_SUFX_NAME/>
<PI_FULL_NAME>Zahra Hazari</PI_FULL_NAME>
<EmailAddress><![CDATA[zhazari@fiu.edu]]></EmailAddress>
<NSF_ID>000514840</NSF_ID>
<StartDate>09/07/2023</StartDate>
<EndDate/>
<RoleCode>Principal Investigator</RoleCode>
</Investigator>
<Institution>
<Name><![CDATA[Florida International University]]></Name>
<CityName>MIAMI</CityName>
<ZipCode>331992516</ZipCode>
<PhoneNumber>3053482494</PhoneNumber>
<StreetAddress><![CDATA[11200 SW 8TH ST]]></StreetAddress>
<StreetAddress2/>
<CountryName>United States</CountryName>
<StateName>Florida</StateName>
<StateCode>FL</StateCode>
<CONGRESSDISTRICT>26</CONGRESSDISTRICT>
<CONGRESS_DISTRICT_ORG>FL26</CONGRESS_DISTRICT_ORG>
<ORG_UEI_NUM>Q3KCVK5S9CP1</ORG_UEI_NUM>
<ORG_LGL_BUS_NAME>FLORIDA INTERNATIONAL UNIVERSITY</ORG_LGL_BUS_NAME>
<ORG_PRNT_UEI_NUM>Q3KCVK5S9CP1</ORG_PRNT_UEI_NUM>
</Institution>
<Performance_Institution>
<Name><![CDATA[Florida International University]]></Name>
<CityName>MIAMI</CityName>
<StateCode>FL</StateCode>
<ZipCode>331990001</ZipCode>
<StreetAddress><![CDATA[11200 SW 8TH ST]]></StreetAddress>
<CountryCode>US</CountryCode>
<CountryName>United States</CountryName>
<StateName>Florida</StateName>
<CountryFlag>1</CountryFlag>
<CONGRESSDISTRICT>26</CONGRESSDISTRICT>
<CONGRESS_DISTRICT_PERF>FL26</CONGRESS_DISTRICT_PERF>
</Performance_Institution>
<ProgramElement>
<Code>764500</Code>
<Text>Discovery Research K-12</Text>
</ProgramElement>
<ProgramReference>
<Code>8212</Code>
<Text>Broaden Particip STEM Resrch</Text>
</ProgramReference>
<Appropriation>
<Code/>
<Name/>
<APP_SYMB_ID/>
</Appropriation>
<Fund>
<Code>04002324DB</Code>
<Name><![CDATA[NSF STEM Education]]></Name>
<FUND_SYMB_ID>040106</FUND_SYMB_ID>
</Fund>
<FUND_OBLG>2023~1321338</FUND_OBLG>
</Award>
</rootTag>
