<?xml version="1.0" encoding="UTF-8"?>
<rootTag>
<Award>
<AwardTitle><![CDATA[NSF-BSF: Synthetic mycorrhizal community and parasitism management in rhizosphere ecosystems guided by systems biology of mycoparasitism]]></AwardTitle>
<AGENCY>NSF</AGENCY>
<AwardEffectiveDate>08/01/2023</AwardEffectiveDate>
<AwardExpirationDate>07/31/2026</AwardExpirationDate>
<AwardTotalIntnAmount>1051699.00</AwardTotalIntnAmount>
<AwardAmount>1051699</AwardAmount>
<AwardInstrument>
<Value>Standard Grant</Value>
</AwardInstrument>
<Organization>
<Code>08070000</Code>
<Directorate>
<Abbreviation>BIO</Abbreviation>
<LongName>Direct For Biological Sciences</LongName>
</Directorate>
<Division>
<Abbreviation>MCB</Abbreviation>
<LongName>Div Of Molecular and Cellular Bioscience</LongName>
</Division>
</Organization>
<ProgramOfficer>
<SignBlockName>Andrea Porras-Alfaro</SignBlockName>
<PO_EMAI>aporrasa@nsf.gov</PO_EMAI>
<PO_PHON>7032922944</PO_PHON>
</ProgramOfficer>
<AbstractNarration>Fungi are organisms that are present in almost every conceivable ecological niche and play significant roles in natural carbon and nitrogen turnover. In most natural environments, fungi reside, function and interact with other organisms. They can be beneficial symbionts or exhibit pathogenic behavior in plant and animal hosts. One area of high plant-fungal interactions is the rhizosphere, the root ecosystem in which root secretions affect the composition and activity of a plant-associated microbial community. This microbial community can include a variety of fungi, ranging from those that have a mutually-beneficial symbiotic relationship with the plant (mycorrhizae) to fungal species that can be detrimental to the plant (pathogens) and fungi that can interact among themselves. One such group of fungi can attack other fungi and are referred to as mycoparasites. Some mycoparasites belonging to the genus Trichoderma have been used to control fungal plant pathogens. However, the organismal regulatory networks that govern these genetic and environmental interactions are not well understood. This project addresses fundamental questions to better understand mycoparasitism and interactions among members of the rhizosphere fungal community. The researchers will study the nature and dynamic changes of networks that regulate mycoparasitism, which are crucial to understanding how ecological diversity and associated interactions evolved in fungi. The broader impacts of this project include professional training for college students and postdocs. This research will also provide training to local high school students and teachers about the importance of fungi in agriculture and forestry. &lt;br/&gt;&lt;br/&gt;The research will primarily focus on the interactions between mycorrhizae revealed by laboratory co-cultivation of mycorrhizal fungi Pisolithus and Laccaria with mycoparasitic Trichoderma fungi, along with a non-rhizosphere fungus (Neurospora) as a control, with the intention of deciphering the genetic networks that regulate mycoparasitic interactions. Once key components of the regulatory network are identified, the researchers will inactivate genes that are involved in mycoparasitism to determine the nature of their involvement in the process (e.g., at what stage the process is affected, and to what extent these effects have consequences on other morphological or nutritional traits of the fungus). Lastly, the researchers will engineer the mycorrhizal components of the interaction to silence relevant genes in the mycoparasite, with the intention of conferring a higher degree of tolerance to the beneficial fungal component of the rhizosphere when mycorrhizae and mycoparasites are in close physical proximity. This silencing will be performed by constructing strains that secrete RNA molecules that can, through molecular processes, inactivate the relevant corresponding traits of the mycoparasite. The project will improve understanding of genetic basis of interspecies recognition and parasitism and will empower applied research on utilization of fungi in forestry, industry, and agriculture toward the maintenance of a healthy and sustainable environment and for plant disease control.&lt;br/&gt;&lt;br/&gt;This award reflects NSF's statutory mission and has been deemed worthy of support through evaluation using the Foundation's intellectual merit and broader impacts review criteria.</AbstractNarration>
<MinAmdLetterDate>06/23/2023</MinAmdLetterDate>
<MaxAmdLetterDate>06/23/2023</MaxAmdLetterDate>
<ARRAAmount/>
<TRAN_TYPE>Grant</TRAN_TYPE>
<CFDA_NUM>47.074</CFDA_NUM>
<NSF_PAR_USE_FLAG>1</NSF_PAR_USE_FLAG>
<FUND_AGCY_CODE>4900</FUND_AGCY_CODE>
<AWDG_AGCY_CODE>4900</AWDG_AGCY_CODE>
<AwardID>2300123</AwardID>
<Investigator>
<FirstName>Jeffrey</FirstName>
<LastName>Townsend</LastName>
<PI_MID_INIT>P</PI_MID_INIT>
<PI_SUFX_NAME/>
<PI_FULL_NAME>Jeffrey P Townsend</PI_FULL_NAME>
<EmailAddress><![CDATA[Jeffrey.Townsend@Yale.edu]]></EmailAddress>
<NSF_ID>000086738</NSF_ID>
<StartDate>06/23/2023</StartDate>
<EndDate/>
<RoleCode>Principal Investigator</RoleCode>
</Investigator>
<Investigator>
<FirstName>Zheng</FirstName>
<LastName>Wang</LastName>
<PI_MID_INIT/>
<PI_SUFX_NAME/>
<PI_FULL_NAME>Zheng Wang</PI_FULL_NAME>
<EmailAddress><![CDATA[wang.zheng@yale.edu]]></EmailAddress>
<NSF_ID>000744679</NSF_ID>
<StartDate>06/23/2023</StartDate>
<EndDate/>
<RoleCode>Co-Principal Investigator</RoleCode>
</Investigator>
<Institution>
<Name><![CDATA[Yale University]]></Name>
<CityName>NEW HAVEN</CityName>
<ZipCode>065113572</ZipCode>
<PhoneNumber>2037854689</PhoneNumber>
<StreetAddress><![CDATA[150 MUNSON ST]]></StreetAddress>
<StreetAddress2/>
<CountryName>United States</CountryName>
<StateName>Connecticut</StateName>
<StateCode>CT</StateCode>
<CONGRESSDISTRICT>03</CONGRESSDISTRICT>
<CONGRESS_DISTRICT_ORG>CT03</CONGRESS_DISTRICT_ORG>
<ORG_UEI_NUM>FL6GV84CKN57</ORG_UEI_NUM>
<ORG_LGL_BUS_NAME>YALE UNIV</ORG_LGL_BUS_NAME>
<ORG_PRNT_UEI_NUM>FL6GV84CKN57</ORG_PRNT_UEI_NUM>
</Institution>
<Performance_Institution>
<Name><![CDATA[Yale University]]></Name>
<CityName>NEW HAVEN</CityName>
<StateCode>CT</StateCode>
<ZipCode>065118917</ZipCode>
<StreetAddress><![CDATA[105 WALL ST]]></StreetAddress>
<CountryCode>US</CountryCode>
<CountryName>United States</CountryName>
<StateName>Connecticut</StateName>
<CountryFlag>1</CountryFlag>
<CONGRESSDISTRICT>03</CONGRESSDISTRICT>
<CONGRESS_DISTRICT_PERF>CT03</CONGRESS_DISTRICT_PERF>
</Performance_Institution>
<ProgramElement>
<Code>047Y00</Code>
<Text>Plant-Biotic Interactions</Text>
</ProgramElement>
<ProgramElement>
<Code>727500</Code>
<Text>Cross-BIO Activities</Text>
</ProgramElement>
<ProgramElement>
<Code>801100</Code>
<Text>Systems and Synthetic Biology</Text>
</ProgramElement>
<ProgramReference>
<Code>7465</Code>
<Text>NANOSCALE BIO CORE</Text>
</ProgramReference>
<Appropriation>
<Code/>
<Name/>
<APP_SYMB_ID/>
</Appropriation>
<Fund>
<Code>01002324DB</Code>
<Name><![CDATA[NSF RESEARCH & RELATED ACTIVIT]]></Name>
<FUND_SYMB_ID>040100</FUND_SYMB_ID>
</Fund>
<FUND_OBLG>2023~1051699</FUND_OBLG>
</Award>
</rootTag>
