<?xml version="1.0" encoding="UTF-8"?>
<rootTag>
<Award>
<AwardTitle><![CDATA[AF: Small: Algorithms for Geometric Shortest Paths and Related Problems]]></AwardTitle>
<AGENCY>NSF</AGENCY>
<AwardEffectiveDate>10/01/2022</AwardEffectiveDate>
<AwardExpirationDate>09/30/2024</AwardExpirationDate>
<AwardTotalIntnAmount>400000.00</AwardTotalIntnAmount>
<AwardAmount>190727</AwardAmount>
<AwardInstrument>
<Value>Standard Grant</Value>
</AwardInstrument>
<Organization>
<Code>05010000</Code>
<Directorate>
<Abbreviation>CSE</Abbreviation>
<LongName>Direct For Computer &amp; Info Scie &amp; Enginr</LongName>
</Directorate>
<Division>
<Abbreviation>CCF</Abbreviation>
<LongName>Division of Computing and Communication Foundations</LongName>
</Division>
</Organization>
<ProgramOfficer>
<SignBlockName>Peter Brass</SignBlockName>
<PO_EMAI>pbrass@nsf.gov</PO_EMAI>
<PO_PHON>7032922182</PO_PHON>
</ProgramOfficer>
<AbstractNarration>Finding a shortest path between two locations is a natural problem in the real world. In today's information age, shortest path and related problems have been extensively studied in computer and information science. Yet new problems keep emerging as more and more applications are desired in practice. Among them, a growing number of problems lie in certain geometric domains, which originate from applications such as robot motion planning, transportation, geographic information systems, logistics, computer graphics, computer vision, intelligent systems, facility locations, VLSI design, etc. This project aims to study fundamental shortest path and related problems in geometric settings. The goal is to explore novel ideas and insights to develop efficient algorithms to solve these problems. Research results produced from this project will be integrated into several courses on data structures, algorithms, and computational geometry, which will benefit both graduate and undergraduate students with diverse backgrounds. This project will train graduate students as well as bring research opportunities to undergraduate students.&lt;br/&gt;&lt;br/&gt;More specifically, the topics in the project include, but are not limited to, shortest paths avoiding obstacles and many of variations thereof, minimum-link paths, geodesic Voronoi diagrams, geometric facility locations, etc. Some of these problems already have existing algorithms, and this project is expected to develop more efficient solutions based on new insights and techniques. Others have never been studied before, and this project is expected to provide first-known algorithms with an in-depth understanding of the geometric structures of these problems. By developing new algorithms and techniques, this research will advance knowledge and make progress on solving shortest path and related problems in geometric domains.&lt;br/&gt;&lt;br/&gt;This award reflects NSF's statutory mission and has been deemed worthy of support through evaluation using the Foundation's intellectual merit and broader impacts review criteria.</AbstractNarration>
<MinAmdLetterDate>11/14/2022</MinAmdLetterDate>
<MaxAmdLetterDate>11/14/2022</MaxAmdLetterDate>
<ARRAAmount/>
<TRAN_TYPE>Grant</TRAN_TYPE>
<CFDA_NUM>47.070</CFDA_NUM>
<NSF_PAR_USE_FLAG>1</NSF_PAR_USE_FLAG>
<FUND_AGCY_CODE>4900</FUND_AGCY_CODE>
<AWDG_AGCY_CODE>4900</AWDG_AGCY_CODE>
<AwardID>2300356</AwardID>
<Investigator>
<FirstName>Haitao</FirstName>
<LastName>Wang</LastName>
<PI_MID_INIT/>
<PI_SUFX_NAME/>
<PI_FULL_NAME>Haitao Wang</PI_FULL_NAME>
<EmailAddress><![CDATA[haitao.wang@utah.edu]]></EmailAddress>
<NSF_ID>000636809</NSF_ID>
<StartDate>11/14/2022</StartDate>
<EndDate/>
<RoleCode>Principal Investigator</RoleCode>
</Investigator>
<Institution>
<Name><![CDATA[University of Utah]]></Name>
<CityName>SALT LAKE CITY</CityName>
<ZipCode>841129049</ZipCode>
<PhoneNumber>8015816903</PhoneNumber>
<StreetAddress><![CDATA[201 PRESIDENTS CIR]]></StreetAddress>
<StreetAddress2/>
<CountryName>United States</CountryName>
<StateName>Utah</StateName>
<StateCode>UT</StateCode>
<CONGRESSDISTRICT>01</CONGRESSDISTRICT>
<CONGRESS_DISTRICT_ORG>UT01</CONGRESS_DISTRICT_ORG>
<ORG_UEI_NUM>LL8GLEVH6MG3</ORG_UEI_NUM>
<ORG_LGL_BUS_NAME>UNIVERSITY OF UTAH</ORG_LGL_BUS_NAME>
<ORG_PRNT_UEI_NUM/>
</Institution>
<Performance_Institution>
<Name><![CDATA[University of Utah]]></Name>
<CityName>SALT LAKE CITY</CityName>
<StateCode>UT</StateCode>
<ZipCode>841129049</ZipCode>
<StreetAddress><![CDATA[50 Central Campus Dr. Room 3190]]></StreetAddress>
<CountryCode>US</CountryCode>
<CountryName>United States</CountryName>
<StateName>Utah</StateName>
<CountryFlag>1</CountryFlag>
<CONGRESSDISTRICT>01</CONGRESSDISTRICT>
<CONGRESS_DISTRICT_PERF>UT01</CONGRESS_DISTRICT_PERF>
</Performance_Institution>
<ProgramElement>
<Code>779600</Code>
<Text>Algorithmic Foundations</Text>
</ProgramElement>
<ProgramReference>
<Code>7923</Code>
<Text>SMALL PROJECT</Text>
</ProgramReference>
<ProgramReference>
<Code>7926</Code>
<Text>ALGORITHMS</Text>
</ProgramReference>
<ProgramReference>
<Code>7929</Code>
<Text>COMPUTATIONAL GEOMETRY</Text>
</ProgramReference>
<Appropriation>
<Code/>
<Name/>
<APP_SYMB_ID/>
</Appropriation>
<Fund>
<Code>01002021DB</Code>
<Name><![CDATA[NSF RESEARCH & RELATED ACTIVIT]]></Name>
<FUND_SYMB_ID>040100</FUND_SYMB_ID>
</Fund>
<FUND_OBLG>2020~190727</FUND_OBLG>
<POR>
<DRECONTENT><![CDATA[<div class="porColContainerWBG"> <div class="porContentCol"><p>This project focuses on several key problems in computational geometry, particularly related to geometric shortest path computations. Some of these are classical problems that had been studied before, while others are more novel. The challenges addressed in this project are motivated by applications such as in robotics, transportation, facility locations, wireless sensor networks, and more. For instance, in robotic motion planning, the objective is to determine the most efficient path for a robot to navigate through a geometric environment. The goal of this project was to design efficient algorithms and data structures to solve these types of problems. Significant progress has been made, with several notable results including: (1) A new algorithm and data structure for computing shortest paths among obstacles in the plane. (2) An optimal algorithm for computing geodesic farthest Voronoi diagrams in simple polygons. (3) Efficient algorithms for computing shortest paths or reverse shortest paths in unit-disk graphs under both the Euclidean metric and the L1 metric. (4) An optimal algorithm for solving for the two-center problem. Throughout the project, we developed numerous algorithmic techniques and uncovered important geometric insights, which could be applicable to solving other related problems. By developing efficient algorithms for these fundamental challenges, the project has contributed to advancing the field of computational geometry. It has enriched the understanding of geometric algorithms and sparked further innovation in the development of geometric techniques.</p> <p>The results of this project have been widely disseminated within the research community, influencing ongoing work in computational geometry, particularly in the area of geometric path problems. The findings have been published in prestigious journals and conferences, such as Discrete &amp; Computational Geometry, Journal of the ACM, the International Symposium on Computational Geometry (SoCG), the annual ACM-SIAM Symposium on Discrete Algorithms (SODA), the annual ACM Symposium on Theory of Computing (STOC), etc. Additionally, a course on computational geometry has been developed, with some of the research findings incorporated into the curriculum. The project has supported and trained five graduate students&mdash;one Master's student (female) and four Ph.D. students (including one female). The Master's student and one Ph.D. student have already graduated. Through the project&rsquo;s support, these students have had the opportunity to present their work at conferences and engage with senior researchers from other institutions, which has significantly contributed to their academic development and helped shape their future career paths. Notably, the recently graduated Ph.D. student has secured a tenure-track assistant professorship at a university.</p><br> <p>  Last Modified: 10/05/2024<br> Modified by: Haitao&nbsp;Wang</p></div> <div class="porSideCol" ></div> </div>]]></DRECONTENT>
<POR_COPY_TXT><![CDATA[  This project focuses on several key problems in computational geometry, particularly related to geometric shortest path computations. Some of these are classical problems that had been studied before, while others are more novel. The challenges addressed in this project are motivated by applications such as in robotics, transportation, facility locations, wireless sensor networks, and more. For instance, in robotic motion planning, the objective is to determine the most efficient path for a robot to navigate through a geometric environment. The goal of this project was to design efficient algorithms and data structures to solve these types of problems. Significant progress has been made, with several notable results including: (1) A new algorithm and data structure for computing shortest paths among obstacles in the plane. (2) An optimal algorithm for computing geodesic farthest Voronoi diagrams in simple polygons. (3) Efficient algorithms for computing shortest paths or reverse shortest paths in unit-disk graphs under both the Euclidean metric and the L1 metric. (4) An optimal algorithm for solving for the two-center problem. Throughout the project, we developed numerous algorithmic techniques and uncovered important geometric insights, which could be applicable to solving other related problems. By developing efficient algorithms for these fundamental challenges, the project has contributed to advancing the field of computational geometry. It has enriched the understanding of geometric algorithms and sparked further innovation in the development of geometric techniques.   The results of this project have been widely disseminated within the research community, influencing ongoing work in computational geometry, particularly in the area of geometric path problems. The findings have been published in prestigious journals and conferences, such as Discrete & Computational Geometry, Journal of the ACM, the International Symposium on Computational Geometry (SoCG), the annual ACM-SIAM Symposium on Discrete Algorithms (SODA), the annual ACM Symposium on Theory of Computing (STOC), etc. Additionally, a course on computational geometry has been developed, with some of the research findings incorporated into the curriculum. The project has supported and trained five graduate studentsone Master's student (female) and four Ph.D. students (including one female). The Master's student and one Ph.D. student have already graduated. Through the projects support, these students have had the opportunity to present their work at conferences and engage with senior researchers from other institutions, which has significantly contributed to their academic development and helped shape their future career paths. Notably, the recently graduated Ph.D. student has secured a tenure-track assistant professorship at a university.     Last Modified: 10/05/2024       Submitted by: HaitaoWang]]></POR_COPY_TXT>
</POR>
</Award>
</rootTag>
