<?xml version="1.0" encoding="UTF-8"?>
<rootTag>
<Award>
<AwardTitle><![CDATA[Synthetic Antifreeze Glycoproteins for Cellular Cryopreservation]]></AwardTitle>
<AGENCY>NSF</AGENCY>
<AwardEffectiveDate>07/15/2023</AwardEffectiveDate>
<AwardExpirationDate>06/30/2026</AwardExpirationDate>
<AwardTotalIntnAmount>487851.00</AwardTotalIntnAmount>
<AwardAmount>548835</AwardAmount>
<AwardInstrument>
<Value>Standard Grant</Value>
</AwardInstrument>
<Organization>
<Code>03070000</Code>
<Directorate>
<Abbreviation>MPS</Abbreviation>
<LongName>Direct For Mathematical &amp; Physical Scien</LongName>
</Directorate>
<Division>
<Abbreviation>DMR</Abbreviation>
<LongName>Division Of Materials Research</LongName>
</Division>
</Organization>
<ProgramOfficer>
<SignBlockName>Nitsa Rosenzweig</SignBlockName>
<PO_EMAI>nirosenz@nsf.gov</PO_EMAI>
<PO_PHON>7032927256</PO_PHON>
</ProgramOfficer>
<AbstractNarration>Non-technical Abstract:&lt;br/&gt;Animals living in polar regions have adapted to survive freezing conditions. One of their strategies is to produce specialized antifreeze proteins that stop ice from forming in their blood and cells. These proteins prevent damage and death caused by ice crystals. When tissues and cells are frozen for medical and research purposes, chemicals are added to prevent ice from forming and causing damage. However, these chemicals can be harmful to cells that are important for medical purposes, such as stem cells, and there is a need for better strategies. The goal of this research project is to create polymer materials that work like the antifreeze proteins found in animals. The materials will be tested to see if they can stop ice crystals from forming and whether cells can survive being frozen in the presence of these materials. We will also examine if there are any toxic effects or genetic changes. As part of this research project, undergraduate and graduate students will be trained and all investigators will participate in community outreach efforts. This will include support and training efforts to females and underrepresented groups to encourage them to pursue careers in STEM.&lt;br/&gt;&lt;br/&gt;Technical Abstract:&lt;br/&gt;Extremophile organisms in cold climates produce specialized antifreeze glycoproteins (AFGPs) to defend their tissues against freezing damage. These proteins have shown great potential for prevention of cryopreservation damage of cells and tissues with research and regenerative medicine applications. However, AFGPs are heterogeneous in structure and can only be isolated in small quantities from the blood of polar fish. The overall goals of this project are to generate transformative materials that capture the chemical and biophysical properties of natural AFGPs and probe their ice binding and cryopreservation activity. This will be achieved by developing a scalable and tunable synthetic route to sAFGP structural variants and studying their ice binding, ice shaping, and membrane stabilizing properties. We will also examine bioactivity, including cellular viability and function after cryopreservation, cellular localization, any genetic changes, and induction of metabolic stasis. Additionally, we aim to incorporate EDI principles into biomaterials and glycoscience education and mentoring in the research lab, the classroom, and in community outreach.&lt;br/&gt;&lt;br/&gt;This award reflects NSF's statutory mission and has been deemed worthy of support through evaluation using the Foundation's intellectual merit and broader impacts review criteria.</AbstractNarration>
<MinAmdLetterDate>06/20/2023</MinAmdLetterDate>
<MaxAmdLetterDate>05/17/2024</MaxAmdLetterDate>
<ARRAAmount/>
<TRAN_TYPE>Grant</TRAN_TYPE>
<CFDA_NUM>47.049</CFDA_NUM>
<NSF_PAR_USE_FLAG>1</NSF_PAR_USE_FLAG>
<FUND_AGCY_CODE>4900</FUND_AGCY_CODE>
<AWDG_AGCY_CODE>4900</AWDG_AGCY_CODE>
<AwardID>2300012</AwardID>
<Investigator>
<FirstName>Jessica</FirstName>
<LastName>Kramer</LastName>
<PI_MID_INIT/>
<PI_SUFX_NAME/>
<PI_FULL_NAME>Jessica Kramer</PI_FULL_NAME>
<EmailAddress><![CDATA[jessica.kramer@utah.edu]]></EmailAddress>
<NSF_ID>000761899</NSF_ID>
<StartDate>06/20/2023</StartDate>
<EndDate/>
<RoleCode>Principal Investigator</RoleCode>
</Investigator>
<Institution>
<Name><![CDATA[University of Utah]]></Name>
<CityName>SALT LAKE CITY</CityName>
<ZipCode>841129049</ZipCode>
<PhoneNumber>8015816903</PhoneNumber>
<StreetAddress><![CDATA[201 PRESIDENTS CIR]]></StreetAddress>
<StreetAddress2/>
<CountryName>United States</CountryName>
<StateName>Utah</StateName>
<StateCode>UT</StateCode>
<CONGRESSDISTRICT>01</CONGRESSDISTRICT>
<CONGRESS_DISTRICT_ORG>UT01</CONGRESS_DISTRICT_ORG>
<ORG_UEI_NUM>LL8GLEVH6MG3</ORG_UEI_NUM>
<ORG_LGL_BUS_NAME>UNIVERSITY OF UTAH</ORG_LGL_BUS_NAME>
<ORG_PRNT_UEI_NUM/>
</Institution>
<Performance_Institution>
<Name><![CDATA[University of Utah]]></Name>
<CityName>SALT LAKE CITY</CityName>
<StateCode>UT</StateCode>
<ZipCode>841129049</ZipCode>
<StreetAddress><![CDATA[201 PRESIDENTS CIR]]></StreetAddress>
<CountryCode>US</CountryCode>
<CountryName>United States</CountryName>
<StateName>Utah</StateName>
<CountryFlag>1</CountryFlag>
<CONGRESSDISTRICT>01</CONGRESSDISTRICT>
<CONGRESS_DISTRICT_PERF>UT01</CONGRESS_DISTRICT_PERF>
</Performance_Institution>
<ProgramElement>
<Code>125300</Code>
<Text>OFFICE OF MULTIDISCIPLINARY AC</Text>
</ProgramElement>
<ProgramElement>
<Code>171200</Code>
<Text>DMR SHORT TERM SUPPORT</Text>
</ProgramElement>
<ProgramElement>
<Code>762300</Code>
<Text>BIOMATERIALS PROGRAM</Text>
</ProgramElement>
<ProgramReference>
<Code>1253</Code>
<Text>OFFICE OF MULTIDISCIPLINARY AC</Text>
</ProgramReference>
<ProgramReference>
<Code>7237</Code>
<Text>NANO NON-SOLIC SCI &amp; ENG AWD</Text>
</ProgramReference>
<ProgramReference>
<Code>7573</Code>
<Text>BIO-RELATED MATERIALS RESEARCH</Text>
</ProgramReference>
<ProgramReference>
<Code>8614</Code>
<Text>Nanomaterials</Text>
</ProgramReference>
<ProgramReference>
<Code>CL10</Code>
<Text>CLB-Career Life Balance</Text>
</ProgramReference>
<Appropriation>
<Code/>
<Name/>
<APP_SYMB_ID/>
</Appropriation>
<Appropriation>
<Code/>
<Name/>
<APP_SYMB_ID/>
</Appropriation>
<Fund>
<Code>01002324DB</Code>
<Name><![CDATA[NSF RESEARCH & RELATED ACTIVIT]]></Name>
<FUND_SYMB_ID>040100</FUND_SYMB_ID>
</Fund>
<Fund>
<Code>01002425DB</Code>
<Name><![CDATA[NSF RESEARCH & RELATED ACTIVIT]]></Name>
<FUND_SYMB_ID>040100</FUND_SYMB_ID>
</Fund>
<FUND_OBLG>2023~487851</FUND_OBLG>
<FUND_OBLG>2024~60984</FUND_OBLG>
</Award>
</rootTag>
