<?xml version="1.0" encoding="UTF-8"?>
<rootTag>
<Award>
<AwardTitle><![CDATA[EAGER: PUF-based Probe Design for Secure Access to DNA Storage]]></AwardTitle>
<AGENCY>NSF</AGENCY>
<AwardEffectiveDate>02/15/2023</AwardEffectiveDate>
<AwardExpirationDate>01/31/2025</AwardExpirationDate>
<AwardTotalIntnAmount>300000.00</AwardTotalIntnAmount>
<AwardAmount>300000</AwardAmount>
<AwardInstrument>
<Value>Standard Grant</Value>
</AwardInstrument>
<Organization>
<Code>07020000</Code>
<Directorate>
<Abbreviation>ENG</Abbreviation>
<LongName>Directorate For Engineering</LongName>
</Directorate>
<Division>
<Abbreviation>CBET</Abbreviation>
<LongName>Div Of Chem, Bioeng, Env, &amp; Transp Sys</LongName>
</Division>
</Organization>
<ProgramOfficer>
<SignBlockName>Steven Peretti</SignBlockName>
<PO_EMAI>speretti@nsf.gov</PO_EMAI>
<PO_PHON>7032924201</PO_PHON>
</ProgramOfficer>
<AbstractNarration><![CDATA[A functioning economy depends on the reliability of the goods and services being offered. Consumer goods from prescription or over-the-counter drugs to computers, automobiles, and appliances, all have unique individual or batch numbers. Raw materials used in every industry have similar identification labeling. As the bioeconomy develops, it will be necessary to uniquely identify all organisms in use. This will be important to establish strict biosafety and biosecurity protocols. This project will investigate a strategy to uniquely label individual strains of cells that will be inherited but not able to be replicated or read by a third party. This could help ensure the safety and security of a robust bioeconomy.&lt;br/&gt;&lt;br/&gt;The project will investigate the use of DNA as the core of an addressable, secure data storage system. Towards that end, the project team will pursue two aims. Aim 1 involves the use of CRISPR-technology to perform genome editing of cell lines for distributed information storage. They propose to investigate the properties of physically unclonable functions (PUFs) in a library of cell lines and characterize different genomic locations and assess the off-target effects of CRISPR editing. The second aim is to develop a prototype on-chip PUF probe. This probe will help determine whether a PUF key array can be implemented effectively.&lt;br/&gt;&lt;br/&gt;This award reflects NSF's statutory mission and has been deemed worthy of support through evaluation using the Foundation's intellectual merit and broader impacts review criteria.]]></AbstractNarration>
<MinAmdLetterDate>02/02/2023</MinAmdLetterDate>
<MaxAmdLetterDate>02/02/2023</MaxAmdLetterDate>
<ARRAAmount/>
<TRAN_TYPE>Grant</TRAN_TYPE>
<CFDA_NUM>47.041</CFDA_NUM>
<NSF_PAR_USE_FLAG>1</NSF_PAR_USE_FLAG>
<FUND_AGCY_CODE>4900</FUND_AGCY_CODE>
<AWDG_AGCY_CODE>4900</AWDG_AGCY_CODE>
<AwardID>2300340</AwardID>
<Investigator>
<FirstName>Yiorgos</FirstName>
<LastName>Makris</LastName>
<PI_MID_INIT/>
<PI_SUFX_NAME/>
<PI_FULL_NAME>Yiorgos Makris</PI_FULL_NAME>
<EmailAddress><![CDATA[yiorgos.makris@utdallas.edu]]></EmailAddress>
<NSF_ID>000488515</NSF_ID>
<StartDate>02/02/2023</StartDate>
<EndDate/>
<RoleCode>Co-Principal Investigator</RoleCode>
</Investigator>
<Investigator>
<FirstName>Leonidas</FirstName>
<LastName>Bleris</LastName>
<PI_MID_INIT/>
<PI_SUFX_NAME/>
<PI_FULL_NAME>Leonidas Bleris</PI_FULL_NAME>
<EmailAddress><![CDATA[bleris@utdallas.edu]]></EmailAddress>
<NSF_ID>000558308</NSF_ID>
<StartDate>02/02/2023</StartDate>
<EndDate/>
<RoleCode>Principal Investigator</RoleCode>
</Investigator>
<Investigator>
<FirstName>Caroline</FirstName>
<LastName>Jones</LastName>
<PI_MID_INIT>N</PI_MID_INIT>
<PI_SUFX_NAME/>
<PI_FULL_NAME>Caroline N Jones</PI_FULL_NAME>
<EmailAddress><![CDATA[caroline.jones@UTDallas.edu]]></EmailAddress>
<NSF_ID>000724688</NSF_ID>
<StartDate>02/02/2023</StartDate>
<EndDate/>
<RoleCode>Co-Principal Investigator</RoleCode>
</Investigator>
<Institution>
<Name>University of Texas at Dallas</Name>
<CityName>RICHARDSON</CityName>
<ZipCode>750803021</ZipCode>
<PhoneNumber>9728832313</PhoneNumber>
<StreetAddress>800 WEST CAMPBELL RD.</StreetAddress>
<StreetAddress2><![CDATA[SP2.25]]></StreetAddress2>
<CountryName>United States</CountryName>
<StateName>Texas</StateName>
<StateCode>TX</StateCode>
<CONGRESSDISTRICT>24</CONGRESSDISTRICT>
<CONGRESS_DISTRICT_ORG>TX24</CONGRESS_DISTRICT_ORG>
<ORG_UEI_NUM>EJCVPNN1WFS5</ORG_UEI_NUM>
<ORG_LGL_BUS_NAME>UNIVERSITY OF TEXAS AT DALLAS</ORG_LGL_BUS_NAME>
<ORG_PRNT_UEI_NUM/>
</Institution>
<Performance_Institution>
<Name><![CDATA[University of Texas at Dallas]]></Name>
<CityName>RICHARDSON</CityName>
<StateCode>TX</StateCode>
<ZipCode>750801407</ZipCode>
<StreetAddress><![CDATA[800 W CAMPBELL RD]]></StreetAddress>
<CountryCode>US</CountryCode>
<CountryName>United States</CountryName>
<StateName>Texas</StateName>
<CountryFlag>1</CountryFlag>
<CONGRESSDISTRICT>32</CONGRESSDISTRICT>
<CONGRESS_DISTRICT_PERF>TX32</CONGRESS_DISTRICT_PERF>
</Performance_Institution>
<ProgramElement>
<Code>1491</Code>
<Text>Cellular &amp; Biochem Engineering</Text>
</ProgramElement>
<ProgramReference>
<Code>1757</Code>
<Text>Quantitative sys bio and biotech</Text>
</ProgramReference>
<ProgramReference>
<Code>7916</Code>
<Text>EAGER</Text>
</ProgramReference>
<Appropriation>
<Code/>
<Name/>
<APP_SYMB_ID/>
</Appropriation>
<Fund>
<Code>01002324DB</Code>
<Name><![CDATA[NSF RESEARCH & RELATED ACTIVIT]]></Name>
<FUND_SYMB_ID>040100</FUND_SYMB_ID>
</Fund>
<FUND_OBLG>2023~300000</FUND_OBLG>
</Award>
</rootTag>
