<?xml version="1.0" encoding="UTF-8"?>
<rootTag>
<Award>
<AwardTitle><![CDATA[Intelligent Science Stations: Developing Adaptive Mixed-Reality Technology to Enhance Inquiry-based  STEM Learning in Schools]]></AwardTitle>
<AGENCY>NSF</AGENCY>
<AwardEffectiveDate>07/15/2023</AwardEffectiveDate>
<AwardExpirationDate>06/30/2027</AwardExpirationDate>
<AwardTotalIntnAmount>2995518.00</AwardTotalIntnAmount>
<AwardAmount>648696</AwardAmount>
<AwardInstrument>
<Value>Continuing Grant</Value>
</AwardInstrument>
<Organization>
<Code>11090000</Code>
<Directorate>
<Abbreviation>EDU</Abbreviation>
<LongName>Directorate for STEM Education</LongName>
</Directorate>
<Division>
<Abbreviation>DRL</Abbreviation>
<LongName>Division Of Research On Learning</LongName>
</Division>
</Organization>
<ProgramOfficer>
<SignBlockName>Robert Russell</SignBlockName>
<PO_EMAI>rlrussel@nsf.gov</PO_EMAI>
<PO_PHON>7032922995</PO_PHON>
</ProgramOfficer>
<AbstractNarration>The project aims to develop and research Intelligent Science Stations, a new genre of interactive science experiences. The motivation behind this project is the need for engaging, inquiry-based science learning opportunities for young children in the classroom, to sustain early interest in science. The Intelligent Science Stations will provide students in kindergarten to 4th grade with hands-on science experiences, augmented by an intelligent agent that offers feedback based on artificial intelligence (AI) computer vision. These Intelligent Science Stations incorporate scientific apparatuses such as earthquake tables or balance scales, and students' actions are observed and evaluated by the intelligent agent. The agent appears as an animated character on a screen and provides interactive feedback to guide students through scientific inquiry. This innovative approach offers evidence-based, personalized support and feedback to children, while also assisting teachers in integrating more inquiry-based science learning into their classrooms. By modeling behaviors like asking questions, making predictions, and explaining scientific phenomena, the interactive AI system helps teachers enhance their classroom experiences. The project aims to develop four Intelligent Science Stations, each accompanied by lesson plans, teacher professional development, and online resources such as video demonstrations and learning materials. The science content covered includes Early Physics, Balance and Stability, Forces and Motion, Forces and Interactions, Inquiry, and Engineering Design. The development and research will take place in multiple schools with students from diverse backgrounds, targeting an estimated 3,000 students per school year over a three-year period.&lt;br/&gt;&lt;br/&gt;The evaluation and research components of the project have two main objectives. First, it seeks to advance scientific understanding by investigating the learning support features that effectively engage children in sustained learning experiences involving scientific inquiry and engineering design in school settings. Second, it aims to determine the curricular and language supports necessary to foster engagement and enhance science learning for children with different backgrounds, academic strengths, and needs. User-centered iterative design research, formative evaluation, and classroom observations will be employed to design mixed-reality systems that best cater to student and teacher learning needs in formal learning environments. Through classroom observations and controlled experiments, the project will compare "business as usual" conditions with the use of Intelligent Science Stations, providing insights into student inquiry processes, science conversations, student engagement, and science inquiry processes. The project also intends to share its findings through peer-reviewed publications targeted at researchers and developers, as well as provide extensive professional development resources and video demonstrations to teachers and educators via social media and the project website.&lt;br/&gt;&lt;br/&gt;The Discovery Research preK-12 program (DRK-12) seeks to significantly enhance the learning and teaching of science, technology, engineering and mathematics (STEM) by preK-12 students and teachers, through research and development of innovative resources, models and tools. Projects in the DRK-12 program build on fundamental research in STEM education and prior research and development efforts that provide theoretical and empirical justification for proposed projects. &lt;br/&gt;&lt;br/&gt;This award reflects NSF's statutory mission and has been deemed worthy of support through evaluation using the Foundation's intellectual merit and broader impacts review criteria.</AbstractNarration>
<MinAmdLetterDate>07/13/2023</MinAmdLetterDate>
<MaxAmdLetterDate>07/13/2023</MaxAmdLetterDate>
<ARRAAmount/>
<TRAN_TYPE>Grant</TRAN_TYPE>
<CFDA_NUM>47.076</CFDA_NUM>
<NSF_PAR_USE_FLAG>1</NSF_PAR_USE_FLAG>
<FUND_AGCY_CODE>4900</FUND_AGCY_CODE>
<AWDG_AGCY_CODE>4900</AWDG_AGCY_CODE>
<AwardID>2300734</AwardID>
<Investigator>
<FirstName>Nesra</FirstName>
<LastName>Yannier</LastName>
<PI_MID_INIT/>
<PI_SUFX_NAME/>
<PI_FULL_NAME>Nesra Yannier</PI_FULL_NAME>
<EmailAddress><![CDATA[nyannier@andrew.cmu.edu]]></EmailAddress>
<NSF_ID>000734303</NSF_ID>
<StartDate>07/13/2023</StartDate>
<EndDate/>
<RoleCode>Principal Investigator</RoleCode>
</Investigator>
<Investigator>
<FirstName>Scott</FirstName>
<LastName>Hudson</LastName>
<PI_MID_INIT>E</PI_MID_INIT>
<PI_SUFX_NAME/>
<PI_FULL_NAME>Scott E Hudson</PI_FULL_NAME>
<EmailAddress><![CDATA[hudson@cs.cmu.edu]]></EmailAddress>
<NSF_ID>000396012</NSF_ID>
<StartDate>07/13/2023</StartDate>
<EndDate/>
<RoleCode>Co-Principal Investigator</RoleCode>
</Investigator>
<Investigator>
<FirstName>Ken</FirstName>
<LastName>Koedinger</LastName>
<PI_MID_INIT/>
<PI_SUFX_NAME/>
<PI_FULL_NAME>Ken Koedinger</PI_FULL_NAME>
<EmailAddress><![CDATA[Koedinger@cmu.edu]]></EmailAddress>
<NSF_ID>000333626</NSF_ID>
<StartDate>07/13/2023</StartDate>
<EndDate/>
<RoleCode>Co-Principal Investigator</RoleCode>
</Investigator>
<Institution>
<Name><![CDATA[Carnegie-Mellon University]]></Name>
<CityName>PITTSBURGH</CityName>
<ZipCode>152133815</ZipCode>
<PhoneNumber>4122688746</PhoneNumber>
<StreetAddress><![CDATA[5000 FORBES AVE]]></StreetAddress>
<StreetAddress2/>
<CountryName>United States</CountryName>
<StateName>Pennsylvania</StateName>
<StateCode>PA</StateCode>
<CONGRESSDISTRICT>12</CONGRESSDISTRICT>
<CONGRESS_DISTRICT_ORG>PA12</CONGRESS_DISTRICT_ORG>
<ORG_UEI_NUM>U3NKNFLNQ613</ORG_UEI_NUM>
<ORG_LGL_BUS_NAME>CARNEGIE MELLON UNIVERSITY</ORG_LGL_BUS_NAME>
<ORG_PRNT_UEI_NUM>U3NKNFLNQ613</ORG_PRNT_UEI_NUM>
</Institution>
<Performance_Institution>
<Name><![CDATA[Carnegie-Mellon University]]></Name>
<CityName>PITTSBURGH</CityName>
<StateCode>PA</StateCode>
<ZipCode>152133815</ZipCode>
<StreetAddress><![CDATA[5000 FORBES AVE]]></StreetAddress>
<CountryCode>US</CountryCode>
<CountryName>United States</CountryName>
<StateName>Pennsylvania</StateName>
<CountryFlag>1</CountryFlag>
<CONGRESSDISTRICT>12</CONGRESSDISTRICT>
<CONGRESS_DISTRICT_PERF>PA12</CONGRESS_DISTRICT_PERF>
</Performance_Institution>
<ProgramElement>
<Code>764500</Code>
<Text>Discovery Research K-12</Text>
</ProgramElement>
<Appropriation>
<Code/>
<Name/>
<APP_SYMB_ID/>
</Appropriation>
<Fund>
<Code>04002324DB</Code>
<Name><![CDATA[NSF STEM Education]]></Name>
<FUND_SYMB_ID>040106</FUND_SYMB_ID>
</Fund>
<FUND_OBLG>2023~648696</FUND_OBLG>
</Award>
</rootTag>
