<?xml version="1.0" encoding="UTF-8"?>
<rootTag>
<Award>
<AwardTitle><![CDATA[Reasoning about Spatial Relations and Distributions: Supporting STEM Learning in Early Adolescence]]></AwardTitle>
<AGENCY>NSF</AGENCY>
<AwardEffectiveDate>09/01/2023</AwardEffectiveDate>
<AwardExpirationDate>08/31/2028</AwardExpirationDate>
<AwardTotalIntnAmount>2488247.00</AwardTotalIntnAmount>
<AwardAmount>1915023</AwardAmount>
<AwardInstrument>
<Value>Continuing Grant</Value>
</AwardInstrument>
<Organization>
<Code>11090000</Code>
<Directorate>
<Abbreviation>EDU</Abbreviation>
<LongName>Directorate for STEM Education</LongName>
</Directorate>
<Division>
<Abbreviation>DRL</Abbreviation>
<LongName>Division Of Research On Learning</LongName>
</Division>
</Organization>
<ProgramOfficer>
<SignBlockName>Gregg Solomon</SignBlockName>
<PO_EMAI>gesolomo@nsf.gov</PO_EMAI>
<PO_PHON>7032928333</PO_PHON>
</ProgramOfficer>
<AbstractNarration>Spatial thinking is related to success in STEM disciplines. However, existing research has largely focused on small-scale spatial skills, such as mentally rotating objects. There is a critical need for research on how large-scale spatial skills, such as navigation and mapping, are related to success in STEM success, especially in the formative period of late childhood and early adolescence. This project will develop, implement, and evaluate a set of new tools and will gather new knowledge regarding reasoning about spatial relations and early STEM instruction. The research team will evaluate several virtual navigation measures to understand how they relate to real-life navigation for children, they will develop and validate an assessment instrument that measures geographic and spatial thinking in middle schoolers, and they will teach weeklong workshops on STEM topics and examine how comprehension and learning are related to the spatial skills, and whether these skills improve with instruction. Findings from this project will inform and enhance instruction in STEM at this age. This project is supported by NSF's EDU Core Research (ECR) program. The ECR program emphasizes fundamental STEM education research that generates foundational knowledge in the field. Investments are made in critical areas that are essential, broad, and enduring: STEM learning and STEM learning environments, broadening participation in STEM, and STEM workforce development.&lt;br/&gt;&lt;br/&gt;This project studies spatial skills and reasoning and their relevance for STEM education in late childhood and early adolescence, which is a crucial formative period for mapping skills useful in STEM fields. The project will be conducted in three related streams of work. First, the researchers will develop and validate assessment measures to evaluate navigation, map use and geographic thinking and reasoning in late childhood and early adolescence. They will obtain reliability information on existing virtual environment paradigms, evaluate how data derived from various virtual large-scale measures compare, validate assessments of navigation in a virtual world against real-life navigation skills, and examine the relations of the various navigation measures to a test of map reading skills. They will develop and validate an assessment instrument that measures geographic and spatial perspective use in middle schoolers. The items will be developed based on released National Assessment of Educational Progress (NAEP) geography assessment questions for 8th grade and examined for construct relevance using expert ratings and Item Response Theory (IRT) statistics. The instrument will measure the ability of middle schoolers to observe and comprehend information, to explain geographic patterns and processes, to analyze geospatial problems and formulate appropriate solutions and alternatives, and to make use of different geographic tools and skills. Second, the research team will devise and refine these measures to study relations among large- and small-scale spatial skills in middle school children. Lastly, the team will determine how large-scale spatial skills relate to spatially oriented learning outcomes concerning STEM topics by teaching weeklong units on STEM topics that require thinking about distributions and ordered relations. They will look at the relationship between adolescents' large- and small-scale spatial skills and their geospatial analysis and geospatial reasoning skills assessed during the workshops to understand if students who have better baseline large- and small-scale spatial performance also have better engagement and performance in spatial workshops and how the skills improve given instruction. The activities will be multi-disciplinary and involve decision-making based on the analysis of georeferenced geospatial data. This work will broaden the understanding of the relation between spatial skills and STEM to encompass reasoning about spatial distributions, an essential component in scientific education and discovery. It will also build on the literature on the relationship between large- and small-scale spatial ability and will provide insights into the developmental linkages between large- and small-scale spatial skills for late childhood and early adolescence.&lt;br/&gt;&lt;br/&gt;This award reflects NSF's statutory mission and has been deemed worthy of support through evaluation using the Foundation's intellectual merit and broader impacts review criteria.</AbstractNarration>
<MinAmdLetterDate>06/15/2023</MinAmdLetterDate>
<MaxAmdLetterDate>09/16/2024</MaxAmdLetterDate>
<ARRAAmount/>
<TRAN_TYPE>Grant</TRAN_TYPE>
<CFDA_NUM>47.076</CFDA_NUM>
<NSF_PAR_USE_FLAG>1</NSF_PAR_USE_FLAG>
<FUND_AGCY_CODE>4900</FUND_AGCY_CODE>
<AWDG_AGCY_CODE>4900</AWDG_AGCY_CODE>
<AwardID>2300937</AwardID>
<Investigator>
<FirstName>Nora</FirstName>
<LastName>Newcombe</LastName>
<PI_MID_INIT>S</PI_MID_INIT>
<PI_SUFX_NAME/>
<PI_FULL_NAME>Nora S Newcombe</PI_FULL_NAME>
<EmailAddress><![CDATA[newcombe@temple.edu]]></EmailAddress>
<NSF_ID>000285523</NSF_ID>
<StartDate>06/15/2023</StartDate>
<EndDate/>
<RoleCode>Principal Investigator</RoleCode>
</Investigator>
<Institution>
<Name><![CDATA[Temple University]]></Name>
<CityName>PHILADELPHIA</CityName>
<ZipCode>191226104</ZipCode>
<PhoneNumber>2157077547</PhoneNumber>
<StreetAddress><![CDATA[1805 N BROAD ST]]></StreetAddress>
<StreetAddress2/>
<CountryName>United States</CountryName>
<StateName>Pennsylvania</StateName>
<StateCode>PA</StateCode>
<CONGRESSDISTRICT>02</CONGRESSDISTRICT>
<CONGRESS_DISTRICT_ORG>PA02</CONGRESS_DISTRICT_ORG>
<ORG_UEI_NUM>QD4MGHFDJKU1</ORG_UEI_NUM>
<ORG_LGL_BUS_NAME>TEMPLE UNIVERSITY-OF THE COMMONWEALTH SYSTEM OF HIGHER EDUCATION</ORG_LGL_BUS_NAME>
<ORG_PRNT_UEI_NUM>QD4MGHFDJKU1</ORG_PRNT_UEI_NUM>
</Institution>
<Performance_Institution>
<Name><![CDATA[Temple University]]></Name>
<CityName>PHILADELPHIA</CityName>
<StateCode>PA</StateCode>
<ZipCode>191226003</ZipCode>
<StreetAddress><![CDATA[1801 N BROAD ST]]></StreetAddress>
<CountryCode>US</CountryCode>
<CountryName>United States</CountryName>
<StateName>Pennsylvania</StateName>
<CountryFlag>1</CountryFlag>
<CONGRESSDISTRICT>02</CONGRESSDISTRICT>
<CONGRESS_DISTRICT_PERF>PA02</CONGRESS_DISTRICT_PERF>
</Performance_Institution>
<ProgramElement>
<Code>798000</Code>
<Text>ECR-EDU Core Research</Text>
</ProgramElement>
<ProgramReference>
<Code>8089</Code>
<Text>Understanding the Brain/Cognitive Scienc</Text>
</ProgramReference>
<ProgramReference>
<Code>8817</Code>
<Text>STEM Learning &amp; Learning Environments</Text>
</ProgramReference>
<Appropriation>
<Code/>
<Name/>
<APP_SYMB_ID/>
</Appropriation>
<Appropriation>
<Code/>
<Name/>
<APP_SYMB_ID/>
</Appropriation>
<Fund>
<Code>04002425DB</Code>
<Name><![CDATA[NSF STEM Education]]></Name>
<FUND_SYMB_ID>040106</FUND_SYMB_ID>
</Fund>
<Fund>
<Code>04002324DB</Code>
<Name><![CDATA[NSF STEM Education]]></Name>
<FUND_SYMB_ID>040106</FUND_SYMB_ID>
</Fund>
<FUND_OBLG>2023~696781</FUND_OBLG>
<FUND_OBLG>2024~1218242</FUND_OBLG>
</Award>
</rootTag>
