<?xml version="1.0" encoding="UTF-8"?>
<rootTag>
<Award>
<AwardTitle><![CDATA[I-Corps: Software application for predicting consumer food acceptability based on appearances under different illumination conditions]]></AwardTitle>
<AGENCY>NSF</AGENCY>
<AwardEffectiveDate>11/15/2022</AwardEffectiveDate>
<AwardExpirationDate>10/31/2023</AwardExpirationDate>
<AwardTotalIntnAmount>50000.00</AwardTotalIntnAmount>
<AwardAmount>50000</AwardAmount>
<AwardInstrument>
<Value>Standard Grant</Value>
</AwardInstrument>
<Organization>
<Code>15030000</Code>
<Directorate>
<Abbreviation>TIP</Abbreviation>
<LongName>Dir for Tech, Innovation, &amp; Partnerships</LongName>
</Directorate>
<Division>
<Abbreviation>TI</Abbreviation>
<LongName>Translational Impacts</LongName>
</Division>
</Organization>
<ProgramOfficer>
<SignBlockName>Jaime A. Camelio</SignBlockName>
<PO_EMAI>jcamelio@nsf.gov</PO_EMAI>
<PO_PHON>7032922061</PO_PHON>
</ProgramOfficer>
<AbstractNarration>The broader impact/commercial potential of this I-Corps project is the development of a software application to predict consumer acceptability under different illumination conditions. The proposed technology is focused on consumer acceptability prediction related to food appearance, evaluating how external illumination may affect a deep learning-based image understanding model. Consumers may benefit from the proposed technology by having a more accurate understanding of the products they purchase and a reduced risk. In addition, the proposed technology may be used to recommend the correct illumination levels, which may help reduce food waste.  With proper illumination recommendations, retailers may find an increase in purchases and a significant cost-savings as there may be a reduction in product returns.&lt;br/&gt;&lt;br/&gt;This I-Corps project is based on the development of an illumination estimation deep learning model that may be used to predict food acceptability. Illumination estimation is a fundamental prerequisite for many computer vision applications. Unnatural illumination may influence human perceptions of essential characteristics of goods, e.g., food products in retail stores under different lighting conditions. When food products are placed under different lighting conditions, consumers feel differently in response to the products, which may further affect purchase decisions. The goal is to develop an illumination human acceptability prediction model, which may be transferred to general industrial manufacturing and inspection applications.&lt;br/&gt;&lt;br/&gt;This award reflects NSF's statutory mission and has been deemed worthy of support through evaluation using the Foundation's intellectual merit and broader impacts review criteria.</AbstractNarration>
<MinAmdLetterDate>11/14/2022</MinAmdLetterDate>
<MaxAmdLetterDate>06/02/2023</MaxAmdLetterDate>
<ARRAAmount/>
<TRAN_TYPE>Grant</TRAN_TYPE>
<CFDA_NUM>47.084</CFDA_NUM>
<NSF_PAR_USE_FLAG>1</NSF_PAR_USE_FLAG>
<FUND_AGCY_CODE>4900</FUND_AGCY_CODE>
<AWDG_AGCY_CODE>4900</AWDG_AGCY_CODE>
<AwardID>2300281</AwardID>
<Investigator>
<FirstName>Dongyi</FirstName>
<LastName>Wang</LastName>
<PI_MID_INIT/>
<PI_SUFX_NAME/>
<PI_FULL_NAME>Dongyi Wang</PI_FULL_NAME>
<EmailAddress><![CDATA[dwang@uada.edu]]></EmailAddress>
<NSF_ID>000855889</NSF_ID>
<StartDate>11/14/2022</StartDate>
<EndDate/>
<RoleCode>Principal Investigator</RoleCode>
</Investigator>
<Institution>
<Name><![CDATA[University of Arkansas Agricultural Experiment Station]]></Name>
<CityName>FAYETTEVILLE</CityName>
<ZipCode>727046898</ZipCode>
<PhoneNumber>4795029827</PhoneNumber>
<StreetAddress><![CDATA[1371 W ALTHEIMER DR]]></StreetAddress>
<StreetAddress2/>
<CountryName>United States</CountryName>
<StateName>Arkansas</StateName>
<StateCode>AR</StateCode>
<CONGRESSDISTRICT>03</CONGRESSDISTRICT>
<CONGRESS_DISTRICT_ORG>AR03</CONGRESS_DISTRICT_ORG>
<ORG_UEI_NUM>WJNTJ7LBL823</ORG_UEI_NUM>
<ORG_LGL_BUS_NAME>DIVISION OF AGRICULTURE OF THE UNIVERSITY OF ARKANSAS</ORG_LGL_BUS_NAME>
<ORG_PRNT_UEI_NUM/>
</Institution>
<Performance_Institution>
<Name><![CDATA[University of Arkansas System Division of Agriculture]]></Name>
<CityName>FAYETTEVILLE</CityName>
<StateCode>AR</StateCode>
<ZipCode>727046898</ZipCode>
<StreetAddress><![CDATA[1371 W ALTHEIMER DR]]></StreetAddress>
<CountryCode>US</CountryCode>
<CountryName>United States</CountryName>
<StateName>Arkansas</StateName>
<CountryFlag>1</CountryFlag>
<CONGRESSDISTRICT>03</CONGRESSDISTRICT>
<CONGRESS_DISTRICT_PERF>AR03</CONGRESS_DISTRICT_PERF>
</Performance_Institution>
<ProgramElement>
<Code>802300</Code>
<Text>I-Corps</Text>
</ProgramElement>
<ProgramReference>
<Code>8032</Code>
<Text>Software Services and Applications</Text>
</ProgramReference>
<ProgramReference>
<Code>9150</Code>
<Text>EXP PROG TO STIM COMP RES</Text>
</ProgramReference>
<Appropriation>
<Code/>
<Name/>
<APP_SYMB_ID/>
</Appropriation>
<Fund>
<Code>01002324DB</Code>
<Name><![CDATA[NSF RESEARCH & RELATED ACTIVIT]]></Name>
<FUND_SYMB_ID>040100</FUND_SYMB_ID>
</Fund>
<FUND_OBLG>2023~50000</FUND_OBLG>
<POR>
<DRECONTENT><![CDATA[<div class="porColContainerWBG"> <div class="porContentCol"><p>This project aims to evaluate the effects of external illumination on human perception of food products. It is hypothesized that the illumination conditions can influence consumer behavior, and further motivate the consumer to make impulsive purchasing decisions. There are no current portable mobile devices that can predict food freshness under different illumination conditions. The projects conducted a feasibility study to develop and commercialize software to aid consumers in choosing the right product regardless of the external illumination variations. During the grant period, group members conduct 100 interviews. The group of interviewees is composed of general consumers of retail stores (end-users), product/sales managers (decision makers), involved business stakeholders, payers, and technology experts. During the interview process, more details about product development plans were thought through, including not only the technology implementation details but also the technology development cost, commercialization, and promotion plans. Pain points for people from each sector are different. Even though the originally targeted users are general consumers, the interview outcomes show that the retail stores are interested more in such studies, whose results can be used for optimizing the existing illumination models to incentivize more product selling. It is also found that the Food industry should not be the only industry sector targeted for such software, but also the Jewelry, Apparel, and Painting industries. The study outcomes can broadly benefit the involved industry in understanding the illumination effects on product sales and help recommend the right illumination levels as against the existing illumination models so that the purchase pattern will improve and will help reduce product waste and recalls for cost-saving.&nbsp;</p> <p>&nbsp;</p> <p>&nbsp;</p> <p>&nbsp;</p> <p>&nbsp;</p><br> <p>  Last Modified: 01/01/2024<br> Modified by: Dongyi&nbsp;Wang</p></div> <div class="porSideCol" ></div> </div>]]></DRECONTENT>
<POR_COPY_TXT><![CDATA[  This project aims to evaluate the effects of external illumination on human perception of food products. It is hypothesized that the illumination conditions can influence consumer behavior, and further motivate the consumer to make impulsive purchasing decisions. There are no current portable mobile devices that can predict food freshness under different illumination conditions. The projects conducted a feasibility study to develop and commercialize software to aid consumers in choosing the right product regardless of the external illumination variations. During the grant period, group members conduct 100 interviews. The group of interviewees is composed of general consumers of retail stores (end-users), product/sales managers (decision makers), involved business stakeholders, payers, and technology experts. During the interview process, more details about product development plans were thought through, including not only the technology implementation details but also the technology development cost, commercialization, and promotion plans. Pain points for people from each sector are different. Even though the originally targeted users are general consumers, the interview outcomes show that the retail stores are interested more in such studies, whose results can be used for optimizing the existing illumination models to incentivize more product selling. It is also found that the Food industry should not be the only industry sector targeted for such software, but also the Jewelry, Apparel, and Painting industries. The study outcomes can broadly benefit the involved industry in understanding the illumination effects on product sales and help recommend the right illumination levels as against the existing illumination models so that the purchase pattern will improve and will help reduce product waste and recalls for cost-saving.                 Last Modified: 01/01/2024       Submitted by: DongyiWang]]></POR_COPY_TXT>
</POR>
</Award>
</rootTag>
