<?xml version="1.0" encoding="UTF-8"?>
<rootTag>
<Award>
<AwardTitle><![CDATA[Creating an Agriculture Workforce Pipeline of STEM Technicians Trained in Water Analysis]]></AwardTitle>
<AGENCY>NSF</AGENCY>
<AwardEffectiveDate>08/01/2023</AwardEffectiveDate>
<AwardExpirationDate>07/31/2026</AwardExpirationDate>
<AwardTotalIntnAmount>349397.00</AwardTotalIntnAmount>
<AwardAmount>349397</AwardAmount>
<AwardInstrument>
<Value>Standard Grant</Value>
</AwardInstrument>
<Organization>
<Code>11040100</Code>
<Directorate>
<Abbreviation>EDU</Abbreviation>
<LongName>Directorate for STEM Education</LongName>
</Directorate>
<Division>
<Abbreviation>DUE</Abbreviation>
<LongName>Division Of Undergraduate Education</LongName>
</Division>
</Organization>
<ProgramOfficer>
<SignBlockName>Michael Davis</SignBlockName>
<PO_EMAI>mdavis@nsf.gov</PO_EMAI>
<PO_PHON>7032920000</PO_PHON>
</ProgramOfficer>
<AbstractNarration>Illinois is an agricultural state with related commodities generating billions of dollars annually. The economic plan of the Illinois Department of Commerce and Economic Opportunity (DCEO) emphasizes investing in research and innovation as one of its guiding priorities, with a focus on agriculture and agri-business. STEM technicians trained in water quality analysis and who can provide vital information to Illinois farmers are in high demand, and this demand is expected to continue. A consequence of large-scale agricultural production, however, is field nutrient loss as rain carries fertilizer run-off into local waterways, contributing to hypoxia in the Gulf of Mexico. The NSF ATE project at Illinois Central College (ICC) is designed to grow the Illinois economy and workforce while addressing environmental and health concerns generated by farmland nutrient loss. This project will create a pipeline of STEM technicians to meet the demands of regional employers, as well as contribute to scientific research by generating data for the Illinois’ Nutrient Loss Reduction Strategy (INLRS) to measure nitrogen and phosphorous field runoff. ICC’s project will accomplish these goals by: 1) improving student proficiency in conducting scientific experimentation and increasing student awareness of STEM technician careers; and 2) generating and sharing scientific data and agricultural strategies to support conservation and water quality.&lt;br/&gt;&lt;br/&gt;This project will provide students with hands-on experience in conducting scientific experimentation and will better prepare them to enter the STEM technician workforce via enhanced course curricula and work-based learning activities. Over three years, 55 students will successfully utilize instrumentation for water sample analysis with 20 of those students demonstrating increased awareness of the INLRS and the health and environmental impacts of nutrient loss. As part of the project, selected students will participate in internships with industry partners, and it is anticipated that a subset of students will secure employment in STEM technician jobs within six months of associate degree completion. Additionally, this project will increase awareness of STEM and agriculture education and career opportunities for students by: 1) engaging approximately 200 high school students and teachers annually through an Agricultural Showcase and Field Day; 2) delivering professional development to high school teachers and college faculty on STEM teaching-learning strategies; and 3) providing STEM-focused professional development to guidance counselors, advisors, and career counselors at ICC. External evaluators will assess student preparedness as entry-level STEM technicians as well as the scientific efficacy of specific agricultural conservation practices. Results and data from this project will be disseminated regionally through the Illinois Sustainable Ag Partnership, the Illinois Corn Growers Association, the INLRS, and will be presented at the Illinois Association of Vocational Agricultural Teachers conference. Project results will be nationally disseminated through the Community College Alliance for Agricultural Advancement and through NSF ATE conferences. This project is funded by the Advanced Technological Education program that focuses on the education of technicians for the advanced-technology fields that drive the Nation’s economy.&lt;br/&gt;&lt;br/&gt;This award reflects NSF's statutory mission and has been deemed worthy of support through evaluation using the Foundation's intellectual merit and broader impacts review criteria.</AbstractNarration>
<MinAmdLetterDate>07/26/2023</MinAmdLetterDate>
<MaxAmdLetterDate>07/26/2023</MaxAmdLetterDate>
<ARRAAmount/>
<TRAN_TYPE>Grant</TRAN_TYPE>
<CFDA_NUM>47.076</CFDA_NUM>
<NSF_PAR_USE_FLAG>1</NSF_PAR_USE_FLAG>
<FUND_AGCY_CODE>4900</FUND_AGCY_CODE>
<AWDG_AGCY_CODE>4900</AWDG_AGCY_CODE>
<AwardID>2300420</AwardID>
<Investigator>
<FirstName>Peter</FirstName>
<LastName>Fandel</LastName>
<PI_MID_INIT>J</PI_MID_INIT>
<PI_SUFX_NAME/>
<PI_FULL_NAME>Peter J Fandel</PI_FULL_NAME>
<EmailAddress><![CDATA[pf078@icc.edu]]></EmailAddress>
<NSF_ID>000839601</NSF_ID>
<StartDate>07/26/2023</StartDate>
<EndDate/>
<RoleCode>Principal Investigator</RoleCode>
</Investigator>
<Investigator>
<FirstName>Bradley</FirstName>
<LastName>Rose</LastName>
<PI_MID_INIT>D</PI_MID_INIT>
<PI_SUFX_NAME/>
<PI_FULL_NAME>Bradley D Rose</PI_FULL_NAME>
<EmailAddress><![CDATA[br196@icc.edu]]></EmailAddress>
<NSF_ID>000872265</NSF_ID>
<StartDate>07/26/2023</StartDate>
<EndDate/>
<RoleCode>Co-Principal Investigator</RoleCode>
</Investigator>
<Institution>
<Name><![CDATA[Illinois Central College]]></Name>
<CityName>EAST PEORIA</CityName>
<ZipCode>616350002</ZipCode>
<PhoneNumber>3096945011</PhoneNumber>
<StreetAddress><![CDATA[1 COLLEGE DR]]></StreetAddress>
<StreetAddress2/>
<CountryName>United States</CountryName>
<StateName>Illinois</StateName>
<StateCode>IL</StateCode>
<CONGRESSDISTRICT>16</CONGRESSDISTRICT>
<CONGRESS_DISTRICT_ORG>IL16</CONGRESS_DISTRICT_ORG>
<ORG_UEI_NUM>KKRNX8RMLSE8</ORG_UEI_NUM>
<ORG_LGL_BUS_NAME>ILLINOIS CENTRAL COLLEGE</ORG_LGL_BUS_NAME>
<ORG_PRNT_UEI_NUM/>
</Institution>
<Performance_Institution>
<Name><![CDATA[Illinois Central College]]></Name>
<CityName>East Peoria</CityName>
<StateCode>IL</StateCode>
<ZipCode>616350002</ZipCode>
<StreetAddress><![CDATA[1 College Drive]]></StreetAddress>
<CountryCode>US</CountryCode>
<CountryName>United States</CountryName>
<StateName>Illinois</StateName>
<CountryFlag>1</CountryFlag>
<CONGRESSDISTRICT>16</CONGRESSDISTRICT>
<CONGRESS_DISTRICT_PERF>IL16</CONGRESS_DISTRICT_PERF>
</Performance_Institution>
<ProgramElement>
<Code>741200</Code>
<Text>Advanced Tech Education Prog</Text>
</ProgramElement>
<ProgramReference>
<Code>1032</Code>
<Text>ADVANCED TECHNOLOGY EDUCATION</Text>
</ProgramReference>
<ProgramReference>
<Code>9178</Code>
<Text>UNDERGRADUATE EDUCATION</Text>
</ProgramReference>
<ProgramReference>
<Code>SMET</Code>
<Text>SCIENCE, MATH, ENG &amp; TECH EDUCATION</Text>
</ProgramReference>
<Appropriation>
<Code/>
<Name/>
<APP_SYMB_ID/>
</Appropriation>
<Fund>
<Code>04002324DB</Code>
<Name><![CDATA[NSF STEM Education]]></Name>
<FUND_SYMB_ID>040106</FUND_SYMB_ID>
</Fund>
<FUND_OBLG>2023~349397</FUND_OBLG>
</Award>
</rootTag>
