<?xml version="1.0" encoding="UTF-8"?>
<rootTag>
<Award>
<AwardTitle><![CDATA[Cyber Data Analytics Education, Curriculum, and Workforce Development]]></AwardTitle>
<AGENCY>NSF</AGENCY>
<AwardEffectiveDate>07/15/2023</AwardEffectiveDate>
<AwardExpirationDate>06/30/2026</AwardExpirationDate>
<AwardTotalIntnAmount>648169.00</AwardTotalIntnAmount>
<AwardAmount>648169</AwardAmount>
<AwardInstrument>
<Value>Standard Grant</Value>
</AwardInstrument>
<Organization>
<Code>11040100</Code>
<Directorate>
<Abbreviation>EDU</Abbreviation>
<LongName>Directorate for STEM Education</LongName>
</Directorate>
<Division>
<Abbreviation>DUE</Abbreviation>
<LongName>Division Of Undergraduate Education</LongName>
</Division>
</Organization>
<ProgramOfficer>
<SignBlockName>Paul Tymann</SignBlockName>
<PO_EMAI>ptymann@nsf.gov</PO_EMAI>
<PO_PHON>7032922832</PO_PHON>
</ProgramOfficer>
<AbstractNarration>This project will help to address the Nation’s need for skilled cybersecurity professionals by developing a Cyber Data Analytics technician workforce development program. This program will deliver a blended education of cybersecurity and data science that will cover the risks, threats, and vulnerabilities faced by small businesses. The project will focus on associate degree students and will extend Cyber Data Analytics across multiple disciplines, by offering industry relevant courses to students from degree programs in business, healthcare, accounting, electronics, and criminal justice. A novel component of this project is the creation of culturally responsive curriculum content that will be localized for Hawaiian traditions and customs. This project will produce evidence-based modules for teaching Cyber Data Analytics that can be incorporated into existing curriculum in community colleges. &lt;br/&gt;&lt;br/&gt;The project will add to the knowledge base for technician education by studying the impact of this program on teachers and students. Moreover, the research will examine what aspects of the program increase student completion and job placement. Four objectives will guide the work of the project team. First is to create four new courses and a new online Certificate for Cyber Data Analytics. Second is to provide opportunities for students in non-computing associate degree programs to be introduced to field of Cyber Data Analytics. Third is to train faculty in community colleges in the use of the curriculum modules. Fourth, and finally, is to engage high school teachers in STEM CTE, high school counselors, and students from underrepresented groups such as women and minorities, to participate in entrepreneurship project-based learning opportunities. This project is funded by the Advanced Technological Education program that focuses on the education of technicians for the advanced technology fields that drive the nation's economy.&lt;br/&gt;&lt;br/&gt;This award reflects NSF's statutory mission and has been deemed worthy of support through evaluation using the Foundation's intellectual merit and broader impacts review criteria.</AbstractNarration>
<MinAmdLetterDate>07/07/2023</MinAmdLetterDate>
<MaxAmdLetterDate>07/07/2023</MaxAmdLetterDate>
<ARRAAmount/>
<TRAN_TYPE>Grant</TRAN_TYPE>
<CFDA_NUM>47.076</CFDA_NUM>
<NSF_PAR_USE_FLAG>1</NSF_PAR_USE_FLAG>
<FUND_AGCY_CODE>4900</FUND_AGCY_CODE>
<AWDG_AGCY_CODE>4900</AWDG_AGCY_CODE>
<AwardID>2300867</AwardID>
<Investigator>
<FirstName>Debasis</FirstName>
<LastName>Bhattacharya</LastName>
<PI_MID_INIT/>
<PI_SUFX_NAME/>
<PI_FULL_NAME>Debasis Bhattacharya</PI_FULL_NAME>
<EmailAddress><![CDATA[debasisb@hawaii.edu]]></EmailAddress>
<NSF_ID>000631298</NSF_ID>
<StartDate>07/07/2023</StartDate>
<EndDate/>
<RoleCode>Principal Investigator</RoleCode>
</Investigator>
<Investigator>
<FirstName>Thomas</FirstName>
<LastName>Blamey</LastName>
<PI_MID_INIT>L</PI_MID_INIT>
<PI_SUFX_NAME/>
<PI_FULL_NAME>Thomas L Blamey</PI_FULL_NAME>
<EmailAddress><![CDATA[tblamey@hawaii.edu]]></EmailAddress>
<NSF_ID>000893115</NSF_ID>
<StartDate>07/07/2023</StartDate>
<EndDate/>
<RoleCode>Co-Principal Investigator</RoleCode>
</Investigator>
<Institution>
<Name><![CDATA[University of Hawaii]]></Name>
<CityName>HONOLULU</CityName>
<ZipCode>968222247</ZipCode>
<PhoneNumber>8089567800</PhoneNumber>
<StreetAddress><![CDATA[2425 CAMPUS RD SINCLAIR RM 1]]></StreetAddress>
<StreetAddress2/>
<CountryName>United States</CountryName>
<StateName>Hawaii</StateName>
<StateCode>HI</StateCode>
<CONGRESSDISTRICT>01</CONGRESSDISTRICT>
<CONGRESS_DISTRICT_ORG>HI01</CONGRESS_DISTRICT_ORG>
<ORG_UEI_NUM>NSCKLFSSABF2</ORG_UEI_NUM>
<ORG_LGL_BUS_NAME>UNIVERSITY OF HAWAII</ORG_LGL_BUS_NAME>
<ORG_PRNT_UEI_NUM/>
</Institution>
<Performance_Institution>
<Name><![CDATA[University of Hawaii Maui College]]></Name>
<CityName>Kahului</CityName>
<StateCode>HI</StateCode>
<ZipCode>967321617</ZipCode>
<StreetAddress><![CDATA[310 W. Kaahumanu Avenue]]></StreetAddress>
<CountryCode>US</CountryCode>
<CountryName>United States</CountryName>
<StateName>Hawaii</StateName>
<CountryFlag>1</CountryFlag>
<CONGRESSDISTRICT>02</CONGRESSDISTRICT>
<CONGRESS_DISTRICT_PERF>HI02</CONGRESS_DISTRICT_PERF>
</Performance_Institution>
<ProgramElement>
<Code>741200</Code>
<Text>Advanced Tech Education Prog</Text>
</ProgramElement>
<ProgramReference>
<Code>1032</Code>
<Text>ADVANCED TECHNOLOGY EDUCATION</Text>
</ProgramReference>
<ProgramReference>
<Code>9150</Code>
<Text>EXP PROG TO STIM COMP RES</Text>
</ProgramReference>
<ProgramReference>
<Code>9178</Code>
<Text>UNDERGRADUATE EDUCATION</Text>
</ProgramReference>
<ProgramReference>
<Code>SMET</Code>
<Text>SCIENCE, MATH, ENG &amp; TECH EDUCATION</Text>
</ProgramReference>
<Appropriation>
<Code/>
<Name/>
<APP_SYMB_ID/>
</Appropriation>
<Fund>
<Code>04002324DB</Code>
<Name><![CDATA[NSF STEM Education]]></Name>
<FUND_SYMB_ID>040106</FUND_SYMB_ID>
</Fund>
<FUND_OBLG>2023~648169</FUND_OBLG>
</Award>
</rootTag>
