<?xml version="1.0" encoding="UTF-8"?>
<rootTag>
<Award>
<AwardTitle><![CDATA[Research Initiation Award: A GNN+BiMCLSTM Based Framework to Model, Predict, and Traceback Malware Strains]]></AwardTitle>
<AGENCY>NSF</AGENCY>
<AwardEffectiveDate>08/01/2023</AwardEffectiveDate>
<AwardExpirationDate>07/31/2026</AwardExpirationDate>
<AwardTotalIntnAmount>298652.00</AwardTotalIntnAmount>
<AwardAmount>298652</AwardAmount>
<AwardInstrument>
<Value>Standard Grant</Value>
</AwardInstrument>
<Organization>
<Code>11060000</Code>
<Directorate>
<Abbreviation>EDU</Abbreviation>
<LongName>Directorate for STEM Education</LongName>
</Directorate>
<Division>
<Abbreviation>EES</Abbreviation>
<LongName>Div. of Equity for Excellence in STEM</LongName>
</Division>
</Organization>
<ProgramOfficer>
<SignBlockName>Carleitta Paige-Anderson</SignBlockName>
<PO_EMAI>cpaigean@nsf.gov</PO_EMAI>
<PO_PHON>7032922816</PO_PHON>
</ProgramOfficer>
<AbstractNarration>HBCU-UP’s Research Initiation Awards provide support for STEM faculty to pursue research activities to further their research capabilities and effectiveness and help enhance research and teaching at HBCUs. This project at Alabama State University will conduct research aimed at developing new integrated artificial intelligence (AI)-based models to automatically detect web application logic vulnerabilities and to protect cyberspace from ever-evolving evasive malware-based cyberattacks. Cyberspace is now a foundation of our nation's economy and vital to our national security. The threat posed by cyberattacks is growing and this this initiative represents a new research area (AI-based cybersecurity) at the institution, an HBCU with more than 92% underrepresented minority undergraduates in STEM. This project will improve teaching and learning through the development of innovative methods for incorporating cybersecurity and secure software development methodologies into teaching and undergraduate research projects across multiple STEM disciplines, including but not limited to Computer Science, Mathematics, Biology, and Biomedical Engineering, thus having a broader impact on the STEM majors, their professional development, and retention. This project will expand the nation's cyber security workforce, with a focus on engagement of students from minoritized groups.&lt;br/&gt;&lt;br/&gt;Cybercriminals utilize polymorphic malware to avoid antivirus protection by changing the binary code or script. They use trojanized apps, tools, and services to spread highly elusive malware. Evasive malware requires an efficient, resilient, and scalable malware detection mechanism. Modern data processing and malware defense solutions are needed. The goal of the proposed research is to develop an integrated AI-based model to defend against present and future evasive malware attacks. The specific aims of this project are to: 1) elucidate the factors that influence the security and vulnerabilities, 2) develop a new AI-based model for the automatic discovery of malwares through static analysis, 3) develop a new black-box AI-based model for the automatic discovery of malwares strains through dynamic analysis, 4) develop a cybersecurity testbed for training and evaluating cybersecurity operations, 5) providing cybersecurity datasets to researchers, 6) train HBCU undergraduate students in cybersecurity through undergraduate research projects, and 7) improve public cybersecurity awareness through community workshops and outreach events. The project goal will be achieved through a two-stage (static and dynamic analysis) strategy that combines the following AI techniques: graphical neural networks (GNN), fuzzy/similarity hashing (SSDEEP), and bidirectional Mass-Conserving Long Short-Term Memory (biMC-LSTM) deep-learning network. This project's intellectual contribution will consist of 1) two novel AI-based black-box models designed to combat malware evasion tactics, and 2) a revolutionary deep-learning neural network model called bidirectional MC-LSTM, which will help cybersecurity experts predict cyber occurrences and conduct digital forensics on past events, 3) a method for extracting software program behavior from unstructured event records using a graphical deep neural network (GNN). This will assist researchers in identifying similarities between malware families and preventing recurrence of similar events.&lt;br/&gt;&lt;br/&gt;This award reflects NSF's statutory mission and has been deemed worthy of support through evaluation using the Foundation's intellectual merit and broader impacts review criteria.</AbstractNarration>
<MinAmdLetterDate>07/26/2023</MinAmdLetterDate>
<MaxAmdLetterDate>07/26/2023</MaxAmdLetterDate>
<ARRAAmount/>
<TRAN_TYPE>Grant</TRAN_TYPE>
<CFDA_NUM>47.076</CFDA_NUM>
<NSF_PAR_USE_FLAG>1</NSF_PAR_USE_FLAG>
<FUND_AGCY_CODE>4900</FUND_AGCY_CODE>
<AWDG_AGCY_CODE>4900</AWDG_AGCY_CODE>
<AwardID>2300405</AwardID>
<Investigator>
<FirstName>Uma</FirstName>
<LastName>Kannan</LastName>
<PI_MID_INIT/>
<PI_SUFX_NAME/>
<PI_FULL_NAME>Uma Kannan</PI_FULL_NAME>
<EmailAddress><![CDATA[ukannan@alasu.edu]]></EmailAddress>
<NSF_ID>000738965</NSF_ID>
<StartDate>07/26/2023</StartDate>
<EndDate/>
<RoleCode>Principal Investigator</RoleCode>
</Investigator>
<Institution>
<Name><![CDATA[Alabama State University]]></Name>
<CityName>MONTGOMERY</CityName>
<ZipCode>361045714</ZipCode>
<PhoneNumber>3342294243</PhoneNumber>
<StreetAddress><![CDATA[915 S JACKSON ST]]></StreetAddress>
<StreetAddress2/>
<CountryName>United States</CountryName>
<StateName>Alabama</StateName>
<StateCode>AL</StateCode>
<CONGRESSDISTRICT>07</CONGRESSDISTRICT>
<CONGRESS_DISTRICT_ORG>AL07</CONGRESS_DISTRICT_ORG>
<ORG_UEI_NUM>DLJWLMSNK627</ORG_UEI_NUM>
<ORG_LGL_BUS_NAME>ALABAMA STATE UNIVERSITY</ORG_LGL_BUS_NAME>
<ORG_PRNT_UEI_NUM>Q2J8FSU3UDG3</ORG_PRNT_UEI_NUM>
</Institution>
<Performance_Institution>
<Name><![CDATA[Alabama State University]]></Name>
<CityName>MONTGOMERY</CityName>
<StateCode>AL</StateCode>
<ZipCode>361045732</ZipCode>
<StreetAddress><![CDATA[915 S JACKSON ST]]></StreetAddress>
<CountryCode>US</CountryCode>
<CountryName>United States</CountryName>
<StateName>Alabama</StateName>
<CountryFlag>1</CountryFlag>
<CONGRESSDISTRICT>07</CONGRESSDISTRICT>
<CONGRESS_DISTRICT_PERF>AL07</CONGRESS_DISTRICT_PERF>
</Performance_Institution>
<ProgramElement>
<Code>159400</Code>
<Text>Hist Black Colleges and Univ</Text>
</ProgramElement>
<Appropriation>
<Code/>
<Name/>
<APP_SYMB_ID/>
</Appropriation>
<Fund>
<Code>04002324DB</Code>
<Name><![CDATA[NSF STEM Education]]></Name>
<FUND_SYMB_ID>040106</FUND_SYMB_ID>
</Fund>
<FUND_OBLG>2023~298652</FUND_OBLG>
</Award>
</rootTag>
