<?xml version="1.0" encoding="UTF-8"?>
<rootTag>
<Award>
<AwardTitle><![CDATA[I-Corps: Affordable and Reliable Autonomous Wheelchair]]></AwardTitle>
<AGENCY>NSF</AGENCY>
<AwardEffectiveDate>03/15/2023</AwardEffectiveDate>
<AwardExpirationDate>02/29/2024</AwardExpirationDate>
<AwardTotalIntnAmount>50000.00</AwardTotalIntnAmount>
<AwardAmount>50000</AwardAmount>
<AwardInstrument>
<Value>Standard Grant</Value>
</AwardInstrument>
<Organization>
<Code>15030000</Code>
<Directorate>
<Abbreviation>TIP</Abbreviation>
<LongName>Dir for Tech, Innovation, &amp; Partnerships</LongName>
</Directorate>
<Division>
<Abbreviation>TI</Abbreviation>
<LongName>Translational Impacts</LongName>
</Division>
</Organization>
<ProgramOfficer>
<SignBlockName>Molly Wasko</SignBlockName>
<PO_EMAI>mwasko@nsf.gov</PO_EMAI>
<PO_PHON>7032924749</PO_PHON>
</ProgramOfficer>
<AbstractNarration>The broader impact/commercial potential of this I-Corps project is the development of technology to increase the mobility of existing power wheelchairs that are currently limited to usage over short travel distances and over short time periods. With an emphasis on the affordability of the autonomous wheelchair, end-users will enjoy the affordability benefits of the product. Autonomous wheelchairs will enhance safety and reduce injury due to inappropriate operation or unawareness of dangerous scenarios. Enhanced mobility can create a more equitable and inclusive environment for people in disadvantaged communities, enabling end-users to navigate independently in a crowd.&lt;br/&gt;&lt;br/&gt;This I-Corps project is based on the development of an autonomous driving wheelchair that may provide more efficient, affordable, reliable, and accessible transportation options for underserved and disadvantaged communities. The feasibility of developing affordable and reliable autonomous wheelchairs is demonstrated through an innovation for autonomous navigation. Based on initial research, the new navigation method can significantly reduce computation cost for computing collision-free navigation without sacrificing other performance attributes such as ride comfort.&lt;br/&gt;&lt;br/&gt;This award reflects NSF's statutory mission and has been deemed worthy of support through evaluation using the Foundation's intellectual merit and broader impacts review criteria.</AbstractNarration>
<MinAmdLetterDate>03/09/2023</MinAmdLetterDate>
<MaxAmdLetterDate>03/09/2023</MaxAmdLetterDate>
<ARRAAmount/>
<TRAN_TYPE>Grant</TRAN_TYPE>
<CFDA_NUM>47.084</CFDA_NUM>
<NSF_PAR_USE_FLAG>1</NSF_PAR_USE_FLAG>
<FUND_AGCY_CODE>4900</FUND_AGCY_CODE>
<AWDG_AGCY_CODE>4900</AWDG_AGCY_CODE>
<AwardID>2300677</AwardID>
<Investigator>
<FirstName>Zhimin</FirstName>
<LastName>Xi</LastName>
<PI_MID_INIT/>
<PI_SUFX_NAME/>
<PI_FULL_NAME>Zhimin Xi</PI_FULL_NAME>
<EmailAddress><![CDATA[zhimin.xi@rutgers.edu]]></EmailAddress>
<NSF_ID>000587941</NSF_ID>
<StartDate>03/09/2023</StartDate>
<EndDate/>
<RoleCode>Principal Investigator</RoleCode>
</Investigator>
<Institution>
<Name><![CDATA[Rutgers University New Brunswick]]></Name>
<CityName>NEW BRUNSWICK</CityName>
<ZipCode>089018559</ZipCode>
<PhoneNumber>8489320150</PhoneNumber>
<StreetAddress><![CDATA[3 RUTGERS PLZ]]></StreetAddress>
<StreetAddress2/>
<CountryName>United States</CountryName>
<StateName>New Jersey</StateName>
<StateCode>NJ</StateCode>
<CONGRESSDISTRICT>12</CONGRESSDISTRICT>
<CONGRESS_DISTRICT_ORG>NJ12</CONGRESS_DISTRICT_ORG>
<ORG_UEI_NUM>M1LVPE5GLSD9</ORG_UEI_NUM>
<ORG_LGL_BUS_NAME>RUTGERS, THE STATE UNIVERSITY</ORG_LGL_BUS_NAME>
<ORG_PRNT_UEI_NUM/>
</Institution>
<Performance_Institution>
<Name><![CDATA[Rutgers University New Brunswick]]></Name>
<CityName>NEW BRUNSWICK</CityName>
<StateCode>NJ</StateCode>
<ZipCode>089018559</ZipCode>
<StreetAddress><![CDATA[3 RUTGERS PLZA]]></StreetAddress>
<CountryCode>US</CountryCode>
<CountryName>United States</CountryName>
<StateName>New Jersey</StateName>
<CountryFlag>1</CountryFlag>
<CONGRESSDISTRICT>12</CONGRESSDISTRICT>
<CONGRESS_DISTRICT_PERF>NJ12</CONGRESS_DISTRICT_PERF>
</Performance_Institution>
<ProgramElement>
<Code>802300</Code>
<Text>I-Corps</Text>
</ProgramElement>
<ProgramReference>
<Code>5345</Code>
<Text>BIOMEDICAL ENGINEERING</Text>
</ProgramReference>
<Appropriation>
<Code/>
<Name/>
<APP_SYMB_ID/>
</Appropriation>
<Fund>
<Code>01002324DB</Code>
<Name><![CDATA[NSF RESEARCH & RELATED ACTIVIT]]></Name>
<FUND_SYMB_ID>040100</FUND_SYMB_ID>
</Fund>
<FUND_OBLG>2023~50000</FUND_OBLG>
<POR>
<DRECONTENT><![CDATA[<div class="porColContainerWBG"> <div class="porContentCol"><p>We have demonstrated that it is feasible to develop affordable and reliable autonomous wheelchairs using the proposed collision-free dynamic window approach (CF-DWA). This new navigation method requires significantly less computational cost compared to methods used in autonomous cars. We tested the feasibility using a Raspberry Pi 3B for navigation paired with a 2D LIDAR sensor. However, when adding a camera for navigation, the hardware should be upgraded to at least a Raspberry Pi 4 to ensure timely processing of sensor signals. Nevertheless, the overall hardware cost remains affordable under the defined navigation operational conditions. We have developed a Minimum Viable Product (MVP), as shown in Figure 1, to demonstrate this.</p> <p>Through extensive interviews with over 100 customers, we identified and developed the wheelchair customer ecosystem, as depicted in Figure 2. We have realized that autonomous features will not be covered by insurance companies; therefore, price should be an important consideration for the actual deployment of the autonomous wheelchair to a large population of wheelchair users, especially those with low or middle incomes.</p> <p>We have identified a set of major concerns from current wheelchair users:</p> <ul> <li>Wheelchair users fall and hit objects</li> <li>Wheelchair users break parts, partially due to the difficulty of control</li> <li>Wheelchair users desire greater mobility and accessibility</li> </ul> <p>These findings largely confirm our initial assumptions, and the developed autonomous wheelchair will enable end-users to navigate independently and safely.</p> <p>&nbsp;</p><br> <p>  Last Modified: 05/03/2024<br> Modified by: Zhimin&nbsp;Xi</p></div> <div class="porSideCol" ><div class="each-gallery"> <div class="galContent" id="gallery0"> <div class="photoCount" id="photoCount0">          Images (<span id="selectedPhoto0">1</span> of <span class="totalNumber"></span>)          </div> <div class="galControls onePhoto" id="controls0"></div> <div class="galSlideshow" id="slideshow0"></div> <div class="galEmbox" id="embox"> <div class="image-title"></div> </div> </div> <div class="galNavigation" id="navigation0"> <ul class="thumbs" id="thumbs0"> <li> <a href="/por/images/Reports/POR/2024/2300677/2300677_10851090_1714786844137_fig2___ecosystem--rgov-214x142.jpg" original="/por/images/Reports/POR/2024/2300677/2300677_10851090_1714786844137_fig2___ecosystem--rgov-800width.jpg" title="Wheelchair customer ecosystem"><img src="/por/images/Reports/POR/2024/2300677/2300677_10851090_1714786844137_fig2___ecosystem--rgov-66x44.jpg" alt="Wheelchair customer ecosystem"></a> <div class="imageCaptionContainer"> <div class="imageCaption">Wheelchair ecosystem diagram</div> <div class="imageCredit">Zhimin Xi</div> <div class="imagePermisssions">Copyrighted</div> <div class="imageSubmitted">Zhimin&nbsp;Xi <div class="imageTitle">Wheelchair customer ecosystem</div> </div> </li><li> <a href="/por/images/Reports/POR/2024/2300677/2300677_10851090_1714786740443_fig1___MVP--rgov-214x142.jpg" original="/por/images/Reports/POR/2024/2300677/2300677_10851090_1714786740443_fig1___MVP--rgov-800width.jpg" title="A Minimum Viable Product"><img src="/por/images/Reports/POR/2024/2300677/2300677_10851090_1714786740443_fig1___MVP--rgov-66x44.jpg" alt="A Minimum Viable Product"></a> <div class="imageCaptionContainer"> <div class="imageCaption">Design iteration of the control unit for an autonomous wheelchair</div> <div class="imageCredit">Zhimin Xi</div> <div class="imagePermisssions">Copyrighted</div> <div class="imageSubmitted">Zhimin&nbsp;Xi <div class="imageTitle">A Minimum Viable Product</div> </div> </li></ul> </div> </div></div> </div>]]></DRECONTENT>
<POR_COPY_TXT><![CDATA[  We have demonstrated that it is feasible to develop affordable and reliable autonomous wheelchairs using the proposed collision-free dynamic window approach (CF-DWA). This new navigation method requires significantly less computational cost compared to methods used in autonomous cars. We tested the feasibility using a Raspberry Pi 3B for navigation paired with a 2D LIDAR sensor. However, when adding a camera for navigation, the hardware should be upgraded to at least a Raspberry Pi 4 to ensure timely processing of sensor signals. Nevertheless, the overall hardware cost remains affordable under the defined navigation operational conditions. We have developed a Minimum Viable Product (MVP), as shown in Figure 1, to demonstrate this.   Through extensive interviews with over 100 customers, we identified and developed the wheelchair customer ecosystem, as depicted in Figure 2. We have realized that autonomous features will not be covered by insurance companies; therefore, price should be an important consideration for the actual deployment of the autonomous wheelchair to a large population of wheelchair users, especially those with low or middle incomes.   We have identified a set of major concerns from current wheelchair users:  Wheelchair users fall and hit objects Wheelchair users break parts, partially due to the difficulty of control Wheelchair users desire greater mobility and accessibility    These findings largely confirm our initial assumptions, and the developed autonomous wheelchair will enable end-users to navigate independently and safely.        Last Modified: 05/03/2024       Submitted by: ZhiminXi]]></POR_COPY_TXT>
</POR>
</Award>
</rootTag>
