<?xml version="1.0" encoding="UTF-8"?>
<rootTag>
<Award>
<AwardTitle><![CDATA[Research Initiation Award: A Deeper Look at Transmembrane Permeability in Plants and its Implications to Food Security]]></AwardTitle>
<AGENCY>NSF</AGENCY>
<AwardEffectiveDate>09/01/2023</AwardEffectiveDate>
<AwardExpirationDate>08/31/2026</AwardExpirationDate>
<AwardTotalIntnAmount>299828.00</AwardTotalIntnAmount>
<AwardAmount>299828</AwardAmount>
<AwardInstrument>
<Value>Standard Grant</Value>
</AwardInstrument>
<Organization>
<Code>11060000</Code>
<Directorate>
<Abbreviation>EDU</Abbreviation>
<LongName>Directorate for STEM Education</LongName>
</Directorate>
<Division>
<Abbreviation>EES</Abbreviation>
<LongName>Div. of Equity for Excellence in STEM</LongName>
</Division>
</Organization>
<ProgramOfficer>
<SignBlockName>Carleitta Paige-Anderson</SignBlockName>
<PO_EMAI>cpaigean@nsf.gov</PO_EMAI>
<PO_PHON>7032922816</PO_PHON>
</ProgramOfficer>
<AbstractNarration>The Historically Black Colleges and Universities Undergraduate Program (HBCU-UP) through Research Initiation Awards provide support for junior and mid-career faculty at Historically Black Colleges and Universities who are building new research programs or redirecting and rebuilding existing research programs. It is expected that the award helps to further the faculty member's research capability and effectiveness and improve research and teaching at the home institution. This award to Savannah State University supports faculty and undergraduate research experiences to develop tools that will predict a plant’s ability to transport contaminants from the soil and subsequent translocation throughout the plant. Specifically, utilizing computer simulations and biological validation techniques, the project may reveal mechanistic insights in plant biology. Furthermore, uptake of environmental contaminants by plant roots and their subsequent translocation to the edible parts may have serious implications to the food security. &lt;br/&gt;&lt;br/&gt;Plants provide a fundamental fraction of the human food and are the primary source of nutrition for livestock. This research project advances the fundamental knowledge of plant uptake and translocation of emerging contaminants by considering the role of physicochemical properties and fundamental plant materials. The project offers new approaches for assessing root-water partitioning and transmembrane permeability at molecular and large scales. At the molecular level, the interactions of contaminants with plant roots will be examined using molecular dynamics simulation. At the large level, artificial intelligence (AI) and machine learning (ML) techniques will be used to determine the uptake variability in different plant species based on transmembrane permeability. Neural networks, fuzzy logic, and clustering algorithms are some of the AI/ML techniques that will be employed to perform the simulations. The plant species with potential for phytoremediation and plant species with higher possibility of contamination in their edible tissues will be determined using these analyses. A tiny machine learning (TinyML) system will be developed to detect emerging contaminants in plants through image processing. This system uses a computer vision model to find plants impacted by emerging contaminants. This project has the potential to provide an easy-to-use tool to analyze crop contamination and plant uptake of the emerging contaminants.&lt;br/&gt;&lt;br/&gt;This award reflects NSF's statutory mission and has been deemed worthy of support through evaluation using the Foundation's intellectual merit and broader impacts review criteria.</AbstractNarration>
<MinAmdLetterDate>08/23/2023</MinAmdLetterDate>
<MaxAmdLetterDate>08/23/2023</MaxAmdLetterDate>
<ARRAAmount/>
<TRAN_TYPE>Grant</TRAN_TYPE>
<CFDA_NUM>47.076</CFDA_NUM>
<NSF_PAR_USE_FLAG>1</NSF_PAR_USE_FLAG>
<FUND_AGCY_CODE>4900</FUND_AGCY_CODE>
<AWDG_AGCY_CODE>4900</AWDG_AGCY_CODE>
<AwardID>2300369</AwardID>
<Investigator>
<FirstName>Majid</FirstName>
<LastName>Bagheri</LastName>
<PI_MID_INIT/>
<PI_SUFX_NAME/>
<PI_FULL_NAME>Majid Bagheri</PI_FULL_NAME>
<EmailAddress><![CDATA[bagherim@savannahstate.edu]]></EmailAddress>
<NSF_ID>000876014</NSF_ID>
<StartDate>08/23/2023</StartDate>
<EndDate/>
<RoleCode>Principal Investigator</RoleCode>
</Investigator>
<Institution>
<Name><![CDATA[Savannah State University]]></Name>
<CityName>SAVANNAH</CityName>
<ZipCode>314045254</ZipCode>
<PhoneNumber>9123584277</PhoneNumber>
<StreetAddress><![CDATA[3219 COLLEGE ST]]></StreetAddress>
<StreetAddress2/>
<CountryName>United States</CountryName>
<StateName>Georgia</StateName>
<StateCode>GA</StateCode>
<CONGRESSDISTRICT>01</CONGRESSDISTRICT>
<CONGRESS_DISTRICT_ORG>GA01</CONGRESS_DISTRICT_ORG>
<ORG_UEI_NUM>WUHNDWEE8WB7</ORG_UEI_NUM>
<ORG_LGL_BUS_NAME>SAVANNAH STATE UNIVERSITY</ORG_LGL_BUS_NAME>
<ORG_PRNT_UEI_NUM>SMV4HJLNJLP3</ORG_PRNT_UEI_NUM>
</Institution>
<Performance_Institution>
<Name><![CDATA[Savannah State University]]></Name>
<CityName>SAVANNAH</CityName>
<StateCode>GA</StateCode>
<ZipCode>314045254</ZipCode>
<StreetAddress><![CDATA[3219 COLLEGE ST]]></StreetAddress>
<CountryCode>US</CountryCode>
<CountryName>United States</CountryName>
<StateName>Georgia</StateName>
<CountryFlag>1</CountryFlag>
<CONGRESSDISTRICT>01</CONGRESSDISTRICT>
<CONGRESS_DISTRICT_PERF>GA01</CONGRESS_DISTRICT_PERF>
</Performance_Institution>
<ProgramElement>
<Code>159400</Code>
<Text>Hist Black Colleges and Univ</Text>
</ProgramElement>
<ProgramReference>
<Code>9178</Code>
<Text>UNDERGRADUATE EDUCATION</Text>
</ProgramReference>
<Appropriation>
<Code/>
<Name/>
<APP_SYMB_ID/>
</Appropriation>
<Fund>
<Code>04002324DB</Code>
<Name><![CDATA[NSF STEM Education]]></Name>
<FUND_SYMB_ID>040106</FUND_SYMB_ID>
</Fund>
<FUND_OBLG>2023~299828</FUND_OBLG>
</Award>
</rootTag>
