<?xml version="1.0" encoding="UTF-8"?>
<rootTag>
<Award>
<AwardTitle><![CDATA[Research Initiation Award: Enhancing the Decontamination Process of Food Borne Pathogens to Increase the Shelf Life of Food]]></AwardTitle>
<AGENCY>NSF</AGENCY>
<AwardEffectiveDate>09/01/2023</AwardEffectiveDate>
<AwardExpirationDate>08/31/2026</AwardExpirationDate>
<AwardTotalIntnAmount>299998.00</AwardTotalIntnAmount>
<AwardAmount>299998</AwardAmount>
<AwardInstrument>
<Value>Standard Grant</Value>
</AwardInstrument>
<Organization>
<Code>11060000</Code>
<Directorate>
<Abbreviation>EDU</Abbreviation>
<LongName>Directorate for STEM Education</LongName>
</Directorate>
<Division>
<Abbreviation>EES</Abbreviation>
<LongName>Div. of Equity for Excellence in STEM</LongName>
</Division>
</Organization>
<ProgramOfficer>
<SignBlockName>Carleitta Paige-Anderson</SignBlockName>
<PO_EMAI>cpaigean@nsf.gov</PO_EMAI>
<PO_PHON>7032922816</PO_PHON>
</ProgramOfficer>
<AbstractNarration>The Historically Black Colleges and Universities Undergraduate Program (HBCU-UP) through Research Initiation Awards provide support for junior and mid-career faculty at Historically Black Colleges and Universities who are building new research programs or redirecting and rebuilding existing research programs. It is expected that the award helps to further the faculty member's research capability and effectiveness and improve research and teaching at the home institution. This award to Albany State University supports faculty and undergraduate research experiences as they seek to improve the decontamination process of Escherichia coli O157:H7, non-typhoidal Salmonella and Listeria monocytogenes bacteria to increase the shelf life of different foods by utilizing elevated hydrostatic pressure/high pressure processing (HPP), mild temperature, and natural antimicrobials.&lt;br/&gt;&lt;br/&gt;&lt;br/&gt;The specific objectives of this project are to: 1) conduct a comprehensive study to compare traditional heat-based pasteurization and HPP decontamination process of Escherichia coli O157:H7, non-typhoidal Salmonella and Listeria monocytogenes with mild temperature; 2) evaluate the synergistic effect of natural antimicrobials combined with HPP to inactivate E. coli O157:H7, non-typhoidal Salmonella and L. monocytogenes; and 3) investigate biofilm formation of E. coli O157:H7, non-typhoidal Salmonella and L. monocytogenes over time on stainless steel and plastic surfaces at different pressure stress and temperatures. This project is expected to enhance foodborne pathogen decontamination using the synergistic effect of less than 600mpa pressure combined with other environmental factors such as mild temperatures and antimicrobials that will assure the quality and fitness of food for distribution. These results can also help food industries to validate existing food decontamination processes and improve food cost effectiveness. Additionally, the development of this research focus at Albany State University will strengthen and improve the existing food safety knowledge, practice, and attitudes of undergraduate students, as well as enhance the STEM education learning experience.&lt;br/&gt;&lt;br/&gt;This award reflects NSF's statutory mission and has been deemed worthy of support through evaluation using the Foundation's intellectual merit and broader impacts review criteria.</AbstractNarration>
<MinAmdLetterDate>08/23/2023</MinAmdLetterDate>
<MaxAmdLetterDate>08/23/2023</MaxAmdLetterDate>
<ARRAAmount/>
<TRAN_TYPE>Grant</TRAN_TYPE>
<CFDA_NUM>47.076</CFDA_NUM>
<NSF_PAR_USE_FLAG>1</NSF_PAR_USE_FLAG>
<FUND_AGCY_CODE>4900</FUND_AGCY_CODE>
<AWDG_AGCY_CODE>4900</AWDG_AGCY_CODE>
<AwardID>2300416</AwardID>
<Investigator>
<FirstName>Md Niamul</FirstName>
<LastName>Kabir</LastName>
<PI_MID_INIT/>
<PI_SUFX_NAME/>
<PI_FULL_NAME>Md Niamul Kabir</PI_FULL_NAME>
<EmailAddress><![CDATA[mdniamul.kabir@asurams.edu]]></EmailAddress>
<NSF_ID>000873165</NSF_ID>
<StartDate>08/23/2023</StartDate>
<EndDate/>
<RoleCode>Principal Investigator</RoleCode>
</Investigator>
<Institution>
<Name><![CDATA[Albany State University]]></Name>
<CityName>ALBANY</CityName>
<ZipCode>317052796</ZipCode>
<PhoneNumber>2294302799</PhoneNumber>
<StreetAddress><![CDATA[504 COLLEGE DR]]></StreetAddress>
<StreetAddress2/>
<CountryName>United States</CountryName>
<StateName>Georgia</StateName>
<StateCode>GA</StateCode>
<CONGRESSDISTRICT>02</CONGRESSDISTRICT>
<CONGRESS_DISTRICT_ORG>GA02</CONGRESS_DISTRICT_ORG>
<ORG_UEI_NUM>JEJGGM9MT7V9</ORG_UEI_NUM>
<ORG_LGL_BUS_NAME>ALBANY STATE UNIVERSITY</ORG_LGL_BUS_NAME>
<ORG_PRNT_UEI_NUM/>
</Institution>
<Performance_Institution>
<Name><![CDATA[Albany State University]]></Name>
<CityName>ALBANY</CityName>
<StateCode>GA</StateCode>
<ZipCode>317052796</ZipCode>
<StreetAddress><![CDATA[504 COLLEGE DR]]></StreetAddress>
<CountryCode>US</CountryCode>
<CountryName>United States</CountryName>
<StateName>Georgia</StateName>
<CountryFlag>1</CountryFlag>
<CONGRESSDISTRICT>02</CONGRESSDISTRICT>
<CONGRESS_DISTRICT_PERF>GA02</CONGRESS_DISTRICT_PERF>
</Performance_Institution>
<ProgramElement>
<Code>159400</Code>
<Text>Hist Black Colleges and Univ</Text>
</ProgramElement>
<ProgramReference>
<Code>9178</Code>
<Text>UNDERGRADUATE EDUCATION</Text>
</ProgramReference>
<Appropriation>
<Code/>
<Name/>
<APP_SYMB_ID/>
</Appropriation>
<Fund>
<Code>04002324DB</Code>
<Name><![CDATA[NSF STEM Education]]></Name>
<FUND_SYMB_ID>040106</FUND_SYMB_ID>
</Fund>
<FUND_OBLG>2023~299998</FUND_OBLG>
</Award>
</rootTag>
