<?xml version="1.0" encoding="UTF-8"?>
<rootTag>
<Award>
<AwardTitle><![CDATA[Travel: CSR: Small: NSF Student Travel Grant for 2023 IEEE International Conference on Pervasive Computing and Communications (PerCom)]]></AwardTitle>
<AGENCY>NSF</AGENCY>
<AwardEffectiveDate>12/15/2022</AwardEffectiveDate>
<AwardExpirationDate>11/30/2023</AwardExpirationDate>
<AwardTotalIntnAmount>25000.00</AwardTotalIntnAmount>
<AwardAmount>25000</AwardAmount>
<AwardInstrument>
<Value>Standard Grant</Value>
</AwardInstrument>
<Organization>
<Code>05050000</Code>
<Directorate>
<Abbreviation>CSE</Abbreviation>
<LongName>Direct For Computer &amp; Info Scie &amp; Enginr</LongName>
</Directorate>
<Division>
<Abbreviation>CNS</Abbreviation>
<LongName>Division Of Computer and Network Systems</LongName>
</Division>
</Organization>
<ProgramOfficer>
<SignBlockName>Marilyn McClure</SignBlockName>
<PO_EMAI>mmcclure@nsf.gov</PO_EMAI>
<PO_PHON>7032925197</PO_PHON>
</ProgramOfficer>
<AbstractNarration>This award is to assist US-based students to attend the 2023 IEEE International Conference on Pervasive Computing and Communications (PerCom) to be held in Atlanta, Georgia on March 13-17, 2023. Participation in PerCom 2023 and similar conferences are valuable and important activities of the graduate school experience. It provides students with the opportunity to interact with more senior researchers and exposes students to leading work and practical industry practices in this important area of research. This may have an important impact on career development. &lt;br/&gt;&lt;br/&gt;The conference spans five days and will consist of technical paper presentations, panels, industry presentations, posters, and demonstrations. It will also feature keynote speeches from leading researchers and practitioners in the field. &lt;br/&gt;&lt;br/&gt;Student travel to conferences is an important activity. Funds will be dispersed with preference given to students who would not otherwise be able to attend the conference and paying particular attention to diversity and relevance of the student's research interest.&lt;br/&gt;&lt;br/&gt;This award reflects NSF's statutory mission and has been deemed worthy of support through evaluation using the Foundation's intellectual merit and broader impacts review criteria.</AbstractNarration>
<MinAmdLetterDate>12/06/2022</MinAmdLetterDate>
<MaxAmdLetterDate>12/06/2022</MaxAmdLetterDate>
<ARRAAmount/>
<TRAN_TYPE>Grant</TRAN_TYPE>
<CFDA_NUM>47.070</CFDA_NUM>
<NSF_PAR_USE_FLAG>1</NSF_PAR_USE_FLAG>
<FUND_AGCY_CODE>4900</FUND_AGCY_CODE>
<AWDG_AGCY_CODE>4900</AWDG_AGCY_CODE>
<AwardID>2300661</AwardID>
<Investigator>
<FirstName>Nirmalya</FirstName>
<LastName>Roy</LastName>
<PI_MID_INIT/>
<PI_SUFX_NAME/>
<PI_FULL_NAME>Nirmalya Roy</PI_FULL_NAME>
<EmailAddress><![CDATA[nroy@umbc.edu]]></EmailAddress>
<NSF_ID>000615120</NSF_ID>
<StartDate>12/06/2022</StartDate>
<EndDate/>
<RoleCode>Principal Investigator</RoleCode>
</Investigator>
<Institution>
<Name><![CDATA[University of Maryland Baltimore County]]></Name>
<CityName>BALTIMORE</CityName>
<ZipCode>212500001</ZipCode>
<PhoneNumber>4104553140</PhoneNumber>
<StreetAddress><![CDATA[1000 HILLTOP CIR]]></StreetAddress>
<StreetAddress2/>
<CountryName>United States</CountryName>
<StateName>Maryland</StateName>
<StateCode>MD</StateCode>
<CONGRESSDISTRICT>07</CONGRESSDISTRICT>
<CONGRESS_DISTRICT_ORG>MD07</CONGRESS_DISTRICT_ORG>
<ORG_UEI_NUM>RNKYWXURFRL5</ORG_UEI_NUM>
<ORG_LGL_BUS_NAME>UNIVERSITY OF MARYLAND BALTIMORE COUNTY</ORG_LGL_BUS_NAME>
<ORG_PRNT_UEI_NUM/>
</Institution>
<Performance_Institution>
<Name><![CDATA[University of Maryland Baltimore County]]></Name>
<CityName>BALTIMORE</CityName>
<StateCode>MD</StateCode>
<ZipCode>212500001</ZipCode>
<StreetAddress><![CDATA[1000 HILLTOP CIR]]></StreetAddress>
<CountryCode>US</CountryCode>
<CountryName>United States</CountryName>
<StateName>Maryland</StateName>
<CountryFlag>1</CountryFlag>
<CONGRESSDISTRICT>07</CONGRESSDISTRICT>
<CONGRESS_DISTRICT_PERF>MD07</CONGRESS_DISTRICT_PERF>
</Performance_Institution>
<ProgramElement>
<Code>735400</Code>
<Text>CSR-Computer Systems Research</Text>
</ProgramElement>
<ProgramReference>
<Code>7556</Code>
<Text>CONFERENCE AND WORKSHOPS</Text>
</ProgramReference>
<Appropriation>
<Code/>
<Name/>
<APP_SYMB_ID/>
</Appropriation>
<Fund>
<Code>01002324DB</Code>
<Name><![CDATA[NSF RESEARCH & RELATED ACTIVIT]]></Name>
<FUND_SYMB_ID>040100</FUND_SYMB_ID>
</Fund>
<FUND_OBLG>2023~25000</FUND_OBLG>
<POR>
<DRECONTENT><![CDATA[<div class="porColContainerWBG"> <div class="porContentCol"><p>The IEEE International Conference on Pervasive Computing and Communications (PerCom) is the flagship conference of the pervasive computing community. Established in 2003, the conference is sponsored by the IEEE Computer Society&rsquo;s Technical Committee on Distributed Computing (TCDP) and Technical Committee on Computer Communications (TCCC). The 21<sup>st</sup>&nbsp;edition of the conference IEEE PerCom 2023 was held in Atlanta, Georgia on March 13-17, 2023 (<a href="http://www.percom.org/">www.percom.org</a>). The conference offered a valuable opportunity to present cutting-edge research results, learn about state-of-the-art advances in pervasive computing, systems and applications, and train doctoral and master&rsquo;s research students through PhD forum and other interactive sessions like workshops, demos, posters, and work-in-progress. NSF provided travel support to US-based students (including women and under-represented minority groups) to attend IEEE PerCom 2023.</p> <p>The conference program featured a diverse mix of the different sessions such as technical sessions of outstanding research paper presentations in the main conference for three days (March 13-17, 2023); 18 targeted workshops on cutting-edge themes on Monday (March 13) and Friday (March 17); live demos of cool projects in a wide variety if pervasive computing systems and services in action; 2 insightful keynote talks; exciting panel discussions; Ph.D. Forum; posters; and work-in-progress sessions. The conference was attended by 283 participants from the various parts of the world.</p> <p>This NSF travel grant helped support 26 US-based students to attend IEEE Percom 2023 in Atlanta from March 13-17, 2023, including 7 women and 2 minority students. The supported students have interacted with their peers and learnt from their research experiences.&nbsp;<span>The NSF travel grant played a significant role in facilitating the students&rsquo; participation and fostering the PerCom conference environment that encouraged collaboration, networking, and knowledge sharing among researchers.&nbsp;&nbsp;</span></p><br> <p>  Last Modified: 04/25/2024<br> Modified by: Nirmalya&nbsp;Roy</p></div> <div class="porSideCol" ><div class="each-gallery"> <div class="galContent" id="gallery0"> <div class="photoCount" id="photoCount0">          Image         </div> <div class="galControls onePhoto" id="controls0"></div> <div class="galSlideshow" id="slideshow0"></div> <div class="galEmbox" id="embox"> <div class="image-title"></div> </div> </div> <div class="galNavigation onePhoto" id="navigation0"> <ul class="thumbs" id="thumbs0"> <li> <a href="/por/images/Reports/POR/2024/2300661/2300661_10839863_1712843223199_IMG_0921--rgov-214x142.jpeg" original="/por/images/Reports/POR/2024/2300661/2300661_10839863_1712843223199_IMG_0921--rgov-800width.jpeg" title="PerCom 2023 NSF Travel Awardees in Atlanta"><img src="/por/images/Reports/POR/2024/2300661/2300661_10839863_1712843223199_IMG_0921--rgov-66x44.jpeg" alt="PerCom 2023 NSF Travel Awardees in Atlanta"></a> <div class="imageCaptionContainer"> <div class="imageCaption">NSF IEEE PerCom 2023 Student Travel Awardees with NSF Program Directors</div> <div class="imageCredit">Nirmalya Roy</div> <div class="imagePermisssions">Copyrighted</div> <div class="imageSubmitted">Nirmalya&nbsp;Roy <div class="imageTitle">PerCom 2023 NSF Travel Awardees in Atlanta</div> </div> </li></ul> </div> </div></div> </div>]]></DRECONTENT>
<POR_COPY_TXT><![CDATA[  The IEEE International Conference on Pervasive Computing and Communications (PerCom) is the flagship conference of the pervasive computing community. Established in 2003, the conference is sponsored by the IEEE Computer Societys Technical Committee on Distributed Computing (TCDP) and Technical Committee on Computer Communications (TCCC). The 21stedition of the conference IEEE PerCom 2023 was held in Atlanta, Georgia on March 13-17, 2023 (www.percom.org). The conference offered a valuable opportunity to present cutting-edge research results, learn about state-of-the-art advances in pervasive computing, systems and applications, and train doctoral and masters research students through PhD forum and other interactive sessions like workshops, demos, posters, and work-in-progress. NSF provided travel support to US-based students (including women and under-represented minority groups) to attend IEEE PerCom 2023.   The conference program featured a diverse mix of the different sessions such as technical sessions of outstanding research paper presentations in the main conference for three days (March 13-17, 2023); 18 targeted workshops on cutting-edge themes on Monday (March 13) and Friday (March 17); live demos of cool projects in a wide variety if pervasive computing systems and services in action; 2 insightful keynote talks; exciting panel discussions; Ph.D. Forum; posters; and work-in-progress sessions. The conference was attended by 283 participants from the various parts of the world.   This NSF travel grant helped support 26 US-based students to attend IEEE Percom 2023 in Atlanta from March 13-17, 2023, including 7 women and 2 minority students. The supported students have interacted with their peers and learnt from their research experiences.The NSF travel grant played a significant role in facilitating the students participation and fostering the PerCom conference environment that encouraged collaboration, networking, and knowledge sharing among researchers.     Last Modified: 04/25/2024       Submitted by: NirmalyaRoy]]></POR_COPY_TXT>
</POR>
</Award>
</rootTag>
