<?xml version="1.0" encoding="UTF-8"?>
<rootTag>
<Award>
<AwardTitle><![CDATA[The Effects of Family Engagement on STEM Learning and Motivation: A Systematic Review and Meta-Analysis]]></AwardTitle>
<AGENCY>NSF</AGENCY>
<AwardEffectiveDate>08/01/2023</AwardEffectiveDate>
<AwardExpirationDate>07/31/2026</AwardExpirationDate>
<AwardTotalIntnAmount>791850.00</AwardTotalIntnAmount>
<AwardAmount>791850</AwardAmount>
<AwardInstrument>
<Value>Standard Grant</Value>
</AwardInstrument>
<Organization>
<Code>11090000</Code>
<Directorate>
<Abbreviation>EDU</Abbreviation>
<LongName>Directorate for STEM Education</LongName>
</Directorate>
<Division>
<Abbreviation>DRL</Abbreviation>
<LongName>Division Of Research On Learning</LongName>
</Division>
</Organization>
<ProgramOfficer>
<SignBlockName>Robert Ochsendorf</SignBlockName>
<PO_EMAI>rochsend@nsf.gov</PO_EMAI>
<PO_PHON>7032922760</PO_PHON>
</ProgramOfficer>
<AbstractNarration>Families play a crucial role in supporting and enhancing children’s academic, behavioral, and social-emotional development. Prior studies have consistently demonstrated numerous positive associations between family engagement and children’s learning, including minority students in urban areas, rural children, and across gender. Despite these positive findings, most of what is known is based on assessing the effects of family engagement (i.e., parent involvement and family-school partnerships) on children’s broad learning (e.g., general academic achievement). Large-scale reviews have paid little to no attention to how family engagement can specifically be used to support critical student STEM outcomes (e.g., STEM participation and motivation, math and science achievement). Further, little is known regarding how, for whom, and under what conditions family engagement interventions can be most effective. Uncovering the effectiveness, supportive conditions, and key elements that promote family engagement is especially timely and critical for historically marginalized students who have experienced disproportionate setbacks in math and science learning during the COVID-19 pandemic.&lt;br/&gt;&lt;br/&gt;This synthesis study includes a comprehensive systematic review and meta-analysis of research published since 2001 evaluating the impact of family engagement interventions on student STEM outcomes. The goal of this project is to (a) determine the effectiveness of family engagement interventions on STEM outcomes, (b) identify practices/components within interventions that are most effective for promoting STEM outcomes, and (c) reveal the extent to which the effects of family engagement interventions vary as a function of study quality and/or certain child, family, and community characteristics. This synthesis will include studies that employ experimental group design and single-case design research. Methods will include multivariate random-effects models with robust variance estimation, moderation analyses, and assessments of bias and missing data. Findings from this synthesis will create foundational knowledge, and provide school personnel and families with evidence-based practices to support student STEM learning and motivation. Additionally, exploring for whom and under what conditions family engagement interventions are most effective will inform targeted practices aimed at supporting disenfranchised students and families.&lt;br/&gt;&lt;br/&gt;The Discovery Research preK-12 program (DRK-12) seeks to significantly enhance the learning and teaching of science, technology, engineering and mathematics (STEM) by preK-12 students and teachers, through research and development of innovative resources, models and tools. Projects in the DRK-12 program build on fundamental research in STEM education and prior research and development efforts that provide theoretical and empirical justification for proposed projects. &lt;br/&gt;&lt;br/&gt;This award reflects NSF's statutory mission and has been deemed worthy of support through evaluation using the Foundation's intellectual merit and broader impacts review criteria.</AbstractNarration>
<MinAmdLetterDate>05/18/2023</MinAmdLetterDate>
<MaxAmdLetterDate>05/18/2023</MaxAmdLetterDate>
<ARRAAmount/>
<TRAN_TYPE>Grant</TRAN_TYPE>
<CFDA_NUM>47.076</CFDA_NUM>
<NSF_PAR_USE_FLAG>1</NSF_PAR_USE_FLAG>
<FUND_AGCY_CODE>4900</FUND_AGCY_CODE>
<AWDG_AGCY_CODE>4900</AWDG_AGCY_CODE>
<AwardID>2300490</AwardID>
<Investigator>
<FirstName>Tyler</FirstName>
<LastName>Smith</LastName>
<PI_MID_INIT>E</PI_MID_INIT>
<PI_SUFX_NAME/>
<PI_FULL_NAME>Tyler E Smith</PI_FULL_NAME>
<EmailAddress><![CDATA[smithtyle@missouri.edu]]></EmailAddress>
<NSF_ID>000902110</NSF_ID>
<StartDate>05/18/2023</StartDate>
<EndDate/>
<RoleCode>Principal Investigator</RoleCode>
</Investigator>
<Investigator>
<FirstName>Shannon</FirstName>
<LastName>Holmes</LastName>
<PI_MID_INIT/>
<PI_SUFX_NAME/>
<PI_FULL_NAME>Shannon Holmes</PI_FULL_NAME>
<EmailAddress><![CDATA[holmessr@missouri.edu]]></EmailAddress>
<NSF_ID>000905578</NSF_ID>
<StartDate>05/18/2023</StartDate>
<EndDate/>
<RoleCode>Co-Principal Investigator</RoleCode>
</Investigator>
<Investigator>
<FirstName>Rachel</FirstName>
<LastName>Santiago</LastName>
<PI_MID_INIT>T</PI_MID_INIT>
<PI_SUFX_NAME/>
<PI_FULL_NAME>Rachel T Santiago</PI_FULL_NAME>
<EmailAddress><![CDATA[rsantiago@missouri.edu]]></EmailAddress>
<NSF_ID>000905573</NSF_ID>
<StartDate>05/18/2023</StartDate>
<EndDate/>
<RoleCode>Co-Principal Investigator</RoleCode>
</Investigator>
<Institution>
<Name><![CDATA[University of Missouri-Columbia]]></Name>
<CityName>COLUMBIA</CityName>
<ZipCode>652113020</ZipCode>
<PhoneNumber>5738827560</PhoneNumber>
<StreetAddress><![CDATA[121 UNIVERSITY HALL]]></StreetAddress>
<StreetAddress2/>
<CountryName>United States</CountryName>
<StateName>Missouri</StateName>
<StateCode>MO</StateCode>
<CONGRESSDISTRICT>03</CONGRESSDISTRICT>
<CONGRESS_DISTRICT_ORG>MO03</CONGRESS_DISTRICT_ORG>
<ORG_UEI_NUM>SZPJL5ZRCLF4</ORG_UEI_NUM>
<ORG_LGL_BUS_NAME>UNIVERSITY OF MISSOURI SYSTEM</ORG_LGL_BUS_NAME>
<ORG_PRNT_UEI_NUM/>
</Institution>
<Performance_Institution>
<Name><![CDATA[University of Missouri-Columbia]]></Name>
<CityName>COLUMBIA</CityName>
<StateCode>MO</StateCode>
<ZipCode>652113020</ZipCode>
<StreetAddress><![CDATA[316 UNIVERSITY HALL]]></StreetAddress>
<CountryCode>US</CountryCode>
<CountryName>United States</CountryName>
<StateName>Missouri</StateName>
<CountryFlag>1</CountryFlag>
<CONGRESSDISTRICT>03</CONGRESSDISTRICT>
<CONGRESS_DISTRICT_PERF>MO03</CONGRESS_DISTRICT_PERF>
</Performance_Institution>
<ProgramElement>
<Code>764500</Code>
<Text>Discovery Research K-12</Text>
</ProgramElement>
<ProgramReference>
<Code>8817</Code>
<Text>STEM Learning &amp; Learning Environments</Text>
</ProgramReference>
<Appropriation>
<Code/>
<Name/>
<APP_SYMB_ID/>
</Appropriation>
<Fund>
<Code>04002324DB</Code>
<Name><![CDATA[NSF STEM Education]]></Name>
<FUND_SYMB_ID>040106</FUND_SYMB_ID>
</Fund>
<FUND_OBLG>2023~791850</FUND_OBLG>
</Award>
</rootTag>
