<?xml version="1.0" encoding="UTF-8"?>
<rootTag>
<Award>
<AwardTitle><![CDATA[Supporting Rural STEM Middle School Teachers and Career Counselors in the Development of Effective STEM Content and Career Development Experiences]]></AwardTitle>
<AGENCY>NSF</AGENCY>
<AwardEffectiveDate>07/01/2023</AwardEffectiveDate>
<AwardExpirationDate>06/30/2027</AwardExpirationDate>
<AwardTotalIntnAmount>2817700.00</AwardTotalIntnAmount>
<AwardAmount>1424516</AwardAmount>
<AwardInstrument>
<Value>Continuing Grant</Value>
</AwardInstrument>
<Organization>
<Code>11090000</Code>
<Directorate>
<Abbreviation>EDU</Abbreviation>
<LongName>Directorate for STEM Education</LongName>
</Directorate>
<Division>
<Abbreviation>DRL</Abbreviation>
<LongName>Division Of Research On Learning</LongName>
</Division>
</Organization>
<ProgramOfficer>
<SignBlockName>David Daniel</SignBlockName>
<PO_EMAI>ddaniel@nsf.gov</PO_EMAI>
<PO_PHON>7032920000</PO_PHON>
</ProgramOfficer>
<AbstractNarration>Rural youth, in particular, have limited opportunities to gain exposure, develop interests, and broaden participation in the STEM workforce. While school counselors may have extensive training in career development, STEM teachers face many challenges effectively infusing career development into their instruction. This project will provide rural STEM middle school teachers and career counselors professional development and the support needed to collaborate with each other and local community assets in designing, integrating, and implementing effective STEM content and career development activities. Local teams will co-develop project-based learning units that incorporate a place-based education perspective involving STEM assets, careers, and stakeholders from the local communities for middle school rural youth that intentionally infuse STEM careers in their area with STEM content. Research aims of the study seek to explore the sense of job satisfaction, isolation, and impact to STEM practice experienced by rural teachers and counselors as a result of their collaboration in this professional development model as well as student STEM-relevant motivation, self-efficacy, and learning after participating in the units.&lt;br/&gt; &lt;br/&gt;This project will examine the feasibility, acceptability, and appropriateness of a collaborative teacher development model on both teacher and career counselor career development, as well as student outcomes. Sixty middle school teachers and 30 school counselors from 16 rural schools that serve over 6,000 students will participate in an intensive, multi-faceted, professional development experience involving collaboration and curricular development. Researchers will use surveys, interviews, and focus groups to examine the impact of their collaboration experiences on teacher and career counselor professional development and practice. Student outcomes will include teacher assessments of students' deeper learning (i.e., creativity, innovation, critical thinking), the impact of collaboration, and students' self-reports of their STEM motivation, STEM career interests, and self-efficacy. In addition to impacts on middle school student interest in STEM careers, the formal evaluation of the core model will allow the research team to develop information on promising processes for inclusive design. Examples of the learning experiences deemed to be of high impact in the contexts in which the projects are to be carried out, enabling others to successfully implement place-based career infused authentic STEM problem-based learning across diverse contexts. The Discovery Research preK-12 program (DRK-12) seeks to significantly enhance the learning and teaching of science, technology, engineering and mathematics (STEM) by preK-12 students and teachers, through research and development of innovative resources, models and tools. Projects in the DRK-12 program build on fundamental research in STEM education and prior research and development efforts that provide theoretical and empirical justification for proposed projects.&lt;br/&gt;&lt;br/&gt;This award reflects NSF's statutory mission and has been deemed worthy of support through evaluation using the Foundation's intellectual merit and broader impacts review criteria.</AbstractNarration>
<MinAmdLetterDate>06/30/2023</MinAmdLetterDate>
<MaxAmdLetterDate>06/30/2023</MaxAmdLetterDate>
<ARRAAmount/>
<TRAN_TYPE>Grant</TRAN_TYPE>
<CFDA_NUM>47.076</CFDA_NUM>
<NSF_PAR_USE_FLAG>1</NSF_PAR_USE_FLAG>
<FUND_AGCY_CODE>4900</FUND_AGCY_CODE>
<AWDG_AGCY_CODE>4900</AWDG_AGCY_CODE>
<AwardID>2300747</AwardID>
<Investigator>
<FirstName>Dodie</FirstName>
<LastName>Limberg</LastName>
<PI_MID_INIT/>
<PI_SUFX_NAME/>
<PI_FULL_NAME>Dodie Limberg</PI_FULL_NAME>
<EmailAddress><![CDATA[dlimberg@sc.edu]]></EmailAddress>
<NSF_ID>000803461</NSF_ID>
<StartDate>06/30/2023</StartDate>
<EndDate/>
<RoleCode>Principal Investigator</RoleCode>
</Investigator>
<Investigator>
<FirstName>Matthew</FirstName>
<LastName>Irvin</LastName>
<PI_MID_INIT/>
<PI_SUFX_NAME/>
<PI_FULL_NAME>Matthew Irvin</PI_FULL_NAME>
<EmailAddress><![CDATA[irvinmj@mailbox.sc.edu]]></EmailAddress>
<NSF_ID>000623149</NSF_ID>
<StartDate>06/30/2023</StartDate>
<EndDate/>
<RoleCode>Co-Principal Investigator</RoleCode>
</Investigator>
<Investigator>
<FirstName>Christine</FirstName>
<LastName>Lotter</LastName>
<PI_MID_INIT>R</PI_MID_INIT>
<PI_SUFX_NAME/>
<PI_FULL_NAME>Christine R Lotter</PI_FULL_NAME>
<EmailAddress><![CDATA[lotter@mailbox.sc.edu]]></EmailAddress>
<NSF_ID>000271403</NSF_ID>
<StartDate>06/30/2023</StartDate>
<EndDate/>
<RoleCode>Co-Principal Investigator</RoleCode>
</Investigator>
<Investigator>
<FirstName>Angela</FirstName>
<LastName>Starrett</LastName>
<PI_MID_INIT/>
<PI_SUFX_NAME/>
<PI_FULL_NAME>Angela Starrett</PI_FULL_NAME>
<EmailAddress><![CDATA[Starrett@mailbox.sc.edu]]></EmailAddress>
<NSF_ID>000803903</NSF_ID>
<StartDate>06/30/2023</StartDate>
<EndDate/>
<RoleCode>Co-Principal Investigator</RoleCode>
</Investigator>
<Institution>
<Name><![CDATA[University of South Carolina at Columbia]]></Name>
<CityName>COLUMBIA</CityName>
<ZipCode>292083403</ZipCode>
<PhoneNumber>8037777093</PhoneNumber>
<StreetAddress><![CDATA[1600 HAMPTON ST]]></StreetAddress>
<StreetAddress2/>
<CountryName>United States</CountryName>
<StateName>South Carolina</StateName>
<StateCode>SC</StateCode>
<CONGRESSDISTRICT>06</CONGRESSDISTRICT>
<CONGRESS_DISTRICT_ORG>SC06</CONGRESS_DISTRICT_ORG>
<ORG_UEI_NUM>J22LNTMEDP73</ORG_UEI_NUM>
<ORG_LGL_BUS_NAME>UNIVERSITY OF SOUTH CAROLINA</ORG_LGL_BUS_NAME>
<ORG_PRNT_UEI_NUM>J22LNTMEDP73</ORG_PRNT_UEI_NUM>
</Institution>
<Performance_Institution>
<Name><![CDATA[University of South Carolina at Columbia]]></Name>
<CityName>COLUMBIA</CityName>
<StateCode>SC</StateCode>
<ZipCode>292083403</ZipCode>
<StreetAddress><![CDATA[1600 HAMPTON ST # 414]]></StreetAddress>
<CountryCode>US</CountryCode>
<CountryName>United States</CountryName>
<StateName>South Carolina</StateName>
<CountryFlag>1</CountryFlag>
<CONGRESSDISTRICT>06</CONGRESSDISTRICT>
<CONGRESS_DISTRICT_PERF>SC06</CONGRESS_DISTRICT_PERF>
</Performance_Institution>
<ProgramElement>
<Code>764500</Code>
<Text>Discovery Research K-12</Text>
</ProgramElement>
<ProgramReference>
<Code>7645</Code>
<Text>DISCOVERY RESEARCH K-12</Text>
</ProgramReference>
<ProgramReference>
<Code>8817</Code>
<Text>STEM Learning &amp; Learning Environments</Text>
</ProgramReference>
<Appropriation>
<Code/>
<Name/>
<APP_SYMB_ID/>
</Appropriation>
<Fund>
<Code>04002324DB</Code>
<Name><![CDATA[NSF STEM Education]]></Name>
<FUND_SYMB_ID>040106</FUND_SYMB_ID>
</Fund>
<FUND_OBLG>2023~1424516</FUND_OBLG>
</Award>
</rootTag>
