<?xml version="1.0" encoding="UTF-8"?>
<rootTag>
<Award>
<AwardTitle><![CDATA[Critical Aspects of Sustainability (CAS)-Climate: Actionable Heat and Carbon Mitigation by Urban Greening--Integrating Physical Modeling and Machine Learning for Decision Support]]></AwardTitle>
<AGENCY>NSF</AGENCY>
<AwardEffectiveDate>05/01/2023</AwardEffectiveDate>
<AwardExpirationDate>04/30/2026</AwardExpirationDate>
<AwardTotalIntnAmount>746097.00</AwardTotalIntnAmount>
<AwardAmount>746097</AwardAmount>
<AwardInstrument>
<Value>Standard Grant</Value>
</AwardInstrument>
<Organization>
<Code>06020000</Code>
<Directorate>
<Abbreviation>GEO</Abbreviation>
<LongName>Directorate For Geosciences</LongName>
</Directorate>
<Division>
<Abbreviation>AGS</Abbreviation>
<LongName>Div Atmospheric &amp; Geospace Sciences</LongName>
</Division>
</Organization>
<ProgramOfficer>
<SignBlockName>Chungu Lu</SignBlockName>
<PO_EMAI>clu@nsf.gov</PO_EMAI>
<PO_PHON>7032927110</PO_PHON>
</ProgramOfficer>
<AbstractNarration>This project seeks actionable climate solutions by using urban green infrastructure to mitigate heat, promote carbon neutrality, and support decision making processes in U.S. cities. Global urbanization in past decades, with concomitant burgeoning anthropogenic activities, has been the primary and the most irreversible driver to climate changes. Today, urban areas are accommodating 56% of the world population, consuming about 70% of energy, and producing about three quarters of global carbon emissions. Practically speaking, the sustainable future of human societies depends largely on urban sustainability. The research helps to unravel climate-carbon feedback and improve the awareness and preparedness of stakeholders, policy makers, and the general public to emergent patterns of local and regional climate changes. This project actively engages stakeholders, especially those from local cities, for project evaluation and outreach activities through regular meetings and annual workshops. In addition, this project involves participation of pre-college, undergraduate, and graduate students from ethnically underrepresented groups in education, research, and stakeholder engagement, to prompt the principle and initiatives of equity, diversity, and inclusion.&lt;br/&gt;&lt;br/&gt;This project integrates transdisciplinary quantitative and qualitative methods in the fields of atmospheric science, climate modeling, data science, and urban sustainability to discover nature-based solutions for sustainable urban development under changing climates. The overarching goal is to develop a transformative platform by integrating the physically based modeling of urban system dynamics and machine learning-based techniques in support of decision-making and urban planning. Specific research tasks and outcomes of this project include: (i) improving modeling capability of complex interplays between urban system dynamics and anthropogenic stressors in the built environment, (ii) creation of machine learning-based nimble surrogates for urban climate modeling to overcome high computational cost and other technical barriers, and (iii) bridging the gap between decision-making processes and climate modeling and enable discovery of sustainable nature-based solutions via synthesis analysis and multi-objective optimization. Furthermore, by recognizing that global climate changes are challenging to the socioeconomic growth and sustainable futures of cities worldwide, the new scalable platform enables policy makers to find and evaluate actionable mitigation and adaptation strategies that are tailored to city-specific development plans in a timely manner.&lt;br/&gt;&lt;br/&gt;This award reflects NSF's statutory mission and has been deemed worthy of support through evaluation using the Foundation's intellectual merit and broader impacts review criteria.</AbstractNarration>
<MinAmdLetterDate>05/08/2023</MinAmdLetterDate>
<MaxAmdLetterDate>05/08/2023</MaxAmdLetterDate>
<ARRAAmount/>
<TRAN_TYPE>Grant</TRAN_TYPE>
<CFDA_NUM>47.041, 47.050</CFDA_NUM>
<NSF_PAR_USE_FLAG>1</NSF_PAR_USE_FLAG>
<FUND_AGCY_CODE>4900</FUND_AGCY_CODE>
<AWDG_AGCY_CODE>4900</AWDG_AGCY_CODE>
<AwardID>2300548</AwardID>
<Investigator>
<FirstName>Tianfang</FirstName>
<LastName>Xu</LastName>
<PI_MID_INIT/>
<PI_SUFX_NAME/>
<PI_FULL_NAME>Tianfang Xu</PI_FULL_NAME>
<EmailAddress><![CDATA[tianfang.xu@asu.edu]]></EmailAddress>
<NSF_ID>000789593</NSF_ID>
<StartDate>05/08/2023</StartDate>
<EndDate/>
<RoleCode>Co-Principal Investigator</RoleCode>
</Investigator>
<Investigator>
<FirstName>Zhihua</FirstName>
<LastName>Wang</LastName>
<PI_MID_INIT/>
<PI_SUFX_NAME/>
<PI_FULL_NAME>Zhihua Wang</PI_FULL_NAME>
<EmailAddress><![CDATA[zhwang@asu.edu]]></EmailAddress>
<NSF_ID>000615379</NSF_ID>
<StartDate>05/08/2023</StartDate>
<EndDate/>
<RoleCode>Principal Investigator</RoleCode>
</Investigator>
<Investigator>
<FirstName>Bo</FirstName>
<LastName>Yang</LastName>
<PI_MID_INIT/>
<PI_SUFX_NAME/>
<PI_FULL_NAME>Bo Yang</PI_FULL_NAME>
<EmailAddress><![CDATA[boyang17@email.arizona.edu]]></EmailAddress>
<NSF_ID>000595997</NSF_ID>
<StartDate>05/08/2023</StartDate>
<EndDate/>
<RoleCode>Co-Principal Investigator</RoleCode>
</Investigator>
<Institution>
<Name><![CDATA[Arizona State University]]></Name>
<CityName>TEMPE</CityName>
<ZipCode>852813670</ZipCode>
<PhoneNumber>4809655479</PhoneNumber>
<StreetAddress><![CDATA[660 S MILL AVENUE STE 204]]></StreetAddress>
<StreetAddress2/>
<CountryName>United States</CountryName>
<StateName>Arizona</StateName>
<StateCode>AZ</StateCode>
<CONGRESSDISTRICT>04</CONGRESSDISTRICT>
<CONGRESS_DISTRICT_ORG>AZ04</CONGRESS_DISTRICT_ORG>
<ORG_UEI_NUM>NTLHJXM55KZ6</ORG_UEI_NUM>
<ORG_LGL_BUS_NAME>ARIZONA STATE UNIVERSITY</ORG_LGL_BUS_NAME>
<ORG_PRNT_UEI_NUM/>
</Institution>
<Performance_Institution>
<Name><![CDATA[Arizona State University]]></Name>
<CityName>TEMPE</CityName>
<StateCode>AZ</StateCode>
<ZipCode>852813670</ZipCode>
<StreetAddress><![CDATA[660 S MILL AVE STE 312]]></StreetAddress>
<CountryCode>US</CountryCode>
<CountryName>United States</CountryName>
<StateName>Arizona</StateName>
<CountryFlag>1</CountryFlag>
<CONGRESSDISTRICT>04</CONGRESSDISTRICT>
<CONGRESS_DISTRICT_PERF>AZ04</CONGRESS_DISTRICT_PERF>
</Performance_Institution>
<ProgramElement>
<Code>152500</Code>
<Text>Physical &amp; Dynamic Meteorology</Text>
</ProgramElement>
<ProgramElement>
<Code>764300</Code>
<Text>EnvS-Environmtl Sustainability</Text>
</ProgramElement>
<ProgramReference>
<Code>4444</Code>
<Text>INTERDISCIPLINARY PROPOSALS</Text>
</ProgramReference>
<Appropriation>
<Code/>
<Name/>
<APP_SYMB_ID/>
</Appropriation>
<Fund>
<Code>01002324DB</Code>
<Name><![CDATA[NSF RESEARCH & RELATED ACTIVIT]]></Name>
<FUND_SYMB_ID>040100</FUND_SYMB_ID>
</Fund>
<FUND_OBLG>2023~746097</FUND_OBLG>
</Award>
</rootTag>
