<?xml version="1.0" encoding="UTF-8"?>
<rootTag>
<Award>
<AwardTitle><![CDATA[GEM: Modeling and Analysis of Extreme Geomagnetically Induced Currents (GICs)]]></AwardTitle>
<AGENCY>NSF</AGENCY>
<AwardEffectiveDate>10/01/2022</AwardEffectiveDate>
<AwardExpirationDate>06/30/2025</AwardExpirationDate>
<AwardTotalIntnAmount>449411.00</AwardTotalIntnAmount>
<AwardAmount>464249</AwardAmount>
<AwardInstrument>
<Value>Standard Grant</Value>
</AwardInstrument>
<Organization>
<Code>06020000</Code>
<Directorate>
<Abbreviation>GEO</Abbreviation>
<LongName>Directorate For Geosciences</LongName>
</Directorate>
<Division>
<Abbreviation>AGS</Abbreviation>
<LongName>Div Atmospheric &amp; Geospace Sciences</LongName>
</Division>
</Organization>
<ProgramOfficer>
<SignBlockName>Chia-Lin Huang</SignBlockName>
<PO_EMAI>chihuang@nsf.gov</PO_EMAI>
<PO_PHON>7032927544</PO_PHON>
</ProgramOfficer>
<AbstractNarration>This award is funded in whole or in part under the American Rescue Plan Act of 2021 (Public Law 117-2). &lt;br/&gt;&lt;br/&gt;The primary objective of the this award is to advance the understanding of the fundamental processes that control the development and evolution of extreme geomagnetically induced currents (GICs). The horizontal geoelectric field induced at the Earth's surface is the primary quantity that determines the magnitude of GIC that flow on high-voltage power transmission networks. However, knowledge on many aspects of the dynamic solar wind-magnetosphere-ionosphere interactions that control the generation and evolution of the geoelectric fields is lacking, especially during extreme geomagnetic storms. The award would carry out a detailed characterization of the dynamic solar wind-magnetosphere-ionosphere processes that produce extreme geoelectric fields. Specifically, the award would address the science objectives: 1) What are the key high-latitude processes associated with the development and evolution of extreme geoelectric fields? (2) What is the role of field-aligned current meso-scale structures in the development of extreme geoelectric fields? (3) What are the key physical parameters/processes that control the auroral equatorward boundary expansion to lower latitudes? The award investigation is aligned with the White House-led National Science and Technology Council (National Space Weather Strategy and Action Plan, 2015/2019) that identified GICs as one of the top national threats. This award also contains a STEM education component in-which undergraduate students would be supported and mentored to advance knowledge and understanding while promoting teaching, training and learning. &lt;br/&gt;&lt;br/&gt;The award research plan features a comprehensive data analysis and modeling effort that would connect new multiscale understanding of the fundamental drivers of GICs with GIC modeling. Observations from AMPERE/Swarm, SuperMAG, THEMIS, DMSP, and SuperDARN would be combined with global magnetohydrodynamic (MHD) simulations to address the science questions. The University of Michigan, SWMF, a global MHD application available at the CCMC operating at NASA/GSFC, would carry out a tightly integrated analysis of numerical modeling in combination with observations. The magnetosphere and ionosphere processes would be examined to determine when, why, and how changes in magnetosphere, magnetotail, magnetopause and in ionosphere currents affect the electric field characteristics. An in-depth analysis would be performed to understand what in the magnetosphere causes the geoelectric field latitude boundary effect, and their relationship to the boundary location in the simulations and observations.&lt;br/&gt;&lt;br/&gt;This award reflects NSF's statutory mission and has been deemed worthy of support through evaluation using the Foundation's intellectual merit and broader impacts review criteria.</AbstractNarration>
<MinAmdLetterDate>11/04/2022</MinAmdLetterDate>
<MaxAmdLetterDate>05/26/2023</MaxAmdLetterDate>
<ARRAAmount/>
<TRAN_TYPE>Grant</TRAN_TYPE>
<CFDA_NUM>47.050</CFDA_NUM>
<NSF_PAR_USE_FLAG>1</NSF_PAR_USE_FLAG>
<FUND_AGCY_CODE>4900</FUND_AGCY_CODE>
<AWDG_AGCY_CODE>4900</AWDG_AGCY_CODE>
<AwardID>2300579</AwardID>
<Investigator>
<FirstName>Chigomezyo</FirstName>
<LastName>Ngwira</LastName>
<PI_MID_INIT/>
<PI_SUFX_NAME/>
<PI_FULL_NAME>Chigomezyo Ngwira</PI_FULL_NAME>
<EmailAddress><![CDATA[chigomezyo.ngwira@nasa.gov]]></EmailAddress>
<NSF_ID>000671640</NSF_ID>
<StartDate>11/04/2022</StartDate>
<EndDate/>
<RoleCode>Principal Investigator</RoleCode>
</Investigator>
<Institution>
<Name><![CDATA[Catholic University of America]]></Name>
<CityName>WASHINGTON</CityName>
<ZipCode>200640001</ZipCode>
<PhoneNumber>2026355000</PhoneNumber>
<StreetAddress><![CDATA[620 MICHIGAN AVE NE]]></StreetAddress>
<StreetAddress2/>
<CountryName>United States</CountryName>
<StateName>District of Columbia</StateName>
<StateCode>DC</StateCode>
<CONGRESSDISTRICT>00</CONGRESSDISTRICT>
<CONGRESS_DISTRICT_ORG>DC00</CONGRESS_DISTRICT_ORG>
<ORG_UEI_NUM>C31ES3WEAVQ5</ORG_UEI_NUM>
<ORG_LGL_BUS_NAME>CATHOLIC UNIVERSITY OF AMERICA (THE)</ORG_LGL_BUS_NAME>
<ORG_PRNT_UEI_NUM/>
</Institution>
<Performance_Institution>
<Name><![CDATA[Catholic University of America]]></Name>
<CityName>WASHINGTON</CityName>
<StateCode>DC</StateCode>
<ZipCode>200640001</ZipCode>
<StreetAddress><![CDATA[620 MICHIGAN AVE NE]]></StreetAddress>
<CountryCode>US</CountryCode>
<CountryName>United States</CountryName>
<StateName>District of Columbia</StateName>
<CountryFlag>1</CountryFlag>
<CONGRESSDISTRICT>00</CONGRESSDISTRICT>
<CONGRESS_DISTRICT_PERF>DC00</CONGRESS_DISTRICT_PERF>
</Performance_Institution>
<ProgramElement>
<Code>575000</Code>
<Text>MAGNETOSPHERIC PHYSICS</Text>
</ProgramElement>
<ProgramReference>
<Code>102Z</Code>
<Text>COVID-Disproportionate Impcts Inst-Indiv</Text>
</ProgramReference>
<Appropriation>
<Code/>
<Name/>
<APP_SYMB_ID/>
</Appropriation>
<Appropriation>
<Code/>
<Name/>
<APP_SYMB_ID/>
</Appropriation>
<Fund>
<Code>010V2122DB</Code>
<Name><![CDATA[R&RA ARP Act DEFC V]]></Name>
<FUND_SYMB_ID>040100</FUND_SYMB_ID>
</Fund>
<Fund>
<Code>01002324DB</Code>
<Name><![CDATA[NSF RESEARCH & RELATED ACTIVIT]]></Name>
<FUND_SYMB_ID>040100</FUND_SYMB_ID>
</Fund>
<FUND_OBLG>2021~386928</FUND_OBLG>
<FUND_OBLG>2023~77321</FUND_OBLG>
</Award>
</rootTag>
