<?xml version="1.0" encoding="UTF-8"?>
<rootTag>
<Award>
<AwardTitle><![CDATA[Research Initiation Award: Exploring Class A G-Protein Coupled Receptors (GPCRs)-Ligand Interaction through Machine Learning Approaches]]></AwardTitle>
<AGENCY>NSF</AGENCY>
<AwardEffectiveDate>07/15/2023</AwardEffectiveDate>
<AwardExpirationDate>06/30/2026</AwardExpirationDate>
<AwardTotalIntnAmount>300000.00</AwardTotalIntnAmount>
<AwardAmount>300000</AwardAmount>
<AwardInstrument>
<Value>Standard Grant</Value>
</AwardInstrument>
<Organization>
<Code>11060000</Code>
<Directorate>
<Abbreviation>EDU</Abbreviation>
<LongName>Directorate for STEM Education</LongName>
</Directorate>
<Division>
<Abbreviation>EES</Abbreviation>
<LongName>Div. of Equity for Excellence in STEM</LongName>
</Division>
</Organization>
<ProgramOfficer>
<SignBlockName>Carleitta Paige-Anderson</SignBlockName>
<PO_EMAI>cpaigean@nsf.gov</PO_EMAI>
<PO_PHON>7032922816</PO_PHON>
</ProgramOfficer>
<AbstractNarration>HBCU-UP’s Research Initiation Awards provide support for STEM faculty to pursue research activities to further their research capabilities and effectiveness and help enhance research and teaching at HBCUs. This award to Bowie State University has the potential to identify new drugs using machine learning (ML) methods and provide interdisciplinary training to students. The project focuses on identifying bonding ligands for Class A G protein-coupled receptors (GPCRs), which are the targets for 40-50% of all pharmaceuticals. The project aims to make significant contributions to drug discovery and provide training in emerging fields for HBCU undergraduate students. &lt;br/&gt;&lt;br/&gt;This project seeks to develop new molecular models and a machine learning approach pipeline for rapidly and accurately building 3D structural models of individual inhibitor/GPCR complexes without experimental structures. ML tools will be used to extract binding features from all complexes and deep learning models will be generated using GPCR protein-ligand complexes to identify novel molecules that target Class A GPCRs. The project has the potential to develop valuable tools for optimizing the potency and selectivity of new drugs at lower costs and higher efficiency. The project will build new opportunities for students in interdisciplinary science using ML techniques and contribute to developing a more diverse workforce.&lt;br/&gt;&lt;br/&gt;This award reflects NSF's statutory mission and has been deemed worthy of support through evaluation using the Foundation's intellectual merit and broader impacts review criteria.</AbstractNarration>
<MinAmdLetterDate>07/12/2023</MinAmdLetterDate>
<MaxAmdLetterDate>07/12/2023</MaxAmdLetterDate>
<ARRAAmount/>
<TRAN_TYPE>Grant</TRAN_TYPE>
<CFDA_NUM>47.076</CFDA_NUM>
<NSF_PAR_USE_FLAG>1</NSF_PAR_USE_FLAG>
<FUND_AGCY_CODE>4900</FUND_AGCY_CODE>
<AWDG_AGCY_CODE>4900</AWDG_AGCY_CODE>
<AwardID>2300475</AwardID>
<Investigator>
<FirstName>Konda Reddy</FirstName>
<LastName>Karnati</LastName>
<PI_MID_INIT/>
<PI_SUFX_NAME/>
<PI_FULL_NAME>Konda Reddy Karnati</PI_FULL_NAME>
<EmailAddress><![CDATA[kkarnati@bowiestate.edu]]></EmailAddress>
<NSF_ID>000814552</NSF_ID>
<StartDate>07/12/2023</StartDate>
<EndDate/>
<RoleCode>Principal Investigator</RoleCode>
</Investigator>
<Institution>
<Name><![CDATA[Bowie State University]]></Name>
<CityName>BOWIE</CityName>
<ZipCode>207159465</ZipCode>
<PhoneNumber>3018604399</PhoneNumber>
<StreetAddress><![CDATA[14000 JERICHO PARK RD]]></StreetAddress>
<StreetAddress2/>
<CountryName>United States</CountryName>
<StateName>Maryland</StateName>
<StateCode>MD</StateCode>
<CONGRESSDISTRICT>05</CONGRESSDISTRICT>
<CONGRESS_DISTRICT_ORG>MD05</CONGRESS_DISTRICT_ORG>
<ORG_UEI_NUM>WMEEHCAPGR65</ORG_UEI_NUM>
<ORG_LGL_BUS_NAME>BOWIE STATE UNIVERSITY</ORG_LGL_BUS_NAME>
<ORG_PRNT_UEI_NUM/>
</Institution>
<Performance_Institution>
<Name><![CDATA[Bowie State University]]></Name>
<CityName>BOWIE</CityName>
<StateCode>MD</StateCode>
<ZipCode>207153319</ZipCode>
<StreetAddress><![CDATA[14000 JERICHO PARK ROAD, RM 115]]></StreetAddress>
<CountryCode>US</CountryCode>
<CountryName>United States</CountryName>
<StateName>Maryland</StateName>
<CountryFlag>1</CountryFlag>
<CONGRESSDISTRICT>05</CONGRESSDISTRICT>
<CONGRESS_DISTRICT_PERF>MD05</CONGRESS_DISTRICT_PERF>
</Performance_Institution>
<ProgramElement>
<Code>159400</Code>
<Text>Hist Black Colleges and Univ</Text>
</ProgramElement>
<ProgramReference>
<Code>9178</Code>
<Text>UNDERGRADUATE EDUCATION</Text>
</ProgramReference>
<Appropriation>
<Code/>
<Name/>
<APP_SYMB_ID/>
</Appropriation>
<Fund>
<Code>04002324DB</Code>
<Name><![CDATA[NSF STEM Education]]></Name>
<FUND_SYMB_ID>040106</FUND_SYMB_ID>
</Fund>
<FUND_OBLG>2023~300000</FUND_OBLG>
</Award>
</rootTag>
