<?xml version="1.0" encoding="UTF-8"?>
<rootTag>
<Award>
<AwardTitle><![CDATA[SBIR Phase II:  Mentelist: Predictive Management of Surgical Instruments]]></AwardTitle>
<AGENCY>NSF</AGENCY>
<AwardEffectiveDate>08/15/2023</AwardEffectiveDate>
<AwardExpirationDate>07/31/2025</AwardExpirationDate>
<AwardTotalIntnAmount>999981.00</AwardTotalIntnAmount>
<AwardAmount>1011981</AwardAmount>
<AwardInstrument>
<Value>Cooperative Agreement</Value>
</AwardInstrument>
<Organization>
<Code>15030000</Code>
<Directorate>
<Abbreviation>TIP</Abbreviation>
<LongName>Dir for Tech, Innovation, &amp; Partnerships</LongName>
</Directorate>
<Division>
<Abbreviation>TI</Abbreviation>
<LongName>Translational Impacts</LongName>
</Division>
</Organization>
<ProgramOfficer>
<SignBlockName>Alastair Monk</SignBlockName>
<PO_EMAI>amonk@nsf.gov</PO_EMAI>
<PO_PHON>7032924392</PO_PHON>
</ProgramOfficer>
<AbstractNarration>The broader impact/commercial potential of this Small Business Innovation Research (SBIR) Phase II project is focused on helping hospitals use data to increase efficiency in operating room resource management. The outcome of this work is a product that could deliver predictive management of surgical instruments; It has the potential to possibly deliver significant direct-to-margin savings to Operating Rooms (OR) at a time when hospitals are struggling to remain financially solvent. This effort may enable hospitals to achieve a 50% reduction in instruments, a 25% reduction in OR setup time, and a 33% reduction in tray weight. It could also reduce instrument-related delays and frustration in the ORs, making surgery safer and more efficient. The technology will establish the commercial viability of a new data stream, enabling applications in predictive OR scheduling, outcomes analysis, and surgical team education.&lt;br/&gt;&lt;br/&gt;This project advances the field of healthcare analytics by capturing and applying a data stream that describes how surgery is performed. Every surgical instrument is specialized for a very specific task. This means each time an instrument is used by a surgeon, there is information about their goals, the state of the patient, and the phase of surgery. Under the proposed project, this information is captured by tracking instrument usage. This technology may facilitate a number of predictive tools that can be used to improve the efficiency of the OR and even inform surgical techniques. At a certain level, this application could enable quantification of how the best surgeons in the world deliver care, revealing insights that may not be widely known.&lt;br/&gt;&lt;br/&gt;This award reflects NSF's statutory mission and has been deemed worthy of support through evaluation using the Foundation's intellectual merit and broader impacts review criteria.</AbstractNarration>
<MinAmdLetterDate>08/14/2023</MinAmdLetterDate>
<MaxAmdLetterDate>08/07/2024</MaxAmdLetterDate>
<ARRAAmount/>
<TRAN_TYPE>CoopAgrmnt</TRAN_TYPE>
<CFDA_NUM>47.084</CFDA_NUM>
<NSF_PAR_USE_FLAG>1</NSF_PAR_USE_FLAG>
<FUND_AGCY_CODE>4900</FUND_AGCY_CODE>
<AWDG_AGCY_CODE>4900</AWDG_AGCY_CODE>
<AwardID>2300005</AwardID>
<Investigator>
<FirstName>Westin</FirstName>
<LastName>Hill</LastName>
<PI_MID_INIT>M</PI_MID_INIT>
<PI_SUFX_NAME/>
<PI_FULL_NAME>Westin M Hill</PI_FULL_NAME>
<EmailAddress><![CDATA[weshill@mentemedical.com]]></EmailAddress>
<NSF_ID>000793585</NSF_ID>
<StartDate>08/14/2023</StartDate>
<EndDate/>
<RoleCode>Principal Investigator</RoleCode>
</Investigator>
<Institution>
<Name><![CDATA[MENTE, INC.]]></Name>
<CityName>WOODLAND PARK</CityName>
<ZipCode>808638254</ZipCode>
<PhoneNumber>7152181016</PhoneNumber>
<StreetAddress><![CDATA[176 ARAPAHOE TRL]]></StreetAddress>
<StreetAddress2/>
<CountryName>United States</CountryName>
<StateName>Colorado</StateName>
<StateCode>CO</StateCode>
<CONGRESSDISTRICT>07</CONGRESSDISTRICT>
<CONGRESS_DISTRICT_ORG>CO07</CONGRESS_DISTRICT_ORG>
<ORG_UEI_NUM>RJK4JET1CKL6</ORG_UEI_NUM>
<ORG_LGL_BUS_NAME>MENTE, INC.</ORG_LGL_BUS_NAME>
<ORG_PRNT_UEI_NUM/>
</Institution>
<Performance_Institution>
<Name><![CDATA[Mente, Inc.]]></Name>
<CityName>Manitou Springs</CityName>
<StateCode>CO</StateCode>
<ZipCode>808292588</ZipCode>
<StreetAddress><![CDATA[14 Taos Pl]]></StreetAddress>
<CountryCode>US</CountryCode>
<CountryName>United States</CountryName>
<StateName>Colorado</StateName>
<CountryFlag>1</CountryFlag>
<CONGRESSDISTRICT>05</CONGRESSDISTRICT>
<CONGRESS_DISTRICT_PERF>CO05</CONGRESS_DISTRICT_PERF>
</Performance_Institution>
<ProgramElement>
<Code>537300</Code>
<Text>SBIR Phase II</Text>
</ProgramElement>
<ProgramReference>
<Code>7744</Code>
<Text>RAHSS</Text>
</ProgramReference>
<ProgramReference>
<Code>8023</Code>
<Text>Health Care Enterprise Systems</Text>
</ProgramReference>
<Appropriation>
<Code/>
<Name/>
<APP_SYMB_ID/>
</Appropriation>
<Appropriation>
<Code/>
<Name/>
<APP_SYMB_ID/>
</Appropriation>
<Fund>
<Code>01AB2324DB</Code>
<Name><![CDATA[R&RA DRSA DEFC AAB]]></Name>
<FUND_SYMB_ID>040100</FUND_SYMB_ID>
</Fund>
<Fund>
<Code>01002425DB</Code>
<Name><![CDATA[NSF RESEARCH & RELATED ACTIVIT]]></Name>
<FUND_SYMB_ID>040100</FUND_SYMB_ID>
</Fund>
<FUND_OBLG>2023~999981</FUND_OBLG>
<FUND_OBLG>2024~12000</FUND_OBLG>
</Award>
</rootTag>
