<?xml version="1.0" encoding="UTF-8"?>
<rootTag>
<Award>
<AwardTitle><![CDATA[Physical Science Robotics Interdisciplinary Design in Computer Science Education: Broadening Participation in STEM through Cascading Peer-Mentorship]]></AwardTitle>
<AGENCY>NSF</AGENCY>
<AwardEffectiveDate>09/01/2023</AwardEffectiveDate>
<AwardExpirationDate>08/31/2027</AwardExpirationDate>
<AwardTotalIntnAmount>1775982.00</AwardTotalIntnAmount>
<AwardAmount>887992</AwardAmount>
<AwardInstrument>
<Value>Continuing Grant</Value>
</AwardInstrument>
<Organization>
<Code>11090000</Code>
<Directorate>
<Abbreviation>EDU</Abbreviation>
<LongName>Directorate for STEM Education</LongName>
</Directorate>
<Division>
<Abbreviation>DRL</Abbreviation>
<LongName>Division Of Research On Learning</LongName>
</Division>
</Organization>
<ProgramOfficer>
<SignBlockName>Fengfeng Ke</SignBlockName>
<PO_EMAI>fke@nsf.gov</PO_EMAI>
<PO_PHON>7032922411</PO_PHON>
</ProgramOfficer>
<AbstractNarration>Physical Science Robotics Interdisciplinary Design (PRIDe) in Computer Science (CS) Education investigates how an innovative cascading peer-mentorship approach can improve upon current practices in K-12 CS education. The project will design, field test, support teachers with professional development, and evaluate a cascading peer-mentoring model that connects high school, middle, and elementary school students as well as their CS and science teachers with the Advanced Telerobotics Research Lab at Kent State University through the PRIDe curriculum. This curriculum provides students with interdisciplinary learning experiences in physical science, robotics, and robotics engineering design challenges. Cascading mentorship transforms junior members from passive recipients into active participants by allowing them to mentor younger students while creating opportunities for participants to experience reciprocal mentoring and develop an understanding of what it means to teach or mentor somebody else in CS. This project will create and implement a cascading mentorship ladder in formal educational settings that connects more than 650 economically disadvantaged students along with their CS and science teachers from a predominately black and Hispanic school district with a University CS research lab. The goal of this project is to create multiple pathways that encourage students with different interests to connect to and communicate about science and robotics by (a) combining engineering design challenges with robotics, (b) encouraging storytelling and creativity within robotics, (c) including mentoring and socializing experiences, and (d) organizing robotics exhibitions.&lt;br/&gt; &lt;br/&gt;A design-based research approach will be used to iteratively design and field test the proposed project curriculum with cascading mentoring to find out what works and what does not, improve it in an informed way, and evaluate its impact on students. A mixed methods experimental intervention design that employs quantitative and qualitative data will be used to investigate how the proposed curriculum with and without cascading peer-mentorship influences participating students' CS and physical science learning and their attitudes toward CS and science. In addition, it will explore students' cascading peer-mentorship experiences and engagement in CS using surveys, focus group interviews, classroom observations, and school metric data. This project will contribute to the research on K-12 CS education by developing a prototype of a cascading peer-mentoring model, field testing it in real-world classrooms, and examining its impact on participants. Moreover, it will contribute to the research on educational robotics by examining the sociocultural dimensions of computing and connecting robotics with science through critical social issues of energy and sustainability using an affordable custom-developed robot.&lt;br/&gt;&lt;br/&gt;This project is co-funded through The Discovery Research preK-12 program (DRK-12) and the CS for All: Research and RPPs program. The Discovery Research preK-12 program (DRK-12) seeks to significantly enhance the learning and teaching of science, technology, engineering and mathematics (STEM) by preK-12 students and teachers, through research and development of innovative resources, models and tools. Projects in the DRK-12 program build on fundamental research in STEM education and prior research and development efforts that provide theoretical and empirical justification for proposed projects.&lt;br/&gt;&lt;br/&gt;This award reflects NSF's statutory mission and has been deemed worthy of support through evaluation using the Foundation's intellectual merit and broader impacts review criteria.</AbstractNarration>
<MinAmdLetterDate>06/30/2023</MinAmdLetterDate>
<MaxAmdLetterDate>09/03/2024</MaxAmdLetterDate>
<ARRAAmount/>
<TRAN_TYPE>Grant</TRAN_TYPE>
<CFDA_NUM>47.076</CFDA_NUM>
<NSF_PAR_USE_FLAG>1</NSF_PAR_USE_FLAG>
<FUND_AGCY_CODE>4900</FUND_AGCY_CODE>
<AWDG_AGCY_CODE>4900</AWDG_AGCY_CODE>
<AwardID>2300865</AwardID>
<Investigator>
<FirstName>Jian</FirstName>
<LastName>Li</LastName>
<PI_MID_INIT/>
<PI_SUFX_NAME/>
<PI_FULL_NAME>Jian Li</PI_FULL_NAME>
<EmailAddress><![CDATA[jli42@kent.edu]]></EmailAddress>
<NSF_ID>000906468</NSF_ID>
<StartDate>06/30/2023</StartDate>
<EndDate/>
<RoleCode>Co-Principal Investigator</RoleCode>
</Investigator>
<Investigator>
<FirstName>Elena</FirstName>
<LastName>Novak</LastName>
<PI_MID_INIT/>
<PI_SUFX_NAME/>
<PI_FULL_NAME>Elena Novak</PI_FULL_NAME>
<EmailAddress><![CDATA[enovak6@kent.edu]]></EmailAddress>
<NSF_ID>000826151</NSF_ID>
<StartDate>06/30/2023</StartDate>
<EndDate/>
<RoleCode>Principal Investigator</RoleCode>
</Investigator>
<Investigator>
<FirstName>Jong-Hoon</FirstName>
<LastName>Kim</LastName>
<PI_MID_INIT/>
<PI_SUFX_NAME/>
<PI_FULL_NAME>Jong-Hoon Kim</PI_FULL_NAME>
<EmailAddress><![CDATA[jkim72@kent.edu]]></EmailAddress>
<NSF_ID>000763562</NSF_ID>
<StartDate>06/30/2023</StartDate>
<EndDate>05/29/2024</EndDate>
<RoleCode>Former Co-Principal Investigator</RoleCode>
</Investigator>
<Investigator>
<FirstName>Rui</FirstName>
<LastName>Liu</LastName>
<PI_MID_INIT/>
<PI_SUFX_NAME/>
<PI_FULL_NAME>Rui Liu</PI_FULL_NAME>
<EmailAddress><![CDATA[rliu11@kent.edu]]></EmailAddress>
<NSF_ID>000803871</NSF_ID>
<StartDate>07/09/2024</StartDate>
<EndDate/>
<RoleCode>Co-Principal Investigator</RoleCode>
</Investigator>
<Investigator>
<FirstName>Rui</FirstName>
<LastName>Liu</LastName>
<PI_MID_INIT/>
<PI_SUFX_NAME/>
<PI_FULL_NAME>Rui Liu</PI_FULL_NAME>
<EmailAddress><![CDATA[rliu5@kent.edu]]></EmailAddress>
<NSF_ID>000707246</NSF_ID>
<StartDate>05/29/2024</StartDate>
<EndDate>07/09/2024</EndDate>
<RoleCode>Former Co-Principal Investigator</RoleCode>
</Investigator>
<Investigator>
<FirstName>Lisa</FirstName>
<LastName>Borgerding</LastName>
<PI_MID_INIT>A</PI_MID_INIT>
<PI_SUFX_NAME/>
<PI_FULL_NAME>Lisa A Borgerding</PI_FULL_NAME>
<EmailAddress><![CDATA[ldonnell@kent.edu]]></EmailAddress>
<NSF_ID>000559286</NSF_ID>
<StartDate>06/30/2023</StartDate>
<EndDate/>
<RoleCode>Co-Principal Investigator</RoleCode>
</Investigator>
<Institution>
<Name><![CDATA[Kent State University]]></Name>
<CityName>KENT</CityName>
<ZipCode>442420001</ZipCode>
<PhoneNumber>3306722070</PhoneNumber>
<StreetAddress><![CDATA[1500 HORNING RD]]></StreetAddress>
<StreetAddress2/>
<CountryName>United States</CountryName>
<StateName>Ohio</StateName>
<StateCode>OH</StateCode>
<CONGRESSDISTRICT>14</CONGRESSDISTRICT>
<CONGRESS_DISTRICT_ORG>OH14</CONGRESS_DISTRICT_ORG>
<ORG_UEI_NUM>KXNVA7JCC5K6</ORG_UEI_NUM>
<ORG_LGL_BUS_NAME>KENT STATE UNIVERSITY</ORG_LGL_BUS_NAME>
<ORG_PRNT_UEI_NUM/>
</Institution>
<Performance_Institution>
<Name><![CDATA[Kent State University]]></Name>
<CityName>KENT</CityName>
<StateCode>OH</StateCode>
<ZipCode>442420001</ZipCode>
<StreetAddress><![CDATA[1500 HORNING RD]]></StreetAddress>
<CountryCode>US</CountryCode>
<CountryName>United States</CountryName>
<StateName>Ohio</StateName>
<CountryFlag>1</CountryFlag>
<CONGRESSDISTRICT>14</CONGRESSDISTRICT>
<CONGRESS_DISTRICT_PERF>OH14</CONGRESS_DISTRICT_PERF>
</Performance_Institution>
<ProgramElement>
<Code>134Y00</Code>
<Text>CSforAll-Computer Sci for All</Text>
</ProgramElement>
<ProgramElement>
<Code>764500</Code>
<Text>Discovery Research K-12</Text>
</ProgramElement>
<ProgramReference>
<Code>023Z</Code>
<Text>Computer Science for All (CS for All)</Text>
</ProgramReference>
<ProgramReference>
<Code>8817</Code>
<Text>STEM Learning &amp; Learning Environments</Text>
</ProgramReference>
<Appropriation>
<Code/>
<Name/>
<APP_SYMB_ID/>
</Appropriation>
<Appropriation>
<Code/>
<Name/>
<APP_SYMB_ID/>
</Appropriation>
<Fund>
<Code>04002324DB</Code>
<Name><![CDATA[NSF STEM Education]]></Name>
<FUND_SYMB_ID>040106</FUND_SYMB_ID>
</Fund>
<Fund>
<Code>04002425DB</Code>
<Name><![CDATA[NSF STEM Education]]></Name>
<FUND_SYMB_ID>040106</FUND_SYMB_ID>
</Fund>
<FUND_OBLG>2023~665994</FUND_OBLG>
<FUND_OBLG>2024~221998</FUND_OBLG>
</Award>
</rootTag>
