<?xml version="1.0" encoding="UTF-8"?>
<rootTag>
<Award>
<AwardTitle><![CDATA[Logic, Ramsey Theory, and Relational Structures]]></AwardTitle>
<AGENCY>NSF</AGENCY>
<AwardEffectiveDate>09/01/2023</AwardEffectiveDate>
<AwardExpirationDate>08/31/2026</AwardExpirationDate>
<AwardTotalIntnAmount>308817.00</AwardTotalIntnAmount>
<AwardAmount>308817</AwardAmount>
<AwardInstrument>
<Value>Continuing Grant</Value>
</AwardInstrument>
<Organization>
<Code>03040000</Code>
<Directorate>
<Abbreviation>MPS</Abbreviation>
<LongName>Direct For Mathematical &amp; Physical Scien</LongName>
</Directorate>
<Division>
<Abbreviation>DMS</Abbreviation>
<LongName>Division Of Mathematical Sciences</LongName>
</Division>
</Organization>
<ProgramOfficer>
<SignBlockName>Tomek Bartoszynski</SignBlockName>
<PO_EMAI>tbartosz@nsf.gov</PO_EMAI>
<PO_PHON>7032924885</PO_PHON>
</ProgramOfficer>
<AbstractNarration>Ramsey Theory is a central area of mathematics aptly characterized by Motzkin's motto, "Complete disorder is impossible."  It is often the case that by starting with a large enough structure, a substructure with desired properties emerges.  Ramsey's Theorem states that given any coloring of all pairs of natural numbers into finitely many colors, there is an infinite subset in which all pairs have the same color.  Since its inception, Ramsey theory has developed in multiple directions, often appearing as the core content in solutions to deep problems from a wide range of mathematical disciplines. This project utilizes techniques in mathematical logic to more fully develop Ramsey theory of infinite relational structures.  A major motivation is to find dividing lines between those infinite structures which act like the natural numbers in the sense of possessing analogues of Ramsey's theorem, and those which do not.  Progress on infinite structures works in tandem with progress in mathematical logic and topology, creating new pathways between several areas of mathematics. This project includes important questions suitable for graduate students and early career researchers, thus providing opportunities to broaden participation of well-trained mathematicians via the PI's mentoring.&lt;br/&gt;&lt;br/&gt;This research program investigates infinite relational structures supporting Ramsey theory.  A major focus of this project is to develop the Ramsey theory of homogeneous structures.  This involves constructing new types of trees which code homogeneous relational structures and using the technique of forcing to produce (in ZFC) Ramsey theorems for these classes of trees, as well as developing purely combinatorial proofs.  Computability theoretic strengths of structural Ramsey statements will be investigated, as will model-theoretic dividing lines.  The second main focus is the continued development of topological Ramsey space theory and its implications for forcing, ultrafilters, and Banach spaces.  Development of Ramsey spaces for homogeneous structures ties this together with the first focus.  The third line of research will develop Ramsey theory on uncountable structures.  The techniques developed, involving simultaneous uses of logic, combinatorics and topology, will create new pathways between these areas of mathematics.&lt;br/&gt;&lt;br/&gt;This award reflects NSF's statutory mission and has been deemed worthy of support through evaluation using the Foundation's intellectual merit and broader impacts review criteria.</AbstractNarration>
<MinAmdLetterDate>04/06/2023</MinAmdLetterDate>
<MaxAmdLetterDate>08/30/2024</MaxAmdLetterDate>
<ARRAAmount/>
<TRAN_TYPE>Grant</TRAN_TYPE>
<CFDA_NUM>47.049</CFDA_NUM>
<NSF_PAR_USE_FLAG>1</NSF_PAR_USE_FLAG>
<FUND_AGCY_CODE>4900</FUND_AGCY_CODE>
<AWDG_AGCY_CODE>4900</AWDG_AGCY_CODE>
<AwardID>2300896</AwardID>
<Investigator>
<FirstName>Natasha</FirstName>
<LastName>Dobrinen</LastName>
<PI_MID_INIT/>
<PI_SUFX_NAME/>
<PI_FULL_NAME>Natasha Dobrinen</PI_FULL_NAME>
<EmailAddress><![CDATA[ndobrine@nd.edu]]></EmailAddress>
<NSF_ID>000603327</NSF_ID>
<StartDate>04/06/2023</StartDate>
<EndDate/>
<RoleCode>Principal Investigator</RoleCode>
</Investigator>
<Institution>
<Name><![CDATA[University of Notre Dame]]></Name>
<CityName>NOTRE DAME</CityName>
<ZipCode>465565708</ZipCode>
<PhoneNumber>5746317432</PhoneNumber>
<StreetAddress><![CDATA[940 GRACE HALL]]></StreetAddress>
<StreetAddress2/>
<CountryName>United States</CountryName>
<StateName>Indiana</StateName>
<StateCode>IN</StateCode>
<CONGRESSDISTRICT>02</CONGRESSDISTRICT>
<CONGRESS_DISTRICT_ORG>IN02</CONGRESS_DISTRICT_ORG>
<ORG_UEI_NUM>FPU6XGFXMBE9</ORG_UEI_NUM>
<ORG_LGL_BUS_NAME>UNIVERSITY OF NOTRE DAME DU LAC</ORG_LGL_BUS_NAME>
<ORG_PRNT_UEI_NUM>FPU6XGFXMBE9</ORG_PRNT_UEI_NUM>
</Institution>
<Performance_Institution>
<Name><![CDATA[University of Notre Dame]]></Name>
<CityName>NOTRE DAME</CityName>
<StateCode>IN</StateCode>
<ZipCode>465565708</ZipCode>
<StreetAddress><![CDATA[940 Grace Hall]]></StreetAddress>
<CountryCode>US</CountryCode>
<CountryName>United States</CountryName>
<StateName>Indiana</StateName>
<CountryFlag>1</CountryFlag>
<CONGRESSDISTRICT>02</CONGRESSDISTRICT>
<CONGRESS_DISTRICT_PERF>IN02</CONGRESS_DISTRICT_PERF>
</Performance_Institution>
<ProgramElement>
<Code>126800</Code>
<Text>FOUNDATIONS</Text>
</ProgramElement>
<Appropriation>
<Code/>
<Name/>
<APP_SYMB_ID/>
</Appropriation>
<Appropriation>
<Code/>
<Name/>
<APP_SYMB_ID/>
</Appropriation>
<Fund>
<Code>01002324DB</Code>
<Name><![CDATA[NSF RESEARCH & RELATED ACTIVIT]]></Name>
<FUND_SYMB_ID>040100</FUND_SYMB_ID>
</Fund>
<Fund>
<Code>01002425DB</Code>
<Name><![CDATA[NSF RESEARCH & RELATED ACTIVIT]]></Name>
<FUND_SYMB_ID>040100</FUND_SYMB_ID>
</Fund>
<FUND_OBLG>2023~157939</FUND_OBLG>
<FUND_OBLG>2024~150878</FUND_OBLG>
</Award>
</rootTag>
