<?xml version="1.0" encoding="UTF-8"?>
<rootTag>
<Award>
<AwardTitle><![CDATA[Investigating Early Elementary Students' Computational Thinking Development in Integrated Mathematics-Coding Instruction]]></AwardTitle>
<AGENCY>NSF</AGENCY>
<AwardEffectiveDate>07/01/2023</AwardEffectiveDate>
<AwardExpirationDate>06/30/2027</AwardExpirationDate>
<AwardTotalIntnAmount>1556696.00</AwardTotalIntnAmount>
<AwardAmount>647620</AwardAmount>
<AwardInstrument>
<Value>Continuing Grant</Value>
</AwardInstrument>
<Organization>
<Code>11090000</Code>
<Directorate>
<Abbreviation>EDU</Abbreviation>
<LongName>Directorate for STEM Education</LongName>
</Directorate>
<Division>
<Abbreviation>DRL</Abbreviation>
<LongName>Division Of Research On Learning</LongName>
</Division>
</Organization>
<ProgramOfficer>
<SignBlockName>Wu He</SignBlockName>
<PO_EMAI>wuhe@nsf.gov</PO_EMAI>
<PO_PHON>7032920000</PO_PHON>
</ProgramOfficer>
<AbstractNarration>Despite growing interest in supporting the integration of computational thinking (CT) in elementary education, there is not an agreed-upon definition of CT that is developmentally appropriate for early childhood, nor is there a clear understanding of how young children’s CT develops and which kinds of instructional approaches and practices truly support the development of CT. Children’s ideas and interpretations of situations are uniquely different from those of adults; therefore, models of early childhood CT should reflect the developmental understanding of their CT. Further, schools often lack the instructional time and resources to teach CT as a separate subject, so CT is often integrated with other disciplines such as mathematics. Early elementary educators need feasible research-based, developmentally appropriate CT curricula. This project will contribute to this critical STEM educational need by working with a design team of 5 elementary teachers to develop a research-based integrated mathematics and CT curriculum. The project will directly impact over 300 first- and second-grade students and 9 teachers from Title I schools in a rural setting with an aim to broaden participation by designing tasks for full participation of underrepresented populations in STEM, specifically girls and multilingual learners. &lt;br/&gt;&lt;br/&gt;Using a design-based research methodology, a systematic study of children’s developing CT and mathematics knowledge in classroom contexts will be conducted through iterative cycles of curriculum design, enactment, and analysis using the lens of hierarchic interactionalism. Data collection will include video recordings of students’ activity in tasks with coding tools, design memos, interviews, and pre-post assessments of CT, mathematics knowledge, and spatial ability. Qualitative data will be analyzed using retrospective and interaction analysis. Multiple regression analysis of assessment data will be used to explore the relationship between CT, mathematics knowledge, and spatial ability. The research will advance the field by investigating the progressions of CT learning in early elementary grades and will empirically develop, test, and refine these progressions along with the mathematics-integrated CT curricular tasks and assessments. This research will provide early elementary educators and curriculum designers with a framework for understanding children’s development of CT and will inform future CT instruction efforts for standards, curricula, teaching practices, and assessment. This project will also provide valuable information about how to integrate CT into early mathematics education in feasible and accessible ways for classrooms. The key outcomes of the project will be a CT learning trajectory (LT) for grades 1-2 that includes: (1) a cognitive model of CT, (2) an integrated mathematics-coding curriculum aligned with the developmental learning progression of the CT LT, and (3) formative assessments integral to the instructional tasks that provide feedback to teachers on student learning. This project is funded by the Discovery Research preK-12 (DRK-12) program, which seeks to significantly enhance the learning and teaching of science, technology, engineering and mathematics (STEM) by preK-12 students and teachers, through research and development of innovative resources, models and tools. Projects in the DRK-12 program build on fundamental research in STEM education and prior research and development efforts that provide theoretical and empirical justification for proposed projects.&lt;br/&gt;&lt;br/&gt;This award reflects NSF's statutory mission and has been deemed worthy of support through evaluation using the Foundation's intellectual merit and broader impacts review criteria.</AbstractNarration>
<MinAmdLetterDate>06/15/2023</MinAmdLetterDate>
<MaxAmdLetterDate>01/12/2024</MaxAmdLetterDate>
<ARRAAmount/>
<TRAN_TYPE>Grant</TRAN_TYPE>
<CFDA_NUM>47.076</CFDA_NUM>
<NSF_PAR_USE_FLAG>1</NSF_PAR_USE_FLAG>
<FUND_AGCY_CODE>4900</FUND_AGCY_CODE>
<AWDG_AGCY_CODE>4900</AWDG_AGCY_CODE>
<AwardID>2300357</AwardID>
<Investigator>
<FirstName>Jody</FirstName>
<LastName>Clarke-Midura</LastName>
<PI_MID_INIT/>
<PI_SUFX_NAME/>
<PI_FULL_NAME>Jody Clarke-Midura</PI_FULL_NAME>
<EmailAddress><![CDATA[jody.clarke@usu.edu]]></EmailAddress>
<NSF_ID>000668264</NSF_ID>
<StartDate>06/15/2023</StartDate>
<EndDate/>
<RoleCode>Co-Principal Investigator</RoleCode>
</Investigator>
<Investigator>
<FirstName>Jessica</FirstName>
<LastName>Shumway</LastName>
<PI_MID_INIT>F</PI_MID_INIT>
<PI_SUFX_NAME/>
<PI_FULL_NAME>Jessica F Shumway</PI_FULL_NAME>
<EmailAddress><![CDATA[jessica.shumway@usu.edu]]></EmailAddress>
<NSF_ID>000782199</NSF_ID>
<StartDate>06/15/2023</StartDate>
<EndDate/>
<RoleCode>Principal Investigator</RoleCode>
</Investigator>
<Institution>
<Name><![CDATA[Utah State University]]></Name>
<CityName>LOGAN</CityName>
<ZipCode>843221000</ZipCode>
<PhoneNumber>4357971226</PhoneNumber>
<StreetAddress><![CDATA[1000 OLD MAIN HL]]></StreetAddress>
<StreetAddress2/>
<CountryName>United States</CountryName>
<StateName>Utah</StateName>
<StateCode>UT</StateCode>
<CONGRESSDISTRICT>01</CONGRESSDISTRICT>
<CONGRESS_DISTRICT_ORG>UT01</CONGRESS_DISTRICT_ORG>
<ORG_UEI_NUM>SPE2YDWHDYU4</ORG_UEI_NUM>
<ORG_LGL_BUS_NAME>UTAH STATE UNIVERSITY</ORG_LGL_BUS_NAME>
<ORG_PRNT_UEI_NUM/>
</Institution>
<Performance_Institution>
<Name><![CDATA[Utah State University]]></Name>
<CityName>LOGAN</CityName>
<StateCode>UT</StateCode>
<ZipCode>843221000</ZipCode>
<StreetAddress><![CDATA[1000 OLD MAIN HILL]]></StreetAddress>
<CountryCode>US</CountryCode>
<CountryName>United States</CountryName>
<StateName>Utah</StateName>
<CountryFlag>1</CountryFlag>
<CONGRESSDISTRICT>01</CONGRESSDISTRICT>
<CONGRESS_DISTRICT_PERF>UT01</CONGRESS_DISTRICT_PERF>
</Performance_Institution>
<ProgramElement>
<Code>764500</Code>
<Text>Discovery Research K-12</Text>
</ProgramElement>
<ProgramReference>
<Code>8212</Code>
<Text>Broaden Particip STEM Resrch</Text>
</ProgramReference>
<Appropriation>
<Code/>
<Name/>
<APP_SYMB_ID/>
</Appropriation>
<Fund>
<Code>04002324DB</Code>
<Name><![CDATA[NSF STEM Education]]></Name>
<FUND_SYMB_ID>040106</FUND_SYMB_ID>
</Fund>
<FUND_OBLG>2023~647620</FUND_OBLG>
</Award>
</rootTag>
