<?xml version="1.0" encoding="UTF-8"?>
<rootTag>
<Award>
<AwardTitle><![CDATA[Collaborative Research: Promoting Children's Learning About Biological Variability by Leveraging Simple Card Games]]></AwardTitle>
<AGENCY>NSF</AGENCY>
<AwardEffectiveDate>07/15/2023</AwardEffectiveDate>
<AwardExpirationDate>06/30/2027</AwardExpirationDate>
<AwardTotalIntnAmount>686055.00</AwardTotalIntnAmount>
<AwardAmount>325321</AwardAmount>
<AwardInstrument>
<Value>Continuing Grant</Value>
</AwardInstrument>
<Organization>
<Code>11090000</Code>
<Directorate>
<Abbreviation>EDU</Abbreviation>
<LongName>Directorate for STEM Education</LongName>
</Directorate>
<Division>
<Abbreviation>DRL</Abbreviation>
<LongName>Division Of Research On Learning</LongName>
</Division>
</Organization>
<ProgramOfficer>
<SignBlockName>Michael Ford</SignBlockName>
<PO_EMAI>miford@nsf.gov</PO_EMAI>
<PO_PHON>7032925153</PO_PHON>
</ProgramOfficer>
<AbstractNarration>Biodiversity is fundamental to understanding the way biologists study nature. There is much more variability within species than people recognize, and it is this variability that fuels development and change of species in contexts of survival and reproduction. It is important that young children understand this foundational idea. This project will test an innovative approach to promoting comparisons relevant to understanding biological variability. This approach involves modifying two popular games, War and Uno, by incorporating cards that depict organisms at different stages of development (e.g., insect egg, larva, pupa, and adult). In playing these games, players engage in comparisons relevant to understanding biodiversity, such as comparing different life stages for a single species, or comparing similar stages for different species. The research investigates caregiver-child interactions and comparisons during game play and examines how game play affects children's learning about biological variability. The research involves lab-based studies with 2nd- and 5th-grade children playing LifeCycles (modified War) and CyClo (modified Uno) and is conducting parallel studies in museums, in order to examine caregiver-child interaction and learning in both controlled and authentic settings. The team will design and pilot a museum exhibit prototype that incorporates the games and the lessons learned through the research. The results will build understanding about how foundational knowledge about diversity in biology can help young students be ready for subsequent biology education.&lt;br/&gt; &lt;br/&gt;In the elementary grades, children are expected to learn about biodiversity, including within-species variability. Understanding biodiversity involves relational reasoning: discerning relevant relationships within and among biological kinds. These relationships are salient when children compare examples within or between biological categories. However, comparison is cognitively demanding, and educational materials often lack adequate support for comparison. This project tests an innovative approach to promoting relational reasoning by incorporating cards in modified versions of Uno and War that depict organisms at different stages of development (e.g., insect egg, larva, pupa, and adult). This research is conducting lab-based studies with 2nd- and 5th-grade children playing these two card games (n=150) and is testing the effects of systematically varying the number and similarity of the exemplars in the games. The research also is testing the effectiveness of providing caregivers with support for scaffolding children's relational thinking. Parallel studies in museums are examining caregiver-child interaction in game play in authentic settings. Finally, the team will design and pilot test a museum exhibit prototype that incorporates the games and the lessons learned through the research.&lt;br/&gt;&lt;br/&gt;This project is supported by NSF's EDU Core Research (ECR) program. The ECR program emphasizes fundamental STEM education research that generates foundational knowledge in the field. Investments are made in critical areas that are essential, broad and enduring: STEM learning and STEM learning environments, broadening participation in STEM, and STEM workforce development.&lt;br/&gt;&lt;br/&gt;This award reflects NSF's statutory mission and has been deemed worthy of support through evaluation using the Foundation's intellectual merit and broader impacts review criteria.</AbstractNarration>
<MinAmdLetterDate>07/14/2023</MinAmdLetterDate>
<MaxAmdLetterDate>07/02/2024</MaxAmdLetterDate>
<ARRAAmount/>
<TRAN_TYPE>Grant</TRAN_TYPE>
<CFDA_NUM>47.076</CFDA_NUM>
<NSF_PAR_USE_FLAG>1</NSF_PAR_USE_FLAG>
<FUND_AGCY_CODE>4900</FUND_AGCY_CODE>
<AWDG_AGCY_CODE>4900</AWDG_AGCY_CODE>
<AwardID>2300604</AwardID>
<Investigator>
<FirstName>Martha</FirstName>
<LastName>Alibali</LastName>
<PI_MID_INIT>W</PI_MID_INIT>
<PI_SUFX_NAME/>
<PI_FULL_NAME>Martha W Alibali</PI_FULL_NAME>
<EmailAddress><![CDATA[mwalibali@wisc.edu]]></EmailAddress>
<NSF_ID>000317235</NSF_ID>
<StartDate>07/14/2023</StartDate>
<EndDate/>
<RoleCode>Principal Investigator</RoleCode>
</Investigator>
<Institution>
<Name><![CDATA[University of Wisconsin-Madison]]></Name>
<CityName>MADISON</CityName>
<ZipCode>537151218</ZipCode>
<PhoneNumber>6082623822</PhoneNumber>
<StreetAddress><![CDATA[21 N PARK ST STE 6301]]></StreetAddress>
<StreetAddress2/>
<CountryName>United States</CountryName>
<StateName>Wisconsin</StateName>
<StateCode>WI</StateCode>
<CONGRESSDISTRICT>02</CONGRESSDISTRICT>
<CONGRESS_DISTRICT_ORG>WI02</CONGRESS_DISTRICT_ORG>
<ORG_UEI_NUM>LCLSJAGTNZQ7</ORG_UEI_NUM>
<ORG_LGL_BUS_NAME>UNIVERSITY OF WISCONSIN SYSTEM</ORG_LGL_BUS_NAME>
<ORG_PRNT_UEI_NUM/>
</Institution>
<Performance_Institution>
<Name><![CDATA[University of Wisconsin-Madison]]></Name>
<CityName>MADISON</CityName>
<StateCode>WI</StateCode>
<ZipCode>537151218</ZipCode>
<StreetAddress><![CDATA[21 N PARK ST STE 6301]]></StreetAddress>
<CountryCode>US</CountryCode>
<CountryName>United States</CountryName>
<StateName>Wisconsin</StateName>
<CountryFlag>1</CountryFlag>
<CONGRESSDISTRICT>02</CONGRESSDISTRICT>
<CONGRESS_DISTRICT_PERF>WI02</CONGRESS_DISTRICT_PERF>
</Performance_Institution>
<ProgramElement>
<Code>798000</Code>
<Text>ECR-EDU Core Research</Text>
</ProgramElement>
<ProgramReference>
<Code>8817</Code>
<Text>STEM Learning &amp; Learning Environments</Text>
</ProgramReference>
<Appropriation>
<Code/>
<Name/>
<APP_SYMB_ID/>
</Appropriation>
<Appropriation>
<Code/>
<Name/>
<APP_SYMB_ID/>
</Appropriation>
<Fund>
<Code>04002324DB</Code>
<Name><![CDATA[NSF STEM Education]]></Name>
<FUND_SYMB_ID>040106</FUND_SYMB_ID>
</Fund>
<Fund>
<Code>04002425DB</Code>
<Name><![CDATA[NSF STEM Education]]></Name>
<FUND_SYMB_ID>040106</FUND_SYMB_ID>
</Fund>
<FUND_OBLG>2023~142821</FUND_OBLG>
<FUND_OBLG>2024~182500</FUND_OBLG>
</Award>
</rootTag>
