<?xml version="1.0" encoding="UTF-8"?>
<rootTag>
<Award>
<AwardTitle><![CDATA[Collaborative Research: Extremal and Ramsey Problems for Graphs and Hypergraphs]]></AwardTitle>
<AGENCY>NSF</AGENCY>
<AwardEffectiveDate>07/15/2023</AwardEffectiveDate>
<AwardExpirationDate>06/30/2026</AwardExpirationDate>
<AwardTotalIntnAmount>180000.00</AwardTotalIntnAmount>
<AwardAmount>180000</AwardAmount>
<AwardInstrument>
<Value>Continuing Grant</Value>
</AwardInstrument>
<Organization>
<Code>03040000</Code>
<Directorate>
<Abbreviation>MPS</Abbreviation>
<LongName>Direct For Mathematical &amp; Physical Scien</LongName>
</Directorate>
<Division>
<Abbreviation>DMS</Abbreviation>
<LongName>Division Of Mathematical Sciences</LongName>
</Division>
</Organization>
<ProgramOfficer>
<SignBlockName>Stefaan De Winter</SignBlockName>
<PO_EMAI>sgdewint@nsf.gov</PO_EMAI>
<PO_PHON>7032922599</PO_PHON>
</ProgramOfficer>
<AbstractNarration>Graphs and hypergraphs are mathematical structures that model relations among objects (for example, large networks) and appear in many applications. The study of these structures has numerous applications in various branches of mathematics, computer science and engineering. Consequently, understanding these and other related mathematical structures is important. One of the techniques in the study of these structures is probabilistic reasoning, which has been crucial in the development of modern algorithms and the design of robust and efficient communication networks. The PIs plan to work on classical problems that belong to extremal graph and hypergraph theory. They will train undergraduate and graduate students as part of this project.&lt;br/&gt; &lt;br/&gt;A considerable part of the project will employ probabilistic reasoning, explicit constructions, and applications of the regularity method. Several problems considered by the PIs can be traced back to the work of Paul Erdos that has shaped these areas of discrete mathematics. In particular the PIs will work on Turan, Ramsey, and Dirac-type problems for graphs and hypergraphs.&lt;br/&gt;&lt;br/&gt;This award reflects NSF's statutory mission and has been deemed worthy of support through evaluation using the Foundation's intellectual merit and broader impacts review criteria.</AbstractNarration>
<MinAmdLetterDate>07/03/2023</MinAmdLetterDate>
<MaxAmdLetterDate>07/17/2024</MaxAmdLetterDate>
<ARRAAmount/>
<TRAN_TYPE>Grant</TRAN_TYPE>
<CFDA_NUM>47.049</CFDA_NUM>
<NSF_PAR_USE_FLAG>1</NSF_PAR_USE_FLAG>
<FUND_AGCY_CODE>4900</FUND_AGCY_CODE>
<AWDG_AGCY_CODE>4900</AWDG_AGCY_CODE>
<AwardID>2300346</AwardID>
<Investigator>
<FirstName>Yi</FirstName>
<LastName>Zhao</LastName>
<PI_MID_INIT/>
<PI_SUFX_NAME/>
<PI_FULL_NAME>Yi Zhao</PI_FULL_NAME>
<EmailAddress><![CDATA[yzhao6@gsu.edu]]></EmailAddress>
<NSF_ID>000196418</NSF_ID>
<StartDate>07/03/2023</StartDate>
<EndDate/>
<RoleCode>Principal Investigator</RoleCode>
</Investigator>
<Institution>
<Name><![CDATA[Georgia State University Research Foundation, Inc.]]></Name>
<CityName>ATLANTA</CityName>
<ZipCode>303032921</ZipCode>
<PhoneNumber>4044133570</PhoneNumber>
<StreetAddress><![CDATA[58 EDGEWOOD AVE NE]]></StreetAddress>
<StreetAddress2><![CDATA[FL 3]]></StreetAddress2>
<CountryName>United States</CountryName>
<StateName>Georgia</StateName>
<StateCode>GA</StateCode>
<CONGRESSDISTRICT>05</CONGRESSDISTRICT>
<CONGRESS_DISTRICT_ORG>GA05</CONGRESS_DISTRICT_ORG>
<ORG_UEI_NUM>MNS7B9CVKDN7</ORG_UEI_NUM>
<ORG_LGL_BUS_NAME>GEORGIA STATE UNIVERSITY RESEARCH FOUNDATION INC</ORG_LGL_BUS_NAME>
<ORG_PRNT_UEI_NUM/>
</Institution>
<Performance_Institution>
<Name><![CDATA[Georgia State University]]></Name>
<CityName>ATLANTA</CityName>
<StateCode>GA</StateCode>
<ZipCode>303032921</ZipCode>
<StreetAddress><![CDATA[25 Park Place]]></StreetAddress>
<CountryCode>US</CountryCode>
<CountryName>United States</CountryName>
<StateName>Georgia</StateName>
<CountryFlag>1</CountryFlag>
<CONGRESSDISTRICT>05</CONGRESSDISTRICT>
<CONGRESS_DISTRICT_PERF>GA05</CONGRESS_DISTRICT_PERF>
</Performance_Institution>
<ProgramElement>
<Code>797000</Code>
<Text>Combinatorics</Text>
</ProgramElement>
<Appropriation>
<Code/>
<Name/>
<APP_SYMB_ID/>
</Appropriation>
<Appropriation>
<Code/>
<Name/>
<APP_SYMB_ID/>
</Appropriation>
<Fund>
<Code>01002324DB</Code>
<Name><![CDATA[NSF RESEARCH & RELATED ACTIVIT]]></Name>
<FUND_SYMB_ID>040100</FUND_SYMB_ID>
</Fund>
<Fund>
<Code>01002425DB</Code>
<Name><![CDATA[NSF RESEARCH & RELATED ACTIVIT]]></Name>
<FUND_SYMB_ID>040100</FUND_SYMB_ID>
</Fund>
<FUND_OBLG>2023~118983</FUND_OBLG>
<FUND_OBLG>2024~61017</FUND_OBLG>
</Award>
</rootTag>
