<?xml version="1.0" encoding="UTF-8"?>
<rootTag>
<Award>
<AwardTitle><![CDATA[Collaborative Research: Closed-loop control of microbial communities by integrating optogenetics and metabolite biosensing]]></AwardTitle>
<AGENCY>NSF</AGENCY>
<AwardEffectiveDate>06/15/2023</AwardEffectiveDate>
<AwardExpirationDate>05/31/2027</AwardExpirationDate>
<AwardTotalIntnAmount>949877.00</AwardTotalIntnAmount>
<AwardAmount>949877</AwardAmount>
<AwardInstrument>
<Value>Standard Grant</Value>
</AwardInstrument>
<Organization>
<Code>08070000</Code>
<Directorate>
<Abbreviation>BIO</Abbreviation>
<LongName>Direct For Biological Sciences</LongName>
</Directorate>
<Division>
<Abbreviation>MCB</Abbreviation>
<LongName>Div Of Molecular and Cellular Bioscience</LongName>
</Division>
</Organization>
<ProgramOfficer>
<SignBlockName>Anthony Garza</SignBlockName>
<PO_EMAI>aggarza@nsf.gov</PO_EMAI>
<PO_PHON>7032922489</PO_PHON>
</ProgramOfficer>
<AbstractNarration>Biotechnology is essential to the nation’s interest in scientific progress and maintaining world leadership in key strategic areas such as biomanufacturing, biomedical research, renewable energy, sustainability, and food production. While microbial bioprocesses are dominated by monocultures, utilization of synthetic microbial communities holds enormous potential for many applications in biotechnology, including production of high value chemicals. However, the lack of effective controls over key attributes of these communities impedes the development of this research field. This project will use metabolite biosensors and novel optogenetic growth control systems to modulate microbial community composition and to increase production of the desired chemical products. This project will generate new knowledge and methods to advance basic research in synthetic microbial communities and generate strategies for improved production of important chemicals. Moreover, this project will offer outstanding opportunities to engage high school, undergraduate, and graduate students in STEM education.&lt;br/&gt;&lt;br/&gt;The overall goal of this project is to integrate optogenetic controls and metabolite biosensing to achieve unprecedented automated dynamic regulation of microbial communities. Optogenetics offers the unique ability to control biological functions with light, which can be added or removed instantly and reversibly following any prescribed schedule. For this project, optogenetics will be used to modulate the growth of targeted microbes and ultimately to adjust contributions to bioproduction. Metabolite biosensing will provide instant feedback on the metabolic state of microbial communities to inform optogenetic actuators, establishing closed-loop feedback controls. This first-of-its-kind control system will be used to engineer interactions between members of microbial communities and their contributions towards collaborative biosynthetic pathways. It will also help identify the optimal community compositions throughout co-culture cultivation despite sup-optimal inoculums or system perturbations. Moreover, this project will explore the application of closed-loop controls in communities with different features, such as communities comprising members of the same or different species, containing linear or non-linear biosynthesis pathways, and capable of sensing biosynthetic pathway intermediates or final products. This project will open new opportunities to gain fundamental understanding of complex behaviors of synthetic microbial communities.&lt;br/&gt;&lt;br/&gt;This project is jointly supported by the Cellular and Biochemical Engineering, Biosensing and Biophotonics Programs in ENG/CBET, and the Systems and Synthetic Biology Program in BIO/MCB.&lt;br/&gt;&lt;br/&gt;This award reflects NSF's statutory mission and has been deemed worthy of support through evaluation using the Foundation's intellectual merit and broader impacts review criteria.</AbstractNarration>
<MinAmdLetterDate>07/03/2023</MinAmdLetterDate>
<MaxAmdLetterDate>07/03/2023</MaxAmdLetterDate>
<ARRAAmount/>
<TRAN_TYPE>Grant</TRAN_TYPE>
<CFDA_NUM>47.074</CFDA_NUM>
<NSF_PAR_USE_FLAG>1</NSF_PAR_USE_FLAG>
<FUND_AGCY_CODE>4900</FUND_AGCY_CODE>
<AWDG_AGCY_CODE>4900</AWDG_AGCY_CODE>
<AwardID>2300240</AwardID>
<Investigator>
<FirstName>Haoran</FirstName>
<LastName>Zhang</LastName>
<PI_MID_INIT/>
<PI_SUFX_NAME/>
<PI_FULL_NAME>Haoran Zhang</PI_FULL_NAME>
<EmailAddress><![CDATA[Haoran.Zhang@rutgers.edu]]></EmailAddress>
<NSF_ID>000709089</NSF_ID>
<StartDate>07/03/2023</StartDate>
<EndDate/>
<RoleCode>Principal Investigator</RoleCode>
</Investigator>
<Institution>
<Name><![CDATA[Rutgers University New Brunswick]]></Name>
<CityName>NEW BRUNSWICK</CityName>
<ZipCode>089018559</ZipCode>
<PhoneNumber>8489320150</PhoneNumber>
<StreetAddress><![CDATA[3 RUTGERS PLZ]]></StreetAddress>
<StreetAddress2/>
<CountryName>United States</CountryName>
<StateName>New Jersey</StateName>
<StateCode>NJ</StateCode>
<CONGRESSDISTRICT>12</CONGRESSDISTRICT>
<CONGRESS_DISTRICT_ORG>NJ12</CONGRESS_DISTRICT_ORG>
<ORG_UEI_NUM>M1LVPE5GLSD9</ORG_UEI_NUM>
<ORG_LGL_BUS_NAME>RUTGERS, THE STATE UNIVERSITY</ORG_LGL_BUS_NAME>
<ORG_PRNT_UEI_NUM/>
</Institution>
<Performance_Institution>
<Name><![CDATA[Rutgers University New Brunswick]]></Name>
<CityName>NEW BRUNSWICK</CityName>
<StateCode>NJ</StateCode>
<ZipCode>089018559</ZipCode>
<StreetAddress><![CDATA[3 RUTGERS PLZA]]></StreetAddress>
<CountryCode>US</CountryCode>
<CountryName>United States</CountryName>
<StateName>New Jersey</StateName>
<CountryFlag>1</CountryFlag>
<CONGRESSDISTRICT>12</CONGRESSDISTRICT>
<CONGRESS_DISTRICT_PERF>NJ12</CONGRESS_DISTRICT_PERF>
</Performance_Institution>
<ProgramElement>
<Code>801100</Code>
<Text>Systems and Synthetic Biology</Text>
</ProgramElement>
<ProgramReference>
<Code>7465</Code>
<Text>NANOSCALE BIO CORE</Text>
</ProgramReference>
<ProgramReference>
<Code>9177</Code>
<Text>ELEMENTARY/SECONDARY EDUCATION</Text>
</ProgramReference>
<ProgramReference>
<Code>9178</Code>
<Text>UNDERGRADUATE EDUCATION</Text>
</ProgramReference>
<ProgramReference>
<Code>9179</Code>
<Text>GRADUATE INVOLVEMENT</Text>
</ProgramReference>
<Appropriation>
<Code/>
<Name/>
<APP_SYMB_ID/>
</Appropriation>
<Fund>
<Code>01002324DB</Code>
<Name><![CDATA[NSF RESEARCH & RELATED ACTIVIT]]></Name>
<FUND_SYMB_ID>040100</FUND_SYMB_ID>
</Fund>
<FUND_OBLG>2023~949877</FUND_OBLG>
</Award>
</rootTag>
