<?xml version="1.0" encoding="UTF-8"?>
<rootTag>
<Award>
<AwardTitle><![CDATA[Integration of Computer-Assisted Methods and Human Interactions to Understand Lesson Plan Quality and Teaching to Advance Middle-Grade Mathematics Instruction]]></AwardTitle>
<AGENCY>NSF</AGENCY>
<AwardEffectiveDate>08/01/2023</AwardEffectiveDate>
<AwardExpirationDate>07/31/2027</AwardExpirationDate>
<AwardTotalIntnAmount>1499989.00</AwardTotalIntnAmount>
<AwardAmount>795676</AwardAmount>
<AwardInstrument>
<Value>Continuing Grant</Value>
</AwardInstrument>
<Organization>
<Code>11090000</Code>
<Directorate>
<Abbreviation>EDU</Abbreviation>
<LongName>Directorate for STEM Education</LongName>
</Directorate>
<Division>
<Abbreviation>DRL</Abbreviation>
<LongName>Division Of Research On Learning</LongName>
</Division>
</Organization>
<ProgramOfficer>
<SignBlockName>Margret Hjalmarson</SignBlockName>
<PO_EMAI>mhjalmar@nsf.gov</PO_EMAI>
<PO_PHON>7032925186</PO_PHON>
</ProgramOfficer>
<AbstractNarration>Planning and selecting instructional materials is one of the most complex and important components of mathematics teaching. As online instructional materials continue to proliferate, schools and educators are relying on them in addition to textbooks. While there are advantages to open educational resources that are freely available, questions about ensuring their quality and utility to teachers and students remain paramount. An important contribution of this study is identifying ways to measure the quality of large quantities of lesson plans using an integration of cutting-edge machine learning techniques, knowledge of effective mathematics education, and human feedback. Later phases of the project include interviewing teachers about their planning practices, measuring lesson plan quality, and analyzing students' work to provide multiple perspectives on mathematics lesson plan quality in the middle grades. The use of machine learning to measure lesson plan quality holds transformative potential for the field of mathematics education. &lt;br/&gt;&lt;br/&gt;The project will identify ways to analyze large numbers of mathematics lesson plans using a mixed methods approach of natural language processing and human coding. The project focuses on middle grades mathematics lesson and includes data from teachers and students as well as the lesson plan documents themselves. The study has three research aims. First, to develop a shared conceptual framework and specify dimensions of quality lesson plans for middle-grades mathematics by organizing an expert plan of leading researchers and skilled teachers. Second, to develop and validate measures to capture the key dimensions by applying state-of-the-art computer-assisted approaches (e.g., machine learning) and human coding to analyzing a large volume of digital lesson plans obtained under Creative Commons Licenses. Third, to conduct an exploratory sequential mixed-methods study of how teachers attend to, interpret, and select information to create their own lesson plans, and how lesson plan quality is related to students' completed mathematical work. The mixed methods approach to examining lesson plan quality is an important innovation for advancing research about mathematics teaching and learning. &lt;br/&gt;&lt;br/&gt;This project is supported by NSF's EDU Core Research (ECR) Program. The ECR program emphasizes fundamental STEM education research that generates foundational knowledge in the field. Investments are made in critical areas that are essential, broad and enduring: STEM learning and STEM learning environments, broadening participation in STEM, and STEM workforce development.&lt;br/&gt;&lt;br/&gt;This award reflects NSF's statutory mission and has been deemed worthy of support through evaluation using the Foundation's intellectual merit and broader impacts review criteria.</AbstractNarration>
<MinAmdLetterDate>07/30/2023</MinAmdLetterDate>
<MaxAmdLetterDate>09/23/2024</MaxAmdLetterDate>
<ARRAAmount/>
<TRAN_TYPE>Grant</TRAN_TYPE>
<CFDA_NUM>47.076</CFDA_NUM>
<NSF_PAR_USE_FLAG>1</NSF_PAR_USE_FLAG>
<FUND_AGCY_CODE>4900</FUND_AGCY_CODE>
<AWDG_AGCY_CODE>4900</AWDG_AGCY_CODE>
<AwardID>2300291</AwardID>
<Investigator>
<FirstName>Wei</FirstName>
<LastName>Ai</LastName>
<PI_MID_INIT/>
<PI_SUFX_NAME/>
<PI_FULL_NAME>Wei Ai</PI_FULL_NAME>
<EmailAddress><![CDATA[aiwei@umd.edu]]></EmailAddress>
<NSF_ID>000853100</NSF_ID>
<StartDate>07/30/2023</StartDate>
<EndDate/>
<RoleCode>Co-Principal Investigator</RoleCode>
</Investigator>
<Investigator>
<FirstName>Jing</FirstName>
<LastName>Liu</LastName>
<PI_MID_INIT/>
<PI_SUFX_NAME/>
<PI_FULL_NAME>Jing Liu</PI_FULL_NAME>
<EmailAddress><![CDATA[jliu28@umd.edu]]></EmailAddress>
<NSF_ID>000808215</NSF_ID>
<StartDate>07/30/2023</StartDate>
<EndDate/>
<RoleCode>Co-Principal Investigator</RoleCode>
</Investigator>
<Investigator>
<FirstName>Lorraine</FirstName>
<LastName>Males</LastName>
<PI_MID_INIT/>
<PI_SUFX_NAME/>
<PI_FULL_NAME>Lorraine Males</PI_FULL_NAME>
<EmailAddress><![CDATA[lmales2@unl.edu]]></EmailAddress>
<NSF_ID>000618427</NSF_ID>
<StartDate>07/30/2023</StartDate>
<EndDate/>
<RoleCode>Co-Principal Investigator</RoleCode>
</Investigator>
<Investigator>
<FirstName>Melissa</FirstName>
<LastName>Boston</LastName>
<PI_MID_INIT/>
<PI_SUFX_NAME/>
<PI_FULL_NAME>Melissa Boston</PI_FULL_NAME>
<EmailAddress><![CDATA[bostonm@duq.edu]]></EmailAddress>
<NSF_ID>000763056</NSF_ID>
<StartDate>07/30/2023</StartDate>
<EndDate/>
<RoleCode>Co-Principal Investigator</RoleCode>
</Investigator>
<Investigator>
<FirstName>Min</FirstName>
<LastName>Sun</LastName>
<PI_MID_INIT/>
<PI_SUFX_NAME/>
<PI_FULL_NAME>Min Sun</PI_FULL_NAME>
<EmailAddress><![CDATA[misun@uw.edu]]></EmailAddress>
<NSF_ID>000611086</NSF_ID>
<StartDate>07/30/2023</StartDate>
<EndDate/>
<RoleCode>Principal Investigator</RoleCode>
</Investigator>
<Institution>
<Name><![CDATA[University of Washington]]></Name>
<CityName>SEATTLE</CityName>
<ZipCode>981951016</ZipCode>
<PhoneNumber>2065434043</PhoneNumber>
<StreetAddress><![CDATA[4333 BROOKLYN AVE NE]]></StreetAddress>
<StreetAddress2/>
<CountryName>United States</CountryName>
<StateName>Washington</StateName>
<StateCode>WA</StateCode>
<CONGRESSDISTRICT>07</CONGRESSDISTRICT>
<CONGRESS_DISTRICT_ORG>WA07</CONGRESS_DISTRICT_ORG>
<ORG_UEI_NUM>HD1WMN6945W6</ORG_UEI_NUM>
<ORG_LGL_BUS_NAME>UNIVERSITY OF WASHINGTON</ORG_LGL_BUS_NAME>
<ORG_PRNT_UEI_NUM/>
</Institution>
<Performance_Institution>
<Name><![CDATA[University of Washington]]></Name>
<CityName>Seattle</CityName>
<StateCode>WA</StateCode>
<ZipCode>981950001</ZipCode>
<StreetAddress><![CDATA[4333 Brooklyn Ave NE]]></StreetAddress>
<CountryCode>US</CountryCode>
<CountryName>United States</CountryName>
<StateName>Washington</StateName>
<CountryFlag>1</CountryFlag>
<CONGRESSDISTRICT>07</CONGRESSDISTRICT>
<CONGRESS_DISTRICT_PERF>WA07</CONGRESS_DISTRICT_PERF>
</Performance_Institution>
<ProgramElement>
<Code>798000</Code>
<Text>ECR-EDU Core Research</Text>
</ProgramElement>
<ProgramReference>
<Code>8212</Code>
<Text>Broaden Particip STEM Resrch</Text>
</ProgramReference>
<ProgramReference>
<Code>8816</Code>
<Text>Workforce Development</Text>
</ProgramReference>
<ProgramReference>
<Code>8817</Code>
<Text>STEM Learning &amp; Learning Environments</Text>
</ProgramReference>
<Appropriation>
<Code/>
<Name/>
<APP_SYMB_ID/>
</Appropriation>
<Appropriation>
<Code/>
<Name/>
<APP_SYMB_ID/>
</Appropriation>
<Fund>
<Code>04002425DB</Code>
<Name><![CDATA[NSF STEM Education]]></Name>
<FUND_SYMB_ID>040106</FUND_SYMB_ID>
</Fund>
<Fund>
<Code>04002324DB</Code>
<Name><![CDATA[NSF STEM Education]]></Name>
<FUND_SYMB_ID>040106</FUND_SYMB_ID>
</Fund>
<FUND_OBLG>2023~741729</FUND_OBLG>
<FUND_OBLG>2024~53947</FUND_OBLG>
</Award>
</rootTag>
