<?xml version="1.0" encoding="UTF-8"?>
<rootTag>
<Award>
<AwardTitle><![CDATA[Collaborative Research: Broadening participation of marginalized scholars in STEM: The longitudinal influence of early-career climate experiences on professional pathways]]></AwardTitle>
<AGENCY>NSF</AGENCY>
<AwardEffectiveDate>08/01/2023</AwardEffectiveDate>
<AwardExpirationDate>07/31/2028</AwardExpirationDate>
<AwardTotalIntnAmount>1363480.00</AwardTotalIntnAmount>
<AwardAmount>750167</AwardAmount>
<AwardInstrument>
<Value>Continuing Grant</Value>
</AwardInstrument>
<Organization>
<Code>11060000</Code>
<Directorate>
<Abbreviation>EDU</Abbreviation>
<LongName>Directorate for STEM Education</LongName>
</Directorate>
<Division>
<Abbreviation>EES</Abbreviation>
<LongName>Div. of Equity for Excellence in STEM</LongName>
</Division>
</Organization>
<ProgramOfficer>
<SignBlockName>Jessie Dearo</SignBlockName>
<PO_EMAI>jdearo@nsf.gov</PO_EMAI>
<PO_PHON>7032925350</PO_PHON>
</ProgramOfficer>
<AbstractNarration>Higher education has struggled to make meaningful progress in broadening the participation in STEM at all levels. Person-Environment Fit (PE Fit) research reveals that education and career outcomes are improved by having an organizational environment that is congruent with one’s needs, skills, and values. Because PE Fit is theorized at multiple organizational levels, this study will examine inclusive climate at the levels of the STEM research group, department, and academic discipline. This study will build upon the PE Fit theory by addressing two novel aspects of environment: 1) authorship climate, in which intellectual contributions are fully welcomed and valued throughout the STEM research process, and 2) the COVID-19 pandemic, which created unprecedented disruptions in the personal and professional lives of early-career STEM scholars. The overarching goal is to increase understanding about the longitudinal effects of early-career climates and the COVID-19 pandemic on STEM career outcomes (productivity and attitudes) and professional pathways, especially for scholars from marginalized groups. &lt;br/&gt;&lt;br/&gt;This proposed research is a mixed-methods study building on prior work that resulted in a survey of over 3500 graduate students, postdoctoral scholars, and assistant professors in biology, economics, physics, and psychology in the first year of the COVID-19 pandemic (time 1). This project will support a longitudinal follow-up survey (time 2) of the scholars to examine the effect of academic climates and COVID-19 on career outcomes and pathways over time. The survey will be complemented with in-depth interviews (at time 3) with a diverse subsample (n = 80) of the participants. These interviews will provide insight into how scholars make sense of, navigate, and shape academic climates, and how multiple levels of climate interact with each other and with COVID-19 disruptions, to affect professional pathways. Importantly, this study includes a large number of individuals with multiple intersecting social identities which will allow for disaggregation along many factors which will increase understanding from the research. The focus on academic climates is based on the literature that directly links to faculty, postdoctoral scholar, and graduate student career outcomes including their productivity, commitment, turnover intentions, and satisfaction. This study will help increase understanding of the impact of climate factors in STEM education, research, and workplace environments will contribute to improving the climate of these settings for all.&lt;br/&gt;&lt;br/&gt;This project is supported by NSF's EHR Core Research (ECR) program. The ECR program emphasizes fundamental STEM education research that generates foundational knowledge in the field. Investments are made in critical areas that are essential, broad and enduring: STEM learning and STEM learning environments, broadening participation in STEM, and STEM workforce development. The program supports the accumulation of robust evidence to inform efforts to understand, build theory to explain, and suggest intervention and innovations to address persistent challenges in education.&lt;br/&gt;&lt;br/&gt;This award reflects NSF's statutory mission and has been deemed worthy of support through evaluation using the Foundation's intellectual merit and broader impacts review criteria.</AbstractNarration>
<MinAmdLetterDate>07/28/2023</MinAmdLetterDate>
<MaxAmdLetterDate>07/28/2023</MaxAmdLetterDate>
<ARRAAmount/>
<TRAN_TYPE>Grant</TRAN_TYPE>
<CFDA_NUM>47.076</CFDA_NUM>
<NSF_PAR_USE_FLAG>1</NSF_PAR_USE_FLAG>
<FUND_AGCY_CODE>4900</FUND_AGCY_CODE>
<AWDG_AGCY_CODE>4900</AWDG_AGCY_CODE>
<AwardID>2300709</AwardID>
<Investigator>
<FirstName>Isis</FirstName>
<LastName>Settles</LastName>
<PI_MID_INIT>H</PI_MID_INIT>
<PI_SUFX_NAME/>
<PI_FULL_NAME>Isis H Settles</PI_FULL_NAME>
<EmailAddress><![CDATA[isettles@umich.edu]]></EmailAddress>
<NSF_ID>000307777</NSF_ID>
<StartDate>07/28/2023</StartDate>
<EndDate/>
<RoleCode>Principal Investigator</RoleCode>
</Investigator>
<Investigator>
<FirstName>Erin</FirstName>
<LastName>Cech</LastName>
<PI_MID_INIT>A</PI_MID_INIT>
<PI_SUFX_NAME/>
<PI_FULL_NAME>Erin A Cech</PI_FULL_NAME>
<EmailAddress><![CDATA[ecech@umich.edu]]></EmailAddress>
<NSF_ID>000546010</NSF_ID>
<StartDate>07/28/2023</StartDate>
<EndDate/>
<RoleCode>Co-Principal Investigator</RoleCode>
</Investigator>
<Institution>
<Name><![CDATA[Regents of the University of Michigan - Ann Arbor]]></Name>
<CityName>ANN ARBOR</CityName>
<ZipCode>481091079</ZipCode>
<PhoneNumber>7347636438</PhoneNumber>
<StreetAddress><![CDATA[1109 GEDDES AVE, SUITE 3300]]></StreetAddress>
<StreetAddress2/>
<CountryName>United States</CountryName>
<StateName>Michigan</StateName>
<StateCode>MI</StateCode>
<CONGRESSDISTRICT>06</CONGRESSDISTRICT>
<CONGRESS_DISTRICT_ORG>MI06</CONGRESS_DISTRICT_ORG>
<ORG_UEI_NUM>GNJ7BBP73WE9</ORG_UEI_NUM>
<ORG_LGL_BUS_NAME>REGENTS OF THE UNIVERSITY OF MICHIGAN</ORG_LGL_BUS_NAME>
<ORG_PRNT_UEI_NUM/>
</Institution>
<Performance_Institution>
<Name><![CDATA[Regents of the University of Michigan - Ann Arbor]]></Name>
<CityName>ANN ARBOR</CityName>
<StateCode>MI</StateCode>
<ZipCode>481091340</ZipCode>
<StreetAddress><![CDATA[503 THOMPSON ST]]></StreetAddress>
<CountryCode>US</CountryCode>
<CountryName>United States</CountryName>
<StateName>Michigan</StateName>
<CountryFlag>1</CountryFlag>
<CONGRESSDISTRICT>06</CONGRESSDISTRICT>
<CONGRESS_DISTRICT_PERF>MI06</CONGRESS_DISTRICT_PERF>
</Performance_Institution>
<ProgramElement>
<Code>798000</Code>
<Text>ECR-EDU Core Research</Text>
</ProgramElement>
<ProgramReference>
<Code>8212</Code>
<Text>Broaden Particip STEM Resrch</Text>
</ProgramReference>
<ProgramReference>
<Code>8816</Code>
<Text>Workforce Development</Text>
</ProgramReference>
<Appropriation>
<Code/>
<Name/>
<APP_SYMB_ID/>
</Appropriation>
<Fund>
<Code>04002324DB</Code>
<Name><![CDATA[NSF STEM Education]]></Name>
<FUND_SYMB_ID>040106</FUND_SYMB_ID>
</Fund>
<FUND_OBLG>2023~750167</FUND_OBLG>
</Award>
</rootTag>
