<?xml version="1.0" encoding="UTF-8"?>
<rootTag>
<Award>
<AwardTitle><![CDATA[Engaging Teachers in Integrating Human-Centered Design for Geometry Problem-based Instruction]]></AwardTitle>
<AGENCY>NSF</AGENCY>
<AwardEffectiveDate>08/01/2023</AwardEffectiveDate>
<AwardExpirationDate>07/31/2027</AwardExpirationDate>
<AwardTotalIntnAmount>1375742.00</AwardTotalIntnAmount>
<AwardAmount>763859</AwardAmount>
<AwardInstrument>
<Value>Continuing Grant</Value>
</AwardInstrument>
<Organization>
<Code>11090000</Code>
<Directorate>
<Abbreviation>EDU</Abbreviation>
<LongName>Directorate for STEM Education</LongName>
</Directorate>
<Division>
<Abbreviation>DRL</Abbreviation>
<LongName>Division Of Research On Learning</LongName>
</Division>
</Organization>
<ProgramOfficer>
<SignBlockName>Eric Knuth</SignBlockName>
<PO_EMAI>eknuth@nsf.gov</PO_EMAI>
<PO_PHON>7032928402</PO_PHON>
</ProgramOfficer>
<AbstractNarration>Geometry instruction offers unique opportunities for students to apply design thinking to authentic problems. This project supports teachers in designing and implementing lessons using a human-centered design (HCD) approach. Geometry teachers will participate in lesson study for two years to plan problem-based geometry lessons and to observe student thinking during those lessons. The project investigates how teachers learn about and apply a human-centered framework for teaching geometry. It will be implemented with teachers who teach in high-need schools that serve many students from underrepresented groups. Findings will support innovation development with teachers for integrating human-centered design in math instruction. Students will benefit from learning about and applying human-centered design processes to solve problems addressing issues in their communities. The project team will produce cases documenting the development and implementation of the lessons, along with a podcast of stories drawn from the lessons. Lessons and podcasts will be available through the University of Illinois Siebel Center for Design's website.&lt;br/&gt;&lt;br/&gt;The project investigates whether and how the innovation supports teachers in integrating human-centered design in problem-based geometry lessons. The research questions are: (1) How do teachers design and implement lessons using the HCD framework through lesson study? (2) What changes in teacher noticing, teacher professional community, and teaching-learning resources result from designing and implementing the lessons through lesson study? (3) How does lesson study support teachers in designing and implementing the lessons? To answer the first question, the team will apply human-centered design to understand the processes involved in crafting and teaching the lessons. To answer the second question, the team will examine changes from teachers' lesson study participation, including changes in teacher noticing of student thinking and in the development of a professional community. With the third research question, the team will investigate challenges that result from adapting lesson study phases to integrate a human-centered design approach. Research methods include case study methodologies and the examination of videos from teachers' lesson study discussions to identify teacher noticing and teacher learning opportunities. Findings will contribute to an understanding of how teacher educators and others who work with teachers can engage in applying human-centered design to math instruction. The team seeks to identify features about the underlying lesson study structure that can support teachers in planning and implementing human-centered design geometry lessons. Examination outcomes will be useful in the future for expanding this work with other teachers who seek to connect human-centered design and math through lesson study.&lt;br/&gt;&lt;br/&gt;The Discovery Research preK-12 program (DRK-12) seeks to significantly enhance the learning and teaching of science, technology, engineering and mathematics (STEM) by preK-12 students and teachers, through research and development of innovative resources, models and tools. Projects in the DRK-12 program build on fundamental research in STEM education and prior research and development efforts that provide theoretical and empirical justification for proposed projects.&lt;br/&gt;&lt;br/&gt;This award reflects NSF's statutory mission and has been deemed worthy of support through evaluation using the Foundation's intellectual merit and broader impacts review criteria.</AbstractNarration>
<MinAmdLetterDate>06/29/2023</MinAmdLetterDate>
<MaxAmdLetterDate>06/29/2023</MaxAmdLetterDate>
<ARRAAmount/>
<TRAN_TYPE>Grant</TRAN_TYPE>
<CFDA_NUM>47.076</CFDA_NUM>
<NSF_PAR_USE_FLAG>1</NSF_PAR_USE_FLAG>
<FUND_AGCY_CODE>4900</FUND_AGCY_CODE>
<AWDG_AGCY_CODE>4900</AWDG_AGCY_CODE>
<AwardID>2300689</AwardID>
<Investigator>
<FirstName>Gloriana</FirstName>
<LastName>Gonzalez Rivera</LastName>
<PI_MID_INIT/>
<PI_SUFX_NAME/>
<PI_FULL_NAME>Gloriana Gonzalez Rivera</PI_FULL_NAME>
<EmailAddress><![CDATA[ggonzlz@illinois.edu]]></EmailAddress>
<NSF_ID>000624387</NSF_ID>
<StartDate>06/29/2023</StartDate>
<EndDate/>
<RoleCode>Principal Investigator</RoleCode>
</Investigator>
<Investigator>
<FirstName>Saadeddine</FirstName>
<LastName>Shehab</LastName>
<PI_MID_INIT/>
<PI_SUFX_NAME/>
<PI_FULL_NAME>Saadeddine Shehab</PI_FULL_NAME>
<EmailAddress><![CDATA[shehab2@illinois.edu]]></EmailAddress>
<NSF_ID>000904465</NSF_ID>
<StartDate>06/29/2023</StartDate>
<EndDate/>
<RoleCode>Co-Principal Investigator</RoleCode>
</Investigator>
<Institution>
<Name><![CDATA[University of Illinois at Urbana-Champaign]]></Name>
<CityName>URBANA</CityName>
<ZipCode>618013620</ZipCode>
<PhoneNumber>2173332187</PhoneNumber>
<StreetAddress><![CDATA[506 S WRIGHT ST]]></StreetAddress>
<StreetAddress2/>
<CountryName>United States</CountryName>
<StateName>Illinois</StateName>
<StateCode>IL</StateCode>
<CONGRESSDISTRICT>13</CONGRESSDISTRICT>
<CONGRESS_DISTRICT_ORG>IL13</CONGRESS_DISTRICT_ORG>
<ORG_UEI_NUM>Y8CWNJRCNN91</ORG_UEI_NUM>
<ORG_LGL_BUS_NAME>UNIVERSITY OF ILLINOIS</ORG_LGL_BUS_NAME>
<ORG_PRNT_UEI_NUM/>
</Institution>
<Performance_Institution>
<Name><![CDATA[University of Illinois at Urbana-Champaign]]></Name>
<CityName>URBANA</CityName>
<StateCode>IL</StateCode>
<ZipCode>618013620</ZipCode>
<StreetAddress><![CDATA[506 S WRIGHT ST]]></StreetAddress>
<CountryCode>US</CountryCode>
<CountryName>United States</CountryName>
<StateName>Illinois</StateName>
<CountryFlag>1</CountryFlag>
<CONGRESSDISTRICT>13</CONGRESSDISTRICT>
<CONGRESS_DISTRICT_PERF>IL13</CONGRESS_DISTRICT_PERF>
</Performance_Institution>
<ProgramElement>
<Code>764500</Code>
<Text>Discovery Research K-12</Text>
</ProgramElement>
<ProgramReference>
<Code>8212</Code>
<Text>Broaden Particip STEM Resrch</Text>
</ProgramReference>
<ProgramReference>
<Code>8817</Code>
<Text>STEM Learning &amp; Learning Environments</Text>
</ProgramReference>
<Appropriation>
<Code/>
<Name/>
<APP_SYMB_ID/>
</Appropriation>
<Fund>
<Code>04002324DB</Code>
<Name><![CDATA[NSF STEM Education]]></Name>
<FUND_SYMB_ID>040106</FUND_SYMB_ID>
</Fund>
<FUND_OBLG>2023~763859</FUND_OBLG>
</Award>
</rootTag>
