<?xml version="1.0" encoding="UTF-8"?>
<rootTag>
<Award>
<AwardTitle><![CDATA[SHINE: Prediction of Coronal Mass Ejections and Interplanetary Magnetic Fields Using Advanced Artificial Intelligence Techniques]]></AwardTitle>
<AGENCY>NSF</AGENCY>
<AwardEffectiveDate>06/01/2023</AwardEffectiveDate>
<AwardExpirationDate>05/31/2026</AwardExpirationDate>
<AwardTotalIntnAmount>573200.00</AwardTotalIntnAmount>
<AwardAmount>573200</AwardAmount>
<AwardInstrument>
<Value>Standard Grant</Value>
</AwardInstrument>
<Organization>
<Code>06020000</Code>
<Directorate>
<Abbreviation>GEO</Abbreviation>
<LongName>Directorate For Geosciences</LongName>
</Directorate>
<Division>
<Abbreviation>AGS</Abbreviation>
<LongName>Div Atmospheric &amp; Geospace Sciences</LongName>
</Division>
</Organization>
<ProgramOfficer>
<SignBlockName>Lisa Winter</SignBlockName>
<PO_EMAI>lwinter@nsf.gov</PO_EMAI>
<PO_PHON>7032928519</PO_PHON>
</ProgramOfficer>
<AbstractNarration>Understanding and predicting violent solar eruptions and their effect on Earth is a strategic national priority, as it affects the daily life of human beings, including communication, transportation, power supply systems, national defense, space travel, and more. Due to increasing spatial and temporal resolution of solar instrumentation, researchers are facing tremendous challenges in analyzing massive amounts of space weather data, especially for the operational near real-time utilization. This interdisciplinary project advanced artificial intelligence (AI) based tools to forecast geoeffective coronal mass ejections (CMEs). A graduate student will be supported by this project and undergraduate students will be mentored. This project is co-funded by the Directorate for Geosciences to support AI/ML advancement in the geosciences and by the Space Weather program.&lt;br/&gt;&lt;br/&gt;This project supports fundamental research on advanced AI to forecast CMEs and their potential to cause geomagnetic storms near 1 AU. The objectives are to (i) employ AI to predict whether a solar active region will produce a CME and estimate its transit time, mass, and kinetic energy, and (ii) predict the orientation of magnetic clouds (MCs) near 1 AU, based on real time solar observations. Data will be used by graph neural networks (GNNs) and ensemble learning methods to combine the GNNs with other conventional AI techniques to predict orientations of MCs. The project utilizes data from NASA, NOAA, and NSF observatories, including the NSF-funded Global H-alpha Network and Big Bear Solar Observatory. The study will also utilize existing measurements and model results, which will be augmented with additional measurements derived from global coronal field maps as well as non-linear force-free field modeling.&lt;br/&gt;&lt;br/&gt;This project is co-funded by the Directorate for Geosciences to support AI/ML advancement in the geosciences.&lt;br/&gt;&lt;br/&gt;This award reflects NSF's statutory mission and has been deemed worthy of support through evaluation using the Foundation's intellectual merit and broader impacts review criteria.</AbstractNarration>
<MinAmdLetterDate>05/24/2023</MinAmdLetterDate>
<MaxAmdLetterDate>05/24/2023</MaxAmdLetterDate>
<ARRAAmount/>
<TRAN_TYPE>Grant</TRAN_TYPE>
<CFDA_NUM>47.050</CFDA_NUM>
<NSF_PAR_USE_FLAG>1</NSF_PAR_USE_FLAG>
<FUND_AGCY_CODE>4900</FUND_AGCY_CODE>
<AWDG_AGCY_CODE>4900</AWDG_AGCY_CODE>
<AwardID>2300341</AwardID>
<Investigator>
<FirstName>Ju</FirstName>
<LastName>Jing</LastName>
<PI_MID_INIT/>
<PI_SUFX_NAME/>
<PI_FULL_NAME>Ju Jing</PI_FULL_NAME>
<EmailAddress><![CDATA[jj4@njit.edu]]></EmailAddress>
<NSF_ID>000192648</NSF_ID>
<StartDate>05/24/2023</StartDate>
<EndDate/>
<RoleCode>Co-Principal Investigator</RoleCode>
</Investigator>
<Investigator>
<FirstName>Jason</FirstName>
<LastName>Wang</LastName>
<PI_MID_INIT/>
<PI_SUFX_NAME/>
<PI_FULL_NAME>Jason Wang</PI_FULL_NAME>
<EmailAddress><![CDATA[wangj@njit.edu]]></EmailAddress>
<NSF_ID>000363025</NSF_ID>
<StartDate>05/24/2023</StartDate>
<EndDate/>
<RoleCode>Co-Principal Investigator</RoleCode>
</Investigator>
<Investigator>
<FirstName>Vasyl</FirstName>
<LastName>Yurchyshyn</LastName>
<PI_MID_INIT/>
<PI_SUFX_NAME/>
<PI_FULL_NAME>Vasyl Yurchyshyn</PI_FULL_NAME>
<EmailAddress><![CDATA[vasyl.yurchyshyn@njit.edu]]></EmailAddress>
<NSF_ID>000486899</NSF_ID>
<StartDate>05/24/2023</StartDate>
<EndDate/>
<RoleCode>Principal Investigator</RoleCode>
</Investigator>
<Investigator>
<FirstName>Yao</FirstName>
<LastName>Ma</LastName>
<PI_MID_INIT/>
<PI_SUFX_NAME/>
<PI_FULL_NAME>Yao Ma</PI_FULL_NAME>
<EmailAddress><![CDATA[may13@rpi.edu]]></EmailAddress>
<NSF_ID>000862829</NSF_ID>
<StartDate>05/24/2023</StartDate>
<EndDate/>
<RoleCode>Co-Principal Investigator</RoleCode>
</Investigator>
<Institution>
<Name><![CDATA[New Jersey Institute of Technology]]></Name>
<CityName>NEWARK</CityName>
<ZipCode>071021824</ZipCode>
<PhoneNumber>9735965275</PhoneNumber>
<StreetAddress><![CDATA[323 DR MARTIN LUTHER KING JR BLV]]></StreetAddress>
<StreetAddress2/>
<CountryName>United States</CountryName>
<StateName>New Jersey</StateName>
<StateCode>NJ</StateCode>
<CONGRESSDISTRICT>10</CONGRESSDISTRICT>
<CONGRESS_DISTRICT_ORG>NJ10</CONGRESS_DISTRICT_ORG>
<ORG_UEI_NUM>SGBMHQ7VXNH5</ORG_UEI_NUM>
<ORG_LGL_BUS_NAME>NEW JERSEY INSTITUTE OF TECHNOLOGY</ORG_LGL_BUS_NAME>
<ORG_PRNT_UEI_NUM/>
</Institution>
<Performance_Institution>
<Name><![CDATA[New Jersey Institute of Technology]]></Name>
<CityName>NEWARK</CityName>
<StateCode>NJ</StateCode>
<ZipCode>071021824</ZipCode>
<StreetAddress><![CDATA[323 DR MARTIN LUTHER KING JR BLVD]]></StreetAddress>
<CountryCode>US</CountryCode>
<CountryName>United States</CountryName>
<StateName>New Jersey</StateName>
<CountryFlag>1</CountryFlag>
<CONGRESSDISTRICT>10</CONGRESSDISTRICT>
<CONGRESS_DISTRICT_PERF>NJ10</CONGRESS_DISTRICT_PERF>
</Performance_Institution>
<ProgramElement>
<Code>152300</Code>
<Text>SOLAR-TERRESTRIAL</Text>
</ProgramElement>
<ProgramElement>
<Code>243Y00</Code>
<Text>GEO CI - GEO Cyberinfrastrctre</Text>
</ProgramElement>
<ProgramElement>
<Code>808900</Code>
<Text>Space Weather Research</Text>
</ProgramElement>
<ProgramReference>
<Code>1523</Code>
<Text>SOLAR-TERRESTRIAL</Text>
</ProgramReference>
<ProgramReference>
<Code>4444</Code>
<Text>INTERDISCIPLINARY PROPOSALS</Text>
</ProgramReference>
<Appropriation>
<Code/>
<Name/>
<APP_SYMB_ID/>
</Appropriation>
<Fund>
<Code>01002324DB</Code>
<Name><![CDATA[NSF RESEARCH & RELATED ACTIVIT]]></Name>
<FUND_SYMB_ID>040100</FUND_SYMB_ID>
</Fund>
<FUND_OBLG>2023~573200</FUND_OBLG>
</Award>
</rootTag>
