<?xml version="1.0" encoding="UTF-8"?>
<rootTag>
<Award>
<AwardTitle><![CDATA[Drones to Avionics Pathway (DAP) Project]]></AwardTitle>
<AGENCY>NSF</AGENCY>
<AwardEffectiveDate>08/01/2023</AwardEffectiveDate>
<AwardExpirationDate>07/31/2026</AwardExpirationDate>
<AwardTotalIntnAmount>454038.00</AwardTotalIntnAmount>
<AwardAmount>454038</AwardAmount>
<AwardInstrument>
<Value>Standard Grant</Value>
</AwardInstrument>
<Organization>
<Code>11040100</Code>
<Directorate>
<Abbreviation>EDU</Abbreviation>
<LongName>Directorate for STEM Education</LongName>
</Directorate>
<Division>
<Abbreviation>DUE</Abbreviation>
<LongName>Division Of Undergraduate Education</LongName>
</Division>
</Organization>
<ProgramOfficer>
<SignBlockName>Virginia Carter</SignBlockName>
<PO_EMAI>vccarter@nsf.gov</PO_EMAI>
<PO_PHON>7032924651</PO_PHON>
</ProgramOfficer>
<AbstractNarration>The US Bureau of Labor Statistics data show that Florida has the second highest employment level in the Avionics industry of the 50 states and is in the highest growth category for the industry. FAA’s reports show Broward College’s service area in the highest growth category for Uncrewed Aerial Vehicles (UAVs) with new device registrations. This project will increase access for underrepresented populations to Avionics careers by engaging students in informal avionics encounters and creating a new track in the Avionics AS degree program focused on drone maintenance. The informal introduction to avionics begins the pathway of stackable credentials including regulatory licensure, stackable credentials, AS degrees, and BS degrees. The project will add to the body of knowledge in effective pedagogy in avionics education resulting in increased credential attainment. Utilizing experiential learning methods, students will demonstrate competencies leading to stackable credentials. The effort ultimately benefits students by increasing enrollment, retention, and credential acquisition in avionics pathways.&lt;br/&gt;&lt;br/&gt;The project activities, which are based on previous promising efforts at the College, will increase depth of learning and understanding of career skills in Avionics. These activities include: 1) Conducting an experiential learning after school program and a summer boot camp; 2) Developing curriculum and establishing a 9-credit drone maintenance track in the AS Avionics degree program; 3) Establishing a firm foundation through partnerships at the secondary, community college, university, community, and professional levels; 4) Implementing outreach efforts that tap underserved and non- traditional populations; and 5) Evaluating and disseminating project results, processes, and materials. This project is funded by the Advanced Technological Education program that focuses on the education of technicians for the advanced-technology fields that drive the Nation's economy.&lt;br/&gt;&lt;br/&gt;This award reflects NSF's statutory mission and has been deemed worthy of support through evaluation using the Foundation's intellectual merit and broader impacts review criteria.</AbstractNarration>
<MinAmdLetterDate>07/24/2023</MinAmdLetterDate>
<MaxAmdLetterDate>07/24/2023</MaxAmdLetterDate>
<ARRAAmount/>
<TRAN_TYPE>Grant</TRAN_TYPE>
<CFDA_NUM>47.076</CFDA_NUM>
<NSF_PAR_USE_FLAG>1</NSF_PAR_USE_FLAG>
<FUND_AGCY_CODE>4900</FUND_AGCY_CODE>
<AWDG_AGCY_CODE>4900</AWDG_AGCY_CODE>
<AwardID>2300932</AwardID>
<Investigator>
<FirstName>Johan</FirstName>
<LastName>Alvarez</LastName>
<PI_MID_INIT/>
<PI_SUFX_NAME/>
<PI_FULL_NAME>Johan Alvarez</PI_FULL_NAME>
<EmailAddress><![CDATA[jalvare6@broward.edu]]></EmailAddress>
<NSF_ID>000901289</NSF_ID>
<StartDate>07/24/2023</StartDate>
<EndDate/>
<RoleCode>Principal Investigator</RoleCode>
</Investigator>
<Investigator>
<FirstName>James</FirstName>
<LastName>Rowe</LastName>
<PI_MID_INIT/>
<PI_SUFX_NAME/>
<PI_FULL_NAME>James Rowe</PI_FULL_NAME>
<EmailAddress><![CDATA[jrowe@broward.edu]]></EmailAddress>
<NSF_ID>000901292</NSF_ID>
<StartDate>07/24/2023</StartDate>
<EndDate/>
<RoleCode>Co-Principal Investigator</RoleCode>
</Investigator>
<Investigator>
<FirstName>Russell</FirstName>
<LastName>McCaffrey</LastName>
<PI_MID_INIT/>
<PI_SUFX_NAME/>
<PI_FULL_NAME>Russell McCaffrey</PI_FULL_NAME>
<EmailAddress><![CDATA[rmccaffe@broward.edu]]></EmailAddress>
<NSF_ID>000838026</NSF_ID>
<StartDate>07/24/2023</StartDate>
<EndDate/>
<RoleCode>Co-Principal Investigator</RoleCode>
</Investigator>
<Investigator>
<FirstName>Julie</FirstName>
<LastName>Mura</LastName>
<PI_MID_INIT/>
<PI_SUFX_NAME/>
<PI_FULL_NAME>Julie Mura</PI_FULL_NAME>
<EmailAddress><![CDATA[jmura@broward.edu]]></EmailAddress>
<NSF_ID>000906297</NSF_ID>
<StartDate>07/24/2023</StartDate>
<EndDate/>
<RoleCode>Co-Principal Investigator</RoleCode>
</Investigator>
<Institution>
<Name><![CDATA[Broward College]]></Name>
<CityName>FORT LAUDERDALE</CityName>
<ZipCode>333012206</ZipCode>
<PhoneNumber>9542017410</PhoneNumber>
<StreetAddress><![CDATA[111 E LAS OLAS BLVD]]></StreetAddress>
<StreetAddress2/>
<CountryName>United States</CountryName>
<StateName>Florida</StateName>
<StateCode>FL</StateCode>
<CONGRESSDISTRICT>23</CONGRESSDISTRICT>
<CONGRESS_DISTRICT_ORG>FL23</CONGRESS_DISTRICT_ORG>
<ORG_UEI_NUM>G95LD67WQ8N5</ORG_UEI_NUM>
<ORG_LGL_BUS_NAME>BROWARD COLLEGE</ORG_LGL_BUS_NAME>
<ORG_PRNT_UEI_NUM>HJ3JDZ916NF5</ORG_PRNT_UEI_NUM>
</Institution>
<Performance_Institution>
<Name><![CDATA[Broward College]]></Name>
<CityName>FORT LAUDERDALE</CityName>
<StateCode>FL</StateCode>
<ZipCode>333012298</ZipCode>
<StreetAddress><![CDATA[111 E LAS OLAS BLVD]]></StreetAddress>
<CountryCode>US</CountryCode>
<CountryName>United States</CountryName>
<StateName>Florida</StateName>
<CountryFlag>1</CountryFlag>
<CONGRESSDISTRICT>23</CONGRESSDISTRICT>
<CONGRESS_DISTRICT_PERF>FL23</CONGRESS_DISTRICT_PERF>
</Performance_Institution>
<ProgramElement>
<Code>741200</Code>
<Text>Advanced Tech Education Prog</Text>
</ProgramElement>
<ProgramReference>
<Code>1032</Code>
<Text>ADVANCED TECHNOLOGY EDUCATION</Text>
</ProgramReference>
<ProgramReference>
<Code>9178</Code>
<Text>UNDERGRADUATE EDUCATION</Text>
</ProgramReference>
<ProgramReference>
<Code>SMET</Code>
<Text>SCIENCE, MATH, ENG &amp; TECH EDUCATION</Text>
</ProgramReference>
<Appropriation>
<Code/>
<Name/>
<APP_SYMB_ID/>
</Appropriation>
<Fund>
<Code>04002324DB</Code>
<Name><![CDATA[NSF STEM Education]]></Name>
<FUND_SYMB_ID>040106</FUND_SYMB_ID>
</Fund>
<FUND_OBLG>2023~454038</FUND_OBLG>
</Award>
</rootTag>
