<?xml version="1.0" encoding="UTF-8"?>
<rootTag>
<Award>
<AwardTitle><![CDATA[I-Corps: A novel catheter for interventional cardiology]]></AwardTitle>
<AGENCY>NSF</AGENCY>
<AwardEffectiveDate>01/01/2023</AwardEffectiveDate>
<AwardExpirationDate>12/31/2023</AwardExpirationDate>
<AwardTotalIntnAmount>50000.00</AwardTotalIntnAmount>
<AwardAmount>50000</AwardAmount>
<AwardInstrument>
<Value>Standard Grant</Value>
</AwardInstrument>
<Organization>
<Code>15030000</Code>
<Directorate>
<Abbreviation>TIP</Abbreviation>
<LongName>Dir for Tech, Innovation, &amp; Partnerships</LongName>
</Directorate>
<Division>
<Abbreviation>TI</Abbreviation>
<LongName>Translational Impacts</LongName>
</Division>
</Organization>
<ProgramOfficer>
<SignBlockName>Ruth Shuman</SignBlockName>
<PO_EMAI>rshuman@nsf.gov</PO_EMAI>
<PO_PHON>7032922160</PO_PHON>
</ProgramOfficer>
<AbstractNarration>The broader impact/commercial potential of this I-Corps project is the development of a catheter that will reduce surgery time, and thereby reduce the physicians’ and patients’ radiation exposure, and improve their long-term health. Over one million procedures to treat cardiovascular diseases, the leading causes of death and disability, are performed annually in the United States. Given these procedures' life-threatening and time-sensitive nature, there is intense pressure to reduce the procedure time and increase cardiac catheterization lab operational efficiency to expand patient access. Currently, physicians spend between 30 minutes to 4 hours on a patient, depending on the complexity of the cardiovascular procedure. Existing catheterization tools offer limited dexterity and control when navigating patient anatomy, forcing physicians to work with multiple catheters and guidewires of different shapes and sizes. These devices also lack distal tip control making it stressful to predict catheter response while navigating them inside a patient's vascular tree.&lt;br/&gt;&lt;br/&gt;This I-Corps project is based on the development of a novel metamaterial-based catheter that easily navigates through challenging anatomies and, unlike existing solutions, works on a beating heart. The invention involves the development of new metamaterial structures leading to material and structural behavior that would improve catheter navigation through tortuous patient anatomies, with physicians having absolute control over catheter behavior in surgeries on beating hearts. With this technology, physicians can dynamically alter the distal tip stiffness and lock catheter shapes, which is impossible with any existing solutions on the market. These metamaterial properties remove the need for using multiple catheters of different shapes and sizes for a single surgery leading to a better surgical procedure. This innovation has the potential to advance the field of interventional cardiology by removing procedural redundancies leading to higher efficacy and conception of novel catheter-based surgeries for diseases where patients are rejected for specific surgeries either due to complicated anatomies or lack of better surgical tools.&lt;br/&gt;&lt;br/&gt;This award reflects NSF's statutory mission and has been deemed worthy of support through evaluation using the Foundation's intellectual merit and broader impacts review criteria.</AbstractNarration>
<MinAmdLetterDate>12/21/2022</MinAmdLetterDate>
<MaxAmdLetterDate>12/21/2022</MaxAmdLetterDate>
<ARRAAmount/>
<TRAN_TYPE>Grant</TRAN_TYPE>
<CFDA_NUM>47.084</CFDA_NUM>
<NSF_PAR_USE_FLAG>1</NSF_PAR_USE_FLAG>
<FUND_AGCY_CODE>4900</FUND_AGCY_CODE>
<AWDG_AGCY_CODE>4900</AWDG_AGCY_CODE>
<AwardID>2300450</AwardID>
<Investigator>
<FirstName>Jeffrey</FirstName>
<LastName>Lipton</LastName>
<PI_MID_INIT/>
<PI_SUFX_NAME/>
<PI_FULL_NAME>Jeffrey Lipton</PI_FULL_NAME>
<EmailAddress><![CDATA[j.lipton@northeastern.edu]]></EmailAddress>
<NSF_ID>000797202</NSF_ID>
<StartDate>12/21/2022</StartDate>
<EndDate/>
<RoleCode>Principal Investigator</RoleCode>
</Investigator>
<Institution>
<Name><![CDATA[University of Washington]]></Name>
<CityName>SEATTLE</CityName>
<ZipCode>981951016</ZipCode>
<PhoneNumber>2065434043</PhoneNumber>
<StreetAddress><![CDATA[4333 BROOKLYN AVE NE]]></StreetAddress>
<StreetAddress2/>
<CountryName>United States</CountryName>
<StateName>Washington</StateName>
<StateCode>WA</StateCode>
<CONGRESSDISTRICT>07</CONGRESSDISTRICT>
<CONGRESS_DISTRICT_ORG>WA07</CONGRESS_DISTRICT_ORG>
<ORG_UEI_NUM>HD1WMN6945W6</ORG_UEI_NUM>
<ORG_LGL_BUS_NAME>UNIVERSITY OF WASHINGTON</ORG_LGL_BUS_NAME>
<ORG_PRNT_UEI_NUM/>
</Institution>
<Performance_Institution>
<Name><![CDATA[University of Washington]]></Name>
<CityName>Seattle</CityName>
<StateCode>WA</StateCode>
<ZipCode>981950001</ZipCode>
<StreetAddress><![CDATA[4333 Brooklyn Ave NE]]></StreetAddress>
<CountryCode>US</CountryCode>
<CountryName>United States</CountryName>
<StateName>Washington</StateName>
<CountryFlag>1</CountryFlag>
<CONGRESSDISTRICT>07</CONGRESSDISTRICT>
<CONGRESS_DISTRICT_PERF>WA07</CONGRESS_DISTRICT_PERF>
</Performance_Institution>
<ProgramElement>
<Code>802300</Code>
<Text>I-Corps</Text>
</ProgramElement>
<ProgramReference>
<Code>004E</Code>
<Text>BIOMEDICAL ENG AND DIAGNOSTICS</Text>
</ProgramReference>
<Appropriation>
<Code/>
<Name/>
<APP_SYMB_ID/>
</Appropriation>
<Fund>
<Code>01002324DB</Code>
<Name><![CDATA[NSF RESEARCH & RELATED ACTIVIT]]></Name>
<FUND_SYMB_ID>040100</FUND_SYMB_ID>
</Fund>
<FUND_OBLG>2023~50000</FUND_OBLG>
<POR>
<DRECONTENT><![CDATA[<div class="porColContainerWBG"> <div class="porContentCol"><p>The project aimed at transforming the field of interventional medicine through enhanced stakeholder engagement to guide the development of innovative catheter technologies. Our efforts have emphasized both intellectual merit and broader impacts, adhering to the NSF's mission to advance health care and scientific understanding.</p> <p>Our project team conducted in-depth interviews with over 104 key stakeholders, including interventional cardiologists, radiologists, hospital administrators, investors, and industry officials. These interviews, conducted across various settings including four medical conferences and two startup conferences, provided critical insights into the challenges and needs within interventional medicine.</p> <p>A recurring issue identified through our stakeholder engagement was the significant limitation posed by current catheter designs, especially during complex surgical procedures such as crossing the left atrium or performing transseptal punctures. These insights were pivotal in the development of the Nimble Surgical catheter, designed to offer superior navigation and steerability, addressing the critical feedback from medical professionals.</p> <p>Furthermore, our collaboration with the I-Corps program at the University of Washington and the national NSF I-Corps Teams program validated the market opportunity for our innovation, reinforcing the relevance and potential impact of our research.</p> <p>The broader impacts of our project are multifaceted. Firstly, by addressing the critical technical challenges in catheter design, our work promises to reduce the need to abort surgeries, thereby decreasing patient risk and enhancing surgical outcomes across geographically disparate locations.</p> <p>Additionally, the project has contributed to the education and training of graduate students in Lean Startup methodologies and customer discovery techniques. This educational aspect not only equips future leaders with valuable skills but also integrates scientific inquiry with entrepreneurial practices, fostering a new generation of science-driven entrepreneurs.</p> <p>&nbsp;</p> <p>&nbsp;</p><br> <p>  Last Modified: 05/08/2024<br> Modified by: Jeffrey&nbsp;Lipton</p></div> <div class="porSideCol" ></div> </div>]]></DRECONTENT>
<POR_COPY_TXT><![CDATA[  The project aimed at transforming the field of interventional medicine through enhanced stakeholder engagement to guide the development of innovative catheter technologies. Our efforts have emphasized both intellectual merit and broader impacts, adhering to the NSF's mission to advance health care and scientific understanding.   Our project team conducted in-depth interviews with over 104 key stakeholders, including interventional cardiologists, radiologists, hospital administrators, investors, and industry officials. These interviews, conducted across various settings including four medical conferences and two startup conferences, provided critical insights into the challenges and needs within interventional medicine.   A recurring issue identified through our stakeholder engagement was the significant limitation posed by current catheter designs, especially during complex surgical procedures such as crossing the left atrium or performing transseptal punctures. These insights were pivotal in the development of the Nimble Surgical catheter, designed to offer superior navigation and steerability, addressing the critical feedback from medical professionals.   Furthermore, our collaboration with the I-Corps program at the University of Washington and the national NSF I-Corps Teams program validated the market opportunity for our innovation, reinforcing the relevance and potential impact of our research.   The broader impacts of our project are multifaceted. Firstly, by addressing the critical technical challenges in catheter design, our work promises to reduce the need to abort surgeries, thereby decreasing patient risk and enhancing surgical outcomes across geographically disparate locations.   Additionally, the project has contributed to the education and training of graduate students in Lean Startup methodologies and customer discovery techniques. This educational aspect not only equips future leaders with valuable skills but also integrates scientific inquiry with entrepreneurial practices, fostering a new generation of science-driven entrepreneurs.           Last Modified: 05/08/2024       Submitted by: JeffreyLipton]]></POR_COPY_TXT>
</POR>
</Award>
</rootTag>
