<?xml version="1.0" encoding="UTF-8"?>
<rootTag>
<Award>
<AwardTitle><![CDATA[Investigating terpene metabolism in Medicago truncatula]]></AwardTitle>
<AGENCY>NSF</AGENCY>
<AwardEffectiveDate>08/01/2023</AwardEffectiveDate>
<AwardExpirationDate>07/31/2027</AwardExpirationDate>
<AwardTotalIntnAmount>625487.00</AwardTotalIntnAmount>
<AwardAmount>625487</AwardAmount>
<AwardInstrument>
<Value>Standard Grant</Value>
</AwardInstrument>
<Organization>
<Code>08090000</Code>
<Directorate>
<Abbreviation>BIO</Abbreviation>
<LongName>Direct For Biological Sciences</LongName>
</Directorate>
<Division>
<Abbreviation>IOS</Abbreviation>
<LongName>Division Of Integrative Organismal Systems</LongName>
</Division>
</Organization>
<ProgramOfficer>
<SignBlockName>Courtney Jahn</SignBlockName>
<PO_EMAI>cjahn@nsf.gov</PO_EMAI>
<PO_PHON>7032927746</PO_PHON>
</ProgramOfficer>
<AbstractNarration><![CDATA[The focus of this research is to understand how plants produce chemicals in response to different environmental cues. The knowledge attained will augment basic understanding of the biosynthetic pathways for plant specialized metabolites which have important functions in plant communication and defense. It therefore also has the potential to improve crop resilience and agricultural productivity. Legumes are important crops providing a significant portion of protein in human and animal diets and are also essential in cropping systems contributing to sustainability. This project examines how legumes, in particular the model legume Medicago truncatula produces terpenoids, important chemicals that respond to diverse environmental stresses. To accomplish this goal a team of students comprised of undergraduates, doctoral students and postdoctoral scholars will be trained to carry out projects centered on discovery and biochemical analysis of genes involved in the building blocks of terpenoids. Concurrently, the researchers will generate genetic lines that are no longer capable of producing select terpenes to probe the direct eco-physiological importance of these chemicals. This work will provide an informative resource for research in crop legumes. Topics related to the research area are incorporated into an undergraduate biochemistry laboratory class as well as a short module focused on visualizing chemicals targeted at middle and high school students. &lt;br/&gt;&lt;br/&gt;Legumes are important crops because of their agronomic, nutritional and environmental benefits. It is imperative to understand factors that influence their yield and quality. Plants produce a diverse array of specialized metabolites to ensure adaptation to their ecological niche. Terpenoids, a major class of specialized metabolites, play an important role in gene-by-environment interactions, as demonstrated in agricultural crops such as rice and maize. However, terpenoid diversity, evolution and possible ecophysiological significance remains relatively unknown in legumes. Specifically, this project focuses on the experimental definition of gene to metabolite relationship of the terpenome through phylogenetic and biochemical analysis. It also examines the importance of terpenes in response to environmental stress through assessment of the effect of (a)biotic stresses in select genetic knockouts. Improved knowledge of the terpenome will give insights to molecular determinants of chemical responses which are an avenue for insight into improving crop resilience.&lt;br/&gt;&lt;br/&gt;This award reflects NSF's statutory mission and has been deemed worthy of support through evaluation using the Foundation's intellectual merit and broader impacts review criteria.]]></AbstractNarration>
<MinAmdLetterDate>06/27/2023</MinAmdLetterDate>
<MaxAmdLetterDate>06/27/2023</MaxAmdLetterDate>
<ARRAAmount/>
<TRAN_TYPE>Grant</TRAN_TYPE>
<CFDA_NUM>47.074</CFDA_NUM>
<NSF_PAR_USE_FLAG>1</NSF_PAR_USE_FLAG>
<FUND_AGCY_CODE>4900</FUND_AGCY_CODE>
<AWDG_AGCY_CODE>4900</AWDG_AGCY_CODE>
<AwardID>2300060</AwardID>
<Investigator>
<FirstName>Sibongile</FirstName>
<LastName>Mafu</LastName>
<PI_MID_INIT/>
<PI_SUFX_NAME/>
<PI_FULL_NAME>Sibongile Mafu</PI_FULL_NAME>
<EmailAddress><![CDATA[smafu@umass.edu]]></EmailAddress>
<NSF_ID>000802030</NSF_ID>
<StartDate>06/27/2023</StartDate>
<EndDate/>
<RoleCode>Principal Investigator</RoleCode>
</Investigator>
<Institution>
<Name>University of Massachusetts Amherst</Name>
<CityName>AMHERST</CityName>
<ZipCode>010039252</ZipCode>
<PhoneNumber>4135450698</PhoneNumber>
<StreetAddress>101 COMMONWEALTH AVE</StreetAddress>
<StreetAddress2/>
<CountryName>United States</CountryName>
<StateName>Massachusetts</StateName>
<StateCode>MA</StateCode>
<CONGRESSDISTRICT>02</CONGRESSDISTRICT>
<CONGRESS_DISTRICT_ORG>MA02</CONGRESS_DISTRICT_ORG>
<ORG_UEI_NUM>VGJHK59NMPK9</ORG_UEI_NUM>
<ORG_LGL_BUS_NAME>UNIVERSITY OF MASSACHUSETTS</ORG_LGL_BUS_NAME>
<ORG_PRNT_UEI_NUM>VGJHK59NMPK9</ORG_PRNT_UEI_NUM>
</Institution>
<Performance_Institution>
<Name><![CDATA[University of Massachusetts Amherst]]></Name>
<CityName>AMHERST</CityName>
<StateCode>MA</StateCode>
<ZipCode>01003</ZipCode>
<StreetAddress><![CDATA[COMMONWEALTH AVE]]></StreetAddress>
<CountryCode>US</CountryCode>
<CountryName>United States</CountryName>
<StateName>Massachusetts</StateName>
<CountryFlag>1</CountryFlag>
<CONGRESSDISTRICT>02</CONGRESSDISTRICT>
<CONGRESS_DISTRICT_PERF>MA02</CONGRESS_DISTRICT_PERF>
</Performance_Institution>
<ProgramElement>
<Code>047Y</Code>
<Text>Plant-Biotic Interactions</Text>
</ProgramElement>
<ProgramReference>
<Code>7744</Code>
<Text>RAHSS</Text>
</ProgramReference>
<ProgramReference>
<Code>9178</Code>
<Text>UNDERGRADUATE EDUCATION</Text>
</ProgramReference>
<ProgramReference>
<Code>9179</Code>
<Text>GRADUATE INVOLVEMENT</Text>
</ProgramReference>
<Appropriation>
<Code/>
<Name/>
<APP_SYMB_ID/>
</Appropriation>
<Fund>
<Code>01002324DB</Code>
<Name><![CDATA[NSF RESEARCH & RELATED ACTIVIT]]></Name>
<FUND_SYMB_ID>040100</FUND_SYMB_ID>
</Fund>
<FUND_OBLG>2023~625487</FUND_OBLG>
</Award>
</rootTag>
