<?xml version="1.0" encoding="UTF-8"?>
<rootTag>
<Award>
<AwardTitle><![CDATA[Building Connections to Meet Biotechnology Industry Demands through Technical Education]]></AwardTitle>
<AGENCY>NSF</AGENCY>
<AwardEffectiveDate>10/01/2023</AwardEffectiveDate>
<AwardExpirationDate>09/30/2026</AwardExpirationDate>
<AwardTotalIntnAmount>350000.00</AwardTotalIntnAmount>
<AwardAmount>350000</AwardAmount>
<AwardInstrument>
<Value>Standard Grant</Value>
</AwardInstrument>
<Organization>
<Code>11040100</Code>
<Directorate>
<Abbreviation>EDU</Abbreviation>
<LongName>Directorate for STEM Education</LongName>
</Directorate>
<Division>
<Abbreviation>DUE</Abbreviation>
<LongName>Division Of Undergraduate Education</LongName>
</Division>
</Organization>
<ProgramOfficer>
<SignBlockName>Michael Davis</SignBlockName>
<PO_EMAI>mdavis@nsf.gov</PO_EMAI>
<PO_PHON>7032920000</PO_PHON>
</ProgramOfficer>
<AbstractNarration>The growing demand for skilled bioscience lab technicians is important to the future economic success of Iowa. Increasing the biotechnology workforce is also recognized as a vital factor in the U.S. economy and national interests. The need for qualified, entry-level biotechnology laboratory technicians is expected to continue to grow through the upcoming decade. In order to meet the evolving needs of the biotechnology industry, it is important to inform high-school students about the many opportunities available to them within this field of study. One of the most effective methods for introducing high-school students to a career field and keeping them engaged in the pursuit of education is direct interaction with professionals in the industry. This three-year project from Des Moines Area Community College (DMACC) will provide a Science Academy opportunity, allowing for high-school students to interact directly with biotechnology industry professionals through classroom visits, career fairs, and on-site tours, thus exposing students to the many career options available within the field. This method is especially effective for reaching populations who have been underrepresented in their pursuit of careers in biotechnology. Additionally, a Summer Workshop will be developed to educate high-school teachers on the use of biotechnology methods and bioinformatics in the classroom. The workshop will also provide opportunities for teachers to learn about the biotechnology industry through on-site tours and talks with industry professionals. Alongside high school outreach activities, a Business and Industry Leadership Team will be established to evaluate and modify DMACC’s biotechnology curriculum. This team will ensure that students completing the AS/Biotechnology Laboratory Methods Certificate receive high-quality, hands-on technical training that is directly applicable to entry level careers in biotechnology, and that students develop an educational foundation to support future growth in their roles within the biotechnology industry. As part of the DMACC Biotechnology Program curriculum updates, an introductory scientific computing course will be developed and equipment will be updated to align with industry standards. Integrating industry partners, secondary and postsecondary educators, and biotechnical professionals to learn and participate in growing programs such as this through academies, workshops, and conferences is designed to advance the STEM workforce and increase equity in opportunities in the field. &lt;br/&gt;&lt;br/&gt;The project goal is to increase the overall number of students entering the biotechnology workforce pathway and to ensure that biotechnology educational experiences align with industry needs. Approximately 75 high school students are expected to participate in the Science Academy throughout the duration of this three-year project, and an anticipated 48 teachers will receive instruction, networking with industry partners, and biotechnology activity materials during the Summer Workshop, to replicate these experiences for students at their schools. As a result of outreach and education provided through these grant activities, 85 students are expected to complete DMACC’s AS/Biotechnology Laboratory Methods Certificate combination degree. In order to ensure that the Biotechnology program remains astride with evolving industry, project faculty will receive training in cutting edge techniques and equipment, as directed by the advisory Business and Industry Leadership Team. This project is funded by the Advanced Technological Education program that focuses on the education of technicians for the advanced technology fields that drive the nation's economy.&lt;br/&gt;&lt;br/&gt;This award reflects NSF's statutory mission and has been deemed worthy of support through evaluation using the Foundation's intellectual merit and broader impacts review criteria.</AbstractNarration>
<MinAmdLetterDate>07/07/2023</MinAmdLetterDate>
<MaxAmdLetterDate>07/07/2023</MaxAmdLetterDate>
<ARRAAmount/>
<TRAN_TYPE>Grant</TRAN_TYPE>
<CFDA_NUM>47.076</CFDA_NUM>
<NSF_PAR_USE_FLAG>1</NSF_PAR_USE_FLAG>
<FUND_AGCY_CODE>4900</FUND_AGCY_CODE>
<AWDG_AGCY_CODE>4900</AWDG_AGCY_CODE>
<AwardID>2300876</AwardID>
<Investigator>
<FirstName>Lauren</FirstName>
<LastName>Kinkead</LastName>
<PI_MID_INIT>C</PI_MID_INIT>
<PI_SUFX_NAME/>
<PI_FULL_NAME>Lauren C Kinkead</PI_FULL_NAME>
<EmailAddress><![CDATA[lckinkead@dmacc.edu]]></EmailAddress>
<NSF_ID>000893272</NSF_ID>
<StartDate>07/07/2023</StartDate>
<EndDate/>
<RoleCode>Co-Principal Investigator</RoleCode>
</Investigator>
<Investigator>
<FirstName>Julie</FirstName>
<LastName>Gonzalez</LastName>
<PI_MID_INIT>E</PI_MID_INIT>
<PI_SUFX_NAME/>
<PI_FULL_NAME>Julie E Gonzalez</PI_FULL_NAME>
<EmailAddress><![CDATA[jegonzalez2@dmacc.edu]]></EmailAddress>
<NSF_ID>000522931</NSF_ID>
<StartDate>07/07/2023</StartDate>
<EndDate/>
<RoleCode>Principal Investigator</RoleCode>
</Investigator>
<Investigator>
<FirstName>Andrew</FirstName>
<LastName>Guinness</LastName>
<PI_MID_INIT/>
<PI_SUFX_NAME/>
<PI_FULL_NAME>Andrew Guinness</PI_FULL_NAME>
<EmailAddress><![CDATA[aaguinness@dmacc.edu]]></EmailAddress>
<NSF_ID>000893279</NSF_ID>
<StartDate>07/07/2023</StartDate>
<EndDate/>
<RoleCode>Co-Principal Investigator</RoleCode>
</Investigator>
<Institution>
<Name><![CDATA[Des Moines Area Community College]]></Name>
<CityName>ANKENY</CityName>
<ZipCode>500238995</ZipCode>
<PhoneNumber>5159646200</PhoneNumber>
<StreetAddress><![CDATA[2006 S ANKENY BLVD]]></StreetAddress>
<StreetAddress2/>
<CountryName>United States</CountryName>
<StateName>Iowa</StateName>
<StateCode>IA</StateCode>
<CONGRESSDISTRICT>03</CONGRESSDISTRICT>
<CONGRESS_DISTRICT_ORG>IA03</CONGRESS_DISTRICT_ORG>
<ORG_UEI_NUM>UHXRPL5G4FY3</ORG_UEI_NUM>
<ORG_LGL_BUS_NAME>DES MOINES AREA COMMUNITY COLLEGE</ORG_LGL_BUS_NAME>
<ORG_PRNT_UEI_NUM>UHXRPL5G4FY3</ORG_PRNT_UEI_NUM>
</Institution>
<Performance_Institution>
<Name><![CDATA[Des Moines Area Community College]]></Name>
<CityName>ANKENY</CityName>
<StateCode>IA</StateCode>
<ZipCode>500238995</ZipCode>
<StreetAddress><![CDATA[2006 S ANKENY BLVD]]></StreetAddress>
<CountryCode>US</CountryCode>
<CountryName>United States</CountryName>
<StateName>Iowa</StateName>
<CountryFlag>1</CountryFlag>
<CONGRESSDISTRICT>03</CONGRESSDISTRICT>
<CONGRESS_DISTRICT_PERF>IA03</CONGRESS_DISTRICT_PERF>
</Performance_Institution>
<ProgramElement>
<Code>741200</Code>
<Text>Advanced Tech Education Prog</Text>
</ProgramElement>
<ProgramReference>
<Code>1032</Code>
<Text>ADVANCED TECHNOLOGY EDUCATION</Text>
</ProgramReference>
<ProgramReference>
<Code>9150</Code>
<Text>EXP PROG TO STIM COMP RES</Text>
</ProgramReference>
<ProgramReference>
<Code>9178</Code>
<Text>UNDERGRADUATE EDUCATION</Text>
</ProgramReference>
<ProgramReference>
<Code>SMET</Code>
<Text>SCIENCE, MATH, ENG &amp; TECH EDUCATION</Text>
</ProgramReference>
<Appropriation>
<Code/>
<Name/>
<APP_SYMB_ID/>
</Appropriation>
<Fund>
<Code>04002324DB</Code>
<Name><![CDATA[NSF STEM Education]]></Name>
<FUND_SYMB_ID>040106</FUND_SYMB_ID>
</Fund>
<FUND_OBLG>2023~350000</FUND_OBLG>
</Award>
</rootTag>
