<?xml version="1.0" encoding="UTF-8"?>
<rootTag>
<Award>
<AwardTitle><![CDATA[CNS Core: Small: Testing and detecting software upgrade failures in data-intensive distributed systems]]></AwardTitle>
<AGENCY>NSF</AGENCY>
<AwardEffectiveDate>10/01/2023</AwardEffectiveDate>
<AwardExpirationDate>09/30/2026</AwardExpirationDate>
<AwardTotalIntnAmount>599999.00</AwardTotalIntnAmount>
<AwardAmount>599999</AwardAmount>
<AwardInstrument>
<Value>Standard Grant</Value>
</AwardInstrument>
<Organization>
<Code>05050000</Code>
<Directorate>
<Abbreviation>CSE</Abbreviation>
<LongName>Direct For Computer &amp; Info Scie &amp; Enginr</LongName>
</Directorate>
<Division>
<Abbreviation>CNS</Abbreviation>
<LongName>Division Of Computer and Network Systems</LongName>
</Division>
</Organization>
<ProgramOfficer>
<SignBlockName>Daniela Oliveira</SignBlockName>
<PO_EMAI>doliveir@nsf.gov</PO_EMAI>
<PO_PHON>7032920000</PO_PHON>
</ProgramOfficer>
<AbstractNarration>In the current big data era, Internet services are often built on top of data-intensive distributed systems. Such distributed systems have to go through frequent software upgrade as vendors need to add new features, improve performance, and deploy patches. With the rise of continuous deployment in the industry, the frequency of distributed system software upgrade could reach thousands of deployments in a single day in a major Internet company. Unfortunately, distributed systems could experience upgrade failures – failures happen during software upgrade. These failures often have large-scale impact as upgrade is performed on the entire system. They are typically mitigated in the production environment with canary deployment, which slowly rollout updates from a small scale to the entire cluster and downgrade if a failure is encountered. However, canary deployment easily takes hours and creates a dilemma between safe and fast upgrade. In addition, many upgrade failures have persistent impact and cannot be easily resolved by downgrading. Despite the severe consequence of upgrade failures and challenges faced by production mitigation techniques, there are no existing testing and program analysis techniques that focus on testing and analyzing the distributed system upgrade procedure systematically. This work proposes to develop such techniques optimized to detect upgrade failures in early stages through exploring the effectiveness of unique properties of the distributed system software upgrade procedure. Data-intensive distributed systems deployed in public or private clouds are nowadays a cornerstone of many critical computing systems. The proposed techniques should dramatically improve the reliability of data-intensive distributed systems during upgrade and, consequently, reduce service disruptions and improve the availability of cloud systems. In addition, improved reliability of the upgrade procedure will lead to more timely feedbacks about new features in production, which is critical for developers’ productivity and the quality of the resulting software.&lt;br/&gt;&lt;br/&gt;In this project we plan to (1) implement differential testing between two standard distributed system upgrade procedures – full-stop upgrade and rolling upgrade, (2) explore utilizing source code difference between versions to design differential test oracles, feedback metrics, and input mutation strategies, that are specially tuned to trigger and detect upgrade failures, (3) design static program analysis guided by source code difference to detect data format incompatibilities between versions, and (4) validate the testing and detection techniques proposed through direct experimentation on real-world data-intensive distributed systems. The proposed fault localization  and static analysis techniques will reduce the valuable time and effort that developers spend on root cause diagnosis, which is extremely challenging for bugs in distributed systems. All products of the project will be open sourced to ensure a widespread impact.&lt;br/&gt;&lt;br/&gt;This award reflects NSF's statutory mission and has been deemed worthy of support through evaluation using the Foundation's intellectual merit and broader impacts review criteria.</AbstractNarration>
<MinAmdLetterDate>08/18/2023</MinAmdLetterDate>
<MaxAmdLetterDate>08/18/2023</MaxAmdLetterDate>
<ARRAAmount/>
<TRAN_TYPE>Grant</TRAN_TYPE>
<CFDA_NUM>47.070</CFDA_NUM>
<NSF_PAR_USE_FLAG>1</NSF_PAR_USE_FLAG>
<FUND_AGCY_CODE>4900</FUND_AGCY_CODE>
<AWDG_AGCY_CODE>4900</AWDG_AGCY_CODE>
<AwardID>2300562</AwardID>
<Investigator>
<FirstName>Yongle</FirstName>
<LastName>Zhang</LastName>
<PI_MID_INIT/>
<PI_SUFX_NAME/>
<PI_FULL_NAME>Yongle Zhang</PI_FULL_NAME>
<EmailAddress><![CDATA[yonglezh@purdue.edu]]></EmailAddress>
<NSF_ID>000859298</NSF_ID>
<StartDate>08/18/2023</StartDate>
<EndDate/>
<RoleCode>Principal Investigator</RoleCode>
</Investigator>
<Institution>
<Name><![CDATA[Purdue University]]></Name>
<CityName>WEST LAFAYETTE</CityName>
<ZipCode>479061332</ZipCode>
<PhoneNumber>7654941055</PhoneNumber>
<StreetAddress><![CDATA[2550 NORTHWESTERN AVE # 1100]]></StreetAddress>
<StreetAddress2/>
<CountryName>United States</CountryName>
<StateName>Indiana</StateName>
<StateCode>IN</StateCode>
<CONGRESSDISTRICT>04</CONGRESSDISTRICT>
<CONGRESS_DISTRICT_ORG>IN04</CONGRESS_DISTRICT_ORG>
<ORG_UEI_NUM>YRXVL4JYCEF5</ORG_UEI_NUM>
<ORG_LGL_BUS_NAME>PURDUE UNIVERSITY</ORG_LGL_BUS_NAME>
<ORG_PRNT_UEI_NUM>YRXVL4JYCEF5</ORG_PRNT_UEI_NUM>
</Institution>
<Performance_Institution>
<Name><![CDATA[Purdue University]]></Name>
<CityName>WEST LAFAYETTE</CityName>
<StateCode>IN</StateCode>
<ZipCode>479072107</ZipCode>
<StreetAddress><![CDATA[305 N. University Street]]></StreetAddress>
<CountryCode>US</CountryCode>
<CountryName>United States</CountryName>
<StateName>Indiana</StateName>
<CountryFlag>1</CountryFlag>
<CONGRESSDISTRICT>04</CONGRESSDISTRICT>
<CONGRESS_DISTRICT_PERF>IN04</CONGRESS_DISTRICT_PERF>
</Performance_Institution>
<ProgramElement>
<Code>735400</Code>
<Text>CSR-Computer Systems Research</Text>
</ProgramElement>
<ProgramReference>
<Code>7923</Code>
<Text>SMALL PROJECT</Text>
</ProgramReference>
<Appropriation>
<Code/>
<Name/>
<APP_SYMB_ID/>
</Appropriation>
<Fund>
<Code>01002324DB</Code>
<Name><![CDATA[NSF RESEARCH & RELATED ACTIVIT]]></Name>
<FUND_SYMB_ID>040100</FUND_SYMB_ID>
</Fund>
<FUND_OBLG>2023~599999</FUND_OBLG>
</Award>
</rootTag>
