<?xml version="1.0" encoding="UTF-8"?>
<rootTag>
<Award>
<AwardTitle><![CDATA[Collaborative Research: Research Infrastructure: CFS (Track III) Cosmogenic Nuclides in Earth Science Research: Allied facilities for sample preparation, analysis, and training]]></AwardTitle>
<AGENCY>NSF</AGENCY>
<AwardEffectiveDate>07/15/2023</AwardEffectiveDate>
<AwardExpirationDate>06/30/2028</AwardExpirationDate>
<AwardTotalIntnAmount>3793185.00</AwardTotalIntnAmount>
<AwardAmount>1483382</AwardAmount>
<AwardInstrument>
<Value>Continuing Grant</Value>
</AwardInstrument>
<Organization>
<Code>06030000</Code>
<Directorate>
<Abbreviation>GEO</Abbreviation>
<LongName>Directorate For Geosciences</LongName>
</Directorate>
<Division>
<Abbreviation>EAR</Abbreviation>
<LongName>Division Of Earth Sciences</LongName>
</Division>
</Organization>
<ProgramOfficer>
<SignBlockName>Paul Cutler</SignBlockName>
<PO_EMAI>pcutler@nsf.gov</PO_EMAI>
<PO_PHON>7032924961</PO_PHON>
</ProgramOfficer>
<AbstractNarration>Accelerator mass spectrometry (AMS) is a technique used to measure exceedingly rare materials produced as cosmic rays interact with rocks, soil, and Earth’s atmosphere. Using these data, scientists can determine the timing of events that have the potential to impact human endeavors. Some catastrophic changes, like floods or earthquakes, occur over short time-scales, while others, landscape erosion and the growth and demise of ice sheets, occur over longer time-scales, thousands to millions of years. These changes directly impact the welfare of human populations world-wide. This award renews funding for the Purdue Rare Isotope Measurement Laboratory (PRIME Lab) and the University of Vermont (UVM) Community Cosmogenic Facility.  These two facilities will collaborate to produce a national, multi-user facility dedicated to the measurement of cosmogenic radionuclides using accelerator mass spectrometry. Doing so allows the combined facility to train students and researchers from dozens of universities within the US that do not have these capabilities or the funds to create them. At the University of Vermont, students learn how to perform the physical and chemical preparation of samples and then participate in the measurement of their samples on the PRIME Lab AMS.  The interaction between students, faculty, and professional staff at PRIME Lab and University of Vermont facilitates interaction with geologists, chemists, and physicists, providing a unique opportunity to expand the educational opportunity beyond the focus of specific research projects.  An essential component of this award is outreach to underrepresented communities, which will provide students hands-on opportunities to participate in geologic field work, laboratory instruction, and exposure to nuclear physics measurement techniques.&lt;br/&gt;&lt;br/&gt;The collaborative facility goals are to provide allied sample preparation, chemical extraction, and AMS measurements of cosmogenic and other long-lived radionuclides to the geoscience community. The first goal of this proposal is the continuance of this sample preparation and measurement capability for the NSF and geoscience community. PRIME Lab has provided AMS measurements for the geoscience community since the early 1990’s. PRIME Lab provides measurements of 10Be, 14C, 26Al, 36Cl, and 129I in terrestrial geologic samples.  PRIME Lab routinely measures thousands of unknowns annually for researchers, including those in the NSF community, but the laboratory can neither keep pace with demand and adequately train enough “next-generation” cosmogenic nuclides researchers.  Accordingly, a significant goal of this award is the establishment of additional sample preparation facilities for the geoscience community. The combination of the AMS measurement capabilities at PRIME Lab with the sample preparation facilities at UVM has value beyond just the combination of two facilities. Combining the groups enables us to explore techniques that allow the facility to streamline some of the processes, identify potential problems in the application of cosmogenic nuclides, allow for unique opportunities to train the next generation of cosmogenic nuclide researchers, and develop next-generation measurement techniques and applications.&lt;br/&gt;&lt;br/&gt;This award reflects NSF's statutory mission and has been deemed worthy of support through evaluation using the Foundation's intellectual merit and broader impacts review criteria.</AbstractNarration>
<MinAmdLetterDate>06/28/2023</MinAmdLetterDate>
<MaxAmdLetterDate>06/18/2024</MaxAmdLetterDate>
<ARRAAmount/>
<TRAN_TYPE>Grant</TRAN_TYPE>
<CFDA_NUM>47.050</CFDA_NUM>
<NSF_PAR_USE_FLAG>1</NSF_PAR_USE_FLAG>
<FUND_AGCY_CODE>4900</FUND_AGCY_CODE>
<AWDG_AGCY_CODE>4900</AWDG_AGCY_CODE>
<AwardID>2300559</AwardID>
<Investigator>
<FirstName>Nathaniel</FirstName>
<LastName>Lifton</LastName>
<PI_MID_INIT>A</PI_MID_INIT>
<PI_SUFX_NAME/>
<PI_FULL_NAME>Nathaniel A Lifton</PI_FULL_NAME>
<EmailAddress><![CDATA[nlifton@purdue.edu]]></EmailAddress>
<NSF_ID>000461335</NSF_ID>
<StartDate>06/28/2023</StartDate>
<EndDate/>
<RoleCode>Co-Principal Investigator</RoleCode>
</Investigator>
<Investigator>
<FirstName>Darryl</FirstName>
<LastName>Granger</LastName>
<PI_MID_INIT>E</PI_MID_INIT>
<PI_SUFX_NAME/>
<PI_FULL_NAME>Darryl E Granger</PI_FULL_NAME>
<EmailAddress><![CDATA[dgranger@purdue.edu]]></EmailAddress>
<NSF_ID>000353689</NSF_ID>
<StartDate>06/28/2023</StartDate>
<EndDate/>
<RoleCode>Co-Principal Investigator</RoleCode>
</Investigator>
<Investigator>
<FirstName>Marc</FirstName>
<LastName>Caffee</LastName>
<PI_MID_INIT>W</PI_MID_INIT>
<PI_SUFX_NAME/>
<PI_FULL_NAME>Marc W Caffee</PI_FULL_NAME>
<EmailAddress><![CDATA[mcaffee@purdue.edu]]></EmailAddress>
<NSF_ID>000471546</NSF_ID>
<StartDate>06/28/2023</StartDate>
<EndDate/>
<RoleCode>Principal Investigator</RoleCode>
</Investigator>
<Institution>
<Name><![CDATA[Purdue University]]></Name>
<CityName>WEST LAFAYETTE</CityName>
<ZipCode>479061332</ZipCode>
<PhoneNumber>7654941055</PhoneNumber>
<StreetAddress><![CDATA[2550 NORTHWESTERN AVE # 1100]]></StreetAddress>
<StreetAddress2/>
<CountryName>United States</CountryName>
<StateName>Indiana</StateName>
<StateCode>IN</StateCode>
<CONGRESSDISTRICT>04</CONGRESSDISTRICT>
<CONGRESS_DISTRICT_ORG>IN04</CONGRESS_DISTRICT_ORG>
<ORG_UEI_NUM>YRXVL4JYCEF5</ORG_UEI_NUM>
<ORG_LGL_BUS_NAME>PURDUE UNIVERSITY</ORG_LGL_BUS_NAME>
<ORG_PRNT_UEI_NUM>YRXVL4JYCEF5</ORG_PRNT_UEI_NUM>
</Institution>
<Performance_Institution>
<Name><![CDATA[Purdue University]]></Name>
<CityName>WEST LAFAYETTE</CityName>
<StateCode>IN</StateCode>
<ZipCode>479061332</ZipCode>
<StreetAddress><![CDATA[2550 NORTHWESTERN AVE STE 1900]]></StreetAddress>
<CountryCode>US</CountryCode>
<CountryName>United States</CountryName>
<StateName>Indiana</StateName>
<CountryFlag>1</CountryFlag>
<CONGRESSDISTRICT>04</CONGRESSDISTRICT>
<CONGRESS_DISTRICT_PERF>IN04</CONGRESS_DISTRICT_PERF>
</Performance_Institution>
<ProgramElement>
<Code>158000</Code>
<Text>Instrumentation &amp; Facilities</Text>
</ProgramElement>
<Appropriation>
<Code/>
<Name/>
<APP_SYMB_ID/>
</Appropriation>
<Appropriation>
<Code/>
<Name/>
<APP_SYMB_ID/>
</Appropriation>
<Fund>
<Code>01002425DB</Code>
<Name><![CDATA[NSF RESEARCH & RELATED ACTIVIT]]></Name>
<FUND_SYMB_ID>040100</FUND_SYMB_ID>
</Fund>
<Fund>
<Code>01002324DB</Code>
<Name><![CDATA[NSF RESEARCH & RELATED ACTIVIT]]></Name>
<FUND_SYMB_ID>040100</FUND_SYMB_ID>
</Fund>
<FUND_OBLG>2023~726349</FUND_OBLG>
<FUND_OBLG>2024~757033</FUND_OBLG>
</Award>
</rootTag>
