<?xml version="1.0" encoding="UTF-8"?>
<rootTag>
<Award>
<AwardTitle><![CDATA[RUI: SpecEES: Collaborative Research: Enabling Secure,  Energy-Efficient, and Smart In-Band Full Duplex Wireless]]></AwardTitle>
<AGENCY>NSF</AGENCY>
<AwardEffectiveDate>10/01/2022</AwardEffectiveDate>
<AwardExpirationDate>12/31/2024</AwardExpirationDate>
<AwardTotalIntnAmount>250000.00</AwardTotalIntnAmount>
<AwardAmount>179126</AwardAmount>
<AwardInstrument>
<Value>Standard Grant</Value>
</AwardInstrument>
<Organization>
<Code>07010000</Code>
<Directorate>
<Abbreviation>ENG</Abbreviation>
<LongName>Directorate For Engineering</LongName>
</Directorate>
<Division>
<Abbreviation>ECCS</Abbreviation>
<LongName>Div Of Electrical, Commun &amp; Cyber Sys</LongName>
</Division>
</Organization>
<ProgramOfficer>
<SignBlockName>Huaiyu Dai</SignBlockName>
<PO_EMAI>hdai@nsf.gov</PO_EMAI>
<PO_PHON>7032924568</PO_PHON>
</ProgramOfficer>
<AbstractNarration>In-band full-duplex (IBFD) wireless communication technique has tremendous potentials in spectral efficiency because of its simultaneous transmission and reception of information. Although IBFD wireless communication technique has been theoretically investigated and analyzed for years, it remains very challenging to be systemically enabled in practice because of a few hurdles.  This project will design and develop deep learning resolutions of self-interference cancellation, power control, and security for future IBFD wireless communication systems. The research can potentially double the wireless spectrum efficiency and impact future wireless standards and policies. Outcomes as publications and open source codes will be made available to the research community to significantly facilitate the research on deep learning-based wireless communications. This project will integrate the research outcomes into course curricula to promote training workforce with knowledge and skills in deep learning and future wireless system design. Underrepresented students will be recruited to participate as research assistants or through special programs, e.g., the Louis Stokes Alliance for Minority Participation Program or the Sloan Engineering Program at the collaborative institutions. &lt;br/&gt;&lt;br/&gt;This research tackles three major challenges and problems to enable secure, spectrum-efficient, and energy-efficient IBFD wireless communication systems. First, this project will design deep learning based all-digital self-interference cancellation solutions with the potential of doubling the spectrum efficiency. Such design with nonlinear solutions is expected to model the self-interference much more accurately than conventional solutions. The proposed per-symbol estimation of wireless channel condition will provide the highest resolution of channel dynamics to upper layers for cross-layer designs. Second, deep learning power control solutions will be designed to maximize the energy efficiency of IBFD wireless system. These solutions are expected to achieve optimal performance while overcoming the computational and mathematical hurdles in traditional solutions. Third, by data-mining the IBFD channel dynamics, new solutions for wireless security with high degrees of efficiency and secrecy will be developed for IBFD wireless communication systems and networks.&lt;br/&gt;&lt;br/&gt;This award reflects NSF's statutory mission and has been deemed worthy of support through evaluation using the Foundation's intellectual merit and broader impacts review criteria.</AbstractNarration>
<MinAmdLetterDate>10/18/2022</MinAmdLetterDate>
<MaxAmdLetterDate>12/13/2022</MaxAmdLetterDate>
<ARRAAmount/>
<TRAN_TYPE>Grant</TRAN_TYPE>
<CFDA_NUM>47.041</CFDA_NUM>
<NSF_PAR_USE_FLAG>1</NSF_PAR_USE_FLAG>
<FUND_AGCY_CODE>4900</FUND_AGCY_CODE>
<AWDG_AGCY_CODE>4900</AWDG_AGCY_CODE>
<AwardID>2300955</AwardID>
<Investigator>
<FirstName>Ying</FirstName>
<LastName>Xie</LastName>
<PI_MID_INIT/>
<PI_SUFX_NAME/>
<PI_FULL_NAME>Ying Xie</PI_FULL_NAME>
<EmailAddress><![CDATA[yxie2@kennesaw.edu]]></EmailAddress>
<NSF_ID>000297170</NSF_ID>
<StartDate>12/13/2022</StartDate>
<EndDate/>
<RoleCode>Co-Principal Investigator</RoleCode>
</Investigator>
<Investigator>
<FirstName>Shaoen</FirstName>
<LastName>Wu</LastName>
<PI_MID_INIT/>
<PI_SUFX_NAME/>
<PI_FULL_NAME>Shaoen Wu</PI_FULL_NAME>
<EmailAddress><![CDATA[swu10@kennesaw.edu]]></EmailAddress>
<NSF_ID>000562895</NSF_ID>
<StartDate>10/18/2022</StartDate>
<EndDate/>
<RoleCode>Principal Investigator</RoleCode>
</Investigator>
<Institution>
<Name><![CDATA[Kennesaw State University Research and Service Foundation]]></Name>
<CityName>KENNESAW</CityName>
<ZipCode>301445588</ZipCode>
<PhoneNumber>4705786381</PhoneNumber>
<StreetAddress><![CDATA[1000 CHASTAIN RD NW]]></StreetAddress>
<StreetAddress2/>
<CountryName>United States</CountryName>
<StateName>Georgia</StateName>
<StateCode>GA</StateCode>
<CONGRESSDISTRICT>11</CONGRESSDISTRICT>
<CONGRESS_DISTRICT_ORG>GA11</CONGRESS_DISTRICT_ORG>
<ORG_UEI_NUM>G8DZHNRKWTN3</ORG_UEI_NUM>
<ORG_LGL_BUS_NAME>KENNESAW STATE UNIVERSITY RESEARCH AND SERVICE FOUNDATION, INC</ORG_LGL_BUS_NAME>
<ORG_PRNT_UEI_NUM/>
</Institution>
<Performance_Institution>
<Name><![CDATA[Kennesaw State University Research and Service Foundation]]></Name>
<CityName>KENNESAW</CityName>
<StateCode>GA</StateCode>
<ZipCode>301445588</ZipCode>
<StreetAddress><![CDATA[1000 CHASTAIN RD MAILSTOP 0111]]></StreetAddress>
<CountryCode>US</CountryCode>
<CountryName>United States</CountryName>
<StateName>Georgia</StateName>
<CountryFlag>1</CountryFlag>
<CONGRESSDISTRICT>11</CONGRESSDISTRICT>
<CONGRESS_DISTRICT_PERF>GA11</CONGRESS_DISTRICT_PERF>
</Performance_Institution>
<ProgramElement>
<Code>059Y00</Code>
<Text>SpecEES Spectrum Efficiency, E</Text>
</ProgramElement>
<ProgramElement>
<Code>756400</Code>
<Text>CCSS-Comms Circuits &amp; Sens Sys</Text>
</ProgramElement>
<ProgramReference>
<Code>055Z</Code>
<Text>SpecEES Spectrum Efficiency, Energy Effi</Text>
</ProgramReference>
<ProgramReference>
<Code>9102</Code>
<Text>WOMEN, MINORITY, DISABLED, NEC</Text>
</ProgramReference>
<ProgramReference>
<Code>9251</Code>
<Text>REU SUPP-Res Exp for Ugrd Supp</Text>
</ProgramReference>
<Appropriation>
<Code/>
<Name/>
<APP_SYMB_ID/>
</Appropriation>
<Appropriation>
<Code/>
<Name/>
<APP_SYMB_ID/>
</Appropriation>
<Fund>
<Code>01002122DB</Code>
<Name><![CDATA[NSF RESEARCH & RELATED ACTIVIT]]></Name>
<FUND_SYMB_ID>040100</FUND_SYMB_ID>
</Fund>
<Fund>
<Code>01001920DB</Code>
<Name><![CDATA[NSF RESEARCH & RELATED ACTIVIT]]></Name>
<FUND_SYMB_ID>040100</FUND_SYMB_ID>
</Fund>
<FUND_OBLG>2019~163126</FUND_OBLG>
<FUND_OBLG>2021~16000</FUND_OBLG>
</Award>
</rootTag>
