<?xml version="1.0" encoding="UTF-8"?>
<rootTag>
<Award>
<AwardTitle><![CDATA[Research Initiation Award:Transcriptome Analysis of Microtubule Actin Crosslinking Factor 1 (MACF1) Stage-Specific oocytes in Zebrafish]]></AwardTitle>
<AGENCY>NSF</AGENCY>
<AwardEffectiveDate>10/01/2023</AwardEffectiveDate>
<AwardExpirationDate>09/30/2026</AwardExpirationDate>
<AwardTotalIntnAmount>291745.00</AwardTotalIntnAmount>
<AwardAmount>291745</AwardAmount>
<AwardInstrument>
<Value>Standard Grant</Value>
</AwardInstrument>
<Organization>
<Code>11060000</Code>
<Directorate>
<Abbreviation>EDU</Abbreviation>
<LongName>Directorate for STEM Education</LongName>
</Directorate>
<Division>
<Abbreviation>EES</Abbreviation>
<LongName>Div. of Equity for Excellence in STEM</LongName>
</Division>
</Organization>
<ProgramOfficer>
<SignBlockName>Carleitta Paige-Anderson</SignBlockName>
<PO_EMAI>cpaigean@nsf.gov</PO_EMAI>
<PO_PHON>7032922816</PO_PHON>
</ProgramOfficer>
<AbstractNarration>The Historically Black Colleges and Universities Undergraduate Program (HBCU-UP) through Research Initiation Awards provide support for junior and mid-career faculty at Historically Black Colleges and Universities who are building new research programs or redirecting and rebuilding existing research programs. It is expected that the award helps to further the faculty member's research capability and effectiveness and improve research and teaching at the home institution. This award to Coppin State University provides an opportunity to establish a zebrafish laboratory that investigates the mechanisms underlying oogenesis. Specifically, the project aims to examine the function of Microtubule Actin Crosslinking Factor 1 (MACF1) in Balbiani body (Bb) disassembly.  With this award, efforts also include the training of graduate, undergraduate, and high school students, thereby contributing to the next generation of scientists who can contribute to scientific innovation, creativity and productivity.&lt;br/&gt;&lt;br/&gt;The embryonic axis is first determined during oogenesis by polarity cues established in the oocyte, preceding embryonic genome activation. This distinct asymmetry is determined from a vegetally localized structure, called the Balbiani body (Bb). The Bb is conserved in oocytes from vertebrates to invertebrates and is composed of an aggregation of organelles and proteins including RNA-binding proteins. However, the mechanism by which the Bb establishes polarity during oogenesis and disassembles is unknown. There is evidence to demonstrate that a magellan (mgn) mutant causes an egg polarity defect and is characterized by an enlarged Bb and a mis-localized nucleus. The mgn mutant specifically, disrupts the microtubule actin crosslinking factor (macf1a) gene, known to function in other polarized cells. The goal of the proposed study will focus on the earliest stages of oogenesis that result in a mature and viable oocyte for successful fertilization. To address Bb disassembly and the interaction with MACF1a this study will 1) employ Next-Generation Sequencing (NGS) technology to measure differential expression of transcripts in macf1a stage-specific oocytes, and 2) visualize MACF1a protein in combination with the Bb at the ultrastructural level. The proposed project will uncover for the first time the transcriptome of a zebrafish maternal effect mutant (macf1) which may lead to greater insight into the genes controlling polarity while providing high-resolution characterization of the MACF1 protein/Balbiani body.&lt;br/&gt;&lt;br/&gt;This award reflects NSF's statutory mission and has been deemed worthy of support through evaluation using the Foundation's intellectual merit and broader impacts review criteria.</AbstractNarration>
<MinAmdLetterDate>09/21/2023</MinAmdLetterDate>
<MaxAmdLetterDate>04/10/2024</MaxAmdLetterDate>
<ARRAAmount/>
<TRAN_TYPE>Grant</TRAN_TYPE>
<CFDA_NUM>47.076</CFDA_NUM>
<NSF_PAR_USE_FLAG>1</NSF_PAR_USE_FLAG>
<FUND_AGCY_CODE>4900</FUND_AGCY_CODE>
<AWDG_AGCY_CODE>4900</AWDG_AGCY_CODE>
<AwardID>2300505</AwardID>
<Investigator>
<FirstName>Dondra</FirstName>
<LastName>Bailey</LastName>
<PI_MID_INIT/>
<PI_SUFX_NAME/>
<PI_FULL_NAME>Dondra Bailey</PI_FULL_NAME>
<EmailAddress><![CDATA[dbailey@coppin.edu]]></EmailAddress>
<NSF_ID>000861193</NSF_ID>
<StartDate>09/21/2023</StartDate>
<EndDate/>
<RoleCode>Principal Investigator</RoleCode>
</Investigator>
<Institution>
<Name><![CDATA[Coppin State University]]></Name>
<CityName>BALTIMORE</CityName>
<ZipCode>212163633</ZipCode>
<PhoneNumber>4109513838</PhoneNumber>
<StreetAddress><![CDATA[2500 W NORTH AVE]]></StreetAddress>
<StreetAddress2/>
<CountryName>United States</CountryName>
<StateName>Maryland</StateName>
<StateCode>MD</StateCode>
<CONGRESSDISTRICT>07</CONGRESSDISTRICT>
<CONGRESS_DISTRICT_ORG>MD07</CONGRESS_DISTRICT_ORG>
<ORG_UEI_NUM>THKNELBAWJG7</ORG_UEI_NUM>
<ORG_LGL_BUS_NAME>COPPIN STATE UNIVERSITY</ORG_LGL_BUS_NAME>
<ORG_PRNT_UEI_NUM/>
</Institution>
<Performance_Institution>
<Name><![CDATA[COPPIN STATE UNIVERSITY]]></Name>
<CityName>BALTIMORE</CityName>
<StateCode>MD</StateCode>
<ZipCode>212163633</ZipCode>
<StreetAddress><![CDATA[2500 W NORTH AVE]]></StreetAddress>
<CountryCode>US</CountryCode>
<CountryName>United States</CountryName>
<StateName>Maryland</StateName>
<CountryFlag>1</CountryFlag>
<CONGRESSDISTRICT>07</CONGRESSDISTRICT>
<CONGRESS_DISTRICT_PERF>MD07</CONGRESS_DISTRICT_PERF>
</Performance_Institution>
<ProgramElement>
<Code>159400</Code>
<Text>Hist Black Colleges and Univ</Text>
</ProgramElement>
<ProgramReference>
<Code>9178</Code>
<Text>UNDERGRADUATE EDUCATION</Text>
</ProgramReference>
<Appropriation>
<Code/>
<Name/>
<APP_SYMB_ID/>
</Appropriation>
<Fund>
<Code>04002324DB</Code>
<Name><![CDATA[NSF STEM Education]]></Name>
<FUND_SYMB_ID>040106</FUND_SYMB_ID>
</Fund>
<FUND_OBLG>2023~291745</FUND_OBLG>
</Award>
</rootTag>
