<?xml version="1.0" encoding="UTF-8"?>
<rootTag>
<Award>
<AwardTitle><![CDATA[Collaborative Research: Engineering host-associated synthetic consortia based on ecological modules.]]></AwardTitle>
<AGENCY>NSF</AGENCY>
<AwardEffectiveDate>09/01/2023</AwardEffectiveDate>
<AwardExpirationDate>08/31/2027</AwardExpirationDate>
<AwardTotalIntnAmount>786821.00</AwardTotalIntnAmount>
<AwardAmount>786821</AwardAmount>
<AwardInstrument>
<Value>Standard Grant</Value>
</AwardInstrument>
<Organization>
<Code>08070000</Code>
<Directorate>
<Abbreviation>BIO</Abbreviation>
<LongName>Direct For Biological Sciences</LongName>
</Directorate>
<Division>
<Abbreviation>MCB</Abbreviation>
<LongName>Div Of Molecular and Cellular Bioscience</LongName>
</Division>
</Organization>
<ProgramOfficer>
<SignBlockName>Anthony Garza</SignBlockName>
<PO_EMAI>aggarza@nsf.gov</PO_EMAI>
<PO_PHON>7032922489</PO_PHON>
</ProgramOfficer>
<AbstractNarration>Feeding a growing human population will require the development of new technologies that increase the efficiency of animal farming and reduce the detrimental impact of pathogens. The engineering of gut-associated microbial consortia can hold the key to the development of these new technologies. While microbiome science is often discussed in the context of human health, the impact of microorganisms on animals is much more pronounced, especially in the context of high-intensity farming such as aquaculture – one of the main sources of high-quality protein and fat for humans. Given the enormous relevance of aquaculture in the economy and nutrition of many nations, it is imperative to develop strategies to control microbiome composition and function, in order to maintain and increase productivity in a sustainable manner. In this project, synthetic microbiomes will be constructed to increase feed efficiency in the brine shrimp, Artemia salina, and prevent infection by a bacterial pathogen, Vibrio parahaemolyticus, which is responsible for great losses from disease in aquaculture worldwide. Furthermore, a two-pronged bridge program partnering Massachusetts Institute of Technology and University of Central Florida with Ecuador’s National Center for Aquaculture and Marine Research (CENAIM) will be created. The bridge program will directly further the development of sustainable aquaculture methods while protecting marine biodiversity and ecosystems and will provide a critical translational avenue to test the results of this work in large-scale, real-world settings. Undergraduate and graduate students will be involved in all aspects of the research. &lt;br/&gt;&lt;br/&gt;Microbiome engineering is an emerging field and the ability to design and construct multispecies systems from isolates is currently limited. This project leverages research on marine bacterial communities and environmental pathogens to design synthetic microbial consortia that maximize feed efficiency and prevent pathogen colonization in aquaculture – a major source of edible protein for humans. The ultimate goal of the project is to develop standardized animal microbiomes that could be used to increase animal production and well-being by synergistically controlling the interaction between feed efficiency and pathogen colonization. Underlying this project, a novel framework, based on “ecological modules” of organisms that could be mix-and-matched to obtain a desired functionality, will be used to design synthetic consortia. The investigators have already established two key ecological modules that are ubiquitous in communities that degrade complex organic matter in the ocean and have amassed a large strain collection with a wide range of metabolic capabilities. Synthetic consortia will be built from this collection by combining different primary degraders and secondary consumers to modulate host diet and deter pathogen colonization using a model system consisting of the brine shrimp, Artemia salina, and Vibrio parahaemolyticus, a bacterial pathogen of enormous impact in aquaculture worldwide. Overall, this research will generate an experimental platform to design synthetic communities using modules assembled from natural isolates for desired functionalities and may provide insight into microbiome assembly and formation.&lt;br/&gt;&lt;br/&gt;This award reflects NSF's statutory mission and has been deemed worthy of support through evaluation using the Foundation's intellectual merit and broader impacts review criteria.</AbstractNarration>
<MinAmdLetterDate>06/27/2023</MinAmdLetterDate>
<MaxAmdLetterDate>06/27/2023</MaxAmdLetterDate>
<ARRAAmount/>
<TRAN_TYPE>Grant</TRAN_TYPE>
<CFDA_NUM>47.074</CFDA_NUM>
<NSF_PAR_USE_FLAG>1</NSF_PAR_USE_FLAG>
<FUND_AGCY_CODE>4900</FUND_AGCY_CODE>
<AWDG_AGCY_CODE>4900</AWDG_AGCY_CODE>
<AwardID>2300136</AwardID>
<Investigator>
<FirstName>Otto</FirstName>
<LastName>Cordero Sanchez</LastName>
<PI_MID_INIT>X</PI_MID_INIT>
<PI_SUFX_NAME/>
<PI_FULL_NAME>Otto X Cordero Sanchez</PI_FULL_NAME>
<EmailAddress><![CDATA[ottox@MIT.EDU]]></EmailAddress>
<NSF_ID>000700925</NSF_ID>
<StartDate>06/27/2023</StartDate>
<EndDate/>
<RoleCode>Principal Investigator</RoleCode>
</Investigator>
<Institution>
<Name><![CDATA[Massachusetts Institute of Technology]]></Name>
<CityName>CAMBRIDGE</CityName>
<ZipCode>021394301</ZipCode>
<PhoneNumber>6172531000</PhoneNumber>
<StreetAddress><![CDATA[77 MASSACHUSETTS AVE]]></StreetAddress>
<StreetAddress2/>
<CountryName>United States</CountryName>
<StateName>Massachusetts</StateName>
<StateCode>MA</StateCode>
<CONGRESSDISTRICT>07</CONGRESSDISTRICT>
<CONGRESS_DISTRICT_ORG>MA07</CONGRESS_DISTRICT_ORG>
<ORG_UEI_NUM>E2NYLCDML6V1</ORG_UEI_NUM>
<ORG_LGL_BUS_NAME>MASSACHUSETTS INSTITUTE OF TECHNOLOGY</ORG_LGL_BUS_NAME>
<ORG_PRNT_UEI_NUM>E2NYLCDML6V1</ORG_PRNT_UEI_NUM>
</Institution>
<Performance_Institution>
<Name><![CDATA[Massachusetts Institute of Technology]]></Name>
<CityName>CAMBRIDGE</CityName>
<StateCode>MA</StateCode>
<ZipCode>021394301</ZipCode>
<StreetAddress><![CDATA[77 MASSACHUSETTS AVE]]></StreetAddress>
<CountryCode>US</CountryCode>
<CountryName>United States</CountryName>
<StateName>Massachusetts</StateName>
<CountryFlag>1</CountryFlag>
<CONGRESSDISTRICT>07</CONGRESSDISTRICT>
<CONGRESS_DISTRICT_PERF>MA07</CONGRESS_DISTRICT_PERF>
</Performance_Institution>
<ProgramElement>
<Code>765600</Code>
<Text>Symbiosis Infection &amp; Immunity</Text>
</ProgramElement>
<ProgramElement>
<Code>801100</Code>
<Text>Systems and Synthetic Biology</Text>
</ProgramElement>
<ProgramReference>
<Code>7465</Code>
<Text>NANOSCALE BIO CORE</Text>
</ProgramReference>
<ProgramReference>
<Code>9178</Code>
<Text>UNDERGRADUATE EDUCATION</Text>
</ProgramReference>
<ProgramReference>
<Code>9179</Code>
<Text>GRADUATE INVOLVEMENT</Text>
</ProgramReference>
<Appropriation>
<Code/>
<Name/>
<APP_SYMB_ID/>
</Appropriation>
<Fund>
<Code>01002324DB</Code>
<Name><![CDATA[NSF RESEARCH & RELATED ACTIVIT]]></Name>
<FUND_SYMB_ID>040100</FUND_SYMB_ID>
</Fund>
<FUND_OBLG>2023~786821</FUND_OBLG>
</Award>
</rootTag>
