<?xml version="1.0" encoding="UTF-8"?>
<rootTag>
<Award>
<AwardTitle><![CDATA[Pathways for a Process Operations Technology Education Program for the Liquefied Natural Gas Industry]]></AwardTitle>
<AGENCY>NSF</AGENCY>
<AwardEffectiveDate>06/01/2023</AwardEffectiveDate>
<AwardExpirationDate>05/31/2026</AwardExpirationDate>
<AwardTotalIntnAmount>637016.00</AwardTotalIntnAmount>
<AwardAmount>637016</AwardAmount>
<AwardInstrument>
<Value>Standard Grant</Value>
</AwardInstrument>
<Organization>
<Code>11040100</Code>
<Directorate>
<Abbreviation>EDU</Abbreviation>
<LongName>Directorate for STEM Education</LongName>
</Directorate>
<Division>
<Abbreviation>DUE</Abbreviation>
<LongName>Division Of Undergraduate Education</LongName>
</Division>
</Organization>
<ProgramOfficer>
<SignBlockName>Kalyn Owens</SignBlockName>
<PO_EMAI>kowens@nsf.gov</PO_EMAI>
<PO_PHON>7032924615</PO_PHON>
</ProgramOfficer>
<AbstractNarration>This project aims to serve the national interest by developing and implementing an updated Process Operations Technology (PRO) program to prepare students for high-demand technical careers in the Liquified Natural Gas (LNG) industry.  Targeted occupations include petroleum pump system operator, refinery operator, chemical plant and system operators, refrigeration specialists and gas plant operators.  Texas is home to seven LNG export facilities that are in use, under construction, or in the planning stages and will eventually support 70,000 jobs in the region. Importantly, this project will build on prior work to redesign the PRO program into a flexible and accessible statewide model to address the needs of industry and employers in the East Texas region. This approach will provide students with increasingly flexible opportunities and pathways to obtain the necessary training to enter and be successful in the LNG industry. Ultimately, this project intends to contribute to the training of a highly skilled workforce for this rapidly growing industry and serve as a model in the region for how to develop flexible technical education pathways that meet student needs. &lt;br/&gt;&lt;br/&gt;Texas State Technical College will collaborate with local industry to achieve the primary goal of increasing the quality and number of highly skilled technicians in the LNG industry through the implementation of an innovative and flexible Process Operations Technology (PRO) program.  This will be accomplished through the following activities: 1) partnering with industry to undergo a statewide curriculum alignment process of the PRO program courses to standardize curriculum and learning outcomes, 2) upgrading of instructional equipment to provide flexible, and accessible training in an open lab environment, and 3) combining a performance-based online instructional model with an innovative flexible career pathway approach featuring multiple entry/multiple exit (MEME) points. The project team aims to enroll a minimum of one hundred students over the three-year project period of which fifty students will graduate with either an AAS degree or an industry recognized certificate. A formal evaluation will be conducted to assess project activities and outcomes with a focus on contributing to the body of knowledge on flexible technical education pathways for preparing skilled technicians to be successful in the science and engineering technical workforce. As a result, this project has the potential to provide a model for the technical education community for how to transition from the traditional didactic contact hour format to a flexible career pathway format with a stair-step approach that promotes student retention and career-placement success.  The team aims to immediately expand the project to other campuses located in the Dallas/Fort Worth area, the Texas Gulf Coast, West Texas, and the Rio Grande Valley through hybrid courses and other targeted dissemination efforts. This project is funded by the Advanced Technological Education program that focuses on the education of technicians for the advanced technology fields that drive the nation's economy.&lt;br/&gt;&lt;br/&gt;This award reflects NSF's statutory mission and has been deemed worthy of support through evaluation using the Foundation's intellectual merit and broader impacts review criteria.</AbstractNarration>
<MinAmdLetterDate>04/21/2023</MinAmdLetterDate>
<MaxAmdLetterDate>01/17/2024</MaxAmdLetterDate>
<ARRAAmount/>
<TRAN_TYPE>Grant</TRAN_TYPE>
<CFDA_NUM>47.076</CFDA_NUM>
<NSF_PAR_USE_FLAG>1</NSF_PAR_USE_FLAG>
<FUND_AGCY_CODE>4900</FUND_AGCY_CODE>
<AWDG_AGCY_CODE>4900</AWDG_AGCY_CODE>
<AwardID>2300967</AwardID>
<Investigator>
<FirstName>Erica</FirstName>
<LastName>Griffin</LastName>
<PI_MID_INIT/>
<PI_SUFX_NAME/>
<PI_FULL_NAME>Erica Griffin</PI_FULL_NAME>
<EmailAddress><![CDATA[egriffin133204@tstc.edu]]></EmailAddress>
<NSF_ID>000955876</NSF_ID>
<StartDate>10/11/2023</StartDate>
<EndDate/>
<RoleCode>Co-Principal Investigator</RoleCode>
</Investigator>
<Investigator>
<FirstName>Kathryn</FirstName>
<LastName>Robinson</LastName>
<PI_MID_INIT>K</PI_MID_INIT>
<PI_SUFX_NAME/>
<PI_FULL_NAME>Kathryn K Robinson</PI_FULL_NAME>
<EmailAddress><![CDATA[kkrobinson@tstc.edu]]></EmailAddress>
<NSF_ID>000865234</NSF_ID>
<StartDate>01/17/2024</StartDate>
<EndDate/>
<RoleCode>Principal Investigator</RoleCode>
</Investigator>
<Investigator>
<FirstName>Nicholas</FirstName>
<LastName>Cram</LastName>
<PI_MID_INIT>B</PI_MID_INIT>
<PI_SUFX_NAME/>
<PI_FULL_NAME>Nicholas B Cram</PI_FULL_NAME>
<EmailAddress><![CDATA[nicholas.cram@tstc.edu]]></EmailAddress>
<NSF_ID>000865294</NSF_ID>
<StartDate>04/21/2023</StartDate>
<EndDate>01/17/2024</EndDate>
<RoleCode>Former Principal Investigator</RoleCode>
</Investigator>
<Investigator>
<FirstName>Kathryn</FirstName>
<LastName>Robinson</LastName>
<PI_MID_INIT>K</PI_MID_INIT>
<PI_SUFX_NAME/>
<PI_FULL_NAME>Kathryn K Robinson</PI_FULL_NAME>
<EmailAddress><![CDATA[kkrobinson@tstc.edu]]></EmailAddress>
<NSF_ID>000865234</NSF_ID>
<StartDate>04/21/2023</StartDate>
<EndDate>09/05/2023</EndDate>
<RoleCode>Former Co-Principal Investigator</RoleCode>
</Investigator>
<Institution>
<Name><![CDATA[Texas State Technical College]]></Name>
<CityName>WACO</CityName>
<ZipCode>767051607</ZipCode>
<PhoneNumber>2548674800</PhoneNumber>
<StreetAddress><![CDATA[3801 CAMPUS DRIVE]]></StreetAddress>
<StreetAddress2/>
<CountryName>United States</CountryName>
<StateName>Texas</StateName>
<StateCode>TX</StateCode>
<CONGRESSDISTRICT>17</CONGRESSDISTRICT>
<CONGRESS_DISTRICT_ORG>TX17</CONGRESS_DISTRICT_ORG>
<ORG_UEI_NUM>C7E3GM85JC66</ORG_UEI_NUM>
<ORG_LGL_BUS_NAME>TEXAS STATE TECHNICAL COLLEGE</ORG_LGL_BUS_NAME>
<ORG_PRNT_UEI_NUM/>
</Institution>
<Performance_Institution>
<Name><![CDATA[Texas State Technical College]]></Name>
<CityName>WACO</CityName>
<StateCode>TX</StateCode>
<ZipCode>767051607</ZipCode>
<StreetAddress><![CDATA[3801 CAMPUS DR BLDG 3210]]></StreetAddress>
<CountryCode>US</CountryCode>
<CountryName>United States</CountryName>
<StateName>Texas</StateName>
<CountryFlag>1</CountryFlag>
<CONGRESSDISTRICT>17</CONGRESSDISTRICT>
<CONGRESS_DISTRICT_PERF>TX17</CONGRESS_DISTRICT_PERF>
</Performance_Institution>
<ProgramElement>
<Code>741200</Code>
<Text>Advanced Tech Education Prog</Text>
</ProgramElement>
<ProgramReference>
<Code>1032</Code>
<Text>ADVANCED TECHNOLOGY EDUCATION</Text>
</ProgramReference>
<ProgramReference>
<Code>9178</Code>
<Text>UNDERGRADUATE EDUCATION</Text>
</ProgramReference>
<ProgramReference>
<Code>SMET</Code>
<Text>SCIENCE, MATH, ENG &amp; TECH EDUCATION</Text>
</ProgramReference>
<Appropriation>
<Code/>
<Name/>
<APP_SYMB_ID/>
</Appropriation>
<Fund>
<Code>04002324DB</Code>
<Name><![CDATA[NSF STEM Education]]></Name>
<FUND_SYMB_ID>040106</FUND_SYMB_ID>
</Fund>
<FUND_OBLG>2023~637016</FUND_OBLG>
</Award>
</rootTag>
