<?xml version="1.0" encoding="UTF-8"?>
<rootTag>
<Award>
<AwardTitle><![CDATA[Collaborative Research: Spatiotemporal observations of the demise of an ice sheet: Paleo perspectives from Baffin Bay, West Greenland.]]></AwardTitle>
<AGENCY>NSF</AGENCY>
<AwardEffectiveDate>10/01/2022</AwardEffectiveDate>
<AwardExpirationDate>09/30/2025</AwardExpirationDate>
<AwardTotalIntnAmount>214373.00</AwardTotalIntnAmount>
<AwardAmount>214373</AwardAmount>
<AwardInstrument>
<Value>Continuing Grant</Value>
</AwardInstrument>
<Organization>
<Code>06040000</Code>
<Directorate>
<Abbreviation>GEO</Abbreviation>
<LongName>Directorate For Geosciences</LongName>
</Directorate>
<Division>
<Abbreviation>OCE</Abbreviation>
<LongName>Division Of Ocean Sciences</LongName>
</Division>
</Organization>
<ProgramOfficer>
<SignBlockName>Gail Christeson</SignBlockName>
<PO_EMAI>gchriste@nsf.gov</PO_EMAI>
<PO_PHON>7032922952</PO_PHON>
</ProgramOfficer>
<AbstractNarration>The Greenland Ice Sheet (GIS) is shrinking today in response to the warming atmosphere and ocean. The GIS holds enough freshwater to raise sea level by 7.4 meters (24 feet) if it melted completely. Thus, understanding how it responds to warming is important. This project will investigate GIS vulnerability by studying how the GIS responded to climate warming in the past. At the end of the last ice age, about 20,000 years ago, the western GIS margin extended farther into Baffin Bay, hundreds of kilometers west of its present position. By 10,000 years ago, the ice margin had largely retreated to within the current coastline. It is unclear if a warming atmosphere, a warming ocean, or some combination of the two is responsible for the retreat. Sediments studied along the West Greenland margin as part of this project will establish regional variations in the timing, magnitude, and rate of GIS retreat during the deglaciation. The relative timing of GIS changes and ocean warming, recorded in the same sediments, will improve our understanding of the behavior of large ice sheets in the past and future. The project broader impacts include support for a postdoctoral researcher, three graduate students, and undergraduate researchers. In addition, the project will support production of an outreach film based on the proposed research expedition. The project also will facilitate development of an upper-level undergraduate course focused on the deglaciation.  &lt;br/&gt;&lt;br/&gt;To accomplish this goal, an oceanographic expedition will study four West Greenland trough mouth fan systems (where the GIS deposited large volumes of sediment when it extended offshore) using seafloor and sub-seafloor imaging techniques and by collecting sediment cores spanning the end of the last ice age to present. Biological, magnetic, geochemical, and physical properties from the sediment records will be used to test the primary hypothesis; that increasing ocean temperature at the base of marine terminating glaciers is a major driver of ice-sheet instability. The project will establish: 1) the timing and extent of warm Atlantic water incursion along the west Greenland margin; 2) the phasing of ice margin retreat and ocean change; and 3) the influence of regional geology, geomorphology, and ice dynamics on ice-margin retreat. Early career leadership (supported by senior mentors) is at the heart of this project with three US-based assistant professors and one post-doctoral researcher directing shipboard operations and spearheading the post-expedition science. Half of the sea-going science party will be graduate and undergraduate students. Acquisition of the first US-based sediment cores from Baffin Bay and archival of the cores and data in US facilities and databases will provide diverse high-latitude research opportunities to the NSF community, ensuring the continuing legacy of this project.&lt;br/&gt;&lt;br/&gt;This award reflects NSF's statutory mission and has been deemed worthy of support through evaluation using the Foundation's intellectual merit and broader impacts review criteria.</AbstractNarration>
<MinAmdLetterDate>10/11/2022</MinAmdLetterDate>
<MaxAmdLetterDate>07/30/2024</MaxAmdLetterDate>
<ARRAAmount/>
<TRAN_TYPE>Grant</TRAN_TYPE>
<CFDA_NUM>47.050, 47.078</CFDA_NUM>
<NSF_PAR_USE_FLAG>1</NSF_PAR_USE_FLAG>
<FUND_AGCY_CODE>4900</FUND_AGCY_CODE>
<AWDG_AGCY_CODE>4900</AWDG_AGCY_CODE>
<AwardID>2300114</AwardID>
<Investigator>
<FirstName>Brendan</FirstName>
<LastName>Reilly</LastName>
<PI_MID_INIT>T</PI_MID_INIT>
<PI_SUFX_NAME/>
<PI_FULL_NAME>Brendan T Reilly</PI_FULL_NAME>
<EmailAddress><![CDATA[btr2118@columbia.edu]]></EmailAddress>
<NSF_ID>000793242</NSF_ID>
<StartDate>10/11/2022</StartDate>
<EndDate/>
<RoleCode>Principal Investigator</RoleCode>
</Investigator>
<Institution>
<Name><![CDATA[Columbia University]]></Name>
<CityName>NEW YORK</CityName>
<ZipCode>100277922</ZipCode>
<PhoneNumber>2128546851</PhoneNumber>
<StreetAddress><![CDATA[615 W 131ST ST]]></StreetAddress>
<StreetAddress2><![CDATA[MC 8741]]></StreetAddress2>
<CountryName>United States</CountryName>
<StateName>New York</StateName>
<StateCode>NY</StateCode>
<CONGRESSDISTRICT>13</CONGRESSDISTRICT>
<CONGRESS_DISTRICT_ORG>NY13</CONGRESS_DISTRICT_ORG>
<ORG_UEI_NUM>F4N1QNPB95M4</ORG_UEI_NUM>
<ORG_LGL_BUS_NAME>THE TRUSTEES OF COLUMBIA UNIVERSITY IN THE CITY OF NEW YORK</ORG_LGL_BUS_NAME>
<ORG_PRNT_UEI_NUM/>
</Institution>
<Performance_Institution>
<Name><![CDATA[Columbia University]]></Name>
<CityName>NEW YORK</CityName>
<StateCode>NY</StateCode>
<ZipCode>10027</ZipCode>
<StreetAddress><![CDATA[202 LOW LIBRARY 535 W 116 ST MC 4309,]]></StreetAddress>
<CountryCode>US</CountryCode>
<CountryName>United States</CountryName>
<StateName>New York</StateName>
<CountryFlag>1</CountryFlag>
<CONGRESSDISTRICT>13</CONGRESSDISTRICT>
<CONGRESS_DISTRICT_PERF>NY13</CONGRESS_DISTRICT_PERF>
</Performance_Institution>
<ProgramElement>
<Code>162000</Code>
<Text>Marine Geology and Geophysics</Text>
</ProgramElement>
<ProgramElement>
<Code>528000</Code>
<Text>ANS-Arctic Natural Sciences</Text>
</ProgramElement>
<ProgramReference>
<Code>1079</Code>
<Text>ARCTIC RESEARCH</Text>
</ProgramReference>
<ProgramReference>
<Code>1304</Code>
<Text>EARTH SYSTEM HISTORY</Text>
</ProgramReference>
<ProgramReference>
<Code>1620</Code>
<Text>MARINE GEOLOGY AND GEOPHYSICS</Text>
</ProgramReference>
<ProgramReference>
<Code>4444</Code>
<Text>INTERDISCIPLINARY PROPOSALS</Text>
</ProgramReference>
<ProgramReference>
<Code>5280</Code>
<Text>ARCTIC NATURAL SCIENCES</Text>
</ProgramReference>
<ProgramReference>
<Code>5294</Code>
<Text>USGCRP</Text>
</ProgramReference>
<Appropriation>
<Code/>
<Name/>
<APP_SYMB_ID/>
</Appropriation>
<Appropriation>
<Code/>
<Name/>
<APP_SYMB_ID/>
</Appropriation>
<Appropriation>
<Code/>
<Name/>
<APP_SYMB_ID/>
</Appropriation>
<Appropriation>
<Code/>
<Name/>
<APP_SYMB_ID/>
</Appropriation>
<Fund>
<Code>01002425DB</Code>
<Name><![CDATA[NSF RESEARCH & RELATED ACTIVIT]]></Name>
<FUND_SYMB_ID>040100</FUND_SYMB_ID>
</Fund>
<Fund>
<Code>01002223DB</Code>
<Name><![CDATA[NSF RESEARCH & RELATED ACTIVIT]]></Name>
<FUND_SYMB_ID>040100</FUND_SYMB_ID>
</Fund>
<Fund>
<Code>0100CYXXDB</Code>
<Name><![CDATA[NSF RESEARCH & RELATED ACTIVIT]]></Name>
<FUND_SYMB_ID>040100</FUND_SYMB_ID>
</Fund>
<Fund>
<Code>01002324DB</Code>
<Name><![CDATA[NSF RESEARCH & RELATED ACTIVIT]]></Name>
<FUND_SYMB_ID>040100</FUND_SYMB_ID>
</Fund>
<FUND_OBLG>2022~69413</FUND_OBLG>
<FUND_OBLG>2023~69790</FUND_OBLG>
<FUND_OBLG>2024~75170</FUND_OBLG>
</Award>
</rootTag>
