<?xml version="1.0" encoding="UTF-8"?>
<rootTag>
<Award>
<AwardTitle><![CDATA[Excellence in Research: Developmental regulation of WDR77 coordinates prostate growth and differentiation during the development through puberty]]></AwardTitle>
<AGENCY>NSF</AGENCY>
<AwardEffectiveDate>08/01/2023</AwardEffectiveDate>
<AwardExpirationDate>07/31/2027</AwardExpirationDate>
<AwardTotalIntnAmount>914016.00</AwardTotalIntnAmount>
<AwardAmount>914016</AwardAmount>
<AwardInstrument>
<Value>Standard Grant</Value>
</AwardInstrument>
<Organization>
<Code>08070000</Code>
<Directorate>
<Abbreviation>BIO</Abbreviation>
<LongName>Direct For Biological Sciences</LongName>
</Directorate>
<Division>
<Abbreviation>MCB</Abbreviation>
<LongName>Div Of Molecular and Cellular Bioscience</LongName>
</Division>
</Organization>
<ProgramOfficer>
<SignBlockName>Matt Buechner</SignBlockName>
<PO_EMAI>mbuechne@nsf.gov</PO_EMAI>
<PO_PHON>7032924675</PO_PHON>
</ProgramOfficer>
<AbstractNarration>This research will address how altered male hormone levels during development through puberty affect growth and differentiation of the prostate gland.  The project will first determine whether male hormone at lower levels (during puberty) leads to growth of the prostate gland and, in contrast, if higher levels of the male hormone (post-puberty) promote the prostate’s differentiation.  The research will then investigate how the male hormone’s action is switched during prostate development throughout puberty.  The proposed research represents a novel study concept that relates to the basic biology of prostate development.  The various age-related diseases in older adult prostate reflect the loss of developmental coordination of cell proliferation and differentiation.  Therefore, the research may also help to understand the development of various prostatic diseases in older men.  The project will also directly support graduate and undergraduate student training and promote scientific research in a minority population at this HBCU.&lt;br/&gt;&lt;br/&gt;The mammalian prostate gland passes through several phases of rapid growth and differentiation during development.  The molecular mechanisms that determine growth and differentiation stages, as well as coordinating these two processes are less defined.  This research will address these critical questions.  The goal of the project is to study molecular events and mechanisms that coordinate cell growth and differentiation during prostate development from adolescent (proliferating) to young adult (quiescent/differentiated) stage.   The research will first investigate the androgen function in a dosage-dependent manner to control growth and differentiation of the prostate during mouse development through puberty.  A concentration threshold at which the androgen action is switched from growth promotion to growth inhibition/differentiation will be determined.  Previous studies have identified the WDR77 protein localized in the cytoplasm at the early (during puberty, proliferating) stage of the prostate development drives cell proliferation.  In adult (post-puberty, quiescent/differentiated) prostate, the protein in the nucleus functions as an androgen receptor cofactor to promote cell differentiation.  The research will then investigate whether WDR77 mediates the androgen’s role to coordinate growth and differentiation during the prostate development.  How change of androgen levels alters epigenetic modifications, leading to altered expression of AR-target genes as well as WDR77 subcellular localization will be studied using chromatin immunoprecipitation and gene promoter mapping.&lt;br/&gt;&lt;br/&gt;This award reflects NSF's statutory mission and has been deemed worthy of support through evaluation using the Foundation's intellectual merit and broader impacts review criteria.</AbstractNarration>
<MinAmdLetterDate>07/28/2023</MinAmdLetterDate>
<MaxAmdLetterDate>07/28/2023</MaxAmdLetterDate>
<ARRAAmount/>
<TRAN_TYPE>Grant</TRAN_TYPE>
<CFDA_NUM>47.083</CFDA_NUM>
<NSF_PAR_USE_FLAG>1</NSF_PAR_USE_FLAG>
<FUND_AGCY_CODE>4900</FUND_AGCY_CODE>
<AWDG_AGCY_CODE>4900</AWDG_AGCY_CODE>
<AwardID>2300390</AwardID>
<Investigator>
<FirstName>Zhengxin</FirstName>
<LastName>Wang</LastName>
<PI_MID_INIT/>
<PI_SUFX_NAME/>
<PI_FULL_NAME>Zhengxin Wang</PI_FULL_NAME>
<EmailAddress><![CDATA[zwang@cau.edu]]></EmailAddress>
<NSF_ID>000260850</NSF_ID>
<StartDate>07/28/2023</StartDate>
<EndDate/>
<RoleCode>Principal Investigator</RoleCode>
</Investigator>
<Institution>
<Name><![CDATA[Clark Atlanta University]]></Name>
<CityName>ATLANTA</CityName>
<ZipCode>303144358</ZipCode>
<PhoneNumber>4048806990</PhoneNumber>
<StreetAddress><![CDATA[223 JAMES P BRAWLEY DR SW]]></StreetAddress>
<StreetAddress2/>
<CountryName>United States</CountryName>
<StateName>Georgia</StateName>
<StateCode>GA</StateCode>
<CONGRESSDISTRICT>05</CONGRESSDISTRICT>
<CONGRESS_DISTRICT_ORG>GA05</CONGRESS_DISTRICT_ORG>
<ORG_UEI_NUM>JGA3E25MFDV9</ORG_UEI_NUM>
<ORG_LGL_BUS_NAME>CLARK ATLANTA UNIVERSITY, INC.</ORG_LGL_BUS_NAME>
<ORG_PRNT_UEI_NUM/>
</Institution>
<Performance_Institution>
<Name><![CDATA[Clark Atlanta University]]></Name>
<CityName>ATLANTA</CityName>
<StateCode>GA</StateCode>
<ZipCode>303144358</ZipCode>
<StreetAddress><![CDATA[223 JAMES P BRAWLEY DR SW]]></StreetAddress>
<CountryCode>US</CountryCode>
<CountryName>United States</CountryName>
<StateName>Georgia</StateName>
<CountryFlag>1</CountryFlag>
<CONGRESSDISTRICT>05</CONGRESSDISTRICT>
<CONGRESS_DISTRICT_PERF>GA05</CONGRESS_DISTRICT_PERF>
</Performance_Institution>
<ProgramElement>
<Code>070Y00</Code>
<Text>HBCU-EiR - HBCU-Excellence in</Text>
</ProgramElement>
<ProgramReference>
<Code>7465</Code>
<Text>NANOSCALE BIO CORE</Text>
</ProgramReference>
<Appropriation>
<Code/>
<Name/>
<APP_SYMB_ID/>
</Appropriation>
<Fund>
<Code>01AB2324DB</Code>
<Name><![CDATA[R&RA DRSA DEFC AAB]]></Name>
<FUND_SYMB_ID>040100</FUND_SYMB_ID>
</Fund>
<FUND_OBLG>2023~914016</FUND_OBLG>
</Award>
</rootTag>
