<?xml version="1.0" encoding="UTF-8"?>
<rootTag>
<Award>
<AwardTitle><![CDATA[Research Initiation Award: Investigating Instructional Conditions for Robust Learning in Biology]]></AwardTitle>
<AGENCY>NSF</AGENCY>
<AwardEffectiveDate>09/15/2023</AwardEffectiveDate>
<AwardExpirationDate>08/31/2026</AwardExpirationDate>
<AwardTotalIntnAmount>300000.00</AwardTotalIntnAmount>
<AwardAmount>300000</AwardAmount>
<AwardInstrument>
<Value>Standard Grant</Value>
</AwardInstrument>
<Organization>
<Code>11060000</Code>
<Directorate>
<Abbreviation>EDU</Abbreviation>
<LongName>Directorate for STEM Education</LongName>
</Directorate>
<Division>
<Abbreviation>EES</Abbreviation>
<LongName>Div. of Equity for Excellence in STEM</LongName>
</Division>
</Organization>
<ProgramOfficer>
<SignBlockName>Carleitta Paige-Anderson</SignBlockName>
<PO_EMAI>cpaigean@nsf.gov</PO_EMAI>
<PO_PHON>7032922816</PO_PHON>
</ProgramOfficer>
<AbstractNarration>The Historically Black Colleges and Universities Undergraduate Program (HBCU-UP) through Research Initiation Awards provide support for junior and mid-career faculty at Historically Black Colleges and Universities who are building new research programs or redirecting and rebuilding existing research programs. It is expected that the award helps to further the faculty member's research capability and effectiveness and improve research and teaching at the home institution. This award to Bethune-Cookman University aims to evaluate the impact of pedagogical interventions on student success utilizing educational software in STEM Education, specifically in the biological sciences. &lt;br/&gt;&lt;br/&gt;This project aims to modernize the undergraduate biology curriculum by integrating active learning and computational thinking in an intelligent online tutor, using a “pathway algebra” approach commonly applied to fields like systems biology and genomics. The focus will be on developing and refining educational software to teach this formal logical language for describing biological pathways and problem-solving skills. The project aims to improve students' ability to integrate reasoning skills and conceptual knowledge, promoting deeper learning and transfer to new topics by learning to specify summaries of new content and describe their own theories using this language. The impact of this innovation will be empirically evaluated, and the resulting software will be widely disseminated, impacting biology education at other institutions, and serving as a model for best practices in STEM fields, including economics and social sciences.&lt;br/&gt;&lt;br/&gt;This award reflects NSF's statutory mission and has been deemed worthy of support through evaluation using the Foundation's intellectual merit and broader impacts review criteria.</AbstractNarration>
<MinAmdLetterDate>08/23/2023</MinAmdLetterDate>
<MaxAmdLetterDate>08/23/2023</MaxAmdLetterDate>
<ARRAAmount/>
<TRAN_TYPE>Grant</TRAN_TYPE>
<CFDA_NUM>47.076</CFDA_NUM>
<NSF_PAR_USE_FLAG>1</NSF_PAR_USE_FLAG>
<FUND_AGCY_CODE>4900</FUND_AGCY_CODE>
<AWDG_AGCY_CODE>4900</AWDG_AGCY_CODE>
<AwardID>2300454</AwardID>
<Investigator>
<FirstName>Albert</FirstName>
<LastName>Hayward</LastName>
<PI_MID_INIT>G</PI_MID_INIT>
<PI_SUFX_NAME>II</PI_SUFX_NAME>
<PI_FULL_NAME>Albert G Hayward</PI_FULL_NAME>
<EmailAddress><![CDATA[haywarda@cookman.edu]]></EmailAddress>
<NSF_ID>000814774</NSF_ID>
<StartDate>08/23/2023</StartDate>
<EndDate/>
<RoleCode>Principal Investigator</RoleCode>
</Investigator>
<Institution>
<Name><![CDATA[Bethune-Cookman University]]></Name>
<CityName>DAYTONA BEACH</CityName>
<ZipCode>321143012</ZipCode>
<PhoneNumber>3864812547</PhoneNumber>
<StreetAddress><![CDATA[640 DR MARY MCLEOD BETHUNE BLVD]]></StreetAddress>
<StreetAddress2/>
<CountryName>United States</CountryName>
<StateName>Florida</StateName>
<StateCode>FL</StateCode>
<CONGRESSDISTRICT>06</CONGRESSDISTRICT>
<CONGRESS_DISTRICT_ORG>FL06</CONGRESS_DISTRICT_ORG>
<ORG_UEI_NUM>DRH4VVXLZBZ6</ORG_UEI_NUM>
<ORG_LGL_BUS_NAME>BETHUNE-COOKMAN UNIVERSITY, INC.</ORG_LGL_BUS_NAME>
<ORG_PRNT_UEI_NUM>DRH4VVXLZBZ6</ORG_PRNT_UEI_NUM>
</Institution>
<Performance_Institution>
<Name><![CDATA[Bethune-Cookman University]]></Name>
<CityName>DAYTONA BEACH</CityName>
<StateCode>FL</StateCode>
<ZipCode>321143012</ZipCode>
<StreetAddress><![CDATA[640 DR MARY MCLEOD BETHUNE BLVD]]></StreetAddress>
<CountryCode>US</CountryCode>
<CountryName>United States</CountryName>
<StateName>Florida</StateName>
<CountryFlag>1</CountryFlag>
<CONGRESSDISTRICT>06</CONGRESSDISTRICT>
<CONGRESS_DISTRICT_PERF>FL06</CONGRESS_DISTRICT_PERF>
</Performance_Institution>
<ProgramElement>
<Code>159400</Code>
<Text>Hist Black Colleges and Univ</Text>
</ProgramElement>
<ProgramReference>
<Code>9178</Code>
<Text>UNDERGRADUATE EDUCATION</Text>
</ProgramReference>
<Appropriation>
<Code/>
<Name/>
<APP_SYMB_ID/>
</Appropriation>
<Fund>
<Code>04002324DB</Code>
<Name><![CDATA[NSF STEM Education]]></Name>
<FUND_SYMB_ID>040106</FUND_SYMB_ID>
</Fund>
<FUND_OBLG>2023~300000</FUND_OBLG>
</Award>
</rootTag>
