<?xml version="1.0" encoding="UTF-8"?>
<rootTag>
<Award>
<AwardTitle><![CDATA[Enhancing STEM Success: A Multi-modal Investigating of Spatial Reasoning and Training in Undergraduate Education]]></AwardTitle>
<AGENCY>NSF</AGENCY>
<AwardEffectiveDate>07/01/2023</AwardEffectiveDate>
<AwardExpirationDate>06/30/2027</AwardExpirationDate>
<AwardTotalIntnAmount>1076514.00</AwardTotalIntnAmount>
<AwardAmount>518564</AwardAmount>
<AwardInstrument>
<Value>Continuing Grant</Value>
</AwardInstrument>
<Organization>
<Code>11090000</Code>
<Directorate>
<Abbreviation>EDU</Abbreviation>
<LongName>Directorate for STEM Education</LongName>
</Directorate>
<Division>
<Abbreviation>DRL</Abbreviation>
<LongName>Division Of Research On Learning</LongName>
</Division>
</Organization>
<ProgramOfficer>
<SignBlockName>David Daniel</SignBlockName>
<PO_EMAI>ddaniel@nsf.gov</PO_EMAI>
<PO_PHON>7032920000</PO_PHON>
</ProgramOfficer>
<AbstractNarration>Despite the growing demand for STEM professionals, many students face challenges in completing STEM degree programs due to difficulties in mastering the content. One crucial predictor of success in STEM disciplines is spatial reasoning ability, which involves mentally manipulating and representing objects in space. However, STEM courses often neglect the purposeful development of spatial reasoning skills, and limited knowledge exists on effective training methods. This project aims to address this gap by: 1) identifying neural and cognitive processes associated with successful mental rotation, a fundamental aspect of spatial reasoning; 2) assessing the responsiveness of these processes to training; and 3) measuring the transfer of training effects to real-world STEM problems, specifically focusing on introductory chemistry.&lt;br/&gt;&lt;br/&gt;To develop effective cognitive training protocols, a comprehensive understanding of the cognitive factors supporting optimal performance is necessary. This project involves a large-scale cross-sectional study utilizing eye movement tracking, brain activity measurement, and response time analysis during mental rotation tasks. Multivariate analysis techniques will identify latent variables that explain performance variability. Additionally, a validated randomized controlled training protocol, including an active control group, will monitor changes in measures as mental rotation performance improves through training. Comparing longitudinal training effects to performance determinants observed in the cross-sectional study will identify the most responsive neural and cognitive processes for targeted interventions. Moreover, the project will examine the extent of transferability of training-induced improvements to real-world STEM spatial reasoning tasks, such as molecular symmetry determination. By developing guidelines for effective mental rotation skill development, this research has the potential to increase success, retention, and diversity in STEM disciplines, thereby enhancing the quality and availability of the US STEM workforce.&lt;br/&gt;&lt;br/&gt;This project is funded by the EDU Core Research (ECR) program, which supports fundamental research on STEM learning and learning environments, broadening participation in STEM, and STEM workforce development as well as the Discovery Research preK-12 program (DRK-12). The Discovery Research preK-12 program (DRK-12) seeks to significantly enhance the learning and teaching of science, technology, engineering and mathematics (STEM) by preK-12 students and teachers, through research and development of innovative resources, models and tools. Projects in the DRK-12 program build on fundamental research in STEM education and prior research and development efforts that provide theoretical and empirical justification for proposed projects. &lt;br/&gt;&lt;br/&gt;This award reflects NSF's statutory mission and has been deemed worthy of support through evaluation using the Foundation's intellectual merit and broader impacts review criteria.</AbstractNarration>
<MinAmdLetterDate>06/29/2023</MinAmdLetterDate>
<MaxAmdLetterDate>06/29/2023</MaxAmdLetterDate>
<ARRAAmount/>
<TRAN_TYPE>Grant</TRAN_TYPE>
<CFDA_NUM>47.076</CFDA_NUM>
<NSF_PAR_USE_FLAG>1</NSF_PAR_USE_FLAG>
<FUND_AGCY_CODE>4900</FUND_AGCY_CODE>
<AWDG_AGCY_CODE>4900</AWDG_AGCY_CODE>
<AwardID>2300785</AwardID>
<Investigator>
<FirstName>Melissa</FirstName>
<LastName>Beck</LastName>
<PI_MID_INIT>R</PI_MID_INIT>
<PI_SUFX_NAME/>
<PI_FULL_NAME>Melissa R Beck</PI_FULL_NAME>
<EmailAddress><![CDATA[mbeck@lsu.edu]]></EmailAddress>
<NSF_ID>000689030</NSF_ID>
<StartDate>06/29/2023</StartDate>
<EndDate/>
<RoleCode>Principal Investigator</RoleCode>
</Investigator>
<Investigator>
<FirstName>Heather</FirstName>
<LastName>Lucas</LastName>
<PI_MID_INIT>D</PI_MID_INIT>
<PI_SUFX_NAME/>
<PI_FULL_NAME>Heather D Lucas</PI_FULL_NAME>
<EmailAddress><![CDATA[hlucas2@lsu.edu]]></EmailAddress>
<NSF_ID>000823532</NSF_ID>
<StartDate>06/29/2023</StartDate>
<EndDate/>
<RoleCode>Co-Principal Investigator</RoleCode>
</Investigator>
<Institution>
<Name><![CDATA[Louisiana State University]]></Name>
<CityName>BATON ROUGE</CityName>
<ZipCode>708030001</ZipCode>
<PhoneNumber>2255782760</PhoneNumber>
<StreetAddress><![CDATA[202 HIMES HALL]]></StreetAddress>
<StreetAddress2/>
<CountryName>United States</CountryName>
<StateName>Louisiana</StateName>
<StateCode>LA</StateCode>
<CONGRESSDISTRICT>06</CONGRESSDISTRICT>
<CONGRESS_DISTRICT_ORG>LA06</CONGRESS_DISTRICT_ORG>
<ORG_UEI_NUM>ECQEYCHRNKJ4</ORG_UEI_NUM>
<ORG_LGL_BUS_NAME>LOUISIANA STATE UNIVERSITY</ORG_LGL_BUS_NAME>
<ORG_PRNT_UEI_NUM/>
</Institution>
<Performance_Institution>
<Name><![CDATA[Louisiana State University]]></Name>
<CityName>Baton Rouge</CityName>
<StateCode>LA</StateCode>
<ZipCode>708032701</ZipCode>
<StreetAddress><![CDATA[202 Himes Hall]]></StreetAddress>
<CountryCode>US</CountryCode>
<CountryName>United States</CountryName>
<StateName>Louisiana</StateName>
<CountryFlag>1</CountryFlag>
<CONGRESSDISTRICT>06</CONGRESSDISTRICT>
<CONGRESS_DISTRICT_PERF>LA06</CONGRESS_DISTRICT_PERF>
</Performance_Institution>
<ProgramElement>
<Code>764500</Code>
<Text>Discovery Research K-12</Text>
</ProgramElement>
<ProgramElement>
<Code>798000</Code>
<Text>ECR-EDU Core Research</Text>
</ProgramElement>
<ProgramReference>
<Code>8817</Code>
<Text>STEM Learning &amp; Learning Environments</Text>
</ProgramReference>
<Appropriation>
<Code/>
<Name/>
<APP_SYMB_ID/>
</Appropriation>
<Fund>
<Code>04002324DB</Code>
<Name><![CDATA[NSF STEM Education]]></Name>
<FUND_SYMB_ID>040106</FUND_SYMB_ID>
</Fund>
<FUND_OBLG>2023~518564</FUND_OBLG>
</Award>
</rootTag>
