<?xml version="1.0" encoding="UTF-8"?>
<rootTag>
<Award>
<AwardTitle><![CDATA[Training Industrial Technicians for Today and Tomorrow]]></AwardTitle>
<AGENCY>NSF</AGENCY>
<AwardEffectiveDate>10/01/2023</AwardEffectiveDate>
<AwardExpirationDate>09/30/2026</AwardExpirationDate>
<AwardTotalIntnAmount>349892.00</AwardTotalIntnAmount>
<AwardAmount>0</AwardAmount>
<AwardInstrument>
<Value>Standard Grant</Value>
</AwardInstrument>
<Organization>
<Code>11040100</Code>
<Directorate>
<Abbreviation>EDU</Abbreviation>
<LongName>Directorate for STEM Education</LongName>
</Directorate>
<Division>
<Abbreviation>DUE</Abbreviation>
<LongName>Division Of Undergraduate Education</LongName>
</Division>
</Organization>
<ProgramOfficer>
<SignBlockName>Michael Davis</SignBlockName>
<PO_EMAI>mdavis@nsf.gov</PO_EMAI>
<PO_PHON>7032920000</PO_PHON>
</ProgramOfficer>
<AbstractNarration>As manufacturing continues its rapid evolution towards total automation, multiple challenges have surfaced. Regionally, these challenges include emerging and unmet industry demand for technicians skilled in multi-craft technologies, with recruitment falling short for individuals with both the aptitude and desire for the field. The demand for technicians continues to grow with 206 job postings since May 2022 with an average monthly posting of 13 jobs within the area served by National Park Community College (NPCC). This project will fill the employment gaps that currently exist in advanced manufacturing while also preparing students for positions currently unfilled or yet to be created. With guidance from employers through a Business and Industry Leadership Team (BILT) this project will create stackable credentials and multiple degree paths. These include opportunities for high school students to be introduced to the field initially through a formal education program, then to continue as and/or otherwise enroll new community college students in the same educational field, and finally to integrate incumbent workers in the same skills enhancements programming. Through this project, at least 20 students will be recruited to participate as high school students to earn certifications and pursue opportunities that can help them attain an associate degree. There are three opportunity zones in the vicinity of NPCC where on average 43% of residents live in poverty. According to the U.S. Census Bureau, only 32% of residents between the ages of 18-24 in the county where NPCC is located have completed some level of postsecondary education compared to the US average of 55%. Since the lack of postsecondary educational attainment is strongly correlated with of families living in poverty, this project offers the potential to ameliorate these conditions by focusing on recruitment of students from these opportunity zones.&lt;br/&gt;&lt;br/&gt;The goal of the project is to update and expand the current Industrial Technology program to be more aligned with industry needs. The majority of the challenges identified will be addressed and mitigated with the inclusion of industry credentialing and laboratory upgrades that integrate relevant, emerging technologies with the manufacturing industry. Additionally, faculty professional development will be critical in the overall success of these steps. Lastly, this project will also create the opportunity to incorporate alternate delivery modes by creating work-based learning opportunities in the form of internships, pre-apprenticeship, and apprenticeship programs. In addition to adding newly created credentials into the secondary school sector, thus further advancing the knowledge of high school students, multiple concentrations and “stop out points” will be available for students enrolled in the Associate of Applied Science (AAS) General Technology Degree. Stop out points include academic Certificates of Proficiency (CPs) and a Technical Certificate (TC) that can be applied towards degree attainment. This project is funded by the Advanced Technological Education program that focuses on the education of technicians for the advanced technology fields that drive the nation and region’s economy.&lt;br/&gt;&lt;br/&gt;This award reflects NSF's statutory mission and has been deemed worthy of support through evaluation using the Foundation's intellectual merit and broader impacts review criteria.</AbstractNarration>
<MinAmdLetterDate>09/14/2023</MinAmdLetterDate>
<MaxAmdLetterDate>06/11/2024</MaxAmdLetterDate>
<ARRAAmount/>
<TRAN_TYPE>Grant</TRAN_TYPE>
<CFDA_NUM>47.076</CFDA_NUM>
<NSF_PAR_USE_FLAG>1</NSF_PAR_USE_FLAG>
<FUND_AGCY_CODE>4900</FUND_AGCY_CODE>
<AWDG_AGCY_CODE>4900</AWDG_AGCY_CODE>
<AwardID>2300641</AwardID>
<Investigator>
<FirstName>Bill</FirstName>
<LastName>Allison</LastName>
<PI_MID_INIT/>
<PI_SUFX_NAME/>
<PI_FULL_NAME>Bill Allison</PI_FULL_NAME>
<EmailAddress><![CDATA[bill.allison@np.edu]]></EmailAddress>
<NSF_ID>000874826</NSF_ID>
<StartDate>09/14/2023</StartDate>
<EndDate/>
<RoleCode>Co-Principal Investigator</RoleCode>
</Investigator>
<Investigator>
<FirstName>William</FirstName>
<LastName>Freuck</LastName>
<PI_MID_INIT>G</PI_MID_INIT>
<PI_SUFX_NAME/>
<PI_FULL_NAME>William G Freuck</PI_FULL_NAME>
<EmailAddress><![CDATA[wfreuck@np.edu]]></EmailAddress>
<NSF_ID>000874897</NSF_ID>
<StartDate>09/14/2023</StartDate>
<EndDate/>
<RoleCode>Principal Investigator</RoleCode>
</Investigator>
<Investigator>
<FirstName>Robin</FirstName>
<LastName>Pelton</LastName>
<PI_MID_INIT>E</PI_MID_INIT>
<PI_SUFX_NAME/>
<PI_FULL_NAME>Robin E Pelton</PI_FULL_NAME>
<EmailAddress><![CDATA[robin.pelton@np.edu]]></EmailAddress>
<NSF_ID>000875056</NSF_ID>
<StartDate>09/14/2023</StartDate>
<EndDate/>
<RoleCode>Co-Principal Investigator</RoleCode>
</Investigator>
<Institution>
<Name><![CDATA[National Park Community College]]></Name>
<CityName>HOT SPRINGS NATIONAL PARK</CityName>
<ZipCode>719139173</ZipCode>
<PhoneNumber>5017604202</PhoneNumber>
<StreetAddress><![CDATA[101 COLLEGE DR]]></StreetAddress>
<StreetAddress2/>
<CountryName>United States</CountryName>
<StateName>Arkansas</StateName>
<StateCode>AR</StateCode>
<CONGRESSDISTRICT>04</CONGRESSDISTRICT>
<CONGRESS_DISTRICT_ORG>AR04</CONGRESS_DISTRICT_ORG>
<ORG_UEI_NUM>N4EYXLDJ5ZD7</ORG_UEI_NUM>
<ORG_LGL_BUS_NAME>NATIONAL PARK COMMUNITY COLLEG</ORG_LGL_BUS_NAME>
<ORG_PRNT_UEI_NUM/>
</Institution>
<Performance_Institution>
<Name><![CDATA[National Park Community College]]></Name>
<CityName>HOT SPRINGS</CityName>
<StateCode>AR</StateCode>
<ZipCode>719139173</ZipCode>
<StreetAddress><![CDATA[101 COLLEGE DR]]></StreetAddress>
<CountryCode>US</CountryCode>
<CountryName>United States</CountryName>
<StateName>Arkansas</StateName>
<CountryFlag>1</CountryFlag>
<CONGRESSDISTRICT>04</CONGRESSDISTRICT>
<CONGRESS_DISTRICT_PERF>AR04</CONGRESS_DISTRICT_PERF>
</Performance_Institution>
<ProgramElement>
<Code>741200</Code>
<Text>Advanced Tech Education Prog</Text>
</ProgramElement>
<ProgramReference>
<Code>1032</Code>
<Text>ADVANCED TECHNOLOGY EDUCATION</Text>
</ProgramReference>
<ProgramReference>
<Code>9150</Code>
<Text>EXP PROG TO STIM COMP RES</Text>
</ProgramReference>
<ProgramReference>
<Code>9178</Code>
<Text>UNDERGRADUATE EDUCATION</Text>
</ProgramReference>
<ProgramReference>
<Code>SMET</Code>
<Text>SCIENCE, MATH, ENG &amp; TECH EDUCATION</Text>
</ProgramReference>
<Appropriation>
<Code/>
<Name/>
<APP_SYMB_ID/>
</Appropriation>
<Fund>
<Code>04002324DB</Code>
<Name><![CDATA[NSF STEM Education]]></Name>
<FUND_SYMB_ID>040106</FUND_SYMB_ID>
</Fund>
<FUND_OBLG>2023~349892</FUND_OBLG>
</Award>
</rootTag>
