<?xml version="1.0" encoding="UTF-8"?>
<rootTag>
<Award>
<AwardTitle><![CDATA[Building an Academic Pathway for Advanced Air Mobility Aircraft Maintenance Technicians]]></AwardTitle>
<AGENCY>NSF</AGENCY>
<AwardEffectiveDate>10/01/2023</AwardEffectiveDate>
<AwardExpirationDate>09/30/2026</AwardExpirationDate>
<AwardTotalIntnAmount>650000.00</AwardTotalIntnAmount>
<AwardAmount>650000</AwardAmount>
<AwardInstrument>
<Value>Standard Grant</Value>
</AwardInstrument>
<Organization>
<Code>11040100</Code>
<Directorate>
<Abbreviation>EDU</Abbreviation>
<LongName>Directorate for STEM Education</LongName>
</Directorate>
<Division>
<Abbreviation>DUE</Abbreviation>
<LongName>Division Of Undergraduate Education</LongName>
</Division>
</Organization>
<ProgramOfficer>
<SignBlockName>Christine Delahanty</SignBlockName>
<PO_EMAI>cdelahan@nsf.gov</PO_EMAI>
<PO_PHON>7032928492</PO_PHON>
</ProgramOfficer>
<AbstractNarration>This project aims to serve the national interest by training the next generation of aircraft maintenance technicians to service and maintain Unmanned Aerial Systems (UAS) and Advanced Air Mobility (AAM) aircraft, thus safeguarding the nation’s position at the forefront of the global aerospace industry. The aerospace industry is shifting toward increased reliance on semi- or fully autonomous electric or hybrid aircraft, which will soon be used more frequently and in expanded roles. At the same time, upcoming additions and changes to federal regulations will require that these new aircraft types are regularly serviced to ensure their airworthiness and safety of operations in the National Airspace System (NAS). To support the domestic growth of the industry and to keep the expanding fleet of UAS and AAM aircraft performing at its full potential while remaining in compliance with federal regulations, the nation will require a sufficient number of aviation maintenance technicians. These technicians will need to have the skills to maintain these aircraft and to diagnose and repair any problems with inherent advanced technologies including sensors, avionics, communications, electric propulsion, and battery systems. This project will help address this need by enabling access to training and resources to develop these skill sets for both incumbent aviation maintenance workers and individuals who are new to the aviation field.&lt;br/&gt;&lt;br/&gt;This project will develop educational pathways by which a diverse pool of technicians will be trained to maintain and repair UAS and AAM aircraft. It will also advance a shared understanding of the skills and competencies needed to fill such roles and embed these skills into a post-secondary short-term technical certificate curriculum. The development of this curriculum will be undertaken in coordination with partners having regional and national reach, validated by industry representatives, and widely disseminated and replicated at colleges across the country. These efforts will be key to addressing the projected workforce shortage of technicians capable of servicing these new types of aircraft. Training workshops will be developed for current aviation maintenance workers exploring the innovations in UAS and AAM and orienting them to the skills needed to service these aircraft. Additionally, to develop the recruitment pipeline for future UAS and AAM maintenance technicians, the project will develop high school STEM content and train-the-teacher modules. Further, the project will conduct workshops to provide high school teachers with innovative curriculum, multimedia, and learning activities introducing the AAM paradigm, the components of UAS technologies, and opportunities for aviation maintenance technicians. This project is funded by the Advanced Technological Education program that focuses on the education of technicians for the advanced technology fields that drive the nation's economy.&lt;br/&gt;&lt;br/&gt;This award reflects NSF's statutory mission and has been deemed worthy of support through evaluation using the Foundation's intellectual merit and broader impacts review criteria.</AbstractNarration>
<MinAmdLetterDate>04/08/2023</MinAmdLetterDate>
<MaxAmdLetterDate>09/08/2023</MaxAmdLetterDate>
<ARRAAmount/>
<TRAN_TYPE>Grant</TRAN_TYPE>
<CFDA_NUM>47.076</CFDA_NUM>
<NSF_PAR_USE_FLAG>1</NSF_PAR_USE_FLAG>
<FUND_AGCY_CODE>4900</FUND_AGCY_CODE>
<AWDG_AGCY_CODE>4900</AWDG_AGCY_CODE>
<AwardID>2300117</AwardID>
<Investigator>
<FirstName>Andrew</FirstName>
<LastName>Shepherd</LastName>
<PI_MID_INIT>D</PI_MID_INIT>
<PI_SUFX_NAME/>
<PI_FULL_NAME>Andrew D Shepherd</PI_FULL_NAME>
<EmailAddress><![CDATA[andrew.shepherd@sinclair.edu]]></EmailAddress>
<NSF_ID>000067277</NSF_ID>
<StartDate>04/08/2023</StartDate>
<EndDate/>
<RoleCode>Principal Investigator</RoleCode>
</Investigator>
<Investigator>
<FirstName>Douglas</FirstName>
<LastName>Hammon</LastName>
<PI_MID_INIT>E</PI_MID_INIT>
<PI_SUFX_NAME/>
<PI_FULL_NAME>Douglas E Hammon</PI_FULL_NAME>
<EmailAddress><![CDATA[douglas.hammon@sinclair.edu]]></EmailAddress>
<NSF_ID>000830715</NSF_ID>
<StartDate>04/08/2023</StartDate>
<EndDate>05/26/2023</EndDate>
<RoleCode>Former Co-Principal Investigator</RoleCode>
</Investigator>
<Investigator>
<FirstName>David</FirstName>
<LastName>Miller</LastName>
<PI_MID_INIT>J</PI_MID_INIT>
<PI_SUFX_NAME/>
<PI_FULL_NAME>David J Miller</PI_FULL_NAME>
<EmailAddress><![CDATA[david.miller1013@sinclair.edu]]></EmailAddress>
<NSF_ID>000900982</NSF_ID>
<StartDate>04/08/2023</StartDate>
<EndDate/>
<RoleCode>Co-Principal Investigator</RoleCode>
</Investigator>
<Investigator>
<FirstName>Joseph</FirstName>
<LastName>Riehle</LastName>
<PI_MID_INIT>A</PI_MID_INIT>
<PI_SUFX_NAME/>
<PI_FULL_NAME>Joseph A Riehle</PI_FULL_NAME>
<EmailAddress><![CDATA[joe.riehle@sinclair.edu]]></EmailAddress>
<NSF_ID>000901408</NSF_ID>
<StartDate>04/08/2023</StartDate>
<EndDate/>
<RoleCode>Co-Principal Investigator</RoleCode>
</Investigator>
<Investigator>
<FirstName>Joshua</FirstName>
<LastName>Bohun</LastName>
<PI_MID_INIT/>
<PI_SUFX_NAME/>
<PI_FULL_NAME>Joshua Bohun</PI_FULL_NAME>
<EmailAddress><![CDATA[joshua.bohun@sinclair.edu]]></EmailAddress>
<NSF_ID>000938338</NSF_ID>
<StartDate>09/08/2023</StartDate>
<EndDate/>
<RoleCode>Co-Principal Investigator</RoleCode>
</Investigator>
<Institution>
<Name><![CDATA[Sinclair Community College]]></Name>
<CityName>DAYTON</CityName>
<ZipCode>454021453</ZipCode>
<PhoneNumber>9375124573</PhoneNumber>
<StreetAddress><![CDATA[444 W 3RD ST # 12]]></StreetAddress>
<StreetAddress2/>
<CountryName>United States</CountryName>
<StateName>Ohio</StateName>
<StateCode>OH</StateCode>
<CONGRESSDISTRICT>10</CONGRESSDISTRICT>
<CONGRESS_DISTRICT_ORG>OH10</CONGRESS_DISTRICT_ORG>
<ORG_UEI_NUM>JKB8Q2AGCDD4</ORG_UEI_NUM>
<ORG_LGL_BUS_NAME>SINCLAIR COMMUNITY COLLEGE</ORG_LGL_BUS_NAME>
<ORG_PRNT_UEI_NUM>JKB8Q2AGCDD4</ORG_PRNT_UEI_NUM>
</Institution>
<Performance_Institution>
<Name><![CDATA[Sinclair Community College]]></Name>
<CityName>DAYTON</CityName>
<StateCode>OH</StateCode>
<ZipCode>454021421</ZipCode>
<StreetAddress><![CDATA[444 W 3RD ST]]></StreetAddress>
<CountryCode>US</CountryCode>
<CountryName>United States</CountryName>
<StateName>Ohio</StateName>
<CountryFlag>1</CountryFlag>
<CONGRESSDISTRICT>10</CONGRESSDISTRICT>
<CONGRESS_DISTRICT_PERF>OH10</CONGRESS_DISTRICT_PERF>
</Performance_Institution>
<ProgramElement>
<Code>741200</Code>
<Text>Advanced Tech Education Prog</Text>
</ProgramElement>
<ProgramReference>
<Code>1032</Code>
<Text>ADVANCED TECHNOLOGY EDUCATION</Text>
</ProgramReference>
<ProgramReference>
<Code>9178</Code>
<Text>UNDERGRADUATE EDUCATION</Text>
</ProgramReference>
<ProgramReference>
<Code>SMET</Code>
<Text>SCIENCE, MATH, ENG &amp; TECH EDUCATION</Text>
</ProgramReference>
<Appropriation>
<Code/>
<Name/>
<APP_SYMB_ID/>
</Appropriation>
<Fund>
<Code>04002324DB</Code>
<Name><![CDATA[NSF STEM Education]]></Name>
<FUND_SYMB_ID>040106</FUND_SYMB_ID>
</Fund>
<FUND_OBLG>2023~650000</FUND_OBLG>
</Award>
</rootTag>
