<?xml version="1.0" encoding="UTF-8"?>
<rootTag>
<Award>
<AwardTitle><![CDATA[CISE-RV: Computing Community Consortium]]></AwardTitle>
<AGENCY>NSF</AGENCY>
<AwardEffectiveDate>01/15/2024</AwardEffectiveDate>
<AwardExpirationDate>12/31/2027</AwardExpirationDate>
<AwardTotalIntnAmount>5000402.00</AwardTotalIntnAmount>
<AwardAmount>2699488</AwardAmount>
<AwardInstrument>
<Value>Cooperative Agreement</Value>
</AwardInstrument>
<Organization>
<Code>05010000</Code>
<Directorate>
<Abbreviation>CSE</Abbreviation>
<LongName>Direct For Computer &amp; Info Scie &amp; Enginr</LongName>
</Directorate>
<Division>
<Abbreviation>CCF</Abbreviation>
<LongName>Division of Computing and Communication Foundations</LongName>
</Division>
</Organization>
<ProgramOfficer>
<SignBlockName>Mitra Basu</SignBlockName>
<PO_EMAI>mbasu@nsf.gov</PO_EMAI>
<PO_PHON>7032928649</PO_PHON>
</ProgramOfficer>
<AbstractNarration>The Computing Community Consortium (CCC) is established through a Cooperative Agreement between the National Science Foundation (NSF) and the Computing Research Association (CRA). Since its inception, the purpose of the CCC has been to catalyze the development of bold, far-reaching visions for computing research, and to facilitate the communication of those research visions to stakeholders both within and beyond the computing research ecosystem. The CCC fosters proactive engagement with both computing and non-computing research stakeholders -- agencies, industry, professional societies, consortia, and philanthropic stakeholders -- to ensure that it continues to expand its network and impact.&lt;br/&gt;&lt;br/&gt;The CCC provides the continuity and capacity to bring together stakeholders that depend on computing innovation as part of increasingly diverse and multi-disciplinary national and societal needs. The CCC plays a vital and effective role in catalyzing the computing research community to articulate far reaching and strategic research visions that will continue to shape the field for decades to come. The majority of CCC visioning activities and white papers bring together multidisciplinary expertise and needs that combine to create important disciplinary and interdisciplinary challenges for the computing field. The results of these activities are disseminated back to the community to ensure continued revitalization and advancement of new areas and topics for future computing research.&lt;br/&gt;&lt;br/&gt;This award reflects NSF's statutory mission and has been deemed worthy of support through evaluation using the Foundation's intellectual merit and broader impacts review criteria.</AbstractNarration>
<MinAmdLetterDate>01/11/2024</MinAmdLetterDate>
<MaxAmdLetterDate>10/11/2024</MaxAmdLetterDate>
<ARRAAmount/>
<TRAN_TYPE>CoopAgrmnt</TRAN_TYPE>
<CFDA_NUM>47.070, 47.084</CFDA_NUM>
<NSF_PAR_USE_FLAG>1</NSF_PAR_USE_FLAG>
<FUND_AGCY_CODE>4900</FUND_AGCY_CODE>
<AWDG_AGCY_CODE>4900</AWDG_AGCY_CODE>
<AwardID>2300842</AwardID>
<Investigator>
<FirstName>Nadya</FirstName>
<LastName>Bliss</LastName>
<PI_MID_INIT>T</PI_MID_INIT>
<PI_SUFX_NAME/>
<PI_FULL_NAME>Nadya T Bliss</PI_FULL_NAME>
<EmailAddress><![CDATA[nadya.bliss@asu.edu]]></EmailAddress>
<NSF_ID>000688746</NSF_ID>
<StartDate>01/11/2024</StartDate>
<EndDate>03/06/2024</EndDate>
<RoleCode>Former Co-Principal Investigator</RoleCode>
</Investigator>
<Investigator>
<FirstName>Tracy</FirstName>
<LastName>Camp</LastName>
<PI_MID_INIT>K</PI_MID_INIT>
<PI_SUFX_NAME/>
<PI_FULL_NAME>Tracy K Camp</PI_FULL_NAME>
<EmailAddress><![CDATA[camp@cra.org]]></EmailAddress>
<NSF_ID>000323256</NSF_ID>
<StartDate>03/06/2024</StartDate>
<EndDate/>
<RoleCode>Co-Principal Investigator</RoleCode>
</Investigator>
<Investigator>
<FirstName>Mary Lou</FirstName>
<LastName>Maher</LastName>
<PI_MID_INIT/>
<PI_SUFX_NAME/>
<PI_FULL_NAME>Mary Lou Maher</PI_FULL_NAME>
<EmailAddress><![CDATA[mmaher@cra.org]]></EmailAddress>
<NSF_ID>000284692</NSF_ID>
<StartDate>03/06/2024</StartDate>
<EndDate/>
<RoleCode>Co-Principal Investigator</RoleCode>
</Investigator>
<Investigator>
<FirstName>Tracy</FirstName>
<LastName>Camp</LastName>
<PI_MID_INIT>K</PI_MID_INIT>
<PI_SUFX_NAME/>
<PI_FULL_NAME>Tracy K Camp</PI_FULL_NAME>
<EmailAddress><![CDATA[camp@cra.org]]></EmailAddress>
<NSF_ID>000323256</NSF_ID>
<StartDate>01/11/2024</StartDate>
<EndDate>03/06/2024</EndDate>
<RoleCode>Former Principal Investigator</RoleCode>
</Investigator>
<Investigator>
<FirstName>Daniel</FirstName>
<LastName>Lopresti</LastName>
<PI_MID_INIT/>
<PI_SUFX_NAME/>
<PI_FULL_NAME>Daniel Lopresti</PI_FULL_NAME>
<EmailAddress><![CDATA[lopresti@cse.lehigh.edu]]></EmailAddress>
<NSF_ID>000201030</NSF_ID>
<StartDate>03/06/2024</StartDate>
<EndDate/>
<RoleCode>Principal Investigator</RoleCode>
</Investigator>
<Investigator>
<FirstName>Daniel</FirstName>
<LastName>Lopresti</LastName>
<PI_MID_INIT/>
<PI_SUFX_NAME/>
<PI_FULL_NAME>Daniel Lopresti</PI_FULL_NAME>
<EmailAddress><![CDATA[lopresti@cse.lehigh.edu]]></EmailAddress>
<NSF_ID>000201030</NSF_ID>
<StartDate>01/11/2024</StartDate>
<EndDate>03/06/2024</EndDate>
<RoleCode>Former Co-Principal Investigator</RoleCode>
</Investigator>
<Institution>
<Name><![CDATA[Computing Research Association]]></Name>
<CityName>WASHINGTON</CityName>
<ZipCode>200365104</ZipCode>
<PhoneNumber>2022662949</PhoneNumber>
<StreetAddress><![CDATA[1828 L ST NW]]></StreetAddress>
<StreetAddress2><![CDATA[STE 800]]></StreetAddress2>
<CountryName>United States</CountryName>
<StateName>District of Columbia</StateName>
<StateCode>DC</StateCode>
<CONGRESSDISTRICT>00</CONGRESSDISTRICT>
<CONGRESS_DISTRICT_ORG>DC00</CONGRESS_DISTRICT_ORG>
<ORG_UEI_NUM>GL8EKK2U5YE9</ORG_UEI_NUM>
<ORG_LGL_BUS_NAME>COMPUTING RESEARCH ASSOCIATION INC</ORG_LGL_BUS_NAME>
<ORG_PRNT_UEI_NUM/>
</Institution>
<Performance_Institution>
<Name><![CDATA[Computing Research Association]]></Name>
<CityName>WASHINGTON</CityName>
<StateCode>DC</StateCode>
<ZipCode>200365104</ZipCode>
<StreetAddress><![CDATA[1828 L ST NW]]></StreetAddress>
<CountryCode>US</CountryCode>
<CountryName>United States</CountryName>
<StateName>District of Columbia</StateName>
<CountryFlag>1</CountryFlag>
<CONGRESSDISTRICT>00</CONGRESSDISTRICT>
<CONGRESS_DISTRICT_PERF>DC00</CONGRESS_DISTRICT_PERF>
</Performance_Institution>
<ProgramElement>
<Code>164000</Code>
<Text>Information Technology Researc</Text>
</ProgramElement>
<ProgramElement>
<Code>318Y00</Code>
<Text>TIP-CHIPS KTA-8 Data-Cybrsecur</Text>
</ProgramElement>
<ProgramReference>
<Code>1640</Code>
<Text>INFORMATION TECHNOLOGY RESEARC</Text>
</ProgramReference>
<Appropriation>
<Code/>
<Name/>
<APP_SYMB_ID/>
</Appropriation>
<Appropriation>
<Code/>
<Name/>
<APP_SYMB_ID/>
</Appropriation>
<Fund>
<Code>01002526DB</Code>
<Name><![CDATA[NSF RESEARCH & RELATED ACTIVIT]]></Name>
<FUND_SYMB_ID>040100</FUND_SYMB_ID>
</Fund>
<Fund>
<Code>01002425DB</Code>
<Name><![CDATA[NSF RESEARCH & RELATED ACTIVIT]]></Name>
<FUND_SYMB_ID>040100</FUND_SYMB_ID>
</Fund>
<FUND_OBLG>2024~2499488</FUND_OBLG>
<FUND_OBLG>2025~200000</FUND_OBLG>
</Award>
</rootTag>
