<?xml version="1.0" encoding="UTF-8"?>
<rootTag>
<Award>
<AwardTitle><![CDATA[Developing an Early Mathematics Intervention for Children with Disabilities in the Home Learning Environment]]></AwardTitle>
<AGENCY>NSF</AGENCY>
<AwardEffectiveDate>10/01/2023</AwardEffectiveDate>
<AwardExpirationDate>09/30/2027</AwardExpirationDate>
<AwardTotalIntnAmount>3000000.00</AwardTotalIntnAmount>
<AwardAmount>2206853</AwardAmount>
<AwardInstrument>
<Value>Continuing Grant</Value>
</AwardInstrument>
<Organization>
<Code>11090000</Code>
<Directorate>
<Abbreviation>EDU</Abbreviation>
<LongName>Directorate for STEM Education</LongName>
</Directorate>
<Division>
<Abbreviation>DRL</Abbreviation>
<LongName>Division Of Research On Learning</LongName>
</Division>
</Organization>
<ProgramOfficer>
<SignBlockName>Robert Ochsendorf</SignBlockName>
<PO_EMAI>rochsend@nsf.gov</PO_EMAI>
<PO_PHON>7032922760</PO_PHON>
</ProgramOfficer>
<AbstractNarration>The home mathematics environment (HME) includes characteristics of the family and home setting that contribute to children developing mathematical understanding and skills. Intervention studies indicate that activities conducted in the HME are critical to the development of early mathematics skills and can support children as they transition from informal to formal school settings, such as from preschool to kindergarten. Although many HME interventions have demonstrated significant and positive effects on children’s mathematics outcomes, researchers have overwhelmingly focused on typically developing children, often excluding students with disabilities. This is problematic because children with disabilities often enter school with lower mathematics skills compared to their typically developing peers and require supplemental support in mathematics. The purpose of this project is to develop a HME intervention for preschool-aged children with developmental delays (DD). The project includes caregivers of children with DD as collaborators in the iterative design process to develop feasible and sustainable HME intervention activities. &lt;br/&gt;&lt;br/&gt;The two aims of the project are to: (1) iteratively develop a HME intervention targeting whole number concepts; and (2) conduct a small-scale pilot study of the HME intervention to establish the initial promise of the HME intervention in improving children’s mathematics achievement. To accomplish these goals the team will use an iterative design and development process, collect multiple sources of quantitative and qualitative data, and conduct a small pilot study with 80 caregiver-child dyads. Research questions will investigate the effect of the HME intervention on several outcomes: child numeracy and mathematics vocabulary, caregiver mathematics beliefs, caregiver-reported frequency of mathematics activities, caregiver-child mathematics talk, social validity, and fidelity of implementation. The project addresses the need for research-based HME interventions for young children with disabilities. The HME intervention is designed to be supplemental to and build upon the math instruction that children receive as part of their preschool curriculum.&lt;br/&gt;&lt;br/&gt;The Discovery Research preK-12 program (DRK-12) seeks to significantly enhance the learning and teaching of science, technology, engineering and mathematics (STEM) by preK-12 students and teachers, through research and development of innovative resources, models and tools. Projects in the DRK-12 program build on fundamental research in STEM education and prior research and development efforts that provide theoretical and empirical justification for proposed projects. &lt;br/&gt;&lt;br/&gt;This award reflects NSF's statutory mission and has been deemed worthy of support through evaluation using the Foundation's intellectual merit and broader impacts review criteria.</AbstractNarration>
<MinAmdLetterDate>05/22/2023</MinAmdLetterDate>
<MaxAmdLetterDate>09/05/2024</MaxAmdLetterDate>
<ARRAAmount/>
<TRAN_TYPE>Grant</TRAN_TYPE>
<CFDA_NUM>47.076</CFDA_NUM>
<NSF_PAR_USE_FLAG>1</NSF_PAR_USE_FLAG>
<FUND_AGCY_CODE>4900</FUND_AGCY_CODE>
<AWDG_AGCY_CODE>4900</AWDG_AGCY_CODE>
<AwardID>2300233</AwardID>
<Investigator>
<FirstName>Benjamin</FirstName>
<LastName>Clarke</LastName>
<PI_MID_INIT>S</PI_MID_INIT>
<PI_SUFX_NAME/>
<PI_FULL_NAME>Benjamin S Clarke</PI_FULL_NAME>
<EmailAddress><![CDATA[clarkeb@uoregon.edu]]></EmailAddress>
<NSF_ID>000649099</NSF_ID>
<StartDate>05/22/2023</StartDate>
<EndDate/>
<RoleCode>Co-Principal Investigator</RoleCode>
</Investigator>
<Investigator>
<FirstName>Gena</FirstName>
<LastName>Nelson</LastName>
<PI_MID_INIT/>
<PI_SUFX_NAME/>
<PI_FULL_NAME>Gena Nelson</PI_FULL_NAME>
<EmailAddress><![CDATA[gsnelson@uoregon.edu]]></EmailAddress>
<NSF_ID>000796048</NSF_ID>
<StartDate>05/22/2023</StartDate>
<EndDate/>
<RoleCode>Principal Investigator</RoleCode>
</Investigator>
<Investigator>
<FirstName>Derek</FirstName>
<LastName>Kosty</LastName>
<PI_MID_INIT/>
<PI_SUFX_NAME/>
<PI_FULL_NAME>Derek Kosty</PI_FULL_NAME>
<EmailAddress><![CDATA[dkosty@ori.org]]></EmailAddress>
<NSF_ID>000813835</NSF_ID>
<StartDate>05/22/2023</StartDate>
<EndDate/>
<RoleCode>Co-Principal Investigator</RoleCode>
</Investigator>
<Investigator>
<FirstName>Bree</FirstName>
<LastName>Jimenez</LastName>
<PI_MID_INIT>A</PI_MID_INIT>
<PI_SUFX_NAME/>
<PI_FULL_NAME>Bree A Jimenez</PI_FULL_NAME>
<EmailAddress><![CDATA[bree.jimenez@uta.edu]]></EmailAddress>
<NSF_ID>000860699</NSF_ID>
<StartDate>05/22/2023</StartDate>
<EndDate/>
<RoleCode>Co-Principal Investigator</RoleCode>
</Investigator>
<Investigator>
<FirstName>Marah</FirstName>
<LastName>Sutherland</LastName>
<PI_MID_INIT/>
<PI_SUFX_NAME/>
<PI_FULL_NAME>Marah Sutherland</PI_FULL_NAME>
<EmailAddress><![CDATA[marahs@uoregon.edu]]></EmailAddress>
<NSF_ID>000904478</NSF_ID>
<StartDate>05/22/2023</StartDate>
<EndDate/>
<RoleCode>Co-Principal Investigator</RoleCode>
</Investigator>
<Institution>
<Name><![CDATA[University of Oregon Eugene]]></Name>
<CityName>EUGENE</CityName>
<ZipCode>974031905</ZipCode>
<PhoneNumber>5413465131</PhoneNumber>
<StreetAddress><![CDATA[1776 E 13TH AVE]]></StreetAddress>
<StreetAddress2/>
<CountryName>United States</CountryName>
<StateName>Oregon</StateName>
<StateCode>OR</StateCode>
<CONGRESSDISTRICT>04</CONGRESSDISTRICT>
<CONGRESS_DISTRICT_ORG>OR04</CONGRESS_DISTRICT_ORG>
<ORG_UEI_NUM>Z3FGN9MF92U2</ORG_UEI_NUM>
<ORG_LGL_BUS_NAME>UNIVERSITY OF OREGON</ORG_LGL_BUS_NAME>
<ORG_PRNT_UEI_NUM>Z3FGN9MF92U2</ORG_PRNT_UEI_NUM>
</Institution>
<Performance_Institution>
<Name><![CDATA[University of Oregon Eugene]]></Name>
<CityName>EUGENE</CityName>
<StateCode>OR</StateCode>
<ZipCode>974035219</ZipCode>
<StreetAddress><![CDATA[5219 University of Oregon]]></StreetAddress>
<CountryCode>US</CountryCode>
<CountryName>United States</CountryName>
<StateName>Oregon</StateName>
<CountryFlag>1</CountryFlag>
<CONGRESSDISTRICT>04</CONGRESSDISTRICT>
<CONGRESS_DISTRICT_PERF>OR04</CONGRESS_DISTRICT_PERF>
</Performance_Institution>
<ProgramElement>
<Code>764500</Code>
<Text>Discovery Research K-12</Text>
</ProgramElement>
<ProgramReference>
<Code>1545</Code>
<Text>Research in Disabilties Education</Text>
</ProgramReference>
<ProgramReference>
<Code>8817</Code>
<Text>STEM Learning &amp; Learning Environments</Text>
</ProgramReference>
<Appropriation>
<Code/>
<Name/>
<APP_SYMB_ID/>
</Appropriation>
<Appropriation>
<Code/>
<Name/>
<APP_SYMB_ID/>
</Appropriation>
<Fund>
<Code>04002425DB</Code>
<Name><![CDATA[NSF STEM Education]]></Name>
<FUND_SYMB_ID>040106</FUND_SYMB_ID>
</Fund>
<Fund>
<Code>04002324DB</Code>
<Name><![CDATA[NSF STEM Education]]></Name>
<FUND_SYMB_ID>040106</FUND_SYMB_ID>
</Fund>
<FUND_OBLG>2023~1310810</FUND_OBLG>
<FUND_OBLG>2024~896043</FUND_OBLG>
</Award>
</rootTag>
