<?xml version="1.0" encoding="UTF-8"?>
<rootTag>
<Award>
<AwardTitle><![CDATA[EAGER: Overcoming transformation and germline expression barriers]]></AwardTitle>
<AGENCY>NSF</AGENCY>
<AwardEffectiveDate>02/01/2023</AwardEffectiveDate>
<AwardExpirationDate>01/31/2025</AwardExpirationDate>
<AwardTotalIntnAmount>300000.00</AwardTotalIntnAmount>
<AwardAmount>300000</AwardAmount>
<AwardInstrument>
<Value>Standard Grant</Value>
</AwardInstrument>
<Organization>
<Code>08070000</Code>
<Directorate>
<Abbreviation>BIO</Abbreviation>
<LongName>Direct For Biological Sciences</LongName>
</Directorate>
<Division>
<Abbreviation>MCB</Abbreviation>
<LongName>Div Of Molecular and Cellular Bioscience</LongName>
</Division>
</Organization>
<ProgramOfficer>
<SignBlockName>Stephen DiFazio</SignBlockName>
<PO_EMAI>sdifazio@nsf.gov</PO_EMAI>
<PO_PHON>7032924517</PO_PHON>
</ProgramOfficer>
<AbstractNarration>A cell’s genome, comprised of DNA, enables cells to function and respond to changing environments.  Seminal experiments by Frederick Griffith in the 1920 revealed that some bacterial cells capture DNA from the environment (released from dying cells).  The cells incorporated the captured DNA into their genomes where it functioned normally.  Historically, this easy ability to acquire DNA has not been observed in plant and animal cells.  From this, a common view is that plant and animal cells actively protect their genomes from invasion of foreign, or virus-derived, DNA encountered from the environment, and many genome-protection strategies are known.  These protective mechanisms prevent the efficient introduction of DNA into cells in the laboratory setting where scientists might aim to correct a genetic defect or perform other genetic manipulations in cells.  The goal of this project is to investigate delivery and intracellular trafficking routes for DNA introduced to cells from environmental sources using the genetically tractable, multicellular organism Caenorhabditis elegans.  In addition to acquiring knowledge, new strategies for genetic manipulation and DNA delivery are predicted outcomes from this project.  Undergraduate students will derive broader benefits from the project as experiments will be reserved for them.  Such students will include those from groups underrepresented in STEM and from small colleges looking for summer research opportunities.&lt;br/&gt;&lt;br/&gt;Small amounts of various DNA fragments can be detected in the circulatory system of animals and plants.  Detection and analysis of circulating DNA (circDNA) for the purpose of diagnosing disease, and the impact of circDNA on cell function, is an emerging and expanding field of research.  circDNA activates inflammation responses in higher organisms and has been observed to incorporate into distant cells.  How frequently circDNA manages to gain entry into distant cells and incorporate into that cell’s genome is a relatively unexplored question.  Using Caenorhabditis elegans, we will investigate protein-mediated delivery of circDNA to distal cells.  C. elegans lacks many inflammatory pathways found in higher eukaryotes, such as cGAS-STING and NF-kappaB nuclear effector responses.  Thus, we can more easily and directly investigate the consequences of exposure to circulating, extracellular DNA and the consequences of its acquisition to cells.  If successful, this EAGER project will provide new strategies for genetic manipulation through purposeful introduction of DNA.  We may also learn of additional cell or developmental consequences to circDNA, consequences that may be avoided due to circDNA-related inflammatory responses in higher organisms.&lt;br/&gt;&lt;br/&gt;This award reflects NSF's statutory mission and has been deemed worthy of support through evaluation using the Foundation's intellectual merit and broader impacts review criteria.</AbstractNarration>
<MinAmdLetterDate>01/18/2023</MinAmdLetterDate>
<MaxAmdLetterDate>01/18/2023</MaxAmdLetterDate>
<ARRAAmount/>
<TRAN_TYPE>Grant</TRAN_TYPE>
<CFDA_NUM>47.074</CFDA_NUM>
<NSF_PAR_USE_FLAG>1</NSF_PAR_USE_FLAG>
<FUND_AGCY_CODE>4900</FUND_AGCY_CODE>
<AWDG_AGCY_CODE>4900</AWDG_AGCY_CODE>
<AwardID>2300557</AwardID>
<Investigator>
<FirstName>Lisa</FirstName>
<LastName>Timmons</LastName>
<PI_MID_INIT>D</PI_MID_INIT>
<PI_SUFX_NAME/>
<PI_FULL_NAME>Lisa D Timmons</PI_FULL_NAME>
<EmailAddress><![CDATA[timmons@ku.edu]]></EmailAddress>
<NSF_ID>000345888</NSF_ID>
<StartDate>01/18/2023</StartDate>
<EndDate/>
<RoleCode>Principal Investigator</RoleCode>
</Investigator>
<Institution>
<Name><![CDATA[University of Kansas Center for Research Inc]]></Name>
<CityName>LAWRENCE</CityName>
<ZipCode>660457563</ZipCode>
<PhoneNumber>7858643441</PhoneNumber>
<StreetAddress><![CDATA[2385 IRVING HILL RD]]></StreetAddress>
<StreetAddress2/>
<CountryName>United States</CountryName>
<StateName>Kansas</StateName>
<StateCode>KS</StateCode>
<CONGRESSDISTRICT>01</CONGRESSDISTRICT>
<CONGRESS_DISTRICT_ORG>KS01</CONGRESS_DISTRICT_ORG>
<ORG_UEI_NUM>SSUJB3GSH8A5</ORG_UEI_NUM>
<ORG_LGL_BUS_NAME>UNIVERSITY OF KANSAS CENTER FOR RESEARCH INC</ORG_LGL_BUS_NAME>
<ORG_PRNT_UEI_NUM>SSUJB3GSH8A5</ORG_PRNT_UEI_NUM>
</Institution>
<Performance_Institution>
<Name><![CDATA[University of Kansas Center for Research Inc]]></Name>
<CityName>Lawrence</CityName>
<StateCode>KS</StateCode>
<ZipCode>660457552</ZipCode>
<StreetAddress><![CDATA[2385 IRVING HILL RD]]></StreetAddress>
<CountryCode>US</CountryCode>
<CountryName>United States</CountryName>
<StateName>Kansas</StateName>
<CountryFlag>1</CountryFlag>
<CONGRESSDISTRICT>01</CONGRESSDISTRICT>
<CONGRESS_DISTRICT_PERF>KS01</CONGRESS_DISTRICT_PERF>
</Performance_Institution>
<ProgramElement>
<Code>111200</Code>
<Text>Genetic Mechanisms</Text>
</ProgramElement>
<ProgramReference>
<Code>7465</Code>
<Text>NANOSCALE BIO CORE</Text>
</ProgramReference>
<ProgramReference>
<Code>7916</Code>
<Text>EAGER</Text>
</ProgramReference>
<ProgramReference>
<Code>9178</Code>
<Text>UNDERGRADUATE EDUCATION</Text>
</ProgramReference>
<ProgramReference>
<Code>9179</Code>
<Text>GRADUATE INVOLVEMENT</Text>
</ProgramReference>
<Appropriation>
<Code/>
<Name/>
<APP_SYMB_ID/>
</Appropriation>
<Fund>
<Code>01002324DB</Code>
<Name><![CDATA[NSF RESEARCH & RELATED ACTIVIT]]></Name>
<FUND_SYMB_ID>040100</FUND_SYMB_ID>
</Fund>
<FUND_OBLG>2023~300000</FUND_OBLG>
</Award>
</rootTag>
