<?xml version="1.0" encoding="UTF-8"?>
<rootTag>
<Award>
<AwardTitle><![CDATA[Improving Students’ Advanced Manufacturing Skills with Mastery Learning]]></AwardTitle>
<AGENCY>NSF</AGENCY>
<AwardEffectiveDate>06/01/2023</AwardEffectiveDate>
<AwardExpirationDate>05/31/2026</AwardExpirationDate>
<AwardTotalIntnAmount>520281.00</AwardTotalIntnAmount>
<AwardAmount>520281</AwardAmount>
<AwardInstrument>
<Value>Standard Grant</Value>
</AwardInstrument>
<Organization>
<Code>11040100</Code>
<Directorate>
<Abbreviation>EDU</Abbreviation>
<LongName>Directorate for STEM Education</LongName>
</Directorate>
<Division>
<Abbreviation>DUE</Abbreviation>
<LongName>Division Of Undergraduate Education</LongName>
</Division>
</Organization>
<ProgramOfficer>
<SignBlockName>Christine Delahanty</SignBlockName>
<PO_EMAI>cdelahan@nsf.gov</PO_EMAI>
<PO_PHON>7032928492</PO_PHON>
</ProgramOfficer>
<AbstractNarration>Mastery learning provides students with an opportunity to learn new skills at their own pace. Given sufficient time and instructional support, students can demonstrate a high level of achievement for a set of skills. Industry demand for skilled technicians in advanced manufacturing continues to grow as manufacturers adopt new technologies to improve productivity and product quality. This project will implement mastery learning in a core set of courses to address industry’s need for advanced manufacturing technicians who have the necessary foundational skills and hands-on experience to be successful in the technician workforce. A dual enrollment program based on mastery learning for regional high school students will provide a pathway for students into the advanced manufacturing program. The project team will assess the impact of mastery learning on student learning outcomes and the effectiveness of recruiting activities for high school students. Project results will be disseminated regionally through the state’s community college system to instructors in other manufacturing programs. Lessons learned from implementing mastery learning will be presented at national conferences focused on technical education.&lt;br/&gt;&lt;br/&gt;Regional manufacturers recently collaborated on identifying foundational skills for students in an existing advanced manufacturing program at Piedmont Virginia Community College. The goals of this project are to: 1) improve student learning outcomes for foundational skills in advanced manufacturing; 2) increase the number of graduates from the advanced manufacturing program; and 3) help students understand the workplace environment at regional manufacturers. Mastery learning will be implemented in six core courses using a flipped classroom approach with hands-on learning for advanced manufacturing technologies. Courses will be structured as a sequence of modules that students complete at their own pace. Each module builds on the content of previous modules while introducing more advanced concepts. Students must achieve the learning objectives for a module before moving to the next module. This project will provide professional development for high school teachers to implement the modules in four dual enrollment courses. The project team will partner with existing clubs, organizations, and programs to develop recruiting activities that will focus on broadening participation in the advanced manufacturing program. Students will have opportunities to engage with regional industry through structured activities such as site visits and job shadowing so that students can learn about workplace practices. Project results will provide insights for the technical education community on the effectiveness of mastery learning in advanced manufacturing programs. This project is funded by the Advanced Technological Education program that focuses on the education of technicians for the advanced technology fields that drive the nation’s economy.&lt;br/&gt;&lt;br/&gt;This award reflects NSF's statutory mission and has been deemed worthy of support through evaluation using the Foundation's intellectual merit and broader impacts review criteria.</AbstractNarration>
<MinAmdLetterDate>04/13/2023</MinAmdLetterDate>
<MaxAmdLetterDate>04/13/2023</MaxAmdLetterDate>
<ARRAAmount/>
<TRAN_TYPE>Grant</TRAN_TYPE>
<CFDA_NUM>47.076</CFDA_NUM>
<NSF_PAR_USE_FLAG>1</NSF_PAR_USE_FLAG>
<FUND_AGCY_CODE>4900</FUND_AGCY_CODE>
<AWDG_AGCY_CODE>4900</AWDG_AGCY_CODE>
<AwardID>2300824</AwardID>
<Investigator>
<FirstName>Kenneth</FirstName>
<LastName>Welborn</LastName>
<PI_MID_INIT/>
<PI_SUFX_NAME/>
<PI_FULL_NAME>Kenneth Welborn</PI_FULL_NAME>
<EmailAddress><![CDATA[kwelborn@pvcc.edu]]></EmailAddress>
<NSF_ID>000838342</NSF_ID>
<StartDate>04/13/2023</StartDate>
<EndDate/>
<RoleCode>Principal Investigator</RoleCode>
</Investigator>
<Investigator>
<FirstName>Scott</FirstName>
<LastName>Kordella</LastName>
<PI_MID_INIT>C</PI_MID_INIT>
<PI_SUFX_NAME/>
<PI_FULL_NAME>Scott C Kordella</PI_FULL_NAME>
<EmailAddress><![CDATA[skordella@pvcc.edu]]></EmailAddress>
<NSF_ID>000882225</NSF_ID>
<StartDate>04/13/2023</StartDate>
<EndDate/>
<RoleCode>Co-Principal Investigator</RoleCode>
</Investigator>
<Institution>
<Name><![CDATA[Piedmont Virginia Community College]]></Name>
<CityName>CHARLOTTESVILLE</CityName>
<ZipCode>229027589</ZipCode>
<PhoneNumber>4349773900</PhoneNumber>
<StreetAddress><![CDATA[501 COLLEGE DR]]></StreetAddress>
<StreetAddress2/>
<CountryName>United States</CountryName>
<StateName>Virginia</StateName>
<StateCode>VA</StateCode>
<CONGRESSDISTRICT>05</CONGRESSDISTRICT>
<CONGRESS_DISTRICT_ORG>VA05</CONGRESS_DISTRICT_ORG>
<ORG_UEI_NUM>CSLPDV279GJ3</ORG_UEI_NUM>
<ORG_LGL_BUS_NAME>VIRGINIA COMMUNITY COLLEGE SYSTEM</ORG_LGL_BUS_NAME>
<ORG_PRNT_UEI_NUM>CSLPDV279GJ3</ORG_PRNT_UEI_NUM>
</Institution>
<Performance_Institution>
<Name><![CDATA[Piedmont Virginia Community College]]></Name>
<CityName>CHARLOTTESVILLE</CityName>
<StateCode>VA</StateCode>
<ZipCode>229027589</ZipCode>
<StreetAddress><![CDATA[501 COLLEGE DR]]></StreetAddress>
<CountryCode>US</CountryCode>
<CountryName>United States</CountryName>
<StateName>Virginia</StateName>
<CountryFlag>1</CountryFlag>
<CONGRESSDISTRICT>05</CONGRESSDISTRICT>
<CONGRESS_DISTRICT_PERF>VA05</CONGRESS_DISTRICT_PERF>
</Performance_Institution>
<ProgramElement>
<Code>741200</Code>
<Text>Advanced Tech Education Prog</Text>
</ProgramElement>
<ProgramReference>
<Code>1032</Code>
<Text>ADVANCED TECHNOLOGY EDUCATION</Text>
</ProgramReference>
<ProgramReference>
<Code>9178</Code>
<Text>UNDERGRADUATE EDUCATION</Text>
</ProgramReference>
<ProgramReference>
<Code>SMET</Code>
<Text>SCIENCE, MATH, ENG &amp; TECH EDUCATION</Text>
</ProgramReference>
<Appropriation>
<Code/>
<Name/>
<APP_SYMB_ID/>
</Appropriation>
<Fund>
<Code>04002324DB</Code>
<Name><![CDATA[NSF STEM Education]]></Name>
<FUND_SYMB_ID>040106</FUND_SYMB_ID>
</Fund>
<FUND_OBLG>2023~520281</FUND_OBLG>
</Award>
</rootTag>
