<?xml version="1.0" encoding="UTF-8"?>
<rootTag>
<Award>
<AwardTitle><![CDATA[Broadening Narratives about Math Majors: Investigating the Needs and Experiences of Community College Mathematics Majors]]></AwardTitle>
<AGENCY>NSF</AGENCY>
<AwardEffectiveDate>09/15/2023</AwardEffectiveDate>
<AwardExpirationDate>08/31/2028</AwardExpirationDate>
<AwardTotalIntnAmount>2374279.00</AwardTotalIntnAmount>
<AwardAmount>936805</AwardAmount>
<AwardInstrument>
<Value>Continuing Grant</Value>
</AwardInstrument>
<Organization>
<Code>11040000</Code>
<Directorate>
<Abbreviation>EDU</Abbreviation>
<LongName>Directorate for STEM Education</LongName>
</Directorate>
<Division>
<Abbreviation>DUE</Abbreviation>
<LongName>Division Of Undergraduate Education</LongName>
</Division>
</Organization>
<ProgramOfficer>
<SignBlockName>Olga Pierrakos</SignBlockName>
<PO_EMAI>olpierra@nsf.gov</PO_EMAI>
<PO_PHON>7032927253</PO_PHON>
</ProgramOfficer>
<AbstractNarration>This project will directly investigate which factors impact student decisions to enroll and persist in mathematics majors in the two-year college context. There is a well-documented need to increase the diversity of the STEM and mathematics workforce, including increasing the number of students from marginalized groups who enroll in and complete mathematics degrees. Given the fact that half of all mathematics majors are enrolled at two-year colleges, if we hope to address long-standing issues with diversity in the mathematics and STEM pipeline, two-year colleges are a critical place to start. Two-year colleges have significantly more students from marginalized groups; as such, they are a natural place from which to recruit and support diverse groups of mathematics and STEM majors. It is particularly critical to study mathematics majors at two-year colleges as a specific subpopulation, because the experiences of two-year college students are often significantly different from university students. Thus, retention models that have been developed with four-year students are unlikely to translate directly to the two-year college context without significant modification. This project aims to identify factors that influence student retention among two-year colleges and to develop a model of retention in the two-year context, contributing to the field’s understanding of retention among this important population of students. &lt;br/&gt;&lt;br/&gt;In particular, this study has several aims: 1) to analyze trajectories that mathematics majors at two-year colleges have taken, in order to describe for the first time the diversity of paths students take to complete the major, as well as different paths that students make have taken before leaving the major; 2) to uncover various factors that have influenced the decisions of students at two-year colleges to choose mathematics majors and/or to remain in the major from term to term; and 3) to paint a robust and nuanced picture of the experiences of two-year college mathematics majors, both to develop for the first time a model of mathematics major retention in the two-year context, as well as to provide critical counter-narratives to many of the deficit characterizations of these students in the research and practice discourse. This research will include extensive quantitative analysis of existing data, qualitative analysis of in-depth longitudinal interviews, and both quantitative and qualitative analysis of longitudinal survey data, at one of the largest and most diverse urban university systems in the US: the City University of New York. This will fill a critical gap in the existing literature and pave the way for future studies and interventions aimed specifically at recruiting and retaining mathematics majors from the two-year college population. In particular, we aim to approach this research from an anti-deficit lens, focusing on the resources and strengths that two-year college mathematics majors bring to college regardless of their access to prior high-quality mathematics educational experiences; and eliciting two-year college mathematics majors’ perspectives on the ways that existing instruction, college culture, and institutional structures do or do not provide them the resources needed to obtain a mathematics degree. This project is supported by NSF's EDU Core Research (ECR) program. The ECR program emphasizes fundamental STEM education research that generates foundational knowledge in the field. Investments are made in critical areas that are essential, broad and enduring: STEM learning and STEM learning environments, broadening participation in STEM, and STEM workforce development.&lt;br/&gt;&lt;br/&gt;This award reflects NSF's statutory mission and has been deemed worthy of support through evaluation using the Foundation's intellectual merit and broader impacts review criteria.</AbstractNarration>
<MinAmdLetterDate>07/14/2023</MinAmdLetterDate>
<MaxAmdLetterDate>04/04/2024</MaxAmdLetterDate>
<ARRAAmount/>
<TRAN_TYPE>Grant</TRAN_TYPE>
<CFDA_NUM>47.076</CFDA_NUM>
<NSF_PAR_USE_FLAG>1</NSF_PAR_USE_FLAG>
<FUND_AGCY_CODE>4900</FUND_AGCY_CODE>
<AWDG_AGCY_CODE>4900</AWDG_AGCY_CODE>
<AwardID>2300725</AwardID>
<Investigator>
<FirstName>Barry</FirstName>
<LastName>Cherkas</LastName>
<PI_MID_INIT>M</PI_MID_INIT>
<PI_SUFX_NAME/>
<PI_FULL_NAME>Barry M Cherkas</PI_FULL_NAME>
<EmailAddress><![CDATA[barry.cherkas@hunter.cuny.edu]]></EmailAddress>
<NSF_ID>000108179</NSF_ID>
<StartDate>07/14/2023</StartDate>
<EndDate/>
<RoleCode>Co-Principal Investigator</RoleCode>
</Investigator>
<Investigator>
<FirstName>Claire</FirstName>
<LastName>Wladis</LastName>
<PI_MID_INIT>W</PI_MID_INIT>
<PI_SUFX_NAME/>
<PI_FULL_NAME>Claire W Wladis</PI_FULL_NAME>
<EmailAddress><![CDATA[cwladis@gmail.com]]></EmailAddress>
<NSF_ID>000379335</NSF_ID>
<StartDate>07/14/2023</StartDate>
<EndDate/>
<RoleCode>Principal Investigator</RoleCode>
</Investigator>
<Investigator>
<FirstName>Jason</FirstName>
<LastName>Samuels</LastName>
<PI_MID_INIT/>
<PI_SUFX_NAME/>
<PI_FULL_NAME>Jason Samuels</PI_FULL_NAME>
<EmailAddress><![CDATA[jsamuels@bmcc.cuny.edu]]></EmailAddress>
<NSF_ID>000619831</NSF_ID>
<StartDate>07/14/2023</StartDate>
<EndDate/>
<RoleCode>Co-Principal Investigator</RoleCode>
</Investigator>
<Investigator>
<FirstName>Kristen</FirstName>
<LastName>Amman</LastName>
<PI_MID_INIT/>
<PI_SUFX_NAME/>
<PI_FULL_NAME>Kristen Amman</PI_FULL_NAME>
<EmailAddress><![CDATA[kamman2@unl.edu]]></EmailAddress>
<NSF_ID>000784946</NSF_ID>
<StartDate>07/14/2023</StartDate>
<EndDate/>
<RoleCode>Co-Principal Investigator</RoleCode>
</Investigator>
<Institution>
<Name><![CDATA[CUNY Borough of Manhattan Community College]]></Name>
<CityName>NEW YORK</CityName>
<ZipCode>100071044</ZipCode>
<PhoneNumber>2122208010</PhoneNumber>
<StreetAddress><![CDATA[199 CHAMBERS ST]]></StreetAddress>
<StreetAddress2/>
<CountryName>United States</CountryName>
<StateName>New York</StateName>
<StateCode>NY</StateCode>
<CONGRESSDISTRICT>10</CONGRESSDISTRICT>
<CONGRESS_DISTRICT_ORG>NY10</CONGRESS_DISTRICT_ORG>
<ORG_UEI_NUM>GDM4E6DB2L75</ORG_UEI_NUM>
<ORG_LGL_BUS_NAME>RESEARCH FOUNDATION OF THE CITY UNIVERSITY OF NEW YORK</ORG_LGL_BUS_NAME>
<ORG_PRNT_UEI_NUM/>
</Institution>
<Performance_Institution>
<Name><![CDATA[CUNY Borough of Manhattan Community College]]></Name>
<CityName>NEW YORK</CityName>
<StateCode>NY</StateCode>
<ZipCode>100071044</ZipCode>
<StreetAddress><![CDATA[199 CHAMBERS ST]]></StreetAddress>
<CountryCode>US</CountryCode>
<CountryName>United States</CountryName>
<StateName>New York</StateName>
<CountryFlag>1</CountryFlag>
<CONGRESSDISTRICT>10</CONGRESSDISTRICT>
<CONGRESS_DISTRICT_PERF>NY10</CONGRESS_DISTRICT_PERF>
</Performance_Institution>
<ProgramElement>
<Code>798000</Code>
<Text>ECR-EDU Core Research</Text>
</ProgramElement>
<ProgramReference>
<Code>8212</Code>
<Text>Broaden Particip STEM Resrch</Text>
</ProgramReference>
<ProgramReference>
<Code>8817</Code>
<Text>STEM Learning &amp; Learning Environments</Text>
</ProgramReference>
<ProgramReference>
<Code>9178</Code>
<Text>UNDERGRADUATE EDUCATION</Text>
</ProgramReference>
<Appropriation>
<Code/>
<Name/>
<APP_SYMB_ID/>
</Appropriation>
<Fund>
<Code>04002324DB</Code>
<Name><![CDATA[NSF STEM Education]]></Name>
<FUND_SYMB_ID>040106</FUND_SYMB_ID>
</Fund>
<FUND_OBLG>2023~936805</FUND_OBLG>
</Award>
</rootTag>
