<?xml version="1.0" encoding="UTF-8"?>
<rootTag>
<Award>
<AwardTitle><![CDATA[Strengthening Building & Construction Technician Training with Alternative Energy Sources to Advance Sustainability (B/C Alt-Energy Tech)]]></AwardTitle>
<AGENCY>NSF</AGENCY>
<AwardEffectiveDate>07/01/2023</AwardEffectiveDate>
<AwardExpirationDate>06/30/2026</AwardExpirationDate>
<AwardTotalIntnAmount>616435.00</AwardTotalIntnAmount>
<AwardAmount>616435</AwardAmount>
<AwardInstrument>
<Value>Standard Grant</Value>
</AwardInstrument>
<Organization>
<Code>11040100</Code>
<Directorate>
<Abbreviation>EDU</Abbreviation>
<LongName>Directorate for STEM Education</LongName>
</Directorate>
<Division>
<Abbreviation>DUE</Abbreviation>
<LongName>Division Of Undergraduate Education</LongName>
</Division>
</Organization>
<ProgramOfficer>
<SignBlockName>Keith Sverdrup</SignBlockName>
<PO_EMAI>ksverdru@nsf.gov</PO_EMAI>
<PO_PHON>7032924671</PO_PHON>
</ProgramOfficer>
<AbstractNarration>This Advanced Technological Education Program Track 2 project aims to serve the national interest by improving curricula and educational materials in building and construction science technician education for the Northeast Florida region. By 2050, according to environmental scientists’ predictions, the United States will be entirely dependent on renewable energy. This includes going green in the building and construction science industry. Carrying out this transition of the nation’s energy infrastructure will require a robust construction technician workforce that integrates building science and energy-efficiency knowledge into their standard practice.   Florida State College at Jacksonville’s project, Strengthening Building and Construction Technician Training with Alternative Energy Sources to Advance Sustainability, supports a significant effort to increase our capacity to educate students and regional technicians. &lt;br/&gt;&lt;br/&gt;The project goals are to: 1) create an Alternative Energies track, as part of Associate of Science degree programs that will prepare students to earn multiple industry-recognized credentials in alternative energies use in building and construction, 2) establish an Alternative Energies and Materials Laboratory for students to practice installation and performance analysis techniques, 3) design and build a low-cost classroom alternative energy and thermal conductivity trainer for teachers to use in secondary courses, and 4) create a career pipeline for K-12 populations, including underrepresented students, and professional development activities for secondary school teachers.  Fifty (50) college students, 10 incumbent workers, 5 postsecondary faculty members, 20 high school teachers participating in faculty workshops and 40 high school students will gain knowledge and skills.  Enrollment of underrepresented populations will increase by at least five percent through using diversity best practices. Dissemination will take place at regional and national levels. This project is funded by the Advanced Technological Education program that focuses on the education of technicians for the advanced-technology fields that drive the Nation’s economy.&lt;br/&gt;&lt;br/&gt;This award reflects NSF's statutory mission and has been deemed worthy of support through evaluation using the Foundation's intellectual merit and broader impacts review criteria.</AbstractNarration>
<MinAmdLetterDate>04/06/2023</MinAmdLetterDate>
<MaxAmdLetterDate>04/06/2023</MaxAmdLetterDate>
<ARRAAmount/>
<TRAN_TYPE>Grant</TRAN_TYPE>
<CFDA_NUM>47.076</CFDA_NUM>
<NSF_PAR_USE_FLAG>1</NSF_PAR_USE_FLAG>
<FUND_AGCY_CODE>4900</FUND_AGCY_CODE>
<AWDG_AGCY_CODE>4900</AWDG_AGCY_CODE>
<AwardID>2300938</AwardID>
<Investigator>
<FirstName>Alexandra</FirstName>
<LastName>Ion</LastName>
<PI_MID_INIT/>
<PI_SUFX_NAME/>
<PI_FULL_NAME>Alexandra Ion</PI_FULL_NAME>
<EmailAddress><![CDATA[alexandra.ion@fscj.edu]]></EmailAddress>
<NSF_ID>000898798</NSF_ID>
<StartDate>04/06/2023</StartDate>
<EndDate/>
<RoleCode>Principal Investigator</RoleCode>
</Investigator>
<Investigator>
<FirstName>laila</FirstName>
<LastName>kadi</LastName>
<PI_MID_INIT/>
<PI_SUFX_NAME/>
<PI_FULL_NAME>laila kadi</PI_FULL_NAME>
<EmailAddress><![CDATA[laila.kadi@fscj.edu]]></EmailAddress>
<NSF_ID>000899323</NSF_ID>
<StartDate>04/06/2023</StartDate>
<EndDate/>
<RoleCode>Co-Principal Investigator</RoleCode>
</Investigator>
<Institution>
<Name><![CDATA[Florida State College at Jacksonville]]></Name>
<CityName>JACKSONVILLE</CityName>
<ZipCode>322023099</ZipCode>
<PhoneNumber>9046323327</PhoneNumber>
<StreetAddress><![CDATA[501 WEST STATE STREET]]></StreetAddress>
<StreetAddress2/>
<CountryName>United States</CountryName>
<StateName>Florida</StateName>
<StateCode>FL</StateCode>
<CONGRESSDISTRICT>04</CONGRESSDISTRICT>
<CONGRESS_DISTRICT_ORG>FL04</CONGRESS_DISTRICT_ORG>
<ORG_UEI_NUM>HAMMJVYDY9D9</ORG_UEI_NUM>
<ORG_LGL_BUS_NAME>FLORIDA STATE COLLEGE AT JACKSONVILLE</ORG_LGL_BUS_NAME>
<ORG_PRNT_UEI_NUM/>
</Institution>
<Performance_Institution>
<Name><![CDATA[Florida State College at Jacksonville]]></Name>
<CityName>JACKSONVILLE</CityName>
<StateCode>FL</StateCode>
<ZipCode>322024030</ZipCode>
<StreetAddress><![CDATA[501 W STATE ST STE 307]]></StreetAddress>
<CountryCode>US</CountryCode>
<CountryName>United States</CountryName>
<StateName>Florida</StateName>
<CountryFlag>1</CountryFlag>
<CONGRESSDISTRICT>04</CONGRESSDISTRICT>
<CONGRESS_DISTRICT_PERF>FL04</CONGRESS_DISTRICT_PERF>
</Performance_Institution>
<ProgramElement>
<Code>741200</Code>
<Text>Advanced Tech Education Prog</Text>
</ProgramElement>
<ProgramReference>
<Code>1032</Code>
<Text>ADVANCED TECHNOLOGY EDUCATION</Text>
</ProgramReference>
<ProgramReference>
<Code>9178</Code>
<Text>UNDERGRADUATE EDUCATION</Text>
</ProgramReference>
<ProgramReference>
<Code>SMET</Code>
<Text>SCIENCE, MATH, ENG &amp; TECH EDUCATION</Text>
</ProgramReference>
<Appropriation>
<Code/>
<Name/>
<APP_SYMB_ID/>
</Appropriation>
<Fund>
<Code>04002324DB</Code>
<Name><![CDATA[NSF STEM Education]]></Name>
<FUND_SYMB_ID>040106</FUND_SYMB_ID>
</Fund>
<FUND_OBLG>2023~616435</FUND_OBLG>
</Award>
</rootTag>
