<?xml version="1.0" encoding="UTF-8"?>
<rootTag>
<Award>
<AwardTitle><![CDATA[Research on Automated Formative Feedback of Problem-Solving Strategy Writing in Introductory Physics using Natural Language Processing]]></AwardTitle>
<AGENCY>NSF</AGENCY>
<AwardEffectiveDate>07/01/2023</AwardEffectiveDate>
<AwardExpirationDate>06/30/2026</AwardExpirationDate>
<AwardTotalIntnAmount>499815.00</AwardTotalIntnAmount>
<AwardAmount>499815</AwardAmount>
<AwardInstrument>
<Value>Standard Grant</Value>
</AwardInstrument>
<Organization>
<Code>11090000</Code>
<Directorate>
<Abbreviation>EDU</Abbreviation>
<LongName>Directorate for STEM Education</LongName>
</Directorate>
<Division>
<Abbreviation>DRL</Abbreviation>
<LongName>Division Of Research On Learning</LongName>
</Division>
</Organization>
<ProgramOfficer>
<SignBlockName>Gregg Solomon</SignBlockName>
<PO_EMAI>gesolomo@nsf.gov</PO_EMAI>
<PO_PHON>7032928333</PO_PHON>
</ProgramOfficer>
<AbstractNarration>Problem solving is an essential 21st century STEM workforce skill, but in most undergraduate introductory STEM courses students use ineffective problem-solving strategies. The pedagogical challenge is that these courses typically have very large enrollments which prohibits instructors' providing of real-time feedback to students on their unproductive strategies, given how labor intensive providing such individualized feedback is. The investigators propose to use natural language processing (NLP) to develop an automated system that will provide personalized formative feedback to students in undergraduate physics courses about their problem-solving strategies. There are two research questions: (1) How accurately can an NLP classifier score such essays and how well can it generalize across types of problems?, and (2) How well does providing students with such feedback improve their problem-solving strategies and actual ability to solve problems? &lt;br/&gt;&lt;br/&gt;This project leverages existing research in STEM education that has shown that the use of strategy writing, and real-time formative assessment can improve students' problem-solving skills. Starting with a vast corpus of existing data, the investigators will use state-of-the-art supervised and unsupervised learning to train a machine learning algorithm (MLA) to classify strategies articulated by students. Their study will span three phases with increasing generalization, first generalizing over vocabulary used by students to describe their strategies for solving specific problems, then generalizing over sets of isomorphic problems using the same strategies, and finally generalizing over classes of transfer problems that have the same underlying principles but different surface features. Their goal is to determine the accuracy with which an MLA can be trained to provide feedback on short essays written by students describing their strategies for solving a problem. They will also investigate the extent to which real-time formative feedback to students, based on their own strategy essays, can help them to refine their strategies iteratively in order to solve problems with increasing generality. In developing and training their machine learning algorithm, the researchers will implement proven strategies to address issues of fairness in artificial intelligence (AI). The ultimate goal of the project is to transform the development of expert-like problem-solving strategies in STEM undergraduates and thereby potentially to increase their retention in STEM majors.&lt;br/&gt;&lt;br/&gt;This project is supported by NSF's EDU Core Research (ECR) program. The ECR program emphasizes fundamental STEM education research that generates foundational knowledge in the field. Investments are made in critical areas that are essential, broad, and enduring: STEM learning and STEM learning environments, broadening participation in STEM, and STEM workforce development.&lt;br/&gt;&lt;br/&gt;This award reflects NSF's statutory mission and has been deemed worthy of support through evaluation using the Foundation's intellectual merit and broader impacts review criteria.</AbstractNarration>
<MinAmdLetterDate>06/27/2023</MinAmdLetterDate>
<MaxAmdLetterDate>06/27/2023</MaxAmdLetterDate>
<ARRAAmount/>
<TRAN_TYPE>Grant</TRAN_TYPE>
<CFDA_NUM>47.076</CFDA_NUM>
<NSF_PAR_USE_FLAG>1</NSF_PAR_USE_FLAG>
<FUND_AGCY_CODE>4900</FUND_AGCY_CODE>
<AWDG_AGCY_CODE>4900</AWDG_AGCY_CODE>
<AwardID>2300645</AwardID>
<Investigator>
<FirstName>Dan</FirstName>
<LastName>Goldwasser</LastName>
<PI_MID_INIT/>
<PI_SUFX_NAME/>
<PI_FULL_NAME>Dan Goldwasser</PI_FULL_NAME>
<EmailAddress><![CDATA[dgoldwas@purdue.edu]]></EmailAddress>
<NSF_ID>000687160</NSF_ID>
<StartDate>06/27/2023</StartDate>
<EndDate/>
<RoleCode>Co-Principal Investigator</RoleCode>
</Investigator>
<Investigator>
<FirstName>N Sanjay</FirstName>
<LastName>Rebello</LastName>
<PI_MID_INIT/>
<PI_SUFX_NAME/>
<PI_FULL_NAME>N Sanjay Rebello</PI_FULL_NAME>
<EmailAddress><![CDATA[rebellos@purdue.edu]]></EmailAddress>
<NSF_ID>000110470</NSF_ID>
<StartDate>06/27/2023</StartDate>
<EndDate/>
<RoleCode>Principal Investigator</RoleCode>
</Investigator>
<Institution>
<Name><![CDATA[Purdue University]]></Name>
<CityName>WEST LAFAYETTE</CityName>
<ZipCode>479061332</ZipCode>
<PhoneNumber>7654941055</PhoneNumber>
<StreetAddress><![CDATA[2550 NORTHWESTERN AVE # 1100]]></StreetAddress>
<StreetAddress2/>
<CountryName>United States</CountryName>
<StateName>Indiana</StateName>
<StateCode>IN</StateCode>
<CONGRESSDISTRICT>04</CONGRESSDISTRICT>
<CONGRESS_DISTRICT_ORG>IN04</CONGRESS_DISTRICT_ORG>
<ORG_UEI_NUM>YRXVL4JYCEF5</ORG_UEI_NUM>
<ORG_LGL_BUS_NAME>PURDUE UNIVERSITY</ORG_LGL_BUS_NAME>
<ORG_PRNT_UEI_NUM>YRXVL4JYCEF5</ORG_PRNT_UEI_NUM>
</Institution>
<Performance_Institution>
<Name><![CDATA[Purdue University]]></Name>
<CityName>WEST LAFAYETTE</CityName>
<StateCode>IN</StateCode>
<ZipCode>479061332</ZipCode>
<StreetAddress><![CDATA[2550 NORTHWESTERN AVE STE 1900]]></StreetAddress>
<CountryCode>US</CountryCode>
<CountryName>United States</CountryName>
<StateName>Indiana</StateName>
<CountryFlag>1</CountryFlag>
<CONGRESSDISTRICT>04</CONGRESSDISTRICT>
<CONGRESS_DISTRICT_PERF>IN04</CONGRESS_DISTRICT_PERF>
</Performance_Institution>
<ProgramElement>
<Code>798000</Code>
<Text>ECR-EDU Core Research</Text>
</ProgramElement>
<ProgramReference>
<Code>8212</Code>
<Text>Broaden Particip STEM Resrch</Text>
</ProgramReference>
<ProgramReference>
<Code>8816</Code>
<Text>Workforce Development</Text>
</ProgramReference>
<ProgramReference>
<Code>8817</Code>
<Text>STEM Learning &amp; Learning Environments</Text>
</ProgramReference>
<Appropriation>
<Code/>
<Name/>
<APP_SYMB_ID/>
</Appropriation>
<Fund>
<Code>04002324DB</Code>
<Name><![CDATA[NSF STEM Education]]></Name>
<FUND_SYMB_ID>040106</FUND_SYMB_ID>
</Fund>
<FUND_OBLG>2023~499815</FUND_OBLG>
</Award>
</rootTag>
