<?xml version="1.0" encoding="UTF-8"?>
<rootTag>
<Award>
<AwardTitle><![CDATA[SHINE: Testing Theories of Coronal Heating and Solar Wind Acceleration with Multi-Messenger Data and Four-Dimension (4D) Forward Modeling]]></AwardTitle>
<AGENCY>NSF</AGENCY>
<AwardEffectiveDate>05/15/2023</AwardEffectiveDate>
<AwardExpirationDate>04/30/2026</AwardExpirationDate>
<AwardTotalIntnAmount>413817.00</AwardTotalIntnAmount>
<AwardAmount>413817</AwardAmount>
<AwardInstrument>
<Value>Standard Grant</Value>
</AwardInstrument>
<Organization>
<Code>06020000</Code>
<Directorate>
<Abbreviation>GEO</Abbreviation>
<LongName>Directorate For Geosciences</LongName>
</Directorate>
<Division>
<Abbreviation>AGS</Abbreviation>
<LongName>Div Atmospheric &amp; Geospace Sciences</LongName>
</Division>
</Organization>
<ProgramOfficer>
<SignBlockName>Lisa Winter</SignBlockName>
<PO_EMAI>lwinter@nsf.gov</PO_EMAI>
<PO_PHON>7032928519</PO_PHON>
</ProgramOfficer>
<AbstractNarration>Understanding the complexity and evolution of the solar corona is a necessary precursor to being able to predict the Sun’s effects on the Earth’s local space environment. Despite many years of study, the basic physical processes responsible for heating the solar corona and accelerating the solar wind are still not known. This project combines numerical simulations and data analysis to better understand these processes. A graduate student and undergraduate students will be supported and mentored.&lt;br/&gt;&lt;br/&gt;The goal of the proposed investigation is to substantially narrow down the list of processes that have been suggested for energizing plasma along both closed and open magnetic field lines in the outer solar atmosphere. This work designs a forward-modeling framework that includes as many of the processes as possible, all on equal footing and takes advantage of the available “multi-messenger” data (i.e., both remote-sensing and in situ) to put constraints on the relative contributions of the physical processes responsible for coronal heating and solar wind acceleration. Specifically, the investigation consists of four core tasks: (1) Constructing line-of-sight forward models of EUV and X-ray emission for the low corona, corresponding to as broad a range of proposed heating theories as possible. (2) Implementing six different field-line extrapolation models to compute the coronal magnetic field from photospheric lower boundary conditions. (3) Determining what levels of coronal flux-tube structure can survive to be detectable in interplanetary space, through high-resolution simulations of the formation of corotating interaction regions (CIRs) and turbulent field-line random walk. (4) Self-consistent modeling of coronal heating and solar wind acceleration along open flux tubes using a new generation of an existing code that now includes both wave/turbulence and interchange reconnection physics.&lt;br/&gt;&lt;br/&gt;This award reflects NSF's statutory mission and has been deemed worthy of support through evaluation using the Foundation's intellectual merit and broader impacts review criteria.</AbstractNarration>
<MinAmdLetterDate>04/10/2023</MinAmdLetterDate>
<MaxAmdLetterDate>04/10/2023</MaxAmdLetterDate>
<ARRAAmount/>
<TRAN_TYPE>Grant</TRAN_TYPE>
<CFDA_NUM>47.049, 47.050</CFDA_NUM>
<NSF_PAR_USE_FLAG>1</NSF_PAR_USE_FLAG>
<FUND_AGCY_CODE>4900</FUND_AGCY_CODE>
<AWDG_AGCY_CODE>4900</AWDG_AGCY_CODE>
<AwardID>2300452</AwardID>
<Investigator>
<FirstName>Steven</FirstName>
<LastName>Cranmer</LastName>
<PI_MID_INIT>R</PI_MID_INIT>
<PI_SUFX_NAME/>
<PI_FULL_NAME>Steven R Cranmer</PI_FULL_NAME>
<EmailAddress><![CDATA[steven.cranmer@colorado.edu]]></EmailAddress>
<NSF_ID>000601193</NSF_ID>
<StartDate>04/10/2023</StartDate>
<EndDate/>
<RoleCode>Principal Investigator</RoleCode>
</Investigator>
<Institution>
<Name><![CDATA[University of Colorado at Boulder]]></Name>
<CityName>Boulder</CityName>
<ZipCode>803090001</ZipCode>
<PhoneNumber>3034926221</PhoneNumber>
<StreetAddress><![CDATA[3100 MARINE ST]]></StreetAddress>
<StreetAddress2><![CDATA[STE 481 572 UCB]]></StreetAddress2>
<CountryName>United States</CountryName>
<StateName>Colorado</StateName>
<StateCode>CO</StateCode>
<CONGRESSDISTRICT>02</CONGRESSDISTRICT>
<CONGRESS_DISTRICT_ORG>CO02</CONGRESS_DISTRICT_ORG>
<ORG_UEI_NUM>SPVKK1RC2MZ3</ORG_UEI_NUM>
<ORG_LGL_BUS_NAME>THE REGENTS OF THE UNIVERSITY OF COLORADO</ORG_LGL_BUS_NAME>
<ORG_PRNT_UEI_NUM/>
</Institution>
<Performance_Institution>
<Name><![CDATA[University of Colorado at Boulder]]></Name>
<CityName>BOULDER</CityName>
<StateCode>CO</StateCode>
<ZipCode>803031058</ZipCode>
<StreetAddress><![CDATA[3100 MARINE ST STE 481 572 UCB]]></StreetAddress>
<CountryCode>US</CountryCode>
<CountryName>United States</CountryName>
<StateName>Colorado</StateName>
<CountryFlag>1</CountryFlag>
<CONGRESSDISTRICT>02</CONGRESSDISTRICT>
<CONGRESS_DISTRICT_PERF>CO02</CONGRESS_DISTRICT_PERF>
</Performance_Institution>
<ProgramElement>
<Code>121400</Code>
<Text>PLANETARY ASTRONOMY</Text>
</ProgramElement>
<ProgramElement>
<Code>152300</Code>
<Text>SOLAR-TERRESTRIAL</Text>
</ProgramElement>
<ProgramReference>
<Code>1206</Code>
<Text>THEORETICAL &amp; COMPUTATIONAL ASTROPHYSICS</Text>
</ProgramReference>
<ProgramReference>
<Code>4444</Code>
<Text>INTERDISCIPLINARY PROPOSALS</Text>
</ProgramReference>
<Appropriation>
<Code/>
<Name/>
<APP_SYMB_ID/>
</Appropriation>
<Fund>
<Code>01002324DB</Code>
<Name><![CDATA[NSF RESEARCH & RELATED ACTIVIT]]></Name>
<FUND_SYMB_ID>040100</FUND_SYMB_ID>
</Fund>
<FUND_OBLG>2023~413817</FUND_OBLG>
</Award>
</rootTag>
