<?xml version="1.0" encoding="UTF-8"?>
<rootTag>
<Award>
<AwardTitle><![CDATA[Nonlocal Terahertz Nanospectroscopy and Nanoimaging]]></AwardTitle>
<AGENCY>NSF</AGENCY>
<AwardEffectiveDate>08/15/2023</AwardEffectiveDate>
<AwardExpirationDate>07/31/2026</AwardExpirationDate>
<AwardTotalIntnAmount>400000.00</AwardTotalIntnAmount>
<AwardAmount>400000</AwardAmount>
<AwardInstrument>
<Value>Standard Grant</Value>
</AwardInstrument>
<Organization>
<Code>07010000</Code>
<Directorate>
<Abbreviation>ENG</Abbreviation>
<LongName>Directorate For Engineering</LongName>
</Directorate>
<Division>
<Abbreviation>ECCS</Abbreviation>
<LongName>Div Of Electrical, Commun &amp; Cyber Sys</LongName>
</Division>
</Organization>
<ProgramOfficer>
<SignBlockName>Prem Chahal</SignBlockName>
<PO_EMAI>pchahal@nsf.gov</PO_EMAI>
<PO_PHON>7032920000</PO_PHON>
</ProgramOfficer>
<AbstractNarration>In many emerging material systems which will be important for future device applications, the propagation of charges at the material surface can be the key determining factor in device performance. For example, devices based on gallium nitride, which includes most blue LEDs and blue diode lasers, are often limited in their performance by crystalline defects at their surfaces or interfaces, which perturb the transport of electrons between adjacent layers of the materials. In another example, the boundaries between crystalline micro-grains in a polycrystalline film of light-harvesting materials used in solar cells can strongly influence the speed at which charges created by absorbed sunlight are collected, ultimately setting a limit on the device efficiency. This project seeks to develop a suite of new experimental techniques to study such issues, with both high spatial and temporal resolution. These techniques rely on the very strong interaction between the charges moving in the material and electromagnetic radiation in the terahertz spectral range. In some cases, these moving charges can radiate an ultrashort burst of terahertz radiation, which contains important signatures of the charge carrier dynamics.  In other cases, a short terahertz pulse reflected from the material surface can be used to characterize the properties of the mobile charges, with temporal resolution on the scale of a picosecond. Our work will extend these ideas to the nanoscale realm, allowing us to study the charge transport using terahertz techniques with spatial resolution of only a few tens of nanometers.&lt;br/&gt;&lt;br/&gt;The aim of this research program is to demonstrate revolutionary new measurement techniques in terahertz nanoscopy, and use them to glean new information about dynamical processes in materials. In particular, we will establish the idea of non-local THz nanoscopy, by developing a suite of methods such as non-local optical-pump THz-probe nanoscopy and non-local THz emission nanoscopy. We will then use these new experimental techniques in studies of several material systems of current technological relevance. We will initiate collaborations to leverage the expertise of colleagues in sample preparation and calculations of THz material properties. The proposed research will significantly advance the field of terahertz nanoscience by bringing the power of nonlinear optics to the nanoscale with sub-picosecond temporal resolution and nanoscale spatial resolution. Unlike traditional nanoscopy techniques, our new methods will reveal information about lateral charge transport, rather than vertical transport. We will study the transport of polaritons across an individual step edge in a multi-layer graphene film, and probe the effects of an individual grain boundary on charge transport in a polycrystalline perovskite thin film. We will also couple these new ideas to cutting-edge results in terahertz vibrational spectroscopy, by studying the effects of local nanoscale defects on vibrational modes with mesoscopic coherence lengths, and by observing the influence of nanoscale excitations on simple chemical reactions mediated by terahertz vibrations. These measurements will open up new possibilities for the study of nanoscale phenomena in materials, revealing important information that cannot be obtained using other methods.&lt;br/&gt;&lt;br/&gt;This award reflects NSF's statutory mission and has been deemed worthy of support through evaluation using the Foundation's intellectual merit and broader impacts review criteria.</AbstractNarration>
<MinAmdLetterDate>08/01/2023</MinAmdLetterDate>
<MaxAmdLetterDate>08/17/2023</MaxAmdLetterDate>
<ARRAAmount/>
<TRAN_TYPE>Grant</TRAN_TYPE>
<CFDA_NUM>47.041</CFDA_NUM>
<NSF_PAR_USE_FLAG>1</NSF_PAR_USE_FLAG>
<FUND_AGCY_CODE>4900</FUND_AGCY_CODE>
<AWDG_AGCY_CODE>4900</AWDG_AGCY_CODE>
<AwardID>2300152</AwardID>
<Investigator>
<FirstName>Daniel</FirstName>
<LastName>Mittleman</LastName>
<PI_MID_INIT/>
<PI_SUFX_NAME/>
<PI_FULL_NAME>Daniel Mittleman</PI_FULL_NAME>
<EmailAddress><![CDATA[daniel_mittleman@brown.edu]]></EmailAddress>
<NSF_ID>000463831</NSF_ID>
<StartDate>08/01/2023</StartDate>
<EndDate/>
<RoleCode>Principal Investigator</RoleCode>
</Investigator>
<Institution>
<Name><![CDATA[Brown University]]></Name>
<CityName>PROVIDENCE</CityName>
<ZipCode>029129100</ZipCode>
<PhoneNumber>4018632777</PhoneNumber>
<StreetAddress><![CDATA[1 PROSPECT ST]]></StreetAddress>
<StreetAddress2/>
<CountryName>United States</CountryName>
<StateName>Rhode Island</StateName>
<StateCode>RI</StateCode>
<CONGRESSDISTRICT>01</CONGRESSDISTRICT>
<CONGRESS_DISTRICT_ORG>RI01</CONGRESS_DISTRICT_ORG>
<ORG_UEI_NUM>E3FDXZ6TBHW3</ORG_UEI_NUM>
<ORG_LGL_BUS_NAME>BROWN UNIVERSITY</ORG_LGL_BUS_NAME>
<ORG_PRNT_UEI_NUM>E3FDXZ6TBHW3</ORG_PRNT_UEI_NUM>
</Institution>
<Performance_Institution>
<Name><![CDATA[Brown University]]></Name>
<CityName>PROVIDENCE</CityName>
<StateCode>RI</StateCode>
<ZipCode>029129127</ZipCode>
<StreetAddress><![CDATA[1 PROSPECT ST]]></StreetAddress>
<CountryCode>US</CountryCode>
<CountryName>United States</CountryName>
<StateName>Rhode Island</StateName>
<CountryFlag>1</CountryFlag>
<CONGRESSDISTRICT>01</CONGRESSDISTRICT>
<CONGRESS_DISTRICT_PERF>RI01</CONGRESS_DISTRICT_PERF>
</Performance_Institution>
<ProgramElement>
<Code>151700</Code>
<Text>EPMD-ElectrnPhoton&amp;MagnDevices</Text>
</ProgramElement>
<ProgramReference>
<Code>091E</Code>
<Text>Light generation &amp; detection</Text>
</ProgramReference>
<ProgramReference>
<Code>097E</Code>
<Text>High Freq Devices &amp; Circuits</Text>
</ProgramReference>
<ProgramReference>
<Code>8028</Code>
<Text>Sensor Technology</Text>
</ProgramReference>
<Appropriation>
<Code/>
<Name/>
<APP_SYMB_ID/>
</Appropriation>
<Fund>
<Code>01002324DB</Code>
<Name><![CDATA[NSF RESEARCH & RELATED ACTIVIT]]></Name>
<FUND_SYMB_ID>040100</FUND_SYMB_ID>
</Fund>
<FUND_OBLG>2023~400000</FUND_OBLG>
</Award>
</rootTag>
