<?xml version="1.0" encoding="UTF-8"?>
<rootTag>
<Award>
<AwardTitle><![CDATA[Collaborative Research: Understanding the impact of Arctic sea ice loss on summertime climate change]]></AwardTitle>
<AGENCY>NSF</AGENCY>
<AwardEffectiveDate>07/01/2023</AwardEffectiveDate>
<AwardExpirationDate>06/30/2026</AwardExpirationDate>
<AwardTotalIntnAmount>596537.00</AwardTotalIntnAmount>
<AwardAmount>596537</AwardAmount>
<AwardInstrument>
<Value>Standard Grant</Value>
</AwardInstrument>
<Organization>
<Code>06020000</Code>
<Directorate>
<Abbreviation>GEO</Abbreviation>
<LongName>Directorate For Geosciences</LongName>
</Directorate>
<Division>
<Abbreviation>AGS</Abbreviation>
<LongName>Div Atmospheric &amp; Geospace Sciences</LongName>
</Division>
</Organization>
<ProgramOfficer>
<SignBlockName>Eric DeWeaver</SignBlockName>
<PO_EMAI>edeweave@nsf.gov</PO_EMAI>
<PO_PHON>7032928527</PO_PHON>
</ProgramOfficer>
<AbstractNarration>The decline of Arctic sea ice is dramatic evidence that the world is warming, as sea ice cover at the end of the melt season has fallen from about 7 million square miles in 1980 to about 5 million in 2022.  The loss of ice cover has a warming effect as ice loss exposes the darker ocean surface allowing the ocean to absorb more sunlight. The influence of this warming on weather and climate below the Arctic circle is a topic of great interest, as Arctic warming can influence midlatitude weather by weakening the jet stream and shifting it southward.  Most of the research to date has focused on the effect in winter, looking in particular at cold air outbreaks and snowstorms.  But recent work by the PI and others suggests that the weakening of the jet stream could also happen in summer, resulting in a weakening of the cyclones and anticyclones that travel along the storm tracks of the middle latitudes.  The work also shows that similar effects can occur as a direct response to the warming of the atmosphere by greenhouse gases, thus some effort is required to separate out the effects of sea ice decline.&lt;br/&gt;&lt;br/&gt;This project addresses the effects of sea ice decline on atmospheric circulation in summer, addressing four questions: 1) To what extent does Arctic sea ice loss affect summer atmospheric circulation, and through what mechanisms?  2) When will the effects on summer circulation become evident?  3) How does the impact of sea ice decline compare to the direct effect of atmospheric warming on summer circulation? 4) What is the effect of Arctic sea ice decline on heat waves and how are the heat waves effects related to the circulation changes?&lt;br/&gt;&lt;br/&gt;The research is conducted through analysis of climate model simulations generated in the Detection and Attribution Model Intercomparison Project (DAMIP) and the Polar Amplification Model Intercomparison Project (PAMIP), as well as simulations created specifically for the project using the Community Earth System Model (CESM).  Simulations created for the project are designed to show the separate responses forced by Arctic sea ice decline and the greenhouse warming of the atmosphere.  One analysis method developed for the project separates the effects of sea ice decline on cyclones from its effects on anticyclones, which is of interest as anticyclones are associated with summer heat waves.&lt;br/&gt;&lt;br/&gt;The work is of societal as well as scientific interest given the need to prepare for and adapt to the consequences of climate change.  The possible effect of Arctic sea ice loss on atmospheric circulation and related extreme weather has attracted considerable attention, both in the scientific community and the media, thus better basic science understanding of the likely consequences of sea ice decline is highly desirable.  The project would also provide support and training to a graduate student and recruit an undergraduate student through the Leadership Alliance, an organization created to promote diversity in higher-level education and research.&lt;br/&gt;&lt;br/&gt;This award reflects NSF's statutory mission and has been deemed worthy of support through evaluation using the Foundation's intellectual merit and broader impacts review criteria.</AbstractNarration>
<MinAmdLetterDate>06/27/2023</MinAmdLetterDate>
<MaxAmdLetterDate>06/27/2023</MaxAmdLetterDate>
<ARRAAmount/>
<TRAN_TYPE>Grant</TRAN_TYPE>
<CFDA_NUM>47.050</CFDA_NUM>
<NSF_PAR_USE_FLAG>1</NSF_PAR_USE_FLAG>
<FUND_AGCY_CODE>4900</FUND_AGCY_CODE>
<AWDG_AGCY_CODE>4900</AWDG_AGCY_CODE>
<AwardID>2300037</AwardID>
<Investigator>
<FirstName>Tiffany</FirstName>
<LastName>Shaw</LastName>
<PI_MID_INIT>A</PI_MID_INIT>
<PI_SUFX_NAME/>
<PI_FULL_NAME>Tiffany A Shaw</PI_FULL_NAME>
<EmailAddress><![CDATA[tas1@uchicago.edu]]></EmailAddress>
<NSF_ID>000584432</NSF_ID>
<StartDate>06/27/2023</StartDate>
<EndDate/>
<RoleCode>Principal Investigator</RoleCode>
</Investigator>
<Institution>
<Name><![CDATA[University of Chicago]]></Name>
<CityName>CHICAGO</CityName>
<ZipCode>606375418</ZipCode>
<PhoneNumber>7737028669</PhoneNumber>
<StreetAddress><![CDATA[5801 S ELLIS AVE]]></StreetAddress>
<StreetAddress2/>
<CountryName>United States</CountryName>
<StateName>Illinois</StateName>
<StateCode>IL</StateCode>
<CONGRESSDISTRICT>01</CONGRESSDISTRICT>
<CONGRESS_DISTRICT_ORG>IL01</CONGRESS_DISTRICT_ORG>
<ORG_UEI_NUM>ZUE9HKT2CLC9</ORG_UEI_NUM>
<ORG_LGL_BUS_NAME>UNIVERSITY OF CHICAGO</ORG_LGL_BUS_NAME>
<ORG_PRNT_UEI_NUM>ZUE9HKT2CLC9</ORG_PRNT_UEI_NUM>
</Institution>
<Performance_Institution>
<Name><![CDATA[University of Chicago]]></Name>
<CityName>CHICAGO</CityName>
<StateCode>IL</StateCode>
<ZipCode>606375418</ZipCode>
<StreetAddress><![CDATA[5801 S ELLIS AVE]]></StreetAddress>
<CountryCode>US</CountryCode>
<CountryName>United States</CountryName>
<StateName>Illinois</StateName>
<CountryFlag>1</CountryFlag>
<CONGRESSDISTRICT>01</CONGRESSDISTRICT>
<CONGRESS_DISTRICT_PERF>IL01</CONGRESS_DISTRICT_PERF>
</Performance_Institution>
<ProgramElement>
<Code>574000</Code>
<Text>Climate &amp; Large-Scale Dynamics</Text>
</ProgramElement>
<Appropriation>
<Code/>
<Name/>
<APP_SYMB_ID/>
</Appropriation>
<Fund>
<Code>01002324DB</Code>
<Name><![CDATA[NSF RESEARCH & RELATED ACTIVIT]]></Name>
<FUND_SYMB_ID>040100</FUND_SYMB_ID>
</Fund>
<FUND_OBLG>2023~596537</FUND_OBLG>
</Award>
</rootTag>
