<?xml version="1.0" encoding="UTF-8"?>
<rootTag>
<Award>
<AwardTitle><![CDATA[Science Sprouts 2.0: Extending and replicating a longitudinal investigation of the roots of scientific literacy and interests]]></AwardTitle>
<AGENCY>NSF</AGENCY>
<AwardEffectiveDate>07/15/2023</AwardEffectiveDate>
<AwardExpirationDate>06/30/2027</AwardExpirationDate>
<AwardTotalIntnAmount>1645280.00</AwardTotalIntnAmount>
<AwardAmount>1257291</AwardAmount>
<AwardInstrument>
<Value>Continuing Grant</Value>
</AwardInstrument>
<Organization>
<Code>11090000</Code>
<Directorate>
<Abbreviation>EDU</Abbreviation>
<LongName>Directorate for STEM Education</LongName>
</Directorate>
<Division>
<Abbreviation>DRL</Abbreviation>
<LongName>Division Of Research On Learning</LongName>
</Division>
</Organization>
<ProgramOfficer>
<SignBlockName>Michael Ford</SignBlockName>
<PO_EMAI>miford@nsf.gov</PO_EMAI>
<PO_PHON>7032925153</PO_PHON>
</ProgramOfficer>
<AbstractNarration>Sociodemographic disparities in science-related opportunities and achievement emerge in early childhood, and likely contribute to long-term engagement and representation in STEM fields. With these realities as a backdrop, this project aims to better understand the origins and development of scientific literacy and interests. Children's experiences at home, their early attunement to cause and effect, and the development of related cognitive skills are being evaluated longitudinally from 3 to 13 years of age. A special emphasis is placed on low-income and under-represented minority families in order to inform the development of early interventions that can allay opportunity gaps and facilitate participation and success of all children in science. The overall strategy is to shed light on relationships between children's measured causal stance, their scientific literacy, and their interest in science.&lt;br/&gt;&lt;br/&gt;The project builds on previous longitudinal work establishing that variability in preschoolers' causal stance, causal reasoning skill, and exposure to science-related input are each predictive of subsequent scientific literacy. One core goal is to test the strength and generalizability of these previous findings by replicating the two earliest waves of data collection (at 3 and 4 years of age) from a previous study. By focusing specifically on low-income families, the majority of whom will be Black or Latine, this replication will extend understanding to understudied populations that have historically faced limited access to science-related enrichment and educational opportunities. It also will support evaluation of the test-retest reliability of early measures of causal reasoning and science-related interests. A second goal is to specify how far early indicators can predict science outcomes by extending the original investigation longitudinally through middle school, to age 13. This extension also will trace relations between attitudes and achievement in science through middle school: a period of particularly dramatic developmental change in this domain. Together, these investigations enhance knowledge of the roots of scientific literacy and interests and inform theoretical and practical discussions regarding when and in what ways to expose young children to science.&lt;br/&gt;&lt;br/&gt;This project is supported by NSF's EDU Core Research (ECR) program. The ECR program emphasizes fundamental STEM education research that generates foundational knowledge in the field. Investments are made in critical areas that are essential, broad and enduring: STEM learning and STEM learning environments, broadening participation in STEM, and STEM workforce development.&lt;br/&gt;&lt;br/&gt;This award reflects NSF's statutory mission and has been deemed worthy of support through evaluation using the Foundation's intellectual merit and broader impacts review criteria.</AbstractNarration>
<MinAmdLetterDate>07/13/2023</MinAmdLetterDate>
<MaxAmdLetterDate>09/05/2024</MaxAmdLetterDate>
<ARRAAmount/>
<TRAN_TYPE>Grant</TRAN_TYPE>
<CFDA_NUM>47.076</CFDA_NUM>
<NSF_PAR_USE_FLAG>1</NSF_PAR_USE_FLAG>
<FUND_AGCY_CODE>4900</FUND_AGCY_CODE>
<AWDG_AGCY_CODE>4900</AWDG_AGCY_CODE>
<AwardID>2300024</AwardID>
<Investigator>
<FirstName>Amy</FirstName>
<LastName>Booth</LastName>
<PI_MID_INIT>E</PI_MID_INIT>
<PI_SUFX_NAME/>
<PI_FULL_NAME>Amy E Booth</PI_FULL_NAME>
<EmailAddress><![CDATA[amy.booth@vanderbilt.edu]]></EmailAddress>
<NSF_ID>000189442</NSF_ID>
<StartDate>07/13/2023</StartDate>
<EndDate/>
<RoleCode>Principal Investigator</RoleCode>
</Investigator>
<Institution>
<Name><![CDATA[Vanderbilt University]]></Name>
<CityName>NASHVILLE</CityName>
<ZipCode>372032416</ZipCode>
<PhoneNumber>6153222631</PhoneNumber>
<StreetAddress><![CDATA[110 21ST AVE S]]></StreetAddress>
<StreetAddress2/>
<CountryName>United States</CountryName>
<StateName>Tennessee</StateName>
<StateCode>TN</StateCode>
<CONGRESSDISTRICT>05</CONGRESSDISTRICT>
<CONGRESS_DISTRICT_ORG>TN05</CONGRESS_DISTRICT_ORG>
<ORG_UEI_NUM>GTNBNWXJ12D5</ORG_UEI_NUM>
<ORG_LGL_BUS_NAME>VANDERBILT UNIVERSITY</ORG_LGL_BUS_NAME>
<ORG_PRNT_UEI_NUM/>
</Institution>
<Performance_Institution>
<Name><![CDATA[Vanderbilt University]]></Name>
<CityName>NASHVILLE</CityName>
<StateCode>TN</StateCode>
<ZipCode>372032408</ZipCode>
<StreetAddress><![CDATA[110 21ST AVENUE S STE 800]]></StreetAddress>
<CountryCode>US</CountryCode>
<CountryName>United States</CountryName>
<StateName>Tennessee</StateName>
<CountryFlag>1</CountryFlag>
<CONGRESSDISTRICT>05</CONGRESSDISTRICT>
<CONGRESS_DISTRICT_PERF>TN05</CONGRESS_DISTRICT_PERF>
</Performance_Institution>
<ProgramElement>
<Code>798000</Code>
<Text>ECR-EDU Core Research</Text>
</ProgramElement>
<ProgramReference>
<Code>8212</Code>
<Text>Broaden Particip STEM Resrch</Text>
</ProgramReference>
<ProgramReference>
<Code>8816</Code>
<Text>Workforce Development</Text>
</ProgramReference>
<ProgramReference>
<Code>8817</Code>
<Text>STEM Learning &amp; Learning Environments</Text>
</ProgramReference>
<Appropriation>
<Code/>
<Name/>
<APP_SYMB_ID/>
</Appropriation>
<Appropriation>
<Code/>
<Name/>
<APP_SYMB_ID/>
</Appropriation>
<Fund>
<Code>04002324DB</Code>
<Name><![CDATA[NSF STEM Education]]></Name>
<FUND_SYMB_ID>040106</FUND_SYMB_ID>
</Fund>
<Fund>
<Code>04002425DB</Code>
<Name><![CDATA[NSF STEM Education]]></Name>
<FUND_SYMB_ID>040106</FUND_SYMB_ID>
</Fund>
<FUND_OBLG>2023~444697</FUND_OBLG>
<FUND_OBLG>2024~812594</FUND_OBLG>
</Award>
</rootTag>
