<?xml version="1.0" encoding="UTF-8"?>
<rootTag>
<Award>
<AwardTitle><![CDATA[Collaborative Research: Uncovering Biology Department Cultural Commitments to Graduate Student Teaching Professional Development]]></AwardTitle>
<AGENCY>NSF</AGENCY>
<AwardEffectiveDate>10/01/2023</AwardEffectiveDate>
<AwardExpirationDate>09/30/2026</AwardExpirationDate>
<AwardTotalIntnAmount>272956.00</AwardTotalIntnAmount>
<AwardAmount>272956</AwardAmount>
<AwardInstrument>
<Value>Standard Grant</Value>
</AwardInstrument>
<Organization>
<Code>11010000</Code>
<Directorate>
<Abbreviation>EDU</Abbreviation>
<LongName>Directorate for STEM Education</LongName>
</Directorate>
<Division>
<Abbreviation>DGE</Abbreviation>
<LongName>Division Of Graduate Education</LongName>
</Division>
</Organization>
<ProgramOfficer>
<SignBlockName>Andrea Nixon</SignBlockName>
<PO_EMAI>anixon@nsf.gov</PO_EMAI>
<PO_PHON>7032922321</PO_PHON>
</ProgramOfficer>
<AbstractNarration>The United States needs a strong scientific workforce, yet only about 50% of undergraduate students seeking a degree in Biology complete that major. One of the main reasons students leave the Biology major is their perception that instruction in introductory courses is of poor quality. In many cases, graduate students are the instructors of record, especially for discussion and laboratory sections. Despite the significant instructional role that graduate students play, there is a documented lack of teaching professional development in graduate programs. This pilot project will use consensus surveys with experts to identify aspects of departmental cultures in biology fields associated with graduate student teacher training. Findings from this pilot project will be the basis for future research and for supporting higher quality training of and teaching by graduate students. &lt;br/&gt;&lt;br/&gt;This study will utilize a Delphi methodology to identify consensus aspects of biology departmental cultural commitments associated with support for or challenges to graduate student teaching professional development. The central research question is: What are the consensus biology departmental values and beliefs that experts associate with departmental support for or resistance to teaching professional development? The multi-round, Delphi study will enable the project team to engage a sample of 40 experts from biology departments. The project is designed to iteratively generate a list of cultural commitments and rank the list in terms of importance to teaching professional development. The resulting analysis will be used by the project team to develop and propose a change theory for improving the quality of graduate student teaching professional development in biology departments. &lt;br/&gt;&lt;br/&gt;This project is supported by NSF’s EDU Core Research (ECR) program. The ECR program emphasizes fundamental STEM education research that generates foundational knowledge in the field. Investments are made in critical areas that are essential, broad, and enduring: STEM learning and STEM learning environments, broadening participation in STEM, and STEM workforce development.&lt;br/&gt;&lt;br/&gt;This award reflects NSF's statutory mission and has been deemed worthy of support through evaluation using the Foundation's intellectual merit and broader impacts review criteria.</AbstractNarration>
<MinAmdLetterDate>06/22/2023</MinAmdLetterDate>
<MaxAmdLetterDate>06/22/2023</MaxAmdLetterDate>
<ARRAAmount/>
<TRAN_TYPE>Grant</TRAN_TYPE>
<CFDA_NUM>47.076</CFDA_NUM>
<NSF_PAR_USE_FLAG>1</NSF_PAR_USE_FLAG>
<FUND_AGCY_CODE>4900</FUND_AGCY_CODE>
<AWDG_AGCY_CODE>4900</AWDG_AGCY_CODE>
<AwardID>2300999</AwardID>
<Investigator>
<FirstName>Grant</FirstName>
<LastName>Gardner</LastName>
<PI_MID_INIT>E</PI_MID_INIT>
<PI_SUFX_NAME/>
<PI_FULL_NAME>Grant E Gardner</PI_FULL_NAME>
<EmailAddress><![CDATA[Grant.Gardner@mtsu.edu]]></EmailAddress>
<NSF_ID>000564500</NSF_ID>
<StartDate>06/22/2023</StartDate>
<EndDate/>
<RoleCode>Principal Investigator</RoleCode>
</Investigator>
<Institution>
<Name><![CDATA[Middle Tennessee State University]]></Name>
<CityName>MURFREESBORO</CityName>
<ZipCode>371320001</ZipCode>
<PhoneNumber>6154947848</PhoneNumber>
<StreetAddress><![CDATA[1301 E MAIN ST]]></StreetAddress>
<StreetAddress2/>
<CountryName>United States</CountryName>
<StateName>Tennessee</StateName>
<StateCode>TN</StateCode>
<CONGRESSDISTRICT>04</CONGRESSDISTRICT>
<CONGRESS_DISTRICT_ORG>TN04</CONGRESS_DISTRICT_ORG>
<ORG_UEI_NUM>VMWUDBTMF4C9</ORG_UEI_NUM>
<ORG_LGL_BUS_NAME>MIDDLE TENNESSEE STATE UNIVERSITY</ORG_LGL_BUS_NAME>
<ORG_PRNT_UEI_NUM/>
</Institution>
<Performance_Institution>
<Name><![CDATA[Middle Tennessee State University]]></Name>
<CityName>MURFREESBORO</CityName>
<StateCode>TN</StateCode>
<ZipCode>371320002</ZipCode>
<StreetAddress><![CDATA[1301 E MAIN ST]]></StreetAddress>
<CountryCode>US</CountryCode>
<CountryName>United States</CountryName>
<StateName>Tennessee</StateName>
<CountryFlag>1</CountryFlag>
<CONGRESSDISTRICT>04</CONGRESSDISTRICT>
<CONGRESS_DISTRICT_PERF>TN04</CONGRESS_DISTRICT_PERF>
</Performance_Institution>
<ProgramElement>
<Code>798000</Code>
<Text>ECR-EDU Core Research</Text>
</ProgramElement>
<ProgramReference>
<Code>8816</Code>
<Text>Workforce Development</Text>
</ProgramReference>
<ProgramReference>
<Code>8817</Code>
<Text>STEM Learning &amp; Learning Environments</Text>
</ProgramReference>
<Appropriation>
<Code/>
<Name/>
<APP_SYMB_ID/>
</Appropriation>
<Fund>
<Code>04002324DB</Code>
<Name><![CDATA[NSF STEM Education]]></Name>
<FUND_SYMB_ID>040106</FUND_SYMB_ID>
</Fund>
<FUND_OBLG>2023~272956</FUND_OBLG>
</Award>
</rootTag>
