<?xml version="1.0" encoding="UTF-8"?>
<rootTag>
<Award>
<AwardTitle><![CDATA[Making the Building Blocks of Early Math Scalable, Accessible, and Viable for All Young Children and Their Teachers]]></AwardTitle>
<AGENCY>NSF</AGENCY>
<AwardEffectiveDate>09/01/2023</AwardEffectiveDate>
<AwardExpirationDate>08/31/2027</AwardExpirationDate>
<AwardTotalIntnAmount>2727589.00</AwardTotalIntnAmount>
<AwardAmount>2284098</AwardAmount>
<AwardInstrument>
<Value>Continuing Grant</Value>
</AwardInstrument>
<Organization>
<Code>11090000</Code>
<Directorate>
<Abbreviation>EDU</Abbreviation>
<LongName>Directorate for STEM Education</LongName>
</Directorate>
<Division>
<Abbreviation>DRL</Abbreviation>
<LongName>Division Of Research On Learning</LongName>
</Division>
</Organization>
<ProgramOfficer>
<SignBlockName>Jennifer Noll</SignBlockName>
<PO_EMAI>jnoll@nsf.gov</PO_EMAI>
<PO_PHON>7032928117</PO_PHON>
</ProgramOfficer>
<AbstractNarration>This project will build an interactive and integrated curricular and professional development technological system: the Building Blocks Toolset.  The BBToolset is designed to benefit all early childhood educators and their students. Young children will learn from engaging, effective digital educational games and face-to-face activities. Teachers will receive just-in-time professional development related to their students' development and guidance on curricular choices and culturally sensitive pedagogical strategies. The app builds on the research teams' prior work on the mathematical learning trajectories of young children. Learning trajectories are grounded in research on children's cognition and contain three interrelated components: a learning goal, a developmental progression of levels of thinking, and instructional activities that correlate to each level. Research-based curricular resources and professional development are not always available to underserved communities, and the pandemic has only exacerbated inequities based on income and race. Thus, all phases of research and development of the BBToolset will be conducted collaboratively with diverse communities. The project team will ensure equitable materials and access in three ways. First, the resources embedded in the learning trajectories activities will include extensive guides and just-in-time tips to promote culturally responsive enactment of digital and face-to-face activities. Second, teaching approaches and strategies will be included that are known to promote engagement, learning, and identification for specific marginalized populations, including support for multilingual learners. Third, all components are designed to be accessible using Universal Design for Learning and incorporating adaptations for children with disabilities.&lt;br/&gt;&lt;br/&gt;The research team will use the curriculum research framework from prior work for the development and both formative and summative evaluation of the BBToolset, paying particular attention to how much its use increases engagement and learning for children and teachers. The work will also ensure that all children, primarily from underserved populations, benefit fully. In formative phases, the research and development will include focus groups, surveys, and system data involving teachers and children. Analyses of detailed data from thousands of participants will guide the ongoing refinement of the BBToolset system and the formative assessment components of learning trajectories. The developmental progressions will be assessed and refined, as will the instructional activities (including digital educational games). In summative phases, the project will utilize an experimental research design within classrooms and across the entire project populations. Data will be analyzed with hierarchical linear modeling to evaluate the efficacy and effectiveness of the intervention. The project will provide teachers with a validated resource that does not require substantial initial or additional work. The empirical work also will validate formative assessment as a powerful element of the instructional process and provide researchers with extensive data and a tool they could use to collect new data. Thus, the project will contribute to advancing knowledge in cognition, curriculum, and the scale-up of educational innovations through technology. The Discovery Research preK-12 program (DRK-12) seeks to significantly enhance the learning and teaching of science, technology, engineering and mathematics (STEM) by preK-12 students and teachers, through research and development of innovative resources, models and tools. Projects in the DRK-12 program build on fundamental research in STEM education and prior research and development efforts that provide theoretical and empirical justification for proposed projects.&lt;br/&gt;&lt;br/&gt;This award reflects NSF's statutory mission and has been deemed worthy of support through evaluation using the Foundation's intellectual merit and broader impacts review criteria.</AbstractNarration>
<MinAmdLetterDate>06/29/2023</MinAmdLetterDate>
<MaxAmdLetterDate>09/11/2024</MaxAmdLetterDate>
<ARRAAmount/>
<TRAN_TYPE>Grant</TRAN_TYPE>
<CFDA_NUM>47.076</CFDA_NUM>
<NSF_PAR_USE_FLAG>1</NSF_PAR_USE_FLAG>
<FUND_AGCY_CODE>4900</FUND_AGCY_CODE>
<AWDG_AGCY_CODE>4900</AWDG_AGCY_CODE>
<AwardID>2300606</AwardID>
<Investigator>
<FirstName>Douglas</FirstName>
<LastName>Clements</LastName>
<PI_MID_INIT>H</PI_MID_INIT>
<PI_SUFX_NAME/>
<PI_FULL_NAME>Douglas H Clements</PI_FULL_NAME>
<EmailAddress><![CDATA[Douglas.Clements@du.edu]]></EmailAddress>
<NSF_ID>000148020</NSF_ID>
<StartDate>06/29/2023</StartDate>
<EndDate/>
<RoleCode>Principal Investigator</RoleCode>
</Investigator>
<Investigator>
<FirstName>Julie</FirstName>
<LastName>Sarama</LastName>
<PI_MID_INIT/>
<PI_SUFX_NAME/>
<PI_FULL_NAME>Julie Sarama</PI_FULL_NAME>
<EmailAddress><![CDATA[Julie.Sarama@du.edu]]></EmailAddress>
<NSF_ID>000157656</NSF_ID>
<StartDate>06/29/2023</StartDate>
<EndDate/>
<RoleCode>Co-Principal Investigator</RoleCode>
</Investigator>
<Institution>
<Name><![CDATA[University of Denver]]></Name>
<CityName>DENVER</CityName>
<ZipCode>802104711</ZipCode>
<PhoneNumber>3038712000</PhoneNumber>
<StreetAddress><![CDATA[2199 S UNIVERSITY BLVD RM 222]]></StreetAddress>
<StreetAddress2/>
<CountryName>United States</CountryName>
<StateName>Colorado</StateName>
<StateCode>CO</StateCode>
<CONGRESSDISTRICT>01</CONGRESSDISTRICT>
<CONGRESS_DISTRICT_ORG>CO01</CONGRESS_DISTRICT_ORG>
<ORG_UEI_NUM>WCUGNQQ8DZU1</ORG_UEI_NUM>
<ORG_LGL_BUS_NAME>UNIVERSITY OF DENVER</ORG_LGL_BUS_NAME>
<ORG_PRNT_UEI_NUM>WCUGNQQ8DZU1</ORG_PRNT_UEI_NUM>
</Institution>
<Performance_Institution>
<Name><![CDATA[University of Denver]]></Name>
<CityName>DENVER</CityName>
<StateCode>CO</StateCode>
<ZipCode>802104711</ZipCode>
<StreetAddress><![CDATA[2199 S UNIVERSITY BLVD]]></StreetAddress>
<CountryCode>US</CountryCode>
<CountryName>United States</CountryName>
<StateName>Colorado</StateName>
<CountryFlag>1</CountryFlag>
<CONGRESSDISTRICT>01</CONGRESSDISTRICT>
<CONGRESS_DISTRICT_PERF>CO01</CONGRESS_DISTRICT_PERF>
</Performance_Institution>
<ProgramElement>
<Code>764500</Code>
<Text>Discovery Research K-12</Text>
</ProgramElement>
<Appropriation>
<Code/>
<Name/>
<APP_SYMB_ID/>
</Appropriation>
<Appropriation>
<Code/>
<Name/>
<APP_SYMB_ID/>
</Appropriation>
<Fund>
<Code>04002324DB</Code>
<Name><![CDATA[NSF STEM Education]]></Name>
<FUND_SYMB_ID>040106</FUND_SYMB_ID>
</Fund>
<Fund>
<Code>04002425DB</Code>
<Name><![CDATA[NSF STEM Education]]></Name>
<FUND_SYMB_ID>040106</FUND_SYMB_ID>
</Fund>
<FUND_OBLG>2023~1719999</FUND_OBLG>
<FUND_OBLG>2024~564099</FUND_OBLG>
</Award>
</rootTag>
