<?xml version="1.0" encoding="UTF-8"?>
<rootTag>
<Award>
<AwardTitle><![CDATA[High school climate education for a resilient future]]></AwardTitle>
<AGENCY>NSF</AGENCY>
<AwardEffectiveDate>09/01/2023</AwardEffectiveDate>
<AwardExpirationDate>08/31/2025</AwardExpirationDate>
<AwardTotalIntnAmount>449885.00</AwardTotalIntnAmount>
<AwardAmount>449885</AwardAmount>
<AwardInstrument>
<Value>Standard Grant</Value>
</AwardInstrument>
<Organization>
<Code>11090000</Code>
<Directorate>
<Abbreviation>EDU</Abbreviation>
<LongName>Directorate for STEM Education</LongName>
</Directorate>
<Division>
<Abbreviation>DRL</Abbreviation>
<LongName>Division Of Research On Learning</LongName>
</Division>
</Organization>
<ProgramOfficer>
<SignBlockName>Robert Russell</SignBlockName>
<PO_EMAI>rlrussel@nsf.gov</PO_EMAI>
<PO_PHON>7032922995</PO_PHON>
</ProgramOfficer>
<AbstractNarration>In California, there is an urgent need for high school standards-aligned materials that support the integration of climate science and strategies for mitigation and adaptation. This exploratory study aims to design, implement, and test climate science and history professional learning materials and experiences for high school teachers. By leveraging existing science and history-social science materials from the Understanding Global Change Project and the California History-Social Science Project (CHSSP), the program will develop curricular planning tools and lessons to help teachers integrate climate literacy into their instructional units. The goal is to provide students with the knowledge to understand and respond to the social and environmental issues associated with the climate crisis. The project team, consisting of scientists, historians, and educators, will work in regions facing droughts, wildfires, rising temperatures, and the related social, economic, and health challenges. This project will co-design the curriculum and professional development (PD), involving 70 high school teachers and a Professional Learning Community, under the supervision of a diverse advisory board, developing materials and planning tools for science and history-social science climate change learning experiences. The project builds upon existing research suggesting that teaching the history of science and using a socio-scientific perspective can engage students in meaningful learning experiences related to local issues. PD workshops will be conducted in school districts serving low-income and traditionally underrepresented students from rural and urban communities in the San Francisco Bay Area. The resulting instructional materials and PD recordings will be made accessible online to teachers nationwide.&lt;br/&gt;&lt;br/&gt;Currently, climate change is often taught as a separate topic within K-12 education, rather than being integrated throughout year-long learning to reflect its interconnectedness with ecosystems and human society. The primary question this study seeks to answer is: How can interdisciplinary science and history climate change PD support teachers in connecting content standards to climate change caused by human activities and the need for societal action, integrating climate change learning throughout the academic year? Building on project co-design with teachers, the study will use assessment and survey tools to determine teacher knowledge and attitudes about the climate crisis, systems thinking, and the nature of science. This work will expand the use of various existing assessment and survey tools to determine teacher knowledge of and attitudes about the climate crisis, systems thinking, and the nature of science. The findings will provide guidance to curriculum designers and professional development providers on how to support teachers in embedding climate change across science and history instruction.&lt;br/&gt;&lt;br/&gt;The Discovery Research preK-12 program (DRK-12) seeks to significantly enhance the learning and teaching of science, technology, engineering and mathematics (STEM) by preK-12 students and teachers, through research and development of innovative resources, models and tools. Projects in the DRK-12 program build on fundamental research in STEM education and prior research and development efforts that provide theoretical and empirical justification for proposed projects.&lt;br/&gt;&lt;br/&gt;This award reflects NSF's statutory mission and has been deemed worthy of support through evaluation using the Foundation's intellectual merit and broader impacts review criteria.</AbstractNarration>
<MinAmdLetterDate>08/18/2023</MinAmdLetterDate>
<MaxAmdLetterDate>08/18/2023</MaxAmdLetterDate>
<ARRAAmount/>
<TRAN_TYPE>Grant</TRAN_TYPE>
<CFDA_NUM>47.076</CFDA_NUM>
<NSF_PAR_USE_FLAG>1</NSF_PAR_USE_FLAG>
<FUND_AGCY_CODE>4900</FUND_AGCY_CODE>
<AWDG_AGCY_CODE>4900</AWDG_AGCY_CODE>
<AwardID>2300555</AwardID>
<Investigator>
<FirstName>Jessica</FirstName>
<LastName>Bean</LastName>
<PI_MID_INIT>R</PI_MID_INIT>
<PI_SUFX_NAME/>
<PI_FULL_NAME>Jessica R Bean</PI_FULL_NAME>
<EmailAddress><![CDATA[jrbean@berkeley.edu]]></EmailAddress>
<NSF_ID>000610209</NSF_ID>
<StartDate>08/18/2023</StartDate>
<EndDate/>
<RoleCode>Principal Investigator</RoleCode>
</Investigator>
<Investigator>
<FirstName>Lisa</FirstName>
<LastName>White</LastName>
<PI_MID_INIT>D</PI_MID_INIT>
<PI_SUFX_NAME/>
<PI_FULL_NAME>Lisa D White</PI_FULL_NAME>
<EmailAddress><![CDATA[ldwhite@berkeley.edu]]></EmailAddress>
<NSF_ID>000681296</NSF_ID>
<StartDate>08/18/2023</StartDate>
<EndDate/>
<RoleCode>Co-Principal Investigator</RoleCode>
</Investigator>
<Institution>
<Name><![CDATA[University of California-Berkeley]]></Name>
<CityName>BERKELEY</CityName>
<ZipCode>947101749</ZipCode>
<PhoneNumber>5106433891</PhoneNumber>
<StreetAddress><![CDATA[1608 4TH ST STE 201]]></StreetAddress>
<StreetAddress2/>
<CountryName>United States</CountryName>
<StateName>California</StateName>
<StateCode>CA</StateCode>
<CONGRESSDISTRICT>12</CONGRESSDISTRICT>
<CONGRESS_DISTRICT_ORG>CA12</CONGRESS_DISTRICT_ORG>
<ORG_UEI_NUM>GS3YEVSS12N6</ORG_UEI_NUM>
<ORG_LGL_BUS_NAME>REGENTS OF THE UNIVERSITY OF CALIFORNIA, THE</ORG_LGL_BUS_NAME>
<ORG_PRNT_UEI_NUM/>
</Institution>
<Performance_Institution>
<Name><![CDATA[University of California-Berkeley]]></Name>
<CityName>BERKELEY</CityName>
<StateCode>CA</StateCode>
<ZipCode>947101749</ZipCode>
<StreetAddress><![CDATA[1608 4TH ST STE 201]]></StreetAddress>
<CountryCode>US</CountryCode>
<CountryName>United States</CountryName>
<StateName>California</StateName>
<CountryFlag>1</CountryFlag>
<CONGRESSDISTRICT>12</CONGRESSDISTRICT>
<CONGRESS_DISTRICT_PERF>CA12</CONGRESS_DISTRICT_PERF>
</Performance_Institution>
<ProgramElement>
<Code>764500</Code>
<Text>Discovery Research K-12</Text>
</ProgramElement>
<ProgramReference>
<Code>8212</Code>
<Text>Broaden Particip STEM Resrch</Text>
</ProgramReference>
<Appropriation>
<Code/>
<Name/>
<APP_SYMB_ID/>
</Appropriation>
<Fund>
<Code>04002324DB</Code>
<Name><![CDATA[NSF STEM Education]]></Name>
<FUND_SYMB_ID>040106</FUND_SYMB_ID>
</Fund>
<FUND_OBLG>2023~449885</FUND_OBLG>
</Award>
</rootTag>
