<?xml version="1.0" encoding="UTF-8"?>
<rootTag>
<Award>
<AwardTitle><![CDATA[Improving Rural Middle Grades Mathematics Instruction through a Statewide Teacher-Researcher Alliance]]></AwardTitle>
<AGENCY>NSF</AGENCY>
<AwardEffectiveDate>09/01/2023</AwardEffectiveDate>
<AwardExpirationDate>08/31/2027</AwardExpirationDate>
<AwardTotalIntnAmount>2743509.00</AwardTotalIntnAmount>
<AwardAmount>1448831</AwardAmount>
<AwardInstrument>
<Value>Continuing Grant</Value>
</AwardInstrument>
<Organization>
<Code>11090000</Code>
<Directorate>
<Abbreviation>EDU</Abbreviation>
<LongName>Directorate for STEM Education</LongName>
</Directorate>
<Division>
<Abbreviation>DRL</Abbreviation>
<LongName>Division Of Research On Learning</LongName>
</Division>
</Organization>
<ProgramOfficer>
<SignBlockName>Eric Knuth</SignBlockName>
<PO_EMAI>eknuth@nsf.gov</PO_EMAI>
<PO_PHON>7032928402</PO_PHON>
</ProgramOfficer>
<AbstractNarration>This project establishes a statewide teacher-researcher alliance of mathematics teachers and teacher-leaders in Idaho, who will work with teacher educators at two universities with expertise in professional development and school-based research. The research focuses on two research-based strategies for improving students’ mathematics achievement. The first, Explicit Attention to Concepts, draws students’ attention specifically to the meaning of mathematical ideas while making connections between different ways to represent the content. The second, Students’ Opportunities to Struggle, helps students make sense of graspable new concepts through supported problem solving with peers, highlighting ways to overcome confusion, stimulate personal sense-making, build perseverance, and promote openness to challenge. The work builds on prior investigations of how the two instructional strategies can be sequenced to promote student learning in middle grades mathematics, and an experimental research design will be used to compare outcomes of two promising professional development models for supporting rural teachers’ adoption and adaptation of instructional strategies for their classrooms.&lt;br/&gt;&lt;br/&gt;The project has five key features for building scientific understanding of effective mathematics instruction in rural settings. First, the project brings together rural teachers to foster authentic community around shared work of improving student learning. Second, professional learning and instructional support for teachers promote adoption and implementation of effective instructional practices in the crucial settings of grades 6-8 mathematics classrooms. Third, the project centers shared responsibility and autonomy through a statewide teacher-researcher alliance structure. Fourth, the project studies two high quality math professional development structures at scale for rural teachers: at-a-distance professional development facilitated by a centralized specialist, and in-person professional development facilitated by a local teacher-leader. Finally, the nested mixed methods research design compares the two professional development approaches across a range of outcomes including teachers’ beliefs and instructional practices, as well as growth in their students’ engagement and learning in mathematics. The experiment includes randomized assignment of middle grades mathematics teachers (N = 90 teachers, 20,000 students) to professional development conditions, with control procedures for sampling, quality of professional development, and cycles of classroom-based instructional improvement. Dissemination will reach local, state, and national teacher education communities, and materials and findings will support future adoption of assets-based, teacher-centered research and development partnerships. The project is supported by the Discovery Research preK-12 program (DRK-12), which seeks to significantly enhance the learning and teaching of science, technology, engineering and mathematics (STEM) by preK-12 students and teachers, through research and development of innovative resources, models and tools. Projects in the DRK-12 program build on fundamental research in STEM education and prior research and development efforts that provide theoretical and empirical justification for proposed projects.&lt;br/&gt;&lt;br/&gt;This award reflects NSF's statutory mission and has been deemed worthy of support through evaluation using the Foundation's intellectual merit and broader impacts review criteria.</AbstractNarration>
<MinAmdLetterDate>05/19/2023</MinAmdLetterDate>
<MaxAmdLetterDate>06/21/2024</MaxAmdLetterDate>
<ARRAAmount/>
<TRAN_TYPE>Grant</TRAN_TYPE>
<CFDA_NUM>47.076</CFDA_NUM>
<NSF_PAR_USE_FLAG>1</NSF_PAR_USE_FLAG>
<FUND_AGCY_CODE>4900</FUND_AGCY_CODE>
<AWDG_AGCY_CODE>4900</AWDG_AGCY_CODE>
<AwardID>2300532</AwardID>
<Investigator>
<FirstName>Michele</FirstName>
<LastName>Carney</LastName>
<PI_MID_INIT>B</PI_MID_INIT>
<PI_SUFX_NAME/>
<PI_FULL_NAME>Michele B Carney</PI_FULL_NAME>
<EmailAddress><![CDATA[michelecarney@boisestate.edu]]></EmailAddress>
<NSF_ID>000681724</NSF_ID>
<StartDate>05/19/2023</StartDate>
<EndDate/>
<RoleCode>Co-Principal Investigator</RoleCode>
</Investigator>
<Investigator>
<FirstName>Joe</FirstName>
<LastName>Champion</LastName>
<PI_MID_INIT/>
<PI_SUFX_NAME/>
<PI_FULL_NAME>Joe Champion</PI_FULL_NAME>
<EmailAddress><![CDATA[joechampion@boisestate.edu]]></EmailAddress>
<NSF_ID>000665081</NSF_ID>
<StartDate>05/19/2023</StartDate>
<EndDate/>
<RoleCode>Principal Investigator</RoleCode>
</Investigator>
<Investigator>
<FirstName>Julie</FirstName>
<LastName>Amador</LastName>
<PI_MID_INIT>M</PI_MID_INIT>
<PI_SUFX_NAME/>
<PI_FULL_NAME>Julie M Amador</PI_FULL_NAME>
<EmailAddress><![CDATA[jamador@uidaho.edu]]></EmailAddress>
<NSF_ID>000624840</NSF_ID>
<StartDate>05/19/2023</StartDate>
<EndDate/>
<RoleCode>Co-Principal Investigator</RoleCode>
</Investigator>
<Investigator>
<FirstName>Ryan</FirstName>
<LastName>Gillespie</LastName>
<PI_MID_INIT/>
<PI_SUFX_NAME/>
<PI_FULL_NAME>Ryan Gillespie</PI_FULL_NAME>
<EmailAddress><![CDATA[rgillespie@uidaho.edu]]></EmailAddress>
<NSF_ID>000900665</NSF_ID>
<StartDate>05/19/2023</StartDate>
<EndDate/>
<RoleCode>Co-Principal Investigator</RoleCode>
</Investigator>
<Investigator>
<FirstName>Michael</FirstName>
<LastName>Jarry-Shore</LastName>
<PI_MID_INIT/>
<PI_SUFX_NAME/>
<PI_FULL_NAME>Michael Jarry-Shore</PI_FULL_NAME>
<EmailAddress><![CDATA[majarrys@ncsu.edu]]></EmailAddress>
<NSF_ID>000866038</NSF_ID>
<StartDate>05/19/2023</StartDate>
<EndDate/>
<RoleCode>Co-Principal Investigator</RoleCode>
</Investigator>
<Institution>
<Name><![CDATA[Boise State University]]></Name>
<CityName>BOISE</CityName>
<ZipCode>837250001</ZipCode>
<PhoneNumber>2084261574</PhoneNumber>
<StreetAddress><![CDATA[1910 UNIVERSITY DR]]></StreetAddress>
<StreetAddress2/>
<CountryName>United States</CountryName>
<StateName>Idaho</StateName>
<StateCode>ID</StateCode>
<CONGRESSDISTRICT>02</CONGRESSDISTRICT>
<CONGRESS_DISTRICT_ORG>ID02</CONGRESS_DISTRICT_ORG>
<ORG_UEI_NUM>HYWTVM5HNFM3</ORG_UEI_NUM>
<ORG_LGL_BUS_NAME>BOISE STATE UNIVERSITY</ORG_LGL_BUS_NAME>
<ORG_PRNT_UEI_NUM>HYWTVM5HNFM3</ORG_PRNT_UEI_NUM>
</Institution>
<Performance_Institution>
<Name><![CDATA[Boise State University]]></Name>
<CityName>BOISE</CityName>
<StateCode>ID</StateCode>
<ZipCode>837250001</ZipCode>
<StreetAddress><![CDATA[1910 UNIVERSITY DR]]></StreetAddress>
<CountryCode>US</CountryCode>
<CountryName>United States</CountryName>
<StateName>Idaho</StateName>
<CountryFlag>1</CountryFlag>
<CONGRESSDISTRICT>02</CONGRESSDISTRICT>
<CONGRESS_DISTRICT_PERF>ID02</CONGRESS_DISTRICT_PERF>
</Performance_Institution>
<ProgramElement>
<Code>764500</Code>
<Text>Discovery Research K-12</Text>
</ProgramElement>
<ProgramReference>
<Code>8212</Code>
<Text>Broaden Particip STEM Resrch</Text>
</ProgramReference>
<ProgramReference>
<Code>8817</Code>
<Text>STEM Learning &amp; Learning Environments</Text>
</ProgramReference>
<Appropriation>
<Code/>
<Name/>
<APP_SYMB_ID/>
</Appropriation>
<Fund>
<Code>04002324DB</Code>
<Name><![CDATA[NSF STEM Education]]></Name>
<FUND_SYMB_ID>040106</FUND_SYMB_ID>
</Fund>
<FUND_OBLG>2023~1448831</FUND_OBLG>
</Award>
</rootTag>
