<?xml version="1.0" encoding="UTF-8"?>
<rootTag>
<Award>
<AwardTitle><![CDATA[Topology in many-body quantum systems in and out of equilibrium]]></AwardTitle>
<AGENCY>NSF</AGENCY>
<AwardEffectiveDate>01/01/2024</AwardEffectiveDate>
<AwardExpirationDate>12/31/2026</AwardExpirationDate>
<AwardTotalIntnAmount>381000.00</AwardTotalIntnAmount>
<AwardAmount>254000</AwardAmount>
<AwardInstrument>
<Value>Continuing Grant</Value>
</AwardInstrument>
<Organization>
<Code>03070000</Code>
<Directorate>
<Abbreviation>MPS</Abbreviation>
<LongName>Direct For Mathematical &amp; Physical Scien</LongName>
</Directorate>
<Division>
<Abbreviation>DMR</Abbreviation>
<LongName>Division Of Materials Research</LongName>
</Division>
</Organization>
<ProgramOfficer>
<SignBlockName>Daryl Hess</SignBlockName>
<PO_EMAI>dhess@nsf.gov</PO_EMAI>
<PO_PHON>7032924942</PO_PHON>
</ProgramOfficer>
<AbstractNarration>NON-TECHNICAL SUMMARY:&lt;br/&gt;&lt;br/&gt;This award supports theoretical and computational research and education to investigate the behavior of quantum systems with many particles, such as electrons in a crystalline solid.  The large number of electrons and their inherent quantum mechanical nature can act in concert leading to new states of matter.  Among these are superconductors, which can conduct electricity with zero resistance, and the quantum Hall states, in which a strong magnetic field causes electrons confined to two dimensions to execute tight circular orbits, thereby forcing net electrical current flow to thei edges of the system.  The goal of the PI’s work is to combine tools from theoretical condensed matter and quantum information theory to gain an understanding of these states of quantum matter. &lt;br/&gt;&lt;br/&gt;In the last few years, quantum computing has motivated significant progress in condensed matter theory.  Quantum computing deals with systems that contain many quantum bits, providing a new perspective on the physics of systems of many quantum mechanical particles that is complementary to the traditional one.  The PI will combine new quantum computing inspired methods with standard condensed matter techniques to gain a better understanding of the landscape of condensed matter phases.  One particular benefit of this program is that some of the exotic condensed matter phases studied by the PI may in turn have applications to the design of new quantum computing platforms.&lt;br/&gt;&lt;br/&gt;Under this award, the PI will support and mentor graduate students throughout their progress to a PhD.  The PI will help educate the students in the relevant areas of condensed matter physics, and help them develop proper written and oral communication skills to facilitate the dissemination of their research.&lt;br/&gt;&lt;br/&gt;TECHNICAL SUMMARY:&lt;br/&gt;&lt;br/&gt; This award supports theoretical and computational research and education to classify topological quantum phases of matter, including those that are out of equilibrium and those protected by additional symmetries.  The PI will combine ideas from condensed matter physics, quantum field theory, and quantum information theory to gain an understanding of these quantum many-body systems.  Specifically, the PI will connect the topological features of quantum field theories, such as topological terms in continuum effective actions, to topological invariants that can in principle be directly extracted from a lattice Hamiltonian, such as braiding statistics of anyon or defect excitations.  Because a lattice quantum many-body system is essentially a many-qubit system, it is natural that ideas from quantum information theory will naturally be involved in this work.  One quantum information idea is that of a non-trivial quantum cellular automaton, which is a generalization of a shallow-depth circuit of local unitaries.  The PI will explore the utility of using such quantum cellular automatons to disentangle exotic, “beyond-cohomology,” symmetry protected topological phases of matter.&lt;br/&gt;&lt;br/&gt;An additional tool that the PI plans to use is that of the conformal bootstrap.  This is a numerical technique that constrains the possible conformal field theories that can exist, by putting bounds on their spectra of dimensions of local operators.  Building on preliminary work, the PI's team will research how to constrain the conformal field theories that can exist at the boundaries of topological phases, by incorporating the corresponding 't Hooft anomalies into the conformal bootstrap.  More generally, the aim of the PI will be to determine how to incorporate information about the non-local operators that appear in topological field-theories into the conformal bootstrap.  Furthermore, the PI will also explore topological effects in non-equilibrium settings, such as the recently introduced measurement-induced entanglement transition.  Preliminary work by the PI's team has uncovered, for a certain simple instance of this transition, a dual statistical-mechanics model which exhibits a topological phase transition.  The PI plans to explore more general versions of this duality.&lt;br/&gt;&lt;br/&gt;Under this award, the PI will support and mentor graduate students throughout their progress to a PhD.  The PI will help educate the students in the relevant areas of condensed matter physics and help them develop proper written and oral communication skills to facilitate the dissemination of their research.&lt;br/&gt;&lt;br/&gt;This award reflects NSF's statutory mission and has been deemed worthy of support through evaluation using the Foundation's intellectual merit and broader impacts review criteria.</AbstractNarration>
<MinAmdLetterDate>11/14/2023</MinAmdLetterDate>
<MaxAmdLetterDate>11/14/2023</MaxAmdLetterDate>
<ARRAAmount/>
<TRAN_TYPE>Grant</TRAN_TYPE>
<CFDA_NUM>47.049</CFDA_NUM>
<NSF_PAR_USE_FLAG>1</NSF_PAR_USE_FLAG>
<FUND_AGCY_CODE>4900</FUND_AGCY_CODE>
<AWDG_AGCY_CODE>4900</AWDG_AGCY_CODE>
<AwardID>2300172</AwardID>
<Investigator>
<FirstName>Lukasz</FirstName>
<LastName>Fidkowski</LastName>
<PI_MID_INIT/>
<PI_SUFX_NAME/>
<PI_FULL_NAME>Lukasz Fidkowski</PI_FULL_NAME>
<EmailAddress><![CDATA[lukaszf@uw.edu]]></EmailAddress>
<NSF_ID>000640267</NSF_ID>
<StartDate>11/14/2023</StartDate>
<EndDate/>
<RoleCode>Principal Investigator</RoleCode>
</Investigator>
<Institution>
<Name><![CDATA[University of Washington]]></Name>
<CityName>SEATTLE</CityName>
<ZipCode>981951016</ZipCode>
<PhoneNumber>2065434043</PhoneNumber>
<StreetAddress><![CDATA[4333 BROOKLYN AVE NE]]></StreetAddress>
<StreetAddress2/>
<CountryName>United States</CountryName>
<StateName>Washington</StateName>
<StateCode>WA</StateCode>
<CONGRESSDISTRICT>07</CONGRESSDISTRICT>
<CONGRESS_DISTRICT_ORG>WA07</CONGRESS_DISTRICT_ORG>
<ORG_UEI_NUM>HD1WMN6945W6</ORG_UEI_NUM>
<ORG_LGL_BUS_NAME>UNIVERSITY OF WASHINGTON</ORG_LGL_BUS_NAME>
<ORG_PRNT_UEI_NUM/>
</Institution>
<Performance_Institution>
<Name><![CDATA[University of Washington]]></Name>
<CityName>Seattle</CityName>
<StateCode>WA</StateCode>
<ZipCode>981051016</ZipCode>
<StreetAddress><![CDATA[4333 Brooklyn Ave NE]]></StreetAddress>
<CountryCode>US</CountryCode>
<CountryName>United States</CountryName>
<StateName>Washington</StateName>
<CountryFlag>1</CountryFlag>
<CONGRESSDISTRICT>07</CONGRESSDISTRICT>
<CONGRESS_DISTRICT_PERF>WA07</CONGRESS_DISTRICT_PERF>
</Performance_Institution>
<ProgramElement>
<Code>176500</Code>
<Text>CONDENSED MATTER &amp; MAT THEORY</Text>
</ProgramElement>
<ProgramReference>
<Code>7203</Code>
<Text>QUANTUM INFORMATION SCIENCE</Text>
</ProgramReference>
<Appropriation>
<Code/>
<Name/>
<APP_SYMB_ID/>
</Appropriation>
<Fund>
<Code>01002425DB</Code>
<Name><![CDATA[NSF RESEARCH & RELATED ACTIVIT]]></Name>
<FUND_SYMB_ID>040100</FUND_SYMB_ID>
</Fund>
<FUND_OBLG>2024~254000</FUND_OBLG>
</Award>
</rootTag>
