<?xml version="1.0" encoding="UTF-8"?>
<rootTag>
<Award>
<AwardTitle><![CDATA[Collaborative Research: Engaging Blind and Visually Impaired Youth in Computer Science through Music Programming]]></AwardTitle>
<AGENCY>NSF</AGENCY>
<AwardEffectiveDate>06/01/2023</AwardEffectiveDate>
<AwardExpirationDate>05/31/2026</AwardExpirationDate>
<AwardTotalIntnAmount>2124522.00</AwardTotalIntnAmount>
<AwardAmount>2124522</AwardAmount>
<AwardInstrument>
<Value>Standard Grant</Value>
</AwardInstrument>
<Organization>
<Code>11090000</Code>
<Directorate>
<Abbreviation>EDU</Abbreviation>
<LongName>Directorate for STEM Education</LongName>
</Directorate>
<Division>
<Abbreviation>DRL</Abbreviation>
<LongName>Division Of Research On Learning</LongName>
</Division>
</Organization>
<ProgramOfficer>
<SignBlockName>Amy Wilson-Lopez</SignBlockName>
<PO_EMAI>awilsonl@nsf.gov</PO_EMAI>
<PO_PHON>7032922606</PO_PHON>
</ProgramOfficer>
<AbstractNarration>Many digital platforms for learning computer science have been designed for sighted people, resulting in a limited number of accessible opportunities for blind and visually impaired youth to learn computer science. This project will address this opportunity gap when blind and visually impaired youth, their caregivers, their educators, and software developers iteratively co-design and evaluate a digital learning environment that teaches computer science through music programming. In this learning environment, youth (ages 12-17) will write code to compose music and to remix music samples from popular contemporary artists. Specifically, this project will result in a more accessible version of EarSketch, a widely-used online platform for learning to code through music programming. This project will also result in associated professional learning and teaching materials for educators of blind and visually impaired youth. Research will explore whether and how the digital learning environment results in numerous positive outcomes among the youth who use it. Ultimately, this project is likely to address the underrepresentation of blind and visually impaired people in computing fields through resulting in an accessible, engaging, freely-available, widely-disseminated platform for learning to code through auditory mediums.&lt;br/&gt;&lt;br/&gt;Blind and visually impaired youth, their families, educators, educational researchers, software developers, and music programmers will be involved in the iterative co-design and evaluation of an accessible digital learning environment that teaches coding through music programming. Participatory design studies will explore the elements of the digital learning environment that afford music programming and computing education for learners who are blind or visually impaired. These design studies will entail thematic analyses of interviews, focus groups, and concurrent protocols with educators at schools for the blind, blind or visually impaired youth in middle or high schools, and their caregivers. Observation studies of blind or visually impaired software developers and music programmers will provide further information about elements of accessible coding platforms. Additionally, mixed methods research will explore whether and how the digital learning environment fostered content knowledge gain, interest development, feelings of belonging, and intent to persist in computer science among middle and high school students who are blind or visually impaired. Analyses of validated pre- and post-surveys, as well as student interaction logs and interviews, will provide information relative to whether and how the learning environment fostered positive outcomes in these domains. The no-cost, field-tested, empirically based learning environment will be widely disseminated through numerous professional networks for researchers and practitioners. Additionally, teachers from schools for the blind across the country will have opportunities to participate in professional learning sessions on how to use the learning environment and its associated curricular materials. &lt;br/&gt;&lt;br/&gt;This project is funded by the Discovery Research preK-12 (DRK-12) program, which seeks to significantly enhance the learning and teaching of science, technology, engineering and mathematics (STEM) by preK-12 students and teachers, through research and development of innovative resources, models and tools. Projects in the DRK-12 program build on fundamental research in STEM education and prior research and development efforts that provide theoretical and empirical justification for proposed projects.&lt;br/&gt;&lt;br/&gt;This project is co-funded by the Innovative Technology Experiences for Students and Teachers (ITEST) program, which supports projects that build understandings of practices, program elements, contexts and processes contributing to increasing students' knowledge and interest in science, technology, engineering, and mathematics (STEM) and information and communication technology (ICT) careers.&lt;br/&gt;&lt;br/&gt;This project is co-funded by the CS for All: Research and RPPs program. This program aims to provide all U.S. students with meaningful opportunities to participate in computer science education in their schools at the Prek-12 levels. Computer science, in this program, includes use of computational tools, but also the broad range of understandings, competencies, and skills needed to apply computation in our digital world. These are often referred to as computational literacy.&lt;br/&gt;&lt;br/&gt;This award reflects NSF's statutory mission and has been deemed worthy of support through evaluation using the Foundation's intellectual merit and broader impacts review criteria.</AbstractNarration>
<MinAmdLetterDate>05/18/2023</MinAmdLetterDate>
<MaxAmdLetterDate>05/18/2023</MaxAmdLetterDate>
<ARRAAmount/>
<TRAN_TYPE>Grant</TRAN_TYPE>
<CFDA_NUM>47.076</CFDA_NUM>
<NSF_PAR_USE_FLAG>1</NSF_PAR_USE_FLAG>
<FUND_AGCY_CODE>4900</FUND_AGCY_CODE>
<AWDG_AGCY_CODE>4900</AWDG_AGCY_CODE>
<AwardID>2300631</AwardID>
<Investigator>
<FirstName>Jason</FirstName>
<LastName>Freeman</LastName>
<PI_MID_INIT>A</PI_MID_INIT>
<PI_SUFX_NAME/>
<PI_FULL_NAME>Jason A Freeman</PI_FULL_NAME>
<EmailAddress><![CDATA[jason.freeman@gatech.edu]]></EmailAddress>
<NSF_ID>000513125</NSF_ID>
<StartDate>05/18/2023</StartDate>
<EndDate/>
<RoleCode>Co-Principal Investigator</RoleCode>
</Investigator>
<Investigator>
<FirstName>Brian</FirstName>
<LastName>Magerko</LastName>
<PI_MID_INIT>S</PI_MID_INIT>
<PI_SUFX_NAME/>
<PI_FULL_NAME>Brian S Magerko</PI_FULL_NAME>
<EmailAddress><![CDATA[magerko@gatech.edu]]></EmailAddress>
<NSF_ID>000077563</NSF_ID>
<StartDate>05/18/2023</StartDate>
<EndDate/>
<RoleCode>Principal Investigator</RoleCode>
</Investigator>
<Investigator>
<FirstName>Stephen</FirstName>
<LastName>Garrett</LastName>
<PI_MID_INIT>W</PI_MID_INIT>
<PI_SUFX_NAME>Jr</PI_SUFX_NAME>
<PI_FULL_NAME>Stephen W Garrett</PI_FULL_NAME>
<EmailAddress><![CDATA[garrett@gatech.edu]]></EmailAddress>
<NSF_ID>000847459</NSF_ID>
<StartDate>05/18/2023</StartDate>
<EndDate/>
<RoleCode>Co-Principal Investigator</RoleCode>
</Investigator>
<Institution>
<Name><![CDATA[Georgia Tech Research Corporation]]></Name>
<CityName>ATLANTA</CityName>
<ZipCode>303186395</ZipCode>
<PhoneNumber>4048944819</PhoneNumber>
<StreetAddress><![CDATA[926 DALNEY ST NW]]></StreetAddress>
<StreetAddress2/>
<CountryName>United States</CountryName>
<StateName>Georgia</StateName>
<StateCode>GA</StateCode>
<CONGRESSDISTRICT>05</CONGRESSDISTRICT>
<CONGRESS_DISTRICT_ORG>GA05</CONGRESS_DISTRICT_ORG>
<ORG_UEI_NUM>EMW9FC8J3HN4</ORG_UEI_NUM>
<ORG_LGL_BUS_NAME>GEORGIA TECH RESEARCH CORP</ORG_LGL_BUS_NAME>
<ORG_PRNT_UEI_NUM>EMW9FC8J3HN4</ORG_PRNT_UEI_NUM>
</Institution>
<Performance_Institution>
<Name><![CDATA[Georgia Institute of Technology]]></Name>
<CityName>ATLANTA</CityName>
<StateCode>GA</StateCode>
<ZipCode>303320002</ZipCode>
<StreetAddress><![CDATA[225 North Avenue, NW]]></StreetAddress>
<CountryCode>US</CountryCode>
<CountryName>United States</CountryName>
<StateName>Georgia</StateName>
<CountryFlag>1</CountryFlag>
<CONGRESSDISTRICT>05</CONGRESSDISTRICT>
<CONGRESS_DISTRICT_PERF>GA05</CONGRESS_DISTRICT_PERF>
</Performance_Institution>
<ProgramElement>
<Code>134Y00</Code>
<Text>CSforAll-Computer Sci for All</Text>
</ProgramElement>
<ProgramElement>
<Code>722700</Code>
<Text>ITEST-Inov Tech Exp Stu &amp; Teac</Text>
</ProgramElement>
<ProgramElement>
<Code>764500</Code>
<Text>Discovery Research K-12</Text>
</ProgramElement>
<ProgramReference>
<Code>023Z</Code>
<Text>Computer Science for All (CS for All)</Text>
</ProgramReference>
<ProgramReference>
<Code>8212</Code>
<Text>Broaden Particip STEM Resrch</Text>
</ProgramReference>
<ProgramReference>
<Code>8817</Code>
<Text>STEM Learning &amp; Learning Environments</Text>
</ProgramReference>
<Appropriation>
<Code/>
<Name/>
<APP_SYMB_ID/>
</Appropriation>
<Appropriation>
<Code/>
<Name/>
<APP_SYMB_ID/>
</Appropriation>
<Fund>
<Code>1300PYXXDB</Code>
<Name><![CDATA[H-1B FUND, EDU, NSF]]></Name>
<FUND_SYMB_ID>045176</FUND_SYMB_ID>
</Fund>
<Fund>
<Code>04002324DB</Code>
<Name><![CDATA[NSF STEM Education]]></Name>
<FUND_SYMB_ID>040106</FUND_SYMB_ID>
</Fund>
<FUND_OBLG>2023~2124522</FUND_OBLG>
</Award>
</rootTag>
