<?xml version="1.0" encoding="UTF-8"?>
<rootTag>
<Award>
<AwardTitle><![CDATA[Collaborative Research: RUI: Patterned Doping of Layered Materials]]></AwardTitle>
<AGENCY>NSF</AGENCY>
<AwardEffectiveDate>08/01/2023</AwardEffectiveDate>
<AwardExpirationDate>07/31/2026</AwardExpirationDate>
<AwardTotalIntnAmount>244822.00</AwardTotalIntnAmount>
<AwardAmount>244822</AwardAmount>
<AwardInstrument>
<Value>Continuing Grant</Value>
</AwardInstrument>
<Organization>
<Code>03070000</Code>
<Directorate>
<Abbreviation>MPS</Abbreviation>
<LongName>Direct For Mathematical &amp; Physical Scien</LongName>
</Directorate>
<Division>
<Abbreviation>DMR</Abbreviation>
<LongName>Division Of Materials Research</LongName>
</Division>
</Organization>
<ProgramOfficer>
<SignBlockName>Elizabeth Mann</SignBlockName>
<PO_EMAI>elmann@nsf.gov</PO_EMAI>
<PO_PHON>7032922655</PO_PHON>
</ProgramOfficer>
<AbstractNarration>Non-Technical Abstract: &lt;br/&gt;The research team has developed a method to incorporate impurities into layered materials, such as graphite, on the micrometer and nanometer scale. These impurities modify the physical, electronic, and optical properties of the layered materials. These properties have applications in solar cells, light emitting diodes (LEDs), and quantum computers to name a few. The ability to control impurities at the nanometer scale enables scientists and engineers to reduce the size of current devices, and possibly even discover new applications. The goal of this research is to use a multidisciplinary approach to obtain a more complete understanding of these samples. The University of Northern Iowa leads the fabrication efforts of impurity samples as well as characterization of their physical and electronic properties. Optical properties will be characterized at Texas Tech University. This research involves undergraduate students trained on a wide variety of techniques and technologies. Such an environment results in well-rounded students ready for careers in either industry or academia. As a leader in K-12 education, the University of Northern Iowa provides an excellent opportunity for this project to have a positive impact on elementary, middle, and high school students from diverse backgrounds. Regular contact with high school science teachers allows faculty research activities and student opportunities to be showcased directly. Such efforts encourage students to explore careers in STEM (science, technology, engineering, and mathematics) fields. &lt;br/&gt;&lt;br/&gt;Technical Abstract: &lt;br/&gt;Layered crystals exhibit a rich variety of phases such as magnetism, spin-glass behavior, superconductivity, and charge density waves. These phases can occur naturally in pure systems or be induced, disrupted, or modified via doping. Intercalation is a form of doping, in which atoms or molecules are inserted between the molecular layers. The research team has discovered a new method to locally intercalate layered crystals using a focused high energy electron beam. The goal of this research is to explore the ability to control phases in layered crystals on the micrometer and nanometer scale. The ability to create localized phase changes permits an exploration of a range of boundary conditions between different electronic or magnetic phases, as well as tunneling between them. This technique can be used in finite layer systems to reduce interlayer coupling and perhaps create new opportunities for entirely new two-dimensional behaviors.The collaborative effort between the University of Northern Iowa and Texas Tech University has the combined capabilities of atomic force microscopy, scanning tunneling microscopy, and Raman spectroscopy to characterize the local physical, electrical, and optical properties of these materials. The PIs work with a diverse group of research assistants and attract undergraduates from a variety of backgrounds and majors. An additional benefit of this collaborative work is the opportunity for undergraduate students from Iowa to work with graduate students from Texas Tech University. Lubbock, TX, has a very different culture and population than Cedar Falls, IA, which will benefit all students in learning to work with individuals from diverse backgrounds as is necessary in modern research.&lt;br/&gt;&lt;br/&gt;This award reflects NSF's statutory mission and has been deemed worthy of support through evaluation using the Foundation's intellectual merit and broader impacts review criteria.</AbstractNarration>
<MinAmdLetterDate>07/24/2023</MinAmdLetterDate>
<MaxAmdLetterDate>09/10/2024</MaxAmdLetterDate>
<ARRAAmount/>
<TRAN_TYPE>Grant</TRAN_TYPE>
<CFDA_NUM>47.049</CFDA_NUM>
<NSF_PAR_USE_FLAG>1</NSF_PAR_USE_FLAG>
<FUND_AGCY_CODE>4900</FUND_AGCY_CODE>
<AWDG_AGCY_CODE>4900</AWDG_AGCY_CODE>
<AwardID>2300639</AwardID>
<Investigator>
<FirstName>Paul</FirstName>
<LastName>Shand</LastName>
<PI_MID_INIT>M</PI_MID_INIT>
<PI_SUFX_NAME/>
<PI_FULL_NAME>Paul M Shand</PI_FULL_NAME>
<EmailAddress><![CDATA[paul.shand@uni.edu]]></EmailAddress>
<NSF_ID>000288971</NSF_ID>
<StartDate>07/30/2024</StartDate>
<EndDate/>
<RoleCode>Co-Principal Investigator</RoleCode>
</Investigator>
<Investigator>
<FirstName>Timothy</FirstName>
<LastName>Kidd</LastName>
<PI_MID_INIT>E</PI_MID_INIT>
<PI_SUFX_NAME/>
<PI_FULL_NAME>Timothy E Kidd</PI_FULL_NAME>
<EmailAddress><![CDATA[mrtim2@gmail.com]]></EmailAddress>
<NSF_ID>000444943</NSF_ID>
<StartDate>07/24/2023</StartDate>
<EndDate>07/30/2024</EndDate>
<RoleCode>Former Co-Principal Investigator</RoleCode>
</Investigator>
<Investigator>
<FirstName>Andrew</FirstName>
<LastName>Stollenwerk</LastName>
<PI_MID_INIT>J</PI_MID_INIT>
<PI_SUFX_NAME/>
<PI_FULL_NAME>Andrew J Stollenwerk</PI_FULL_NAME>
<EmailAddress><![CDATA[Andrew.Stollenwerk@uni.edu]]></EmailAddress>
<NSF_ID>000545088</NSF_ID>
<StartDate>07/24/2023</StartDate>
<EndDate/>
<RoleCode>Principal Investigator</RoleCode>
</Investigator>
<Institution>
<Name><![CDATA[University of Northern Iowa]]></Name>
<CityName>CEDAR FALLS</CityName>
<ZipCode>506140012</ZipCode>
<PhoneNumber>3192733217</PhoneNumber>
<StreetAddress><![CDATA[1227 W 27TH ST]]></StreetAddress>
<StreetAddress2/>
<CountryName>United States</CountryName>
<StateName>Iowa</StateName>
<StateCode>IA</StateCode>
<CONGRESSDISTRICT>02</CONGRESSDISTRICT>
<CONGRESS_DISTRICT_ORG>IA02</CONGRESS_DISTRICT_ORG>
<ORG_UEI_NUM>PLZ1BS2RC597</ORG_UEI_NUM>
<ORG_LGL_BUS_NAME>UNIVERSITY OF NORTHERN IOWA</ORG_LGL_BUS_NAME>
<ORG_PRNT_UEI_NUM>FRALVAFNF2H9</ORG_PRNT_UEI_NUM>
</Institution>
<Performance_Institution>
<Name><![CDATA[University of Northern Iowa]]></Name>
<CityName>CEDAR FALLS</CityName>
<StateCode>IA</StateCode>
<ZipCode>506140001</ZipCode>
<StreetAddress><![CDATA[122 LANG HALL]]></StreetAddress>
<CountryCode>US</CountryCode>
<CountryName>United States</CountryName>
<StateName>Iowa</StateName>
<CountryFlag>1</CountryFlag>
<CONGRESSDISTRICT>02</CONGRESSDISTRICT>
<CONGRESS_DISTRICT_PERF>IA02</CONGRESS_DISTRICT_PERF>
</Performance_Institution>
<ProgramElement>
<Code>125300</Code>
<Text>OFFICE OF MULTIDISCIPLINARY AC</Text>
</ProgramElement>
<ProgramElement>
<Code>171000</Code>
<Text>CONDENSED MATTER PHYSICS</Text>
</ProgramElement>
<ProgramReference>
<Code>7203</Code>
<Text>QUANTUM INFORMATION SCIENCE</Text>
</ProgramReference>
<ProgramReference>
<Code>7237</Code>
<Text>NANO NON-SOLIC SCI &amp; ENG AWD</Text>
</ProgramReference>
<ProgramReference>
<Code>8614</Code>
<Text>Nanomaterials</Text>
</ProgramReference>
<ProgramReference>
<Code>9150</Code>
<Text>EXP PROG TO STIM COMP RES</Text>
</ProgramReference>
<ProgramReference>
<Code>9229</Code>
<Text>RES IN UNDERGRAD INST-RESEARCH</Text>
</ProgramReference>
<Appropriation>
<Code/>
<Name/>
<APP_SYMB_ID/>
</Appropriation>
<Appropriation>
<Code/>
<Name/>
<APP_SYMB_ID/>
</Appropriation>
<Fund>
<Code>01002324DB</Code>
<Name><![CDATA[NSF RESEARCH & RELATED ACTIVIT]]></Name>
<FUND_SYMB_ID>040100</FUND_SYMB_ID>
</Fund>
<Fund>
<Code>01002425DB</Code>
<Name><![CDATA[NSF RESEARCH & RELATED ACTIVIT]]></Name>
<FUND_SYMB_ID>040100</FUND_SYMB_ID>
</Fund>
<FUND_OBLG>2023~165016</FUND_OBLG>
<FUND_OBLG>2024~79806</FUND_OBLG>
</Award>
</rootTag>
