<?xml version="1.0" encoding="UTF-8"?>
<rootTag>
<Award>
<AwardTitle><![CDATA[Research Initiation Award: Uncovering and Extracting Biological Information from Nanopore Long-read Sequencing Data with Machine Learning and Mathematical Approaches]]></AwardTitle>
<AGENCY>NSF</AGENCY>
<AwardEffectiveDate>08/01/2023</AwardEffectiveDate>
<AwardExpirationDate>07/31/2026</AwardExpirationDate>
<AwardTotalIntnAmount>299882.00</AwardTotalIntnAmount>
<AwardAmount>299882</AwardAmount>
<AwardInstrument>
<Value>Standard Grant</Value>
</AwardInstrument>
<Organization>
<Code>11060000</Code>
<Directorate>
<Abbreviation>EDU</Abbreviation>
<LongName>Directorate for STEM Education</LongName>
</Directorate>
<Division>
<Abbreviation>EES</Abbreviation>
<LongName>Div. of Equity for Excellence in STEM</LongName>
</Division>
</Organization>
<ProgramOfficer>
<SignBlockName>Carleitta Paige-Anderson</SignBlockName>
<PO_EMAI>cpaigean@nsf.gov</PO_EMAI>
<PO_PHON>7032922816</PO_PHON>
</ProgramOfficer>
<AbstractNarration>HBCU-UP’s Research Initiation Awards provide support for STEM faculty to pursue research activities to further their research capabilities and effectiveness and help enhance research and teaching at HBCUs. This award to Tougaloo College seeks to uncover crucial insights into gene expression and cellular differentiation. It will advance the field of genomics by utilizing innovative technology and computational tools. Through the use of long-read sequencing, the project aims to make contributions in understanding the control of gene expression in general, with specific application understanding diseases. Additionally, it promotes education and diversity by providing undergraduate students, particularly those from historically marginalized communities, through valuable research experiences. By integrating this research into the curriculum, Tougaloo College aims to transform STEM pedagogies and enrich the learning of students in various disciplines. The potential benefits of this project are wide-reaching. It will not only enhance the research capabilities of faculty members, but also foster the development of future STEM professionals. By engaging students in authentic research, it will prepare them for successful careers and contributes to their retention in STEM fields. &lt;br/&gt;&lt;br/&gt;The overarching goal of this project is to utilize high-throughput genomic and transcriptome data sets, primarily based on Nanopore long-read sequencing, to investigate the influence of DNA methylation on RNA velocity trajectories in diverse biological systems and diseases. The project will develop innovative computational tools to accurately estimate RNA velocity and detect DNA methylation patterns, including rare or novel modifications. Leveraging the unique advantages of Nanopore long-read sequencing, such as rich signal-level information, the project will advance the field by providing a comprehensive understanding of the interplay between DNA methylation and RNA velocity. This research's technical approach involves the development of a computational toolbox for RNA velocity estimation and a transformer-based machine learning tool for direct DNA methylation detection. Through the integration of RNA velocity and DNA methylation data, the project will shed light on the regulatory mechanisms underlying gene expression and cellular differentiation. The anticipated outcomes have the potential to impact various sectors, including healthcare, by enabling more accurate diagnostics, personalized therapies, and transformative advancements in genomic medicine.&lt;br/&gt;&lt;br/&gt;This award reflects NSF's statutory mission and has been deemed worthy of support through evaluation using the Foundation's intellectual merit and broader impacts review criteria.</AbstractNarration>
<MinAmdLetterDate>07/26/2023</MinAmdLetterDate>
<MaxAmdLetterDate>07/26/2023</MaxAmdLetterDate>
<ARRAAmount/>
<TRAN_TYPE>Grant</TRAN_TYPE>
<CFDA_NUM>47.076</CFDA_NUM>
<NSF_PAR_USE_FLAG>1</NSF_PAR_USE_FLAG>
<FUND_AGCY_CODE>4900</FUND_AGCY_CODE>
<AWDG_AGCY_CODE>4900</AWDG_AGCY_CODE>
<AwardID>2300445</AwardID>
<Investigator>
<FirstName>Xiuquan</FirstName>
<LastName>Wang</LastName>
<PI_MID_INIT/>
<PI_SUFX_NAME/>
<PI_FULL_NAME>Xiuquan Wang</PI_FULL_NAME>
<EmailAddress><![CDATA[xwang@tougaloo.edu]]></EmailAddress>
<NSF_ID>000860989</NSF_ID>
<StartDate>07/26/2023</StartDate>
<EndDate/>
<RoleCode>Principal Investigator</RoleCode>
</Investigator>
<Institution>
<Name><![CDATA[Tougaloo College]]></Name>
<CityName>TOUGALOO</CityName>
<ZipCode>391749700</ZipCode>
<PhoneNumber>6019777700</PhoneNumber>
<StreetAddress><![CDATA[500 W COUNTY LINE RD]]></StreetAddress>
<StreetAddress2/>
<CountryName>United States</CountryName>
<StateName>Mississippi</StateName>
<StateCode>MS</StateCode>
<CONGRESSDISTRICT>02</CONGRESSDISTRICT>
<CONGRESS_DISTRICT_ORG>MS02</CONGRESS_DISTRICT_ORG>
<ORG_UEI_NUM>XELUC5A4AJQ7</ORG_UEI_NUM>
<ORG_LGL_BUS_NAME>TOUGALOO COLLEGE</ORG_LGL_BUS_NAME>
<ORG_PRNT_UEI_NUM>XELUC5A4AJQ7</ORG_PRNT_UEI_NUM>
</Institution>
<Performance_Institution>
<Name><![CDATA[Tougaloo College]]></Name>
<CityName>TOUGALOO</CityName>
<StateCode>MS</StateCode>
<ZipCode>391749700</ZipCode>
<StreetAddress><![CDATA[500 W COUNTY LINE RD]]></StreetAddress>
<CountryCode>US</CountryCode>
<CountryName>United States</CountryName>
<StateName>Mississippi</StateName>
<CountryFlag>1</CountryFlag>
<CONGRESSDISTRICT>02</CONGRESSDISTRICT>
<CONGRESS_DISTRICT_PERF>MS02</CONGRESS_DISTRICT_PERF>
</Performance_Institution>
<ProgramElement>
<Code>159400</Code>
<Text>Hist Black Colleges and Univ</Text>
</ProgramElement>
<ProgramReference>
<Code>9178</Code>
<Text>UNDERGRADUATE EDUCATION</Text>
</ProgramReference>
<Appropriation>
<Code/>
<Name/>
<APP_SYMB_ID/>
</Appropriation>
<Fund>
<Code>04002324DB</Code>
<Name><![CDATA[NSF STEM Education]]></Name>
<FUND_SYMB_ID>040106</FUND_SYMB_ID>
</Fund>
<FUND_OBLG>2023~299882</FUND_OBLG>
</Award>
</rootTag>
