<?xml version="1.0" encoding="UTF-8"?>
<rootTag>
<Award>
<AwardTitle><![CDATA[Collaborative Research: Accelerated Development of New, Scalable pH Sensors for Global Ocean Observational Networks]]></AwardTitle>
<AGENCY>NSF</AGENCY>
<AwardEffectiveDate>02/15/2023</AwardEffectiveDate>
<AwardExpirationDate>01/31/2026</AwardExpirationDate>
<AwardTotalIntnAmount>313440.00</AwardTotalIntnAmount>
<AwardAmount>256265</AwardAmount>
<AwardInstrument>
<Value>Continuing Grant</Value>
</AwardInstrument>
<Organization>
<Code>06040000</Code>
<Directorate>
<Abbreviation>GEO</Abbreviation>
<LongName>Directorate For Geosciences</LongName>
</Directorate>
<Division>
<Abbreviation>OCE</Abbreviation>
<LongName>Division Of Ocean Sciences</LongName>
</Division>
</Organization>
<ProgramOfficer>
<SignBlockName>Kandace Binkley</SignBlockName>
<PO_EMAI>kbinkley@nsf.gov</PO_EMAI>
<PO_PHON>7032927577</PO_PHON>
</ProgramOfficer>
<AbstractNarration>The DuraFET pH sensor is a key component of global observation networks through coordinated efforts such as Biogeochemical Argo and the Global Ocean Acidification Observation Network. These pH sensors have been deployed on hundreds of autonomous profiling floats, underwater gliders, and moorings to study ocean carbon cycling in environments ranging from the intertidal zone, coral reefs, to the open ocean. Additionally, they are commonly utilized in laboratory mesocosms to study impacts of ocean acidification. The key enabling technology for the DuraFET is an Ion Sensitive Field Effect Transistor (ISFET) semiconductor chip, manufactured by Honeywell Co. The Honeywell ISFET has several unique features that give it superior performance relative to its competitors. This in essence results in a sole-source for DuraFET pH sensors, and represents a key vulnerability for ocean carbon monitoring. To address this, this proposal aims to accelerate the development of alternative pH sensors that can be scaled to fit the current needs of global ocean observational networks.&lt;br/&gt;&lt;br/&gt;Specifically, this project will test and develop two promising pH sensor candidates that are capable of long-term deployments (years) to 2 km depth on autonomous platforms such as profiling floats and gliders, as well as for moored instrumentation and laboratory mesocosm applications. First, the performance of a commercially available optical pH optode sensor (distributed by PyroScience) will be assessed. This is a relatively new sensor for oceanography, thus its performance has not been thoroughly characterized to the satisfaction of chemical oceanographers. Second, a pH sensor that utilizes an ISFET from a different supplier will be developed. Both pH sensors that will be explored are solid state, small, and low-power, making them good candidates for autonomous platforms. The sensors will be thoroughly characterized in the laboratory for pH response, long term drift, salinity, temperature, and pressure effects, response time, and hysteresis. Both sensors will then be deployed on coastal moorings, underwater gliders, and profiling floats to assess in situ performance across a range of conditions over months to years. Results from this development will be rapidly and efficiently shared with the oceanographic community through recurring webinars, publications, and collaboration with industry.&lt;br/&gt;&lt;br/&gt;This award reflects NSF's statutory mission and has been deemed worthy of support through evaluation using the Foundation's intellectual merit and broader impacts review criteria.</AbstractNarration>
<MinAmdLetterDate>02/08/2023</MinAmdLetterDate>
<MaxAmdLetterDate>05/03/2024</MaxAmdLetterDate>
<ARRAAmount/>
<TRAN_TYPE>Grant</TRAN_TYPE>
<CFDA_NUM>47.050</CFDA_NUM>
<NSF_PAR_USE_FLAG>1</NSF_PAR_USE_FLAG>
<FUND_AGCY_CODE>4900</FUND_AGCY_CODE>
<AWDG_AGCY_CODE>4900</AWDG_AGCY_CODE>
<AwardID>2300401</AwardID>
<Investigator>
<FirstName>Alison</FirstName>
<LastName>Gray</LastName>
<PI_MID_INIT/>
<PI_SUFX_NAME/>
<PI_FULL_NAME>Alison Gray</PI_FULL_NAME>
<EmailAddress><![CDATA[argray@uw.edu]]></EmailAddress>
<NSF_ID>000754999</NSF_ID>
<StartDate>02/08/2023</StartDate>
<EndDate/>
<RoleCode>Co-Principal Investigator</RoleCode>
</Investigator>
<Investigator>
<FirstName>Stephen</FirstName>
<LastName>Riser</LastName>
<PI_MID_INIT>C</PI_MID_INIT>
<PI_SUFX_NAME/>
<PI_FULL_NAME>Stephen C Riser</PI_FULL_NAME>
<EmailAddress><![CDATA[riser@uw.edu]]></EmailAddress>
<NSF_ID>000287646</NSF_ID>
<StartDate>02/08/2023</StartDate>
<EndDate/>
<RoleCode>Principal Investigator</RoleCode>
</Investigator>
<Institution>
<Name><![CDATA[University of Washington]]></Name>
<CityName>SEATTLE</CityName>
<ZipCode>981951016</ZipCode>
<PhoneNumber>2065434043</PhoneNumber>
<StreetAddress><![CDATA[4333 BROOKLYN AVE NE]]></StreetAddress>
<StreetAddress2/>
<CountryName>United States</CountryName>
<StateName>Washington</StateName>
<StateCode>WA</StateCode>
<CONGRESSDISTRICT>07</CONGRESSDISTRICT>
<CONGRESS_DISTRICT_ORG>WA07</CONGRESS_DISTRICT_ORG>
<ORG_UEI_NUM>HD1WMN6945W6</ORG_UEI_NUM>
<ORG_LGL_BUS_NAME>UNIVERSITY OF WASHINGTON</ORG_LGL_BUS_NAME>
<ORG_PRNT_UEI_NUM/>
</Institution>
<Performance_Institution>
<Name><![CDATA[University of Washington]]></Name>
<CityName>Seattle</CityName>
<StateCode>WA</StateCode>
<ZipCode>981950001</ZipCode>
<StreetAddress><![CDATA[4333 Brooklyn Ave NE]]></StreetAddress>
<CountryCode>US</CountryCode>
<CountryName>United States</CountryName>
<StateName>Washington</StateName>
<CountryFlag>1</CountryFlag>
<CONGRESSDISTRICT>07</CONGRESSDISTRICT>
<CONGRESS_DISTRICT_PERF>WA07</CONGRESS_DISTRICT_PERF>
</Performance_Institution>
<ProgramElement>
<Code>168000</Code>
<Text>OCEAN TECH &amp; INTERDISC COORDIN</Text>
</ProgramElement>
<ProgramReference>
<Code>1382</Code>
<Text>OCEAN ACIDIFICATION</Text>
</ProgramReference>
<Appropriation>
<Code/>
<Name/>
<APP_SYMB_ID/>
</Appropriation>
<Appropriation>
<Code/>
<Name/>
<APP_SYMB_ID/>
</Appropriation>
<Fund>
<Code>01002425DB</Code>
<Name><![CDATA[NSF RESEARCH & RELATED ACTIVIT]]></Name>
<FUND_SYMB_ID>040100</FUND_SYMB_ID>
</Fund>
<Fund>
<Code>01002324DB</Code>
<Name><![CDATA[NSF RESEARCH & RELATED ACTIVIT]]></Name>
<FUND_SYMB_ID>040100</FUND_SYMB_ID>
</Fund>
<FUND_OBLG>2023~200810</FUND_OBLG>
<FUND_OBLG>2024~55455</FUND_OBLG>
</Award>
</rootTag>
