<?xml version="1.0" encoding="UTF-8"?>
<rootTag>
<Award>
<AwardTitle><![CDATA[A Professional Development Model for High School Teachers to Adapt Curricula toward Students' Knowledges and Resources]]></AwardTitle>
<AGENCY>NSF</AGENCY>
<AwardEffectiveDate>08/01/2023</AwardEffectiveDate>
<AwardExpirationDate>07/31/2027</AwardExpirationDate>
<AwardTotalIntnAmount>999746.00</AwardTotalIntnAmount>
<AwardAmount>653723</AwardAmount>
<AwardInstrument>
<Value>Continuing Grant</Value>
</AwardInstrument>
<Organization>
<Code>11090000</Code>
<Directorate>
<Abbreviation>EDU</Abbreviation>
<LongName>Directorate for STEM Education</LongName>
</Directorate>
<Division>
<Abbreviation>DRL</Abbreviation>
<LongName>Division Of Research On Learning</LongName>
</Division>
</Organization>
<ProgramOfficer>
<SignBlockName>Michael Ford</SignBlockName>
<PO_EMAI>miford@nsf.gov</PO_EMAI>
<PO_PHON>7032925153</PO_PHON>
</ProgramOfficer>
<AbstractNarration>This project brings together education researchers, high school science teachers, research scientists, and community-based organizations as co-design teams to modify science curriculum materials to be justice- and community-oriented. Building on existing partnerships between education researchers and 11 science teachers in two districts in Illinois, project teams will engage in cycles of curriculum analysis and adaptation over the course of 3 years. These professional learning cycles will develop pedagogically relevant content expertise, such as deepened understanding of locally relevant science phenomena, as well as infrastructure for community-engaged science instruction. This kind of science instruction provides relevant entry points into science by providing opportunities for students to address their communities' needs, potentially encouraging students to pursue careers in science. Each year, 2,250 students will experience at least one adapted unit, resulting in over 6,500 individual encounters with such an orientation to science over the lifespan of the project. Moreover, by working with science departments for 3 years to support adaptations of the materials they already use, teachers will develop skills for analyzing and adapting curricula beyond the lifespan of the project, impacting additional cohorts of students. The project will develop and disseminate frameworks, tools, and sample adapted units to support similar partnerships across the US.&lt;br/&gt;&lt;br/&gt;This study will examine two Illinois districts as comparative cases, strategically selected because of the contextual variation in the levers and entry points for teacher professional learning at each site. This intentional structure enables collection of empirical support for the effectiveness of core elements of the professional learning co-design program on teacher and student learning. Measured learning outcomes include: (a) teachers' frequency of use of NGSS-aligned science pedagogies; (b) development of teachers' critical consciousness; (c) teachers' self-efficacy for culturally sustaining pedagogies in science; and (d) students' epistemologies for science and critical science agency. The research will illuminate variant and invariant elements of the professional learning model, providing theoretical generalizability informing how the model could scale in additional contexts. Finally, the study will examine how the research team builds capacity, both internally and amongst co-design teams, for enacting the professional learning program objectives. These analyses will provide principles and recommendations for establishing and sustaining such co-design teams in other contexts. The Discovery Research preK-12 program (DRK-12) seeks to significantly enhance the learning and teaching of science, technology, engineering and mathematics (STEM) by preK-12 students and teachers, through research and development of innovative resources, models and tools. Projects in the DRK-12 program build on fundamental research in STEM education and prior research and development efforts that provide theoretical and empirical justification for proposed projects.&lt;br/&gt;&lt;br/&gt;This award reflects NSF's statutory mission and has been deemed worthy of support through evaluation using the Foundation's intellectual merit and broader impacts review criteria.</AbstractNarration>
<MinAmdLetterDate>07/16/2023</MinAmdLetterDate>
<MaxAmdLetterDate>07/16/2023</MaxAmdLetterDate>
<ARRAAmount/>
<TRAN_TYPE>Grant</TRAN_TYPE>
<CFDA_NUM>47.076</CFDA_NUM>
<NSF_PAR_USE_FLAG>1</NSF_PAR_USE_FLAG>
<FUND_AGCY_CODE>4900</FUND_AGCY_CODE>
<AWDG_AGCY_CODE>4900</AWDG_AGCY_CODE>
<AwardID>2300743</AwardID>
<Investigator>
<FirstName>Barbara</FirstName>
<LastName>Hug</LastName>
<PI_MID_INIT/>
<PI_SUFX_NAME/>
<PI_FULL_NAME>Barbara Hug</PI_FULL_NAME>
<EmailAddress><![CDATA[bhug@uiuc.edu]]></EmailAddress>
<NSF_ID>000272345</NSF_ID>
<StartDate>07/16/2023</StartDate>
<EndDate/>
<RoleCode>Co-Principal Investigator</RoleCode>
</Investigator>
<Investigator>
<FirstName>Christina</FirstName>
<LastName>Krist</LastName>
<PI_MID_INIT/>
<PI_SUFX_NAME/>
<PI_FULL_NAME>Christina Krist</PI_FULL_NAME>
<EmailAddress><![CDATA[ckrist@illinois.edu]]></EmailAddress>
<NSF_ID>000756977</NSF_ID>
<StartDate>07/16/2023</StartDate>
<EndDate/>
<RoleCode>Principal Investigator</RoleCode>
</Investigator>
<Investigator>
<FirstName>Monlin</FirstName>
<LastName>Ko</LastName>
<PI_MID_INIT/>
<PI_SUFX_NAME/>
<PI_FULL_NAME>Monlin Ko</PI_FULL_NAME>
<EmailAddress><![CDATA[monlin.ko@colorado.edu]]></EmailAddress>
<NSF_ID>000811686</NSF_ID>
<StartDate>07/16/2023</StartDate>
<EndDate/>
<RoleCode>Co-Principal Investigator</RoleCode>
</Investigator>
<Investigator>
<FirstName>Enrique</FirstName>
<LastName>Suárez</LastName>
<PI_MID_INIT>A</PI_MID_INIT>
<PI_SUFX_NAME/>
<PI_FULL_NAME>Enrique A Suárez</PI_FULL_NAME>
<EmailAddress><![CDATA[easuarez@umass.edu]]></EmailAddress>
<NSF_ID>000838593</NSF_ID>
<StartDate>07/16/2023</StartDate>
<EndDate/>
<RoleCode>Co-Principal Investigator</RoleCode>
</Investigator>
<Institution>
<Name><![CDATA[University of Illinois at Urbana-Champaign]]></Name>
<CityName>URBANA</CityName>
<ZipCode>618013620</ZipCode>
<PhoneNumber>2173332187</PhoneNumber>
<StreetAddress><![CDATA[506 S WRIGHT ST]]></StreetAddress>
<StreetAddress2/>
<CountryName>United States</CountryName>
<StateName>Illinois</StateName>
<StateCode>IL</StateCode>
<CONGRESSDISTRICT>13</CONGRESSDISTRICT>
<CONGRESS_DISTRICT_ORG>IL13</CONGRESS_DISTRICT_ORG>
<ORG_UEI_NUM>Y8CWNJRCNN91</ORG_UEI_NUM>
<ORG_LGL_BUS_NAME>UNIVERSITY OF ILLINOIS</ORG_LGL_BUS_NAME>
<ORG_PRNT_UEI_NUM/>
</Institution>
<Performance_Institution>
<Name><![CDATA[University of Illinois at Urbana-Champaign]]></Name>
<CityName>URBANA</CityName>
<StateCode>IL</StateCode>
<ZipCode>618013620</ZipCode>
<StreetAddress><![CDATA[506 S WRIGHT ST]]></StreetAddress>
<CountryCode>US</CountryCode>
<CountryName>United States</CountryName>
<StateName>Illinois</StateName>
<CountryFlag>1</CountryFlag>
<CONGRESSDISTRICT>13</CONGRESSDISTRICT>
<CONGRESS_DISTRICT_PERF>IL13</CONGRESS_DISTRICT_PERF>
</Performance_Institution>
<ProgramElement>
<Code>764500</Code>
<Text>Discovery Research K-12</Text>
</ProgramElement>
<ProgramReference>
<Code>8817</Code>
<Text>STEM Learning &amp; Learning Environments</Text>
</ProgramReference>
<Appropriation>
<Code/>
<Name/>
<APP_SYMB_ID/>
</Appropriation>
<Fund>
<Code>04002324DB</Code>
<Name><![CDATA[NSF STEM Education]]></Name>
<FUND_SYMB_ID>040106</FUND_SYMB_ID>
</Fund>
<FUND_OBLG>2023~653723</FUND_OBLG>
</Award>
</rootTag>
