<?xml version="1.0" encoding="UTF-8"?>
<rootTag>
<Award>
<AwardTitle><![CDATA[Research Initiation Award: Toward Understanding Persistent Homology in Topological Data Analysis]]></AwardTitle>
<AGENCY>NSF</AGENCY>
<AwardEffectiveDate>07/15/2023</AwardEffectiveDate>
<AwardExpirationDate>06/30/2026</AwardExpirationDate>
<AwardTotalIntnAmount>299895.00</AwardTotalIntnAmount>
<AwardAmount>299895</AwardAmount>
<AwardInstrument>
<Value>Standard Grant</Value>
</AwardInstrument>
<Organization>
<Code>11060000</Code>
<Directorate>
<Abbreviation>EDU</Abbreviation>
<LongName>Directorate for STEM Education</LongName>
</Directorate>
<Division>
<Abbreviation>EES</Abbreviation>
<LongName>Div. of Equity for Excellence in STEM</LongName>
</Division>
</Organization>
<ProgramOfficer>
<SignBlockName>Carleitta Paige-Anderson</SignBlockName>
<PO_EMAI>cpaigean@nsf.gov</PO_EMAI>
<PO_PHON>7032922816</PO_PHON>
</ProgramOfficer>
<AbstractNarration>HBCU-UP’s Research Initiation Awards provide support for STEM faculty to pursue research activities to further their research capabilities and effectiveness and help enhance research and teaching at HBCUs. This award to Clark Atlanta University has the potential to advance topological data analysis that significantly improve health outcomes, train undergraduate students in computer programming and data science, and produce advanced technology education modules for courses. This project is significant in that the results may have broad applications to a number of fields and the work is necessary to advance the potential of topological data analysis, which focuses on how spaces are organized, structured, and connected. The project will train undergraduate HBCU students in data science at the intersection of geometry and topology. &lt;br/&gt;&lt;br/&gt;The project aims to produce results that will lead to the development of practical mathematical tools to advance our understanding of persistent homology by bolstering its connection to statistics and machine learning. Once these tools exist, they may be applied to a diverse set of applications, including economics, biology, medicine, politics, chemistry, and image analysis; thereby increasing public engagement with mathematics. The research and educational activities proposed in this project aim to provide opportunities for students from minoritized groups to engage in multidisciplinary research and become competitive, well-suited candidates for graduate school and ultimately, the workforce. This project will positively contribute to and encourage the retention of students from historically underrepresented groups in mathematical sciences.&lt;br/&gt;&lt;br/&gt;This award reflects NSF's statutory mission and has been deemed worthy of support through evaluation using the Foundation's intellectual merit and broader impacts review criteria.</AbstractNarration>
<MinAmdLetterDate>07/12/2023</MinAmdLetterDate>
<MaxAmdLetterDate>07/12/2023</MaxAmdLetterDate>
<ARRAAmount/>
<TRAN_TYPE>Grant</TRAN_TYPE>
<CFDA_NUM>47.076</CFDA_NUM>
<NSF_PAR_USE_FLAG>1</NSF_PAR_USE_FLAG>
<FUND_AGCY_CODE>4900</FUND_AGCY_CODE>
<AWDG_AGCY_CODE>4900</AWDG_AGCY_CODE>
<AwardID>2300360</AwardID>
<Investigator>
<FirstName>Lakeshia</FirstName>
<LastName>Jones</LastName>
<PI_MID_INIT>L</PI_MID_INIT>
<PI_SUFX_NAME/>
<PI_FULL_NAME>Lakeshia L Jones</PI_FULL_NAME>
<EmailAddress><![CDATA[lakeshialegettejones@gmail.com]]></EmailAddress>
<NSF_ID>000889596</NSF_ID>
<StartDate>07/12/2023</StartDate>
<EndDate/>
<RoleCode>Principal Investigator</RoleCode>
</Investigator>
<Institution>
<Name><![CDATA[Clark Atlanta University]]></Name>
<CityName>ATLANTA</CityName>
<ZipCode>303144358</ZipCode>
<PhoneNumber>4048806990</PhoneNumber>
<StreetAddress><![CDATA[223 JAMES P BRAWLEY DR SW]]></StreetAddress>
<StreetAddress2/>
<CountryName>United States</CountryName>
<StateName>Georgia</StateName>
<StateCode>GA</StateCode>
<CONGRESSDISTRICT>05</CONGRESSDISTRICT>
<CONGRESS_DISTRICT_ORG>GA05</CONGRESS_DISTRICT_ORG>
<ORG_UEI_NUM>JGA3E25MFDV9</ORG_UEI_NUM>
<ORG_LGL_BUS_NAME>CLARK ATLANTA UNIVERSITY, INC.</ORG_LGL_BUS_NAME>
<ORG_PRNT_UEI_NUM/>
</Institution>
<Performance_Institution>
<Name><![CDATA[Clark Atlanta University]]></Name>
<CityName>ATLANTA</CityName>
<StateCode>GA</StateCode>
<ZipCode>303144358</ZipCode>
<StreetAddress><![CDATA[223 JAMES P BRAWLEY DR SW]]></StreetAddress>
<CountryCode>US</CountryCode>
<CountryName>United States</CountryName>
<StateName>Georgia</StateName>
<CountryFlag>1</CountryFlag>
<CONGRESSDISTRICT>05</CONGRESSDISTRICT>
<CONGRESS_DISTRICT_PERF>GA05</CONGRESS_DISTRICT_PERF>
</Performance_Institution>
<ProgramElement>
<Code>159400</Code>
<Text>Hist Black Colleges and Univ</Text>
</ProgramElement>
<ProgramReference>
<Code>9178</Code>
<Text>UNDERGRADUATE EDUCATION</Text>
</ProgramReference>
<Appropriation>
<Code/>
<Name/>
<APP_SYMB_ID/>
</Appropriation>
<Fund>
<Code>04002324DB</Code>
<Name><![CDATA[NSF STEM Education]]></Name>
<FUND_SYMB_ID>040106</FUND_SYMB_ID>
</Fund>
<FUND_OBLG>2023~299895</FUND_OBLG>
</Award>
</rootTag>
