<?xml version="1.0" encoding="UTF-8"?>
<rootTag>
<Award>
<AwardTitle><![CDATA[Research Initiation Award: Integrated Approach Toward Examining Fecal Indicator Bacteria Trends in a Coastal Watershed]]></AwardTitle>
<AGENCY>NSF</AGENCY>
<AwardEffectiveDate>10/01/2023</AwardEffectiveDate>
<AwardExpirationDate>09/30/2026</AwardExpirationDate>
<AwardTotalIntnAmount>300000.00</AwardTotalIntnAmount>
<AwardAmount>300000</AwardAmount>
<AwardInstrument>
<Value>Standard Grant</Value>
</AwardInstrument>
<Organization>
<Code>11060000</Code>
<Directorate>
<Abbreviation>EDU</Abbreviation>
<LongName>Directorate for STEM Education</LongName>
</Directorate>
<Division>
<Abbreviation>EES</Abbreviation>
<LongName>Div. of Equity for Excellence in STEM</LongName>
</Division>
</Organization>
<ProgramOfficer>
<SignBlockName>Carleitta Paige-Anderson</SignBlockName>
<PO_EMAI>cpaigean@nsf.gov</PO_EMAI>
<PO_PHON>7032922816</PO_PHON>
</ProgramOfficer>
<AbstractNarration>The Historically Black Colleges and Universities Undergraduate Program (HBCU-UP) through Research Initiation Awards provide support for junior and mid-career faculty at Historically Black Colleges and Universities who are building new research programs or redirecting and rebuilding existing research programs. It is expected that the award helps to further the faculty member's research capability and effectiveness and improve research and teaching at the home institution. This award to Miles College supports faculty and undergraduate research experiences examining potential sources and environmental factors that regulate fecal indicator bacteria (FIB) patterns in surface water. Specifically, using a combination of innovative approaches, this proposal aims to monitor fecal pollution inputs to surface waters and study the efficacy of integrating fecal markers from Microbial Source Tracking (MST) into current and machine learning-based watershed models, to predict trends of FIB in surface water.&lt;br/&gt;&lt;br/&gt;The overall project goal is to predict the occurrence of FIB exceeding total maximum daily load (TMDL) in shellfish growing waters. Toward this goal, this project aims to integrate MST data, 16S rRNA sequences, and environmental parameters into existing and next generation watershed models. Tools and data generated from this project will: (i) contribute to water quality knowledge and baseline data on sources of FIB in a coastal Alabama watershed, (ii) validate use of alternative indicator methods, such as MST tracking and amplicon sequencing, for water quality monitoring in existing watershed models, and (iii) identify scalable watershed modelling framework(s) conducive for MST data to predict source-specific FIB in different environmental conditions. Outcomes from this project will provide improvements in predicting patterns of FIB, a valued water quality index. Implementation of this project would extend the STEM education and research capacity of the PI and institution, increase on-campus research training opportunities for enrolled students, and cultivate a partnership with the United States Geological Survey Lower Mississippi-Gulf Water Science Center.&lt;br/&gt;&lt;br/&gt;This award reflects NSF's statutory mission and has been deemed worthy of support through evaluation using the Foundation's intellectual merit and broader impacts review criteria.</AbstractNarration>
<MinAmdLetterDate>09/22/2023</MinAmdLetterDate>
<MaxAmdLetterDate>09/22/2023</MaxAmdLetterDate>
<ARRAAmount/>
<TRAN_TYPE>Grant</TRAN_TYPE>
<CFDA_NUM>47.076</CFDA_NUM>
<NSF_PAR_USE_FLAG>1</NSF_PAR_USE_FLAG>
<FUND_AGCY_CODE>4900</FUND_AGCY_CODE>
<AWDG_AGCY_CODE>4900</AWDG_AGCY_CODE>
<AwardID>2300319</AwardID>
<Investigator>
<FirstName>Nikaela</FirstName>
<LastName>Flournoy</LastName>
<PI_MID_INIT>Y</PI_MID_INIT>
<PI_SUFX_NAME/>
<PI_FULL_NAME>Nikaela Y Flournoy</PI_FULL_NAME>
<EmailAddress><![CDATA[nflournoy@miles.edu]]></EmailAddress>
<NSF_ID>000880564</NSF_ID>
<StartDate>09/22/2023</StartDate>
<EndDate/>
<RoleCode>Principal Investigator</RoleCode>
</Investigator>
<Institution>
<Name><![CDATA[Miles College]]></Name>
<CityName>FAIRFIELD</CityName>
<ZipCode>350642621</ZipCode>
<PhoneNumber>2059291448</PhoneNumber>
<StreetAddress><![CDATA[5500 MYRON MASSEY BLVD]]></StreetAddress>
<StreetAddress2/>
<CountryName>United States</CountryName>
<StateName>Alabama</StateName>
<StateCode>AL</StateCode>
<CONGRESSDISTRICT>07</CONGRESSDISTRICT>
<CONGRESS_DISTRICT_ORG>AL07</CONGRESS_DISTRICT_ORG>
<ORG_UEI_NUM>MNKCCLJFC3L7</ORG_UEI_NUM>
<ORG_LGL_BUS_NAME>MILES COLLEGE, INC.</ORG_LGL_BUS_NAME>
<ORG_PRNT_UEI_NUM/>
</Institution>
<Performance_Institution>
<Name><![CDATA[Miles College]]></Name>
<CityName>FAIRFIELD</CityName>
<StateCode>AL</StateCode>
<ZipCode>350642697</ZipCode>
<StreetAddress><![CDATA[5500 MYRON MASSEY BLVD]]></StreetAddress>
<CountryCode>US</CountryCode>
<CountryName>United States</CountryName>
<StateName>Alabama</StateName>
<CountryFlag>1</CountryFlag>
<CONGRESSDISTRICT>07</CONGRESSDISTRICT>
<CONGRESS_DISTRICT_PERF>AL07</CONGRESS_DISTRICT_PERF>
</Performance_Institution>
<ProgramElement>
<Code>159400</Code>
<Text>Hist Black Colleges and Univ</Text>
</ProgramElement>
<ProgramReference>
<Code>9178</Code>
<Text>UNDERGRADUATE EDUCATION</Text>
</ProgramReference>
<Appropriation>
<Code/>
<Name/>
<APP_SYMB_ID/>
</Appropriation>
<Fund>
<Code>04002324DB</Code>
<Name><![CDATA[NSF STEM Education]]></Name>
<FUND_SYMB_ID>040106</FUND_SYMB_ID>
</Fund>
<FUND_OBLG>2023~300000</FUND_OBLG>
</Award>
</rootTag>
