<?xml version="1.0" encoding="UTF-8"?>
<rootTag>
<Award>
<AwardTitle><![CDATA[SHINE: Analysis of Ion Kinetic Instabilities in the Solar Wind Observed Near the Sun with Hybrid Modeling and Machine Learning]]></AwardTitle>
<AGENCY>NSF</AGENCY>
<AwardEffectiveDate>05/15/2023</AwardEffectiveDate>
<AwardExpirationDate>04/30/2026</AwardExpirationDate>
<AwardTotalIntnAmount>598925.00</AwardTotalIntnAmount>
<AwardAmount>598925</AwardAmount>
<AwardInstrument>
<Value>Standard Grant</Value>
</AwardInstrument>
<Organization>
<Code>06020000</Code>
<Directorate>
<Abbreviation>GEO</Abbreviation>
<LongName>Directorate For Geosciences</LongName>
</Directorate>
<Division>
<Abbreviation>AGS</Abbreviation>
<LongName>Div Atmospheric &amp; Geospace Sciences</LongName>
</Division>
</Organization>
<ProgramOfficer>
<SignBlockName>Lisa Winter</SignBlockName>
<PO_EMAI>lwinter@nsf.gov</PO_EMAI>
<PO_PHON>7032928519</PO_PHON>
</ProgramOfficer>
<AbstractNarration>The solar wind includes charged particles and magnetic fields emanating from the Sun’s outer layers. Space weather results from interactions between the solar wind and the Earth’s geomagnetic field. Therefore, it is important to understand the detailed processes that occur within the solar wind. This project explores the physics of the solar wind through analysis of satellite observations and development of machine learning models. Undergraduate and graduate students will be trained in interdisciplinary research including space plasma physics and machine learning techniques. Also, an early career post-doctoral researcher will be supported. This project is co-funded by the Directorate for Geosciences to support AI/ML advancement in the geosciences.&lt;br/&gt;&lt;br/&gt;Motivated by new observations with NASA’s Parker Solar Probe (PSP) mission, the science objective of this project is to investigate the heating and acceleration of the solar wind plasma associated with proton and alpha particle temperature anisotropy evolution, their relative drift and beaming velocities, and the associated ion kinetic instabilities. The work will focus on the effects of proton beams, detected by PSP/SPAN-I on the nonlinear evolution of the magnetosonic instability. The magnetic wave spectra and energy partition between the ions and the electromagnetic fields will be determined focusing on ion kinetic scales. The team will analyze the PSP/SPAN-I data of the proton and alpha particle velocity distribution functions (VDFs) with beams during perihelia encounters, as well as plasma moments such as density, anisotropic temperature, and alpha relative abundance data. The FIELDS instrument will provide the corresponding kinetic wave activity magnitude, spectra, and polarizations. Guided by the observations, the team will use 2.5D and 3D hybrid-particle-in-cell (hybrid-PIC) models of kinetic protons and alpha particles with background electron fluid in an expanding box model to study the kinetic instabilities driven by initially unstable non- Maxwellian VDFs such as super-Alfvénic beams and ion relative drifts in the inner solar wind. The models will be used to calculate the physical properties and nonlinear evolution of the proton and alpha particle populations in the expanding solar wind, such as the ion drift speeds, anisotropic temperatures, magnetic energy and spectra, and the associated plasma heating processes. They will develop Artificial Intelligence Machine Learning (AI/ML) methods to automate the detection of unstable VDFs and classification of the kinetic instabilities using semi-supervised (i.e., labeled, and unlabeled data) and supervised (i.e., labeled data) ML methods such as multi-layered (i.e., deep) neural networks (DNNs).&lt;br/&gt;&lt;br/&gt;This award reflects NSF's statutory mission and has been deemed worthy of support through evaluation using the Foundation's intellectual merit and broader impacts review criteria.</AbstractNarration>
<MinAmdLetterDate>05/04/2023</MinAmdLetterDate>
<MaxAmdLetterDate>05/04/2023</MaxAmdLetterDate>
<ARRAAmount/>
<TRAN_TYPE>Grant</TRAN_TYPE>
<CFDA_NUM>47.050</CFDA_NUM>
<NSF_PAR_USE_FLAG>1</NSF_PAR_USE_FLAG>
<FUND_AGCY_CODE>4900</FUND_AGCY_CODE>
<AWDG_AGCY_CODE>4900</AWDG_AGCY_CODE>
<AwardID>2300961</AwardID>
<Investigator>
<FirstName>Leon</FirstName>
<LastName>Ofman</LastName>
<PI_MID_INIT/>
<PI_SUFX_NAME/>
<PI_FULL_NAME>Leon Ofman</PI_FULL_NAME>
<EmailAddress><![CDATA[ofman@cua.edu]]></EmailAddress>
<NSF_ID>000492980</NSF_ID>
<StartDate>05/04/2023</StartDate>
<EndDate/>
<RoleCode>Principal Investigator</RoleCode>
</Investigator>
<Investigator>
<FirstName>Viacheslav</FirstName>
<LastName>Sadykov</LastName>
<PI_MID_INIT>M</PI_MID_INIT>
<PI_SUFX_NAME/>
<PI_FULL_NAME>Viacheslav M Sadykov</PI_FULL_NAME>
<EmailAddress><![CDATA[vsadykov@gsu.edu]]></EmailAddress>
<NSF_ID>000782431</NSF_ID>
<StartDate>05/04/2023</StartDate>
<EndDate/>
<RoleCode>Co-Principal Investigator</RoleCode>
</Investigator>
<Investigator>
<FirstName>Scott</FirstName>
<LastName>Boardsen</LastName>
<PI_MID_INIT>A</PI_MID_INIT>
<PI_SUFX_NAME/>
<PI_FULL_NAME>Scott A Boardsen</PI_FULL_NAME>
<EmailAddress><![CDATA[scottb@umbc.edu]]></EmailAddress>
<NSF_ID>000870494</NSF_ID>
<StartDate>05/04/2023</StartDate>
<EndDate/>
<RoleCode>Co-Principal Investigator</RoleCode>
</Investigator>
<Institution>
<Name><![CDATA[Catholic University of America]]></Name>
<CityName>WASHINGTON</CityName>
<ZipCode>200640001</ZipCode>
<PhoneNumber>2026355000</PhoneNumber>
<StreetAddress><![CDATA[620 MICHIGAN AVE NE]]></StreetAddress>
<StreetAddress2/>
<CountryName>United States</CountryName>
<StateName>District of Columbia</StateName>
<StateCode>DC</StateCode>
<CONGRESSDISTRICT>00</CONGRESSDISTRICT>
<CONGRESS_DISTRICT_ORG>DC00</CONGRESS_DISTRICT_ORG>
<ORG_UEI_NUM>C31ES3WEAVQ5</ORG_UEI_NUM>
<ORG_LGL_BUS_NAME>CATHOLIC UNIVERSITY OF AMERICA (THE)</ORG_LGL_BUS_NAME>
<ORG_PRNT_UEI_NUM/>
</Institution>
<Performance_Institution>
<Name><![CDATA[Catholic University of America]]></Name>
<CityName>WASHINGTON</CityName>
<StateCode>DC</StateCode>
<ZipCode>200640001</ZipCode>
<StreetAddress><![CDATA[620 MICHIGAN AVE NE]]></StreetAddress>
<CountryCode>US</CountryCode>
<CountryName>United States</CountryName>
<StateName>District of Columbia</StateName>
<CountryFlag>1</CountryFlag>
<CONGRESSDISTRICT>00</CONGRESSDISTRICT>
<CONGRESS_DISTRICT_PERF>DC00</CONGRESS_DISTRICT_PERF>
</Performance_Institution>
<ProgramElement>
<Code>152300</Code>
<Text>SOLAR-TERRESTRIAL</Text>
</ProgramElement>
<ProgramElement>
<Code>243Y00</Code>
<Text>GEO CI - GEO Cyberinfrastrctre</Text>
</ProgramElement>
<ProgramReference>
<Code>1523</Code>
<Text>SOLAR-TERRESTRIAL</Text>
</ProgramReference>
<ProgramReference>
<Code>4444</Code>
<Text>INTERDISCIPLINARY PROPOSALS</Text>
</ProgramReference>
<Appropriation>
<Code/>
<Name/>
<APP_SYMB_ID/>
</Appropriation>
<Fund>
<Code>01002324DB</Code>
<Name><![CDATA[NSF RESEARCH & RELATED ACTIVIT]]></Name>
<FUND_SYMB_ID>040100</FUND_SYMB_ID>
</Fund>
<FUND_OBLG>2023~598925</FUND_OBLG>
</Award>
</rootTag>
