<?xml version="1.0" encoding="UTF-8"?>
<rootTag>
<Award>
<AwardTitle><![CDATA[ADVANCE Partnership: New Jersey Equity in Commercialization Collective (NJECC)]]></AwardTitle>
<AGENCY>NSF</AGENCY>
<AwardEffectiveDate>12/15/2022</AwardEffectiveDate>
<AwardExpirationDate>08/31/2025</AwardExpirationDate>
<AwardTotalIntnAmount>1247565.00</AwardTotalIntnAmount>
<AwardAmount>1118016</AwardAmount>
<AwardInstrument>
<Value>Continuing Grant</Value>
</AwardInstrument>
<Organization>
<Code>11060000</Code>
<Directorate>
<Abbreviation>EDU</Abbreviation>
<LongName>Directorate for STEM Education</LongName>
</Directorate>
<Division>
<Abbreviation>EES</Abbreviation>
<LongName>Div. of Equity for Excellence in STEM</LongName>
</Division>
</Organization>
<ProgramOfficer>
<SignBlockName>Jessie Dearo</SignBlockName>
<PO_EMAI>jdearo@nsf.gov</PO_EMAI>
<PO_PHON>7032925350</PO_PHON>
</ProgramOfficer>
<AbstractNarration>The New Jersey Equity in Commercialization Collective (NJECC) will address gender equity issues in academic technology commercialization (patenting, licensing, and startup creation) by focusing on the elimination of systemic institutional and entrepreneurial eco-system barriers. Key barriers to equity and inclusion in STEM commercialization and entrepreneurship include systemic cultural perceptions, training and reward structures, and patenting/ technology transfer activities at academic institutions. It is important to recognize and redress these inequities, not only as a matter of fairness but also because the lack of diversity in entrepreneurship diminishes the diversity of new ideas and hurts US technological innovation and economic competitiveness. To achieve systemic change in this area, the project will leverage a robust partnership of organizations across the state of New Jersey. The NJECC will be led by New Jersey Institute of Technology in collaboration with the NJ Commission on Science, Innovation and Technology; NJEdge (NJ’s non-profit technology services provider and member-driven consortium); New Jersey City University; Princeton University; Rowan University; Rutgers, the State University of New Jersey; Seton Hall University; Stevens Institute of Technology; and St. Peters University. Working together, the NJECC project partners will aim to significantly increase the diversity of STEM faculty researchers who participate in New Jersey’s entrepreneurship and innovation ecosystem. In turn, developing innovation pathways for new and diverse innovators will foster economic growth and the availability of new products and services that are important to society.&lt;br/&gt; &lt;br/&gt;The NJECC project will include two main initiatives: (1) training for Gatekeepers (academic Tech Transfer, Venture Development and Entrepreneurial offices) on methods to reduce barriers that hinder the participation of women and underrepresented minorities in commercialization activities and (2) the establishment of NJ statewide inclusive network development programs (showcases and conferences). In addition, NJECC will link these planned activities with the NJIT NSF-funded CyberCorps @ Scholarship for Service grant, the Secure Computing Initiative, to increase diversity and innovation in the crucial area of cybersecurity. Over the course of the project, these initiatives will aim to generate sustainable, intentional strategies for increasing the diversity of the academic innovator pool—strategies that then can be institutionalized across the state and beyond. The NJECC will aim to significantly reduce key barriers to equity and inclusion in STEM commercialization and entrepreneurship and will significantly increase the diversity of NJ STEM faculty researchers who participate in New Jersey’s entrepreneurship and innovation ecosystem. The collaboration will also extend the existing infrastructures and resources of the less-resourced institutions through access to the resources of the other participating institutions. In addition, this project will aim to stimulate the ongoing collection of patenting and invention disclosure data, disaggregated by gender, race/ethnicity, and other identity dimensions. The NJECC team will use a variety of channels to disseminate project findings and strategies for systemic change, including but not limited to 1) print, digital, and social media; 2) national/regional conference presentations (NSF events, AUTM, UEDA, EdgeCon) and 3) relevant academic journals and resource libraries (TechTransfer Tactics, ARC Network).&lt;br/&gt;&lt;br/&gt;The NSF ADVANCE program is designed to foster gender equity through a focus on the identification and elimination of organizational barriers that impede the full participation and advancement of diverse faculty in academic institutions.  Organizational barriers that inhibit equity may exist in policies, processes, practices, and the organizational culture and climate.  ADVANCE "Partnership" awards provide support for projects that scale-up evidence based systemic change strategies to enhance gender equity for STEM faculty regionally or nationally.&lt;br/&gt;&lt;br/&gt;This award reflects NSF's statutory mission and has been deemed worthy of support through evaluation using the Foundation's intellectual merit and broader impacts review criteria.</AbstractNarration>
<MinAmdLetterDate>12/13/2022</MinAmdLetterDate>
<MaxAmdLetterDate>06/22/2023</MaxAmdLetterDate>
<ARRAAmount/>
<TRAN_TYPE>Grant</TRAN_TYPE>
<CFDA_NUM>47.076</CFDA_NUM>
<NSF_PAR_USE_FLAG>1</NSF_PAR_USE_FLAG>
<FUND_AGCY_CODE>4900</FUND_AGCY_CODE>
<AWDG_AGCY_CODE>4900</AWDG_AGCY_CODE>
<AwardID>2300380</AwardID>
<Investigator>
<FirstName>Treena</FirstName>
<LastName>Livingston</LastName>
<PI_MID_INIT/>
<PI_SUFX_NAME/>
<PI_FULL_NAME>Treena Livingston</PI_FULL_NAME>
<EmailAddress><![CDATA[tla2132@columbia.edu]]></EmailAddress>
<NSF_ID>000199898</NSF_ID>
<StartDate>12/13/2022</StartDate>
<EndDate/>
<RoleCode>Principal Investigator</RoleCode>
</Investigator>
<Institution>
<Name><![CDATA[Columbia University]]></Name>
<CityName>NEW YORK</CityName>
<ZipCode>100277922</ZipCode>
<PhoneNumber>2128546851</PhoneNumber>
<StreetAddress><![CDATA[615 W 131ST ST]]></StreetAddress>
<StreetAddress2><![CDATA[MC 8741]]></StreetAddress2>
<CountryName>United States</CountryName>
<StateName>New York</StateName>
<StateCode>NY</StateCode>
<CONGRESSDISTRICT>13</CONGRESSDISTRICT>
<CONGRESS_DISTRICT_ORG>NY13</CONGRESS_DISTRICT_ORG>
<ORG_UEI_NUM>F4N1QNPB95M4</ORG_UEI_NUM>
<ORG_LGL_BUS_NAME>THE TRUSTEES OF COLUMBIA UNIVERSITY IN THE CITY OF NEW YORK</ORG_LGL_BUS_NAME>
<ORG_PRNT_UEI_NUM/>
</Institution>
<Performance_Institution>
<Name><![CDATA[Columbia University]]></Name>
<CityName>NEW YORK</CityName>
<StateCode>NY</StateCode>
<ZipCode>10027</ZipCode>
<StreetAddress><![CDATA[202 LOW LIBRARY 535 W 116 ST MC 4309,]]></StreetAddress>
<CountryCode>US</CountryCode>
<CountryName>United States</CountryName>
<StateName>New York</StateName>
<CountryFlag>1</CountryFlag>
<CONGRESSDISTRICT>13</CONGRESSDISTRICT>
<CONGRESS_DISTRICT_PERF>NY13</CONGRESS_DISTRICT_PERF>
</Performance_Institution>
<ProgramElement>
<Code>016Y00</Code>
<Text>ADVANCE</Text>
</ProgramElement>
<ProgramReference>
<Code>7568</Code>
<Text>ADVANCE-PAID</Text>
</ProgramReference>
<Appropriation>
<Code/>
<Name/>
<APP_SYMB_ID/>
</Appropriation>
<Appropriation>
<Code/>
<Name/>
<APP_SYMB_ID/>
</Appropriation>
<Fund>
<Code>04002122DB</Code>
<Name><![CDATA[NSF Education & Human Resource]]></Name>
<FUND_SYMB_ID>040106</FUND_SYMB_ID>
</Fund>
<Fund>
<Code>04002324DB</Code>
<Name><![CDATA[NSF STEM Education]]></Name>
<FUND_SYMB_ID>040106</FUND_SYMB_ID>
</Fund>
<FUND_OBLG>2021~536076</FUND_OBLG>
<FUND_OBLG>2023~581940</FUND_OBLG>
</Award>
</rootTag>
