<?xml version="1.0" encoding="UTF-8"?>
<rootTag>
<Award>
<AwardTitle><![CDATA[Incorporating Virtual Reality into Advanced Manufacturing Technician Education at a Rural Community College]]></AwardTitle>
<AGENCY>NSF</AGENCY>
<AwardEffectiveDate>07/01/2023</AwardEffectiveDate>
<AwardExpirationDate>06/30/2026</AwardExpirationDate>
<AwardTotalIntnAmount>648370.00</AwardTotalIntnAmount>
<AwardAmount>648370</AwardAmount>
<AwardInstrument>
<Value>Standard Grant</Value>
</AwardInstrument>
<Organization>
<Code>11040100</Code>
<Directorate>
<Abbreviation>EDU</Abbreviation>
<LongName>Directorate for STEM Education</LongName>
</Directorate>
<Division>
<Abbreviation>DUE</Abbreviation>
<LongName>Division Of Undergraduate Education</LongName>
</Division>
</Organization>
<ProgramOfficer>
<SignBlockName>Kalyn Owens</SignBlockName>
<PO_EMAI>kowens@nsf.gov</PO_EMAI>
<PO_PHON>7032924615</PO_PHON>
</ProgramOfficer>
<AbstractNarration>This project aims to serve the national interest by advancing engineering technology education programs through the incorporation of virtual reality activities at a rural community college. Most significantly, this project will increase the number of skilled technicians that are prepared to enter careers in the advanced manufacturing industry with a specific focus on preparing students for jobs in the growing semiconductor manufacturing industry in the region.  A significant focus of the project will be on increasing students’ and incumbent workers’ awareness and ability to work with automation equipment used in semiconductor manufacturing clean rooms. Further, the project will provide training opportunities that simulate automation equipment in a factory environment using virtual reality when physical equipment is unavailable or cost prohibitive. The coupling of both hands-on and virtual reality training will serve as an engaging method to cultivate rural students’ interest in the manufacturing industry as a viable career path.&lt;br/&gt;&lt;br/&gt;This project will build on existing engineering technology programs through the incorporation of virtual reality into two-year college courses that are aligned with industry needs. The specific goals of the project are to 1) increase students’ ability to work with advanced automation equipment typically used in semiconductor manufacturing clean rooms; 2) provide technical virtual reality training to college and high school instructors; 3) increase program enrollment and retention of rural students and women pursuing degrees and certificates in engineering technology, and 4) pilot virtual reality-based advanced manufacturing modules as a tool for workforce training. A formal evaluation will be conducted to assess project activities and outcomes with a focus on contributing to the body of knowledge on preparing skilled technicians to support the advanced manufacturing industry. A targeted dissemination plan will be carried out that shares project results including recruitment strategies, curriculum, technology, and specialized training activities with similar two-year colleges and with the technical education community at the national level.  This project is funded by the Advanced Technological Education program that focuses on the education of technicians for the advanced-technology fields that drive the nation's economy.&lt;br/&gt;&lt;br/&gt;This award reflects NSF's statutory mission and has been deemed worthy of support through evaluation using the Foundation's intellectual merit and broader impacts review criteria.</AbstractNarration>
<MinAmdLetterDate>04/08/2023</MinAmdLetterDate>
<MaxAmdLetterDate>04/08/2023</MaxAmdLetterDate>
<ARRAAmount/>
<TRAN_TYPE>Grant</TRAN_TYPE>
<CFDA_NUM>47.076</CFDA_NUM>
<NSF_PAR_USE_FLAG>1</NSF_PAR_USE_FLAG>
<FUND_AGCY_CODE>4900</FUND_AGCY_CODE>
<AWDG_AGCY_CODE>4900</AWDG_AGCY_CODE>
<AwardID>2300470</AwardID>
<Investigator>
<FirstName>feng</FirstName>
<LastName>hua</LastName>
<PI_MID_INIT/>
<PI_SUFX_NAME/>
<PI_FULL_NAME>feng hua</PI_FULL_NAME>
<EmailAddress><![CDATA[huaf@mtc.edu]]></EmailAddress>
<NSF_ID>000811141</NSF_ID>
<StartDate>04/08/2023</StartDate>
<EndDate/>
<RoleCode>Co-Principal Investigator</RoleCode>
</Investigator>
<Investigator>
<FirstName>Elizabeth</FirstName>
<LastName>Azhikannickal</LastName>
<PI_MID_INIT/>
<PI_SUFX_NAME/>
<PI_FULL_NAME>Elizabeth Azhikannickal</PI_FULL_NAME>
<EmailAddress><![CDATA[azhikannickale@mtc.edu]]></EmailAddress>
<NSF_ID>000820579</NSF_ID>
<StartDate>04/08/2023</StartDate>
<EndDate/>
<RoleCode>Principal Investigator</RoleCode>
</Investigator>
<Investigator>
<FirstName>Scot</FirstName>
<LastName>McLemore</LastName>
<PI_MID_INIT/>
<PI_SUFX_NAME/>
<PI_FULL_NAME>Scot McLemore</PI_FULL_NAME>
<EmailAddress><![CDATA[smclemore3@cscc.edu]]></EmailAddress>
<NSF_ID>000891299</NSF_ID>
<StartDate>04/08/2023</StartDate>
<EndDate/>
<RoleCode>Co-Principal Investigator</RoleCode>
</Investigator>
<Institution>
<Name><![CDATA[Marion Technical College]]></Name>
<CityName>MARION</CityName>
<ZipCode>433025694</ZipCode>
<PhoneNumber>7407254078</PhoneNumber>
<StreetAddress><![CDATA[1467 MOUNT VERNON AVE]]></StreetAddress>
<StreetAddress2/>
<CountryName>United States</CountryName>
<StateName>Ohio</StateName>
<StateCode>OH</StateCode>
<CONGRESSDISTRICT>04</CONGRESSDISTRICT>
<CONGRESS_DISTRICT_ORG>OH04</CONGRESS_DISTRICT_ORG>
<ORG_UEI_NUM>LZ7PGV6WGCH8</ORG_UEI_NUM>
<ORG_LGL_BUS_NAME>MARION TECHNICAL COLLEGE</ORG_LGL_BUS_NAME>
<ORG_PRNT_UEI_NUM/>
</Institution>
<Performance_Institution>
<Name><![CDATA[Marion Technical College]]></Name>
<CityName>MARION</CityName>
<StateCode>OH</StateCode>
<ZipCode>433025628</ZipCode>
<StreetAddress><![CDATA[1467 MOUNT VERNON AVE]]></StreetAddress>
<CountryCode>US</CountryCode>
<CountryName>United States</CountryName>
<StateName>Ohio</StateName>
<CountryFlag>1</CountryFlag>
<CONGRESSDISTRICT>04</CONGRESSDISTRICT>
<CONGRESS_DISTRICT_PERF>OH04</CONGRESS_DISTRICT_PERF>
</Performance_Institution>
<ProgramElement>
<Code>741200</Code>
<Text>Advanced Tech Education Prog</Text>
</ProgramElement>
<ProgramReference>
<Code>1032</Code>
<Text>ADVANCED TECHNOLOGY EDUCATION</Text>
</ProgramReference>
<ProgramReference>
<Code>9178</Code>
<Text>UNDERGRADUATE EDUCATION</Text>
</ProgramReference>
<ProgramReference>
<Code>SMET</Code>
<Text>SCIENCE, MATH, ENG &amp; TECH EDUCATION</Text>
</ProgramReference>
<Appropriation>
<Code/>
<Name/>
<APP_SYMB_ID/>
</Appropriation>
<Fund>
<Code>04002324DB</Code>
<Name><![CDATA[NSF STEM Education]]></Name>
<FUND_SYMB_ID>040106</FUND_SYMB_ID>
</Fund>
<FUND_OBLG>2023~648370</FUND_OBLG>
</Award>
</rootTag>
