<?xml version="1.0" encoding="UTF-8"?>
<rootTag>
<Award>
<AwardTitle><![CDATA[Research Initiation Award: A Statistical Approach to Measuring Frailty in African Americans with Prediabetes and Diabetes: A Latent Class Analysis]]></AwardTitle>
<AGENCY>NSF</AGENCY>
<AwardEffectiveDate>08/01/2023</AwardEffectiveDate>
<AwardExpirationDate>07/31/2026</AwardExpirationDate>
<AwardTotalIntnAmount>299997.00</AwardTotalIntnAmount>
<AwardAmount>299997</AwardAmount>
<AwardInstrument>
<Value>Standard Grant</Value>
</AwardInstrument>
<Organization>
<Code>11060000</Code>
<Directorate>
<Abbreviation>EDU</Abbreviation>
<LongName>Directorate for STEM Education</LongName>
</Directorate>
<Division>
<Abbreviation>EES</Abbreviation>
<LongName>Div. of Equity for Excellence in STEM</LongName>
</Division>
</Organization>
<ProgramOfficer>
<SignBlockName>Carleitta Paige-Anderson</SignBlockName>
<PO_EMAI>cpaigean@nsf.gov</PO_EMAI>
<PO_PHON>7032922816</PO_PHON>
</ProgramOfficer>
<AbstractNarration>HBCU-UP’s Research Initiation Awards provide support for STEM faculty to pursue research activities to further their research capabilities and effectiveness and help enhance research and teaching at HBCUs. This award to Winston-Salem State University (WSSU) supports research aimed at identifying latent frailty profiles in African Americans adults with prediabetes and diabetes. This project will support WSSU’s growing mathematics program, by expanding research opportunities available to students and enhancing the department’s research infrastructure in biostatistical research. This project will provide hands-on training, mentoring, and research experiences to undergraduate students that will strengthen and broaden the participation of underrepresented groups in mathematics and statistics and prepare students for graduate programs and careers. The project has the potential to be a model for increasing the number of African Americans in biostatistical sciences and support the nations efforts in building a robust STEM workforce by engaging students early in research.  &lt;br/&gt;&lt;br/&gt;This project aims to conduct a series of secondary data analyses, using the extensive public data resources provided by the Jackson Heart Study (JHS), to examine frailty in African American adults with prediabetes and diabetes. Using a latent class statistical analysis approach to measure frailty, this project’s three aims are 1) To conduct basic research in latent profile identification of frailty in African American adults with prediabetes and diabetes, 2) To examine the statistical variability of the latent profiles of frailty among subgroups and the impact of the profiles selection among covariates, and 3) To test the predictive validity of the frailty latent class variable to predict adverse outcomes. This proposed project will be the first study to test the predictive validity of frailty latent classes in African Americans. This project is novel in its use of latent class analysis to examine frailty in an African American population with prediabetes and diabetes and advances knowledge in the field of biostatistical and aging research by adjusting for covariates and grouping individuals by diabetes status (prediabetes or diabetes) in the latent class model to identify frailty profiles. Educational components of this project will provide mentoring and research training opportunities for underrepresented undergraduate students and increase their knowledge of biostatistical research. This project benefits society by engaging historically marginalized groups in biostatistics work which can impact the communities in which they originate. By enhancing our understanding regarding the prevalence and severity of frailty and its validity in predicting adverse outcomes in African Americans with prediabetes and diabetes, students can serve as topic experts within their communities and families in which diabetes or pre-diabetes may be more prevalent.&lt;br/&gt;&lt;br/&gt;This award reflects NSF's statutory mission and has been deemed worthy of support through evaluation using the Foundation's intellectual merit and broader impacts review criteria.</AbstractNarration>
<MinAmdLetterDate>07/26/2023</MinAmdLetterDate>
<MaxAmdLetterDate>07/26/2023</MaxAmdLetterDate>
<ARRAAmount/>
<TRAN_TYPE>Grant</TRAN_TYPE>
<CFDA_NUM>47.076</CFDA_NUM>
<NSF_PAR_USE_FLAG>1</NSF_PAR_USE_FLAG>
<FUND_AGCY_CODE>4900</FUND_AGCY_CODE>
<AWDG_AGCY_CODE>4900</AWDG_AGCY_CODE>
<AwardID>2300385</AwardID>
<Investigator>
<FirstName>Felicia</FirstName>
<LastName>Simpson</LastName>
<PI_MID_INIT/>
<PI_SUFX_NAME/>
<PI_FULL_NAME>Felicia Simpson</PI_FULL_NAME>
<EmailAddress><![CDATA[griffinfr@wssu.edu]]></EmailAddress>
<NSF_ID>000765253</NSF_ID>
<StartDate>07/26/2023</StartDate>
<EndDate/>
<RoleCode>Principal Investigator</RoleCode>
</Investigator>
<Institution>
<Name><![CDATA[Winston-Salem State University]]></Name>
<CityName>WINSTON SALEM</CityName>
<ZipCode>271100003</ZipCode>
<PhoneNumber>3367503019</PhoneNumber>
<StreetAddress><![CDATA[601 S MARTIN LUTHER KING JR DR]]></StreetAddress>
<StreetAddress2/>
<CountryName>United States</CountryName>
<StateName>North Carolina</StateName>
<StateCode>NC</StateCode>
<CONGRESSDISTRICT>05</CONGRESSDISTRICT>
<CONGRESS_DISTRICT_ORG>NC05</CONGRESS_DISTRICT_ORG>
<ORG_UEI_NUM>K54FKGWN2EN5</ORG_UEI_NUM>
<ORG_LGL_BUS_NAME>WINSTON-SALEM STATE UNIVERSITY</ORG_LGL_BUS_NAME>
<ORG_PRNT_UEI_NUM/>
</Institution>
<Performance_Institution>
<Name><![CDATA[Winston-Salem State University]]></Name>
<CityName>WINSTON SALEM</CityName>
<StateCode>NC</StateCode>
<ZipCode>271100003</ZipCode>
<StreetAddress><![CDATA[601 S MARTIN LUTHER KING JR DR]]></StreetAddress>
<CountryCode>US</CountryCode>
<CountryName>United States</CountryName>
<StateName>North Carolina</StateName>
<CountryFlag>1</CountryFlag>
<CONGRESSDISTRICT>05</CONGRESSDISTRICT>
<CONGRESS_DISTRICT_PERF>NC05</CONGRESS_DISTRICT_PERF>
</Performance_Institution>
<ProgramElement>
<Code>159400</Code>
<Text>Hist Black Colleges and Univ</Text>
</ProgramElement>
<ProgramReference>
<Code>9178</Code>
<Text>UNDERGRADUATE EDUCATION</Text>
</ProgramReference>
<Appropriation>
<Code/>
<Name/>
<APP_SYMB_ID/>
</Appropriation>
<Fund>
<Code>04002324DB</Code>
<Name><![CDATA[NSF STEM Education]]></Name>
<FUND_SYMB_ID>040106</FUND_SYMB_ID>
</Fund>
<FUND_OBLG>2023~299997</FUND_OBLG>
</Award>
</rootTag>
