<?xml version="1.0" encoding="UTF-8"?>
<rootTag>
<Award>
<AwardTitle><![CDATA[Pathways to Conceptual Knowledge of Decimals]]></AwardTitle>
<AGENCY>NSF</AGENCY>
<AwardEffectiveDate>08/01/2023</AwardEffectiveDate>
<AwardExpirationDate>10/31/2023</AwardExpirationDate>
<AwardTotalIntnAmount>815385.00</AwardTotalIntnAmount>
<AwardAmount>536912</AwardAmount>
<AwardInstrument>
<Value>Continuing Grant</Value>
</AwardInstrument>
<Organization>
<Code>11090000</Code>
<Directorate>
<Abbreviation>EDU</Abbreviation>
<LongName>Directorate for STEM Education</LongName>
</Directorate>
<Division>
<Abbreviation>DRL</Abbreviation>
<LongName>Division Of Research On Learning</LongName>
</Division>
</Organization>
<ProgramOfficer>
<SignBlockName>Eric Knuth</SignBlockName>
<PO_EMAI>eknuth@nsf.gov</PO_EMAI>
<PO_PHON>7032928402</PO_PHON>
</ProgramOfficer>
<AbstractNarration>Mathematics proficiency is essential for success in STEM fields, but remains a challenge for many US students, particularly proficiency in understanding decimals and decimal arithmetic. The project aims to test whether optimizing practice problems can improve students’ competency with and understanding of decimals. Currently, students receive certain types of practice problems more frequently than other types of practice problems, an occurrence that may limit as well as interfere with students’ development a robust understanding of decimals. This project investigates whether providing balanced distributions of practice problems with immediate feedback can improve students’ knowledge of decimals and decimal arithmetic in middle school.&lt;br/&gt;&lt;br/&gt;The project includes three short-term intervention studies with 6th and 7th grade students. Study 1 will focus on decimal arithmetic and test whether completing balanced practice problems with immediate feedback will improve students’ procedural knowledge. The researchers will compare the effectiveness of balanced decimal arithmetic practice problems with immediate feedback, unbalanced practice problems that reflect typical practice problems presented in textbooks, and business-as-usual activities. Study 2 will focus on decimal magnitude knowledge and test whether procedural knowledge developed from balanced practice with immediate feedback will further improve conceptual knowledge, and whether additional scaffolding is needed. The researchers will compare effects of balanced practice with accuracy feedback, balanced practice with accuracy feedback and conceptual prompts, and balanced practice with no feedback. Study 3 will combine the interventions from Studies 1 and 2 to examine whether boosting students’ conceptual knowledge of decimal magnitudes leads to greater benefits from a subsequent decimal arithmetic intervention involving balanced practice problems with immediate feedback. Together, these studies will provide insight into the cognitive processes involved in developing decimal knowledge through balanced practice problem distributions. Further, the findings promise to set the foundation for large-scale school-based interventions aimed at improving children’s mathematical outcomes via an easily malleable factor in instructional materials – distributions of practice problems.&lt;br/&gt;&lt;br/&gt;This project is supported by NSF’s EDU Core Research (ECR) program. The ECR program emphasizes fundamental STEM education research that generates foundational knowledge in the field. Investments are made in critical areas that are essential, broad, and enduring: STEM learning and STEM learning environments, broadening participation in STEM, and STEM workforce development.&lt;br/&gt;&lt;br/&gt;This award reflects NSF's statutory mission and has been deemed worthy of support through evaluation using the Foundation's intellectual merit and broader impacts review criteria.</AbstractNarration>
<MinAmdLetterDate>04/18/2023</MinAmdLetterDate>
<MaxAmdLetterDate>04/18/2023</MaxAmdLetterDate>
<ARRAAmount/>
<TRAN_TYPE>Grant</TRAN_TYPE>
<CFDA_NUM>47.076</CFDA_NUM>
<NSF_PAR_USE_FLAG>1</NSF_PAR_USE_FLAG>
<FUND_AGCY_CODE>4900</FUND_AGCY_CODE>
<AWDG_AGCY_CODE>4900</AWDG_AGCY_CODE>
<AwardID>2300947</AwardID>
<Investigator>
<FirstName>Jing</FirstName>
<LastName>Tian</LastName>
<PI_MID_INIT/>
<PI_SUFX_NAME/>
<PI_FULL_NAME>Jing Tian</PI_FULL_NAME>
<EmailAddress><![CDATA[jtian35@fordham.edu]]></EmailAddress>
<NSF_ID>000902492</NSF_ID>
<StartDate>04/18/2023</StartDate>
<EndDate/>
<RoleCode>Principal Investigator</RoleCode>
</Investigator>
<Investigator>
<FirstName>Kristie</FirstName>
<LastName>Newton</LastName>
<PI_MID_INIT>J</PI_MID_INIT>
<PI_SUFX_NAME/>
<PI_FULL_NAME>Kristie J Newton</PI_FULL_NAME>
<EmailAddress><![CDATA[kjnewton@temple.edu]]></EmailAddress>
<NSF_ID>000495819</NSF_ID>
<StartDate>04/18/2023</StartDate>
<EndDate/>
<RoleCode>Co-Principal Investigator</RoleCode>
</Investigator>
<Investigator>
<FirstName>Elizabeth</FirstName>
<LastName>Gunderson</LastName>
<PI_MID_INIT>A</PI_MID_INIT>
<PI_SUFX_NAME/>
<PI_FULL_NAME>Elizabeth A Gunderson</PI_FULL_NAME>
<EmailAddress><![CDATA[liz.gunderson@temple.edu]]></EmailAddress>
<NSF_ID>000657187</NSF_ID>
<StartDate>04/18/2023</StartDate>
<EndDate/>
<RoleCode>Co-Principal Investigator</RoleCode>
</Investigator>
<Institution>
<Name><![CDATA[Temple University]]></Name>
<CityName>PHILADELPHIA</CityName>
<ZipCode>191226104</ZipCode>
<PhoneNumber>2157077547</PhoneNumber>
<StreetAddress><![CDATA[1805 N BROAD ST]]></StreetAddress>
<StreetAddress2/>
<CountryName>United States</CountryName>
<StateName>Pennsylvania</StateName>
<StateCode>PA</StateCode>
<CONGRESSDISTRICT>02</CONGRESSDISTRICT>
<CONGRESS_DISTRICT_ORG>PA02</CONGRESS_DISTRICT_ORG>
<ORG_UEI_NUM>QD4MGHFDJKU1</ORG_UEI_NUM>
<ORG_LGL_BUS_NAME>TEMPLE UNIVERSITY-OF THE COMMONWEALTH SYSTEM OF HIGHER EDUCATION</ORG_LGL_BUS_NAME>
<ORG_PRNT_UEI_NUM>QD4MGHFDJKU1</ORG_PRNT_UEI_NUM>
</Institution>
<Performance_Institution>
<Name><![CDATA[Temple University]]></Name>
<CityName>Philadelphia</CityName>
<StateCode>PA</StateCode>
<ZipCode>191226011</ZipCode>
<StreetAddress><![CDATA[1701 N. 13th Street, Weiss Hall]]></StreetAddress>
<CountryCode>US</CountryCode>
<CountryName>United States</CountryName>
<StateName>Pennsylvania</StateName>
<CountryFlag>1</CountryFlag>
<CONGRESSDISTRICT>02</CONGRESSDISTRICT>
<CONGRESS_DISTRICT_PERF>PA02</CONGRESS_DISTRICT_PERF>
</Performance_Institution>
<ProgramElement>
<Code>798000</Code>
<Text>ECR-EDU Core Research</Text>
</ProgramElement>
<ProgramReference>
<Code>8817</Code>
<Text>STEM Learning &amp; Learning Environments</Text>
</ProgramReference>
<Appropriation>
<Code/>
<Name/>
<APP_SYMB_ID/>
</Appropriation>
<Fund>
<Code>04002324DB</Code>
<Name><![CDATA[NSF STEM Education]]></Name>
<FUND_SYMB_ID>040106</FUND_SYMB_ID>
</Fund>
<FUND_OBLG>2023~0</FUND_OBLG>
</Award>
</rootTag>
