<?xml version="1.0" encoding="UTF-8"?>
<rootTag>
<Award>
<AwardTitle><![CDATA[CNS Core: Small: Towards Timing-Predictable Autonomy in DNN-driven Embedded Systems]]></AwardTitle>
<AGENCY>NSF</AGENCY>
<AwardEffectiveDate>10/01/2022</AwardEffectiveDate>
<AwardExpirationDate>06/30/2025</AwardExpirationDate>
<AwardTotalIntnAmount>484041.00</AwardTotalIntnAmount>
<AwardAmount>484041</AwardAmount>
<AwardInstrument>
<Value>Standard Grant</Value>
</AwardInstrument>
<Organization>
<Code>05050000</Code>
<Directorate>
<Abbreviation>CSE</Abbreviation>
<LongName>Direct For Computer &amp; Info Scie &amp; Enginr</LongName>
</Directorate>
<Division>
<Abbreviation>CNS</Abbreviation>
<LongName>Division Of Computer and Network Systems</LongName>
</Division>
</Organization>
<ProgramOfficer>
<SignBlockName>Jason Hallstrom</SignBlockName>
<PO_EMAI>jhallstr@nsf.gov</PO_EMAI>
<PO_PHON>7032920000</PO_PHON>
</ProgramOfficer>
<AbstractNarration>Machine learning techniques, particularly deep neural networks (DNNs), are enabling dramatically better autonomy in important domains, such as robotics and transportation. For instance, in automotive systems, DNNs are used to map raw pixels from on-vehicle cameras to steering control decisions. Recent end-to-end self-driving frameworks even make it possible for DNNs to learn to self-steer from limited human driving datasets. NVIDIA and Audi recently announced their plans to deliver DNN-based automated vehicles. A major challenge of safely and reliably adopting DNNs in any safety-critical embedded systems (e.g., cars) is the need to ensure timing predictability (i.e., enabling timing constraints to be analytically validated at design time), which is one of the most important tenets in the certification required for such safety-critical systems. For example, the functional correctness of an automobile hinges crucially upon temporal correctness, as the control operations depend on the processing of certain environmental sensing and computation tasks within specific time constraints. Unfortunately, it is not straightforward to achieve timing predictability in such systems, due to the resource bottlenecks that DNNs can impose.&lt;br/&gt; &lt;br/&gt;The goal of this research is to achieve timing predictability in DNN-driven autonomous embedded systems. A novel system model leveraging Heijunka, a mature production leveling approach first developed by Toyota, will be established. New DNN-aware, real-time resource allocation methods and associated analysis techniques for validating timing constraints will be developed that can be applied in DNN-driven embedded systems. Moreover, an open-source ecosystem with efficient memory management under heterogeneous hardware architectures will be implemented. The outcome of this project will pave the way to enable DNN-driven solutions to be safely and confidently adopted in many embedded domains in which timing predictability is a natural requirement. This project will also result in a pipeline of computer engineers and scientists who are skilled in the interdisciplinary nature of DNN-driven embedded systems, as well as increase awareness of real-time and autonomous system design concepts among students at all academic levels.&lt;br/&gt;&lt;br/&gt;This award reflects NSF's statutory mission and has been deemed worthy of support through evaluation using the Foundation's intellectual merit and broader impacts review criteria.</AbstractNarration>
<MinAmdLetterDate>10/31/2022</MinAmdLetterDate>
<MaxAmdLetterDate>08/15/2023</MaxAmdLetterDate>
<ARRAAmount/>
<TRAN_TYPE>Grant</TRAN_TYPE>
<CFDA_NUM>47.070</CFDA_NUM>
<NSF_PAR_USE_FLAG>1</NSF_PAR_USE_FLAG>
<FUND_AGCY_CODE>4900</FUND_AGCY_CODE>
<AWDG_AGCY_CODE>4900</AWDG_AGCY_CODE>
<AwardID>2300525</AwardID>
<Investigator>
<FirstName>Cong</FirstName>
<LastName>Liu</LastName>
<PI_MID_INIT/>
<PI_SUFX_NAME/>
<PI_FULL_NAME>Cong Liu</PI_FULL_NAME>
<EmailAddress><![CDATA[cong@utdallas.edu]]></EmailAddress>
<NSF_ID>000662039</NSF_ID>
<StartDate>10/31/2022</StartDate>
<EndDate>08/15/2023</EndDate>
<RoleCode>Former Principal Investigator</RoleCode>
</Investigator>
<Investigator>
<FirstName>Cong</FirstName>
<LastName>Liu</LastName>
<PI_MID_INIT/>
<PI_SUFX_NAME/>
<PI_FULL_NAME>Cong Liu</PI_FULL_NAME>
<EmailAddress><![CDATA[congl@ucr.edu]]></EmailAddress>
<NSF_ID>000879708</NSF_ID>
<StartDate>08/15/2023</StartDate>
<EndDate/>
<RoleCode>Principal Investigator</RoleCode>
</Investigator>
<Institution>
<Name><![CDATA[University of California-Riverside]]></Name>
<CityName>RIVERSIDE</CityName>
<ZipCode>925210001</ZipCode>
<PhoneNumber>9518275535</PhoneNumber>
<StreetAddress><![CDATA[200 UNIVERSTY OFC BUILDING]]></StreetAddress>
<StreetAddress2/>
<CountryName>United States</CountryName>
<StateName>California</StateName>
<StateCode>CA</StateCode>
<CONGRESSDISTRICT>39</CONGRESSDISTRICT>
<CONGRESS_DISTRICT_ORG>CA39</CONGRESS_DISTRICT_ORG>
<ORG_UEI_NUM>MR5QC5FCAVH5</ORG_UEI_NUM>
<ORG_LGL_BUS_NAME>REGENTS OF THE UNIVERSITY OF CALIFORNIA AT RIVERSIDE</ORG_LGL_BUS_NAME>
<ORG_PRNT_UEI_NUM/>
</Institution>
<Performance_Institution>
<Name><![CDATA[University of California-Riverside]]></Name>
<CityName>RIVERSIDE</CityName>
<StateCode>CA</StateCode>
<ZipCode>925210001</ZipCode>
<StreetAddress><![CDATA[900 UNIVERSITY AVE]]></StreetAddress>
<CountryCode>US</CountryCode>
<CountryName>United States</CountryName>
<StateName>California</StateName>
<CountryFlag>1</CountryFlag>
<CONGRESSDISTRICT>39</CONGRESSDISTRICT>
<CONGRESS_DISTRICT_PERF>CA39</CONGRESS_DISTRICT_PERF>
</Performance_Institution>
<ProgramElement>
<Code>735400</Code>
<Text>CSR-Computer Systems Research</Text>
</ProgramElement>
<ProgramReference>
<Code>7923</Code>
<Text>SMALL PROJECT</Text>
</ProgramReference>
<Appropriation>
<Code/>
<Name/>
<APP_SYMB_ID/>
</Appropriation>
<Fund>
<Code>01002223DB</Code>
<Name><![CDATA[NSF RESEARCH & RELATED ACTIVIT]]></Name>
<FUND_SYMB_ID>040100</FUND_SYMB_ID>
</Fund>
<FUND_OBLG>2022~484041</FUND_OBLG>
</Award>
</rootTag>
