<?xml version="1.0" encoding="UTF-8"?>
<rootTag>
<Award>
<AwardTitle><![CDATA[Excellence in Research- Dimeric Bis-Naphthoquinone Formation via a Green and Straightforward Approach Mechanistic and Adaptability Studies]]></AwardTitle>
<AGENCY>NSF</AGENCY>
<AwardEffectiveDate>08/15/2023</AwardEffectiveDate>
<AwardExpirationDate>07/31/2026</AwardExpirationDate>
<AwardTotalIntnAmount>453612.00</AwardTotalIntnAmount>
<AwardAmount>453612</AwardAmount>
<AwardInstrument>
<Value>Standard Grant</Value>
</AwardInstrument>
<Organization>
<Code>03090000</Code>
<Directorate>
<Abbreviation>MPS</Abbreviation>
<LongName>Direct For Mathematical &amp; Physical Scien</LongName>
</Directorate>
<Division>
<Abbreviation>CHE</Abbreviation>
<LongName>Division Of Chemistry</LongName>
</Division>
</Organization>
<ProgramOfficer>
<SignBlockName>Tingyu Li</SignBlockName>
<PO_EMAI>tli@nsf.gov</PO_EMAI>
<PO_PHON>7032924949</PO_PHON>
</ProgramOfficer>
<AbstractNarration>In this Excellence in Research project, Jayalakshmi Sridhar and Kevin Riley of the Department of Chemistry at Xavier University of Louisiana (XULA) explore the versatility of a newly discovered synthetic method for creation of dimeric quinone molecules with interesting properties. The goal of this research is to standardize the straightforward method for creation of designed dimeric quinones, which have strong potential in efficient energy storage systems (e.g. redox flow batteries), as coloring agents (dyes) and in pharmaceutical applications (e.g. therapeutics for diseases such as cancer and pathogenic infections). The project lies at the interface of organic, computational, materials and medicinal chemistry. Therefore, the project is well suited to train undergraduate students in multiple areas of chemistry. The collaborative research groups are well experienced in training undergraduate minority students in organic synthetic techniques and computational chemistry tools. The research groups are well positioned to provide the highest level of research training for students underrepresented in science and ensure their success in graduate schools. The students receive training in scientific explorations in chemistry labs, communication of results in oral and written formats at national conferences and enhancement of soft skills essential for succeeding in a scientific career.  &lt;br/&gt;&lt;br/&gt;Homo- and heterodimeric quinones belong to an important class of molecules that have multiple applications in the areas of energy storage, pharmaceuticals and dyes. Dimeric quinones are capable of chelating to multiple metal cations with enhanced performance in redox flow batteries. These extended conjugated systems display pH-based color spectra. The quinone core moiety, found in several biologically active natural products, is amenable to modifications for targeting specific biomolecules. The newly identified synthetic method begins with Diels-Alder products undergoing redox reactions and Michael addition to form dimeric quinones. This reaction will be explored for its use in providing a predictable and easily adaptable way to create a wide array of homo- and hetero-bisquinone dimers. In this project, the following aspects of the new synthetic method are targeted for study. (1) The mechanism of the reaction will be studied using computational and synthetic methods with the goal of developing synthetic protocols into designed quinone dimers with specific structural features. (2) With the mechanistic insight gained, the team will explore the synthesis of homodimers with varied structural features including heterocyclic scaffolds; and (3) Similarly, the collaborative Sridhar/Riley team will examine the versatility of the reaction for the synthesis of heterodimers that are designed for specific end uses.&lt;br/&gt;&lt;br/&gt;This award reflects NSF's statutory mission and has been deemed worthy of support through evaluation using the Foundation's intellectual merit and broader impacts review criteria.</AbstractNarration>
<MinAmdLetterDate>08/11/2023</MinAmdLetterDate>
<MaxAmdLetterDate>08/11/2023</MaxAmdLetterDate>
<ARRAAmount/>
<TRAN_TYPE>Grant</TRAN_TYPE>
<CFDA_NUM>47.083</CFDA_NUM>
<NSF_PAR_USE_FLAG>1</NSF_PAR_USE_FLAG>
<FUND_AGCY_CODE>4900</FUND_AGCY_CODE>
<AWDG_AGCY_CODE>4900</AWDG_AGCY_CODE>
<AwardID>2300447</AwardID>
<Investigator>
<FirstName>Kevin</FirstName>
<LastName>Riley</LastName>
<PI_MID_INIT/>
<PI_SUFX_NAME/>
<PI_FULL_NAME>Kevin Riley</PI_FULL_NAME>
<EmailAddress><![CDATA[kriley3@xula.edu]]></EmailAddress>
<NSF_ID>000677450</NSF_ID>
<StartDate>08/11/2023</StartDate>
<EndDate/>
<RoleCode>Co-Principal Investigator</RoleCode>
</Investigator>
<Investigator>
<FirstName>Jayalakshmi</FirstName>
<LastName>Sridhar</LastName>
<PI_MID_INIT/>
<PI_SUFX_NAME/>
<PI_FULL_NAME>Jayalakshmi Sridhar</PI_FULL_NAME>
<EmailAddress><![CDATA[jsridhar@xula.edu]]></EmailAddress>
<NSF_ID>000849853</NSF_ID>
<StartDate>08/11/2023</StartDate>
<EndDate/>
<RoleCode>Principal Investigator</RoleCode>
</Investigator>
<Institution>
<Name><![CDATA[Xavier University of Louisiana]]></Name>
<CityName>NEW ORLEANS</CityName>
<ZipCode>701251056</ZipCode>
<PhoneNumber>5045205440</PhoneNumber>
<StreetAddress><![CDATA[1 DREXEL DR]]></StreetAddress>
<StreetAddress2/>
<CountryName>United States</CountryName>
<StateName>Louisiana</StateName>
<StateCode>LA</StateCode>
<CONGRESSDISTRICT>02</CONGRESSDISTRICT>
<CONGRESS_DISTRICT_ORG>LA02</CONGRESS_DISTRICT_ORG>
<ORG_UEI_NUM>HGAAKCE3A7P7</ORG_UEI_NUM>
<ORG_LGL_BUS_NAME>XAVIER UNIVERSITY OF LOUISIANA</ORG_LGL_BUS_NAME>
<ORG_PRNT_UEI_NUM>HGAAKCE3A7P7</ORG_PRNT_UEI_NUM>
</Institution>
<Performance_Institution>
<Name><![CDATA[Xavier University of Louisiana]]></Name>
<CityName>New Orleans</CityName>
<StateCode>LA</StateCode>
<ZipCode>701251098</ZipCode>
<StreetAddress><![CDATA[1 Drexel Drive]]></StreetAddress>
<CountryCode>US</CountryCode>
<CountryName>United States</CountryName>
<StateName>Louisiana</StateName>
<CountryFlag>1</CountryFlag>
<CONGRESSDISTRICT>02</CONGRESSDISTRICT>
<CONGRESS_DISTRICT_PERF>LA02</CONGRESS_DISTRICT_PERF>
</Performance_Institution>
<ProgramElement>
<Code>070Y00</Code>
<Text>HBCU-EiR - HBCU-Excellence in</Text>
</ProgramElement>
<ProgramReference>
<Code>090Z</Code>
<Text>CAS-Critical Aspects of Sustainability</Text>
</ProgramReference>
<ProgramReference>
<Code>8248</Code>
<Text>SusChEM</Text>
</ProgramReference>
<ProgramReference>
<Code>9150</Code>
<Text>EXP PROG TO STIM COMP RES</Text>
</ProgramReference>
<Appropriation>
<Code/>
<Name/>
<APP_SYMB_ID/>
</Appropriation>
<Fund>
<Code>01AB2324DB</Code>
<Name><![CDATA[R&RA DRSA DEFC AAB]]></Name>
<FUND_SYMB_ID>040100</FUND_SYMB_ID>
</Fund>
<FUND_OBLG>2023~453612</FUND_OBLG>
</Award>
</rootTag>
