<?xml version="1.0" encoding="UTF-8"?>
<rootTag>
<Award>
<AwardTitle><![CDATA[Harvesting Actionable Results for Learning and Instruction: A Novel Mixed Methods Approach to Extracting and Validating Information from Diagnostic Assessment]]></AwardTitle>
<AGENCY>NSF</AGENCY>
<AwardEffectiveDate>10/01/2023</AwardEffectiveDate>
<AwardExpirationDate>09/30/2026</AwardExpirationDate>
<AwardTotalIntnAmount>499984.00</AwardTotalIntnAmount>
<AwardAmount>515984</AwardAmount>
<AwardInstrument>
<Value>Standard Grant</Value>
</AwardInstrument>
<Organization>
<Code>11090000</Code>
<Directorate>
<Abbreviation>EDU</Abbreviation>
<LongName>Directorate for STEM Education</LongName>
</Directorate>
<Division>
<Abbreviation>DRL</Abbreviation>
<LongName>Division Of Research On Learning</LongName>
</Division>
</Organization>
<ProgramOfficer>
<SignBlockName>Finbarr Sloane</SignBlockName>
<PO_EMAI>fsloane@nsf.gov</PO_EMAI>
<PO_PHON>7032928465</PO_PHON>
</ProgramOfficer>
<AbstractNarration>Cognitive diagnostic models (CDMs) are an area of psychometric research that has seen substantial growth in the past decade. These assessment tools have received more attention because a simple overall test score does not serve teaching goals as a richer evaluation of the student's skills is needed to support tailored instruction. The investigator proposes to extend existing CDM psychometric approaches to develop the diagnostic facet status model (DFSM) for formative assessment design based on the high school physics curriculum. &lt;br/&gt;&lt;br/&gt;There are a number of working concerns with existing CDMs. They do not scale well to high-dimensional facet spaces, they require complex coding schemes based on expert input, they cannot explore intricate facet relationships, or option-based nominal responses. This project will build on existing CDM approaches to address these limitations. The project develops a new psychometric model, the DFSM, and a longitudinal extension, which can simultaneously model high-dimensional goal and intermediate understandings at item option level. The PIs develop a machine learning method to identify relations among facets, yielding a comprehensive "facet map" that reveals both attribute hierarchies and conjoined facets for the learning of physics. Finally, the researchers conduct qualitative studies to validate DFSM and longitudinal DFSM's output for learning and instruction.&lt;br/&gt;&lt;br/&gt;The project is supported by NSF's EDU Core Research Building Capacity in STEM Education Research (ECR: BCSER) program, which is designed to build investigators' capacity to carry out high-quality STEM education research.&lt;br/&gt;&lt;br/&gt;This award reflects NSF's statutory mission and has been deemed worthy of support through evaluation using the Foundation's intellectual merit and broader impacts review criteria.</AbstractNarration>
<MinAmdLetterDate>09/18/2023</MinAmdLetterDate>
<MaxAmdLetterDate>07/09/2024</MaxAmdLetterDate>
<ARRAAmount/>
<TRAN_TYPE>Grant</TRAN_TYPE>
<CFDA_NUM>47.076</CFDA_NUM>
<NSF_PAR_USE_FLAG>1</NSF_PAR_USE_FLAG>
<FUND_AGCY_CODE>4900</FUND_AGCY_CODE>
<AWDG_AGCY_CODE>4900</AWDG_AGCY_CODE>
<AwardID>2300382</AwardID>
<Investigator>
<FirstName>Jim</FirstName>
<LastName>Minstrell</LastName>
<PI_MID_INIT>A</PI_MID_INIT>
<PI_SUFX_NAME/>
<PI_FULL_NAME>Jim A Minstrell</PI_FULL_NAME>
<EmailAddress><![CDATA[jimminstrell@facetinnovations.com]]></EmailAddress>
<NSF_ID>000433019</NSF_ID>
<StartDate>09/18/2023</StartDate>
<EndDate/>
<RoleCode>Co-Principal Investigator</RoleCode>
</Investigator>
<Investigator>
<FirstName>Min</FirstName>
<LastName>Li</LastName>
<PI_MID_INIT/>
<PI_SUFX_NAME/>
<PI_FULL_NAME>Min Li</PI_FULL_NAME>
<EmailAddress><![CDATA[minli@u.washington.edu]]></EmailAddress>
<NSF_ID>000486022</NSF_ID>
<StartDate>09/18/2023</StartDate>
<EndDate/>
<RoleCode>Co-Principal Investigator</RoleCode>
</Investigator>
<Investigator>
<FirstName>Chun</FirstName>
<LastName>Wang</LastName>
<PI_MID_INIT/>
<PI_SUFX_NAME/>
<PI_FULL_NAME>Chun Wang</PI_FULL_NAME>
<EmailAddress><![CDATA[wang4066@uw.edu]]></EmailAddress>
<NSF_ID>000663421</NSF_ID>
<StartDate>09/18/2023</StartDate>
<EndDate/>
<RoleCode>Principal Investigator</RoleCode>
</Investigator>
<Institution>
<Name><![CDATA[University of Washington]]></Name>
<CityName>SEATTLE</CityName>
<ZipCode>981951016</ZipCode>
<PhoneNumber>2065434043</PhoneNumber>
<StreetAddress><![CDATA[4333 BROOKLYN AVE NE]]></StreetAddress>
<StreetAddress2/>
<CountryName>United States</CountryName>
<StateName>Washington</StateName>
<StateCode>WA</StateCode>
<CONGRESSDISTRICT>07</CONGRESSDISTRICT>
<CONGRESS_DISTRICT_ORG>WA07</CONGRESS_DISTRICT_ORG>
<ORG_UEI_NUM>HD1WMN6945W6</ORG_UEI_NUM>
<ORG_LGL_BUS_NAME>UNIVERSITY OF WASHINGTON</ORG_LGL_BUS_NAME>
<ORG_PRNT_UEI_NUM/>
</Institution>
<Performance_Institution>
<Name><![CDATA[University of Washington]]></Name>
<CityName>Seattle</CityName>
<StateCode>WA</StateCode>
<ZipCode>981950001</ZipCode>
<StreetAddress><![CDATA[4333 Brooklyn Ave NE]]></StreetAddress>
<CountryCode>US</CountryCode>
<CountryName>United States</CountryName>
<StateName>Washington</StateName>
<CountryFlag>1</CountryFlag>
<CONGRESSDISTRICT>07</CONGRESSDISTRICT>
<CONGRESS_DISTRICT_PERF>WA07</CONGRESS_DISTRICT_PERF>
</Performance_Institution>
<ProgramElement>
<Code>798000</Code>
<Text>ECR-EDU Core Research</Text>
</ProgramElement>
<ProgramReference>
<Code>8817</Code>
<Text>STEM Learning &amp; Learning Environments</Text>
</ProgramReference>
<ProgramReference>
<Code>9251</Code>
<Text>REU SUPP-Res Exp for Ugrd Supp</Text>
</ProgramReference>
<Appropriation>
<Code/>
<Name/>
<APP_SYMB_ID/>
</Appropriation>
<Appropriation>
<Code/>
<Name/>
<APP_SYMB_ID/>
</Appropriation>
<Fund>
<Code>04002425DB</Code>
<Name><![CDATA[NSF STEM Education]]></Name>
<FUND_SYMB_ID>040106</FUND_SYMB_ID>
</Fund>
<Fund>
<Code>04002324DB</Code>
<Name><![CDATA[NSF STEM Education]]></Name>
<FUND_SYMB_ID>040106</FUND_SYMB_ID>
</Fund>
<FUND_OBLG>2023~499984</FUND_OBLG>
<FUND_OBLG>2024~16000</FUND_OBLG>
</Award>
</rootTag>
