<?xml version="1.0" encoding="UTF-8"?>
<rootTag>
<Award>
<AwardTitle><![CDATA[Collaborative Research: Engaging students in discourse about criteria for judging scientific models]]></AwardTitle>
<AGENCY>NSF</AGENCY>
<AwardEffectiveDate>08/01/2023</AwardEffectiveDate>
<AwardExpirationDate>07/31/2026</AwardExpirationDate>
<AwardTotalIntnAmount>725210.00</AwardTotalIntnAmount>
<AwardAmount>725210</AwardAmount>
<AwardInstrument>
<Value>Continuing Grant</Value>
</AwardInstrument>
<Organization>
<Code>11090000</Code>
<Directorate>
<Abbreviation>EDU</Abbreviation>
<LongName>Directorate for STEM Education</LongName>
</Directorate>
<Division>
<Abbreviation>DRL</Abbreviation>
<LongName>Division Of Research On Learning</LongName>
</Division>
</Organization>
<ProgramOfficer>
<SignBlockName>Michael Ford</SignBlockName>
<PO_EMAI>miford@nsf.gov</PO_EMAI>
<PO_PHON>7032925153</PO_PHON>
</ProgramOfficer>
<AbstractNarration>The goal of this project is to study how secondary students come to understand better an underlying logic of natural sciences--the relation between construction of new ideas and critique of them.  Science education has traditionally focused mostly on how students construct models of natural phenomena. However, critique is crucial for iterative refinement of models because in professional science, peer critique of explanatory models motivates and guides progress toward better understanding. This project engages students in this process and helps them understand the relation of critique to better explanations, by focusing students on the criteria by which critique and understanding develop together through classroom discussions. The team is developing a suite of teaching tools expanding upon the previously developed open source software, Modeling and Evidence Mapping Environment, which structures how students connect evidence directly to models they construct. The products of this project, which include enhanced software, curriculum, and assessments, are intended to increase capacity to engage young learners in ambitious science educational experiences that are consistent with the Next Generation Science Standards.&lt;br/&gt;&lt;br/&gt;The project focuses on three interlinked practices critical for successful reasoning with evidence about scientific models in science: engaging in peer critique of models, describing and justifying key epistemic considerations to guide model critique, and iteratively revising models towards greater accuracy by attending to peer critique. This project advances the existing Model and Evidence Mapping Environment software by adding a scaffolding suite to support student engagement in, and valuing of, this epistemic meta-level of community critique for improving the veracity and utility of models. A set of design experiments provide insights regarding teachers' effective scaffolding of activities and software features, and inform iterative design of instructional materials. The entire ensemble is tested in small and larger scale heterogeneous classroom settings in Indiana and New Jersey. Measured outcomes include student learning, based on interviews and written student artifacts, as well as examinations of classroom collaborative discourse. The project is yielding critical theoretical insights about learners' growth along these dimensions of understanding science, and practical materials and professional development to support it. &lt;br/&gt;&lt;br/&gt;This project is supported by NSF's EDU Core Research (ECR) program. The ECR program emphasizes fundamental STEM education research that generates foundational knowledge in the field. Investments are made in critical areas that are essential, broad and enduring: STEM learning and STEM learning environments, broadening participation in STEM, and STEM workforce development. &lt;br/&gt;&lt;br/&gt;The project is also supported by the Discovery Research preK-12 program (DRK-12), which seeks to significantly enhance the learning and teaching of science, technology, engineering and mathematics (STEM) by preK-12 students and teachers, through research and development of innovative resources, models and tools. Projects in the DRK-12 program build on fundamental research in STEM education and prior research and development efforts that provide theoretical and empirical justification for proposed projects.&lt;br/&gt;&lt;br/&gt;This award reflects NSF's statutory mission and has been deemed worthy of support through evaluation using the Foundation's intellectual merit and broader impacts review criteria.</AbstractNarration>
<MinAmdLetterDate>07/26/2023</MinAmdLetterDate>
<MaxAmdLetterDate>09/17/2024</MaxAmdLetterDate>
<ARRAAmount/>
<TRAN_TYPE>Grant</TRAN_TYPE>
<CFDA_NUM>47.076</CFDA_NUM>
<NSF_PAR_USE_FLAG>1</NSF_PAR_USE_FLAG>
<FUND_AGCY_CODE>4900</FUND_AGCY_CODE>
<AWDG_AGCY_CODE>4900</AWDG_AGCY_CODE>
<AwardID>2300831</AwardID>
<Investigator>
<FirstName>Clark</FirstName>
<LastName>Chinn</LastName>
<PI_MID_INIT>A</PI_MID_INIT>
<PI_SUFX_NAME/>
<PI_FULL_NAME>Clark A Chinn</PI_FULL_NAME>
<EmailAddress><![CDATA[clark.chinn@gse.rutgers.edu]]></EmailAddress>
<NSF_ID>000412305</NSF_ID>
<StartDate>07/26/2023</StartDate>
<EndDate/>
<RoleCode>Co-Principal Investigator</RoleCode>
</Investigator>
<Investigator>
<FirstName>Ravit</FirstName>
<LastName>Golan Duncan</LastName>
<PI_MID_INIT/>
<PI_SUFX_NAME/>
<PI_FULL_NAME>Ravit Golan Duncan</PI_FULL_NAME>
<EmailAddress><![CDATA[ravit.duncan@gse.rutgers.edu]]></EmailAddress>
<NSF_ID>000312719</NSF_ID>
<StartDate>07/26/2023</StartDate>
<EndDate/>
<RoleCode>Principal Investigator</RoleCode>
</Investigator>
<Institution>
<Name><![CDATA[Rutgers University New Brunswick]]></Name>
<CityName>NEW BRUNSWICK</CityName>
<ZipCode>089018559</ZipCode>
<PhoneNumber>8489320150</PhoneNumber>
<StreetAddress><![CDATA[3 RUTGERS PLZ]]></StreetAddress>
<StreetAddress2/>
<CountryName>United States</CountryName>
<StateName>New Jersey</StateName>
<StateCode>NJ</StateCode>
<CONGRESSDISTRICT>12</CONGRESSDISTRICT>
<CONGRESS_DISTRICT_ORG>NJ12</CONGRESS_DISTRICT_ORG>
<ORG_UEI_NUM>M1LVPE5GLSD9</ORG_UEI_NUM>
<ORG_LGL_BUS_NAME>RUTGERS, THE STATE UNIVERSITY</ORG_LGL_BUS_NAME>
<ORG_PRNT_UEI_NUM/>
</Institution>
<Performance_Institution>
<Name><![CDATA[Rutgers University New Brunswick]]></Name>
<CityName>NEW BRUNSWICK</CityName>
<StateCode>NJ</StateCode>
<ZipCode>089018559</ZipCode>
<StreetAddress><![CDATA[3 RUTGERS PLZA]]></StreetAddress>
<CountryCode>US</CountryCode>
<CountryName>United States</CountryName>
<StateName>New Jersey</StateName>
<CountryFlag>1</CountryFlag>
<CONGRESSDISTRICT>12</CONGRESSDISTRICT>
<CONGRESS_DISTRICT_PERF>NJ12</CONGRESS_DISTRICT_PERF>
</Performance_Institution>
<ProgramElement>
<Code>764500</Code>
<Text>Discovery Research K-12</Text>
</ProgramElement>
<ProgramElement>
<Code>798000</Code>
<Text>ECR-EDU Core Research</Text>
</ProgramElement>
<ProgramReference>
<Code>8817</Code>
<Text>STEM Learning &amp; Learning Environments</Text>
</ProgramReference>
<Appropriation>
<Code/>
<Name/>
<APP_SYMB_ID/>
</Appropriation>
<Appropriation>
<Code/>
<Name/>
<APP_SYMB_ID/>
</Appropriation>
<Fund>
<Code>04002425DB</Code>
<Name><![CDATA[NSF STEM Education]]></Name>
<FUND_SYMB_ID>040106</FUND_SYMB_ID>
</Fund>
<Fund>
<Code>04002324DB</Code>
<Name><![CDATA[NSF STEM Education]]></Name>
<FUND_SYMB_ID>040106</FUND_SYMB_ID>
</Fund>
<FUND_OBLG>2023~452772</FUND_OBLG>
<FUND_OBLG>2024~272438</FUND_OBLG>
</Award>
</rootTag>
