<?xml version="1.0" encoding="UTF-8"?>
<rootTag>
<Award>
<AwardTitle><![CDATA[Investigation of Clock Transitions in Single and Coupled Molecular Spin Qubits]]></AwardTitle>
<AGENCY>NSF</AGENCY>
<AwardEffectiveDate>06/01/2023</AwardEffectiveDate>
<AwardExpirationDate>05/31/2026</AwardExpirationDate>
<AwardTotalIntnAmount>527072.00</AwardTotalIntnAmount>
<AwardAmount>527072</AwardAmount>
<AwardInstrument>
<Value>Standard Grant</Value>
</AwardInstrument>
<Organization>
<Code>03090000</Code>
<Directorate>
<Abbreviation>MPS</Abbreviation>
<LongName>Direct For Mathematical &amp; Physical Scien</LongName>
</Directorate>
<Division>
<Abbreviation>CHE</Abbreviation>
<LongName>Division Of Chemistry</LongName>
</Division>
</Organization>
<ProgramOfficer>
<SignBlockName>Gregory Dudley</SignBlockName>
<PO_EMAI>gdudley@nsf.gov</PO_EMAI>
<PO_PHON>7032924317</PO_PHON>
</ProgramOfficer>
<AbstractNarration>With support from the Chemical Structure, Dynamics &amp; Mechanisms-B (CSDM-B) Program of the Chemistry Division, Professors Mykhailo Shatruk of the Department of Chemistry and Biochemistry and Stephen Hill of the Department of Physics and National High Magnetic Field Laboratory at Florida State University are investigating approaches to magnetic molecules that can serve as qubits for quantum information processing.  The project focuses on lanthanide complexes with quantum clock transitions, which can provide protection of the molecular qubits against external magnetic noise and prolong the duration of quantum entanglement – a crucial factor for the implementation of quantum technologies.  The project will train junior scientists at the nexus of inorganic chemistry, quantum physics, and materials science, thus contributing to the education of the future quantum workforce.  The project team plans to organize a nationwide undergraduate summer school to educate students about magnetic materials.  Outreach activities will also involve high-school students and the general public, and are aimed at broadening participation by members of groups underrepresented in physical sciences.&lt;br/&gt;&lt;br/&gt;Paramagnetic molecular complexes are promising platforms for the development of electron spin qubits, due to the high tunability of their synthesis that allows realization of targeted magnetic parameters.  This project will involve the examination of lanthanide complexes as potential electron spin qubits, with a focus on quantum clock transitions (QCTs) that emerge from the opening of quantum tunneling gaps due to mixing of ground doublet states generated by crystal field splitting.  At the QCT, electron spin becomes insensitive to the surrounding spin bath, leading to a dramatic increase in the quantum coherence time, thus allowing protection of the entangled state from the magnetic noise.  The first stage of this project involves the investigation of mononuclear complexes to identify the most promising QCT systems that demonstrate the desired values of tunneling gap and coherence time.  The second stage will be devoted to connecting such qubits through a photo- or redox-switchable linkers, to make possible quantum gate operations.  Advanced characterization methods, including a suite of electron paramagnetic resonance techniques, far-infrared magnetic spectroscopy, inelastic neutron scattering, and theoretical modeling will be used to investigate the molecular qubits and guide further synthetic efforts.&lt;br/&gt;&lt;br/&gt;This award reflects NSF's statutory mission and has been deemed worthy of support through evaluation using the Foundation's intellectual merit and broader impacts review criteria.</AbstractNarration>
<MinAmdLetterDate>04/21/2023</MinAmdLetterDate>
<MaxAmdLetterDate>04/21/2023</MaxAmdLetterDate>
<ARRAAmount/>
<TRAN_TYPE>Grant</TRAN_TYPE>
<CFDA_NUM>47.049</CFDA_NUM>
<NSF_PAR_USE_FLAG>1</NSF_PAR_USE_FLAG>
<FUND_AGCY_CODE>4900</FUND_AGCY_CODE>
<AWDG_AGCY_CODE>4900</AWDG_AGCY_CODE>
<AwardID>2300779</AwardID>
<Investigator>
<FirstName>Mykhailo</FirstName>
<LastName>Shatruk</LastName>
<PI_MID_INIT/>
<PI_SUFX_NAME/>
<PI_FULL_NAME>Mykhailo Shatruk</PI_FULL_NAME>
<EmailAddress><![CDATA[shatruk@chem.fsu.edu]]></EmailAddress>
<NSF_ID>000513463</NSF_ID>
<StartDate>04/21/2023</StartDate>
<EndDate/>
<RoleCode>Principal Investigator</RoleCode>
</Investigator>
<Investigator>
<FirstName>Stephen</FirstName>
<LastName>Hill</LastName>
<PI_MID_INIT>O</PI_MID_INIT>
<PI_SUFX_NAME/>
<PI_FULL_NAME>Stephen O Hill</PI_FULL_NAME>
<EmailAddress><![CDATA[shill@magnet.fsu.edu]]></EmailAddress>
<NSF_ID>000101901</NSF_ID>
<StartDate>04/21/2023</StartDate>
<EndDate/>
<RoleCode>Co-Principal Investigator</RoleCode>
</Investigator>
<Institution>
<Name><![CDATA[Florida State University]]></Name>
<CityName>TALLAHASSEE</CityName>
<ZipCode>323060001</ZipCode>
<PhoneNumber>8506445260</PhoneNumber>
<StreetAddress><![CDATA[874 TRADITIONS WAY]]></StreetAddress>
<StreetAddress2/>
<CountryName>United States</CountryName>
<StateName>Florida</StateName>
<StateCode>FL</StateCode>
<CONGRESSDISTRICT>02</CONGRESSDISTRICT>
<CONGRESS_DISTRICT_ORG>FL02</CONGRESS_DISTRICT_ORG>
<ORG_UEI_NUM>JF2BLNN4PJC3</ORG_UEI_NUM>
<ORG_LGL_BUS_NAME>FLORIDA STATE UNIVERSITY</ORG_LGL_BUS_NAME>
<ORG_PRNT_UEI_NUM/>
</Institution>
<Performance_Institution>
<Name><![CDATA[Florida State University]]></Name>
<CityName>Tallahassee</CityName>
<StateCode>FL</StateCode>
<ZipCode>323064390</ZipCode>
<StreetAddress><![CDATA[95 Chieftan Way]]></StreetAddress>
<CountryCode>US</CountryCode>
<CountryName>United States</CountryName>
<StateName>Florida</StateName>
<CountryFlag>1</CountryFlag>
<CONGRESSDISTRICT>02</CONGRESSDISTRICT>
<CONGRESS_DISTRICT_PERF>FL02</CONGRESS_DISTRICT_PERF>
</Performance_Institution>
<ProgramElement>
<Code>910200</Code>
<Text>CMFP-Chem Mech Funct, and Prop</Text>
</ProgramElement>
<ProgramReference>
<Code>7203</Code>
<Text>QUANTUM INFORMATION SCIENCE</Text>
</ProgramReference>
<Appropriation>
<Code/>
<Name/>
<APP_SYMB_ID/>
</Appropriation>
<Fund>
<Code>01002324DB</Code>
<Name><![CDATA[NSF RESEARCH & RELATED ACTIVIT]]></Name>
<FUND_SYMB_ID>040100</FUND_SYMB_ID>
</Fund>
<FUND_OBLG>2023~527072</FUND_OBLG>
</Award>
</rootTag>
