<?xml version="1.0" encoding="UTF-8"?>
<rootTag>
<Award>
<AwardTitle><![CDATA[ERI: Human-Inspired Robotic Assistance to Prevent Slip-Induced Falls]]></AwardTitle>
<AGENCY>NSF</AGENCY>
<AwardEffectiveDate>09/01/2023</AwardEffectiveDate>
<AwardExpirationDate>08/31/2025</AwardExpirationDate>
<AwardTotalIntnAmount>200000.00</AwardTotalIntnAmount>
<AwardAmount>200000</AwardAmount>
<AwardInstrument>
<Value>Standard Grant</Value>
</AwardInstrument>
<Organization>
<Code>07030000</Code>
<Directorate>
<Abbreviation>ENG</Abbreviation>
<LongName>Directorate For Engineering</LongName>
</Directorate>
<Division>
<Abbreviation>CMMI</Abbreviation>
<LongName>Div Of Civil, Mechanical, &amp; Manufact Inn</LongName>
</Division>
</Organization>
<ProgramOfficer>
<SignBlockName>Alex Leonessa</SignBlockName>
<PO_EMAI>aleoness@nsf.gov</PO_EMAI>
<PO_PHON>7032922633</PO_PHON>
</ProgramOfficer>
<AbstractNarration>This Engineering Research Initiation (ERI) project will contribute new knowledge in the field of prevention of human falls, which is a significant global health problem, and serve the national interest by promoting the progress of science and advancing national health and welfare. The project will transform existing slip and fall prevention approaches as it deviates from existing passive approaches, which include monitoring the environmental factors and training human neuromuscular slip response. This award supports fundamental research to provide needed knowledge for development of active fall prevention methodologies. Specifically, this research will demonstrate that slip-induced falls can be prevented by using a wearable device that provides external mechanical assistance to assist subjects during balance recovery and lead to new resulting balance recovery strategies of subjects that would not be possible without the device. Development of active fall prevention strategies can shift the paradigm of fall prevention approaches that can result in a significant reduction of falls and fall related injuries. The results of this research have the potential to impact the healthcare sector by improving the quality of life of the fall-prone population and reduce the associated economic and societal costs due to falls.&lt;br/&gt;&lt;br/&gt;This project focuses on the fundamental study of locomotor stability strategies during gait perturbations and human co-adaptation to the external assistance from robotic devices to prevent falls. Deviating from passive slip-and-fall prevention approaches and existing empirically derived controllers, this research will enable development of a complete control framework for active slip prevention using hip and knee exoskeleton. The main objectives of this project are: (1) to establish a fundamental understanding of the active fall prevention strategies through human-exoskeleton cooperation during gait perturbations, and (2) to create a novel bidirectional control framework enabling symbiosis and transfer learning between human and device leading to emergent behavior during slip recoveries. The control framework will integrate theoretical bipedal stability and human-inspired intersegmental coordination with the human motor control and neuromuscular responses. This project will advance our fundamental understanding on preventing slip-induced falls and establish tools to design controllers for safe and efficient assistive fall preventive strategies. This research can impact cooperative, bidirectional controller designs of other assistive device, exoskeletons, prosthesis, and robotic bipedal walkers in robotics and rehabilitation engineering.&lt;br/&gt;&lt;br/&gt;This award reflects NSF's statutory mission and has been deemed worthy of support through evaluation using the Foundation's intellectual merit and broader impacts review criteria.</AbstractNarration>
<MinAmdLetterDate>08/25/2023</MinAmdLetterDate>
<MaxAmdLetterDate>08/25/2023</MaxAmdLetterDate>
<ARRAAmount/>
<TRAN_TYPE>Grant</TRAN_TYPE>
<CFDA_NUM>47.041</CFDA_NUM>
<NSF_PAR_USE_FLAG>1</NSF_PAR_USE_FLAG>
<FUND_AGCY_CODE>4900</FUND_AGCY_CODE>
<AWDG_AGCY_CODE>4900</AWDG_AGCY_CODE>
<AwardID>2301816</AwardID>
<Investigator>
<FirstName>Mitja</FirstName>
<LastName>Trkov</LastName>
<PI_MID_INIT/>
<PI_SUFX_NAME/>
<PI_FULL_NAME>Mitja Trkov</PI_FULL_NAME>
<EmailAddress><![CDATA[trkov@rowan.edu]]></EmailAddress>
<NSF_ID>000828141</NSF_ID>
<StartDate>08/25/2023</StartDate>
<EndDate/>
<RoleCode>Principal Investigator</RoleCode>
</Investigator>
<Institution>
<Name><![CDATA[Rowan University]]></Name>
<CityName>GLASSBORO</CityName>
<ZipCode>080281700</ZipCode>
<PhoneNumber>8562564057</PhoneNumber>
<StreetAddress><![CDATA[201 MULLICA HILL RD]]></StreetAddress>
<StreetAddress2/>
<CountryName>United States</CountryName>
<StateName>New Jersey</StateName>
<StateCode>NJ</StateCode>
<CONGRESSDISTRICT>01</CONGRESSDISTRICT>
<CONGRESS_DISTRICT_ORG>NJ01</CONGRESS_DISTRICT_ORG>
<ORG_UEI_NUM>DMDEQP66JL85</ORG_UEI_NUM>
<ORG_LGL_BUS_NAME>ROWAN UNIVERSITY</ORG_LGL_BUS_NAME>
<ORG_PRNT_UEI_NUM/>
</Institution>
<Performance_Institution>
<Name><![CDATA[Rowan University]]></Name>
<CityName>GLASSBORO</CityName>
<StateCode>NJ</StateCode>
<ZipCode>080281700</ZipCode>
<StreetAddress><![CDATA[201 MULLICA HILL RD RT 322]]></StreetAddress>
<CountryCode>US</CountryCode>
<CountryName>United States</CountryName>
<StateName>New Jersey</StateName>
<CountryFlag>1</CountryFlag>
<CONGRESSDISTRICT>01</CONGRESSDISTRICT>
<CONGRESS_DISTRICT_PERF>NJ01</CONGRESS_DISTRICT_PERF>
</Performance_Institution>
<ProgramElement>
<Code>058Y00</Code>
<Text>M3X - Mind, Machine, and Motor</Text>
</ProgramElement>
<ProgramElement>
<Code>180Y00</Code>
<Text>ERI-Eng. Research Initiation</Text>
</ProgramElement>
<ProgramReference>
<Code>070E</Code>
<Text>INTEG OF HUMAN &amp; COGNITIVE</Text>
</ProgramReference>
<ProgramReference>
<Code>7632</Code>
<Text>HUMAN-ROBOT INTERACTION</Text>
</ProgramReference>
<ProgramReference>
<Code>9264</Code>
<Text>RESEARCH INITIATION AWARD</Text>
</ProgramReference>
<Appropriation>
<Code/>
<Name/>
<APP_SYMB_ID/>
</Appropriation>
<Fund>
<Code>01002324DB</Code>
<Name><![CDATA[NSF RESEARCH & RELATED ACTIVIT]]></Name>
<FUND_SYMB_ID>040100</FUND_SYMB_ID>
</Fund>
<FUND_OBLG>2023~200000</FUND_OBLG>
</Award>
</rootTag>
