<?xml version="1.0" encoding="UTF-8"?>
<rootTag>
<Award>
<AwardTitle><![CDATA[Collaborative Research: Advancing the Science of STEM Interest Development through Educational Gameplay with Machine Learning and Data-driven Interviews]]></AwardTitle>
<AGENCY>NSF</AGENCY>
<AwardEffectiveDate>07/15/2023</AwardEffectiveDate>
<AwardExpirationDate>06/30/2026</AwardExpirationDate>
<AwardTotalIntnAmount>698019.00</AwardTotalIntnAmount>
<AwardAmount>513345</AwardAmount>
<AwardInstrument>
<Value>Continuing Grant</Value>
</AwardInstrument>
<Organization>
<Code>11090000</Code>
<Directorate>
<Abbreviation>EDU</Abbreviation>
<LongName>Directorate for STEM Education</LongName>
</Directorate>
<Division>
<Abbreviation>DRL</Abbreviation>
<LongName>Division Of Research On Learning</LongName>
</Division>
</Organization>
<ProgramOfficer>
<SignBlockName>Lori Takeuchi</SignBlockName>
<PO_EMAI>ltakeuch@nsf.gov</PO_EMAI>
<PO_PHON>7032922190</PO_PHON>
</ProgramOfficer>
<AbstractNarration>The integration of digital games into STEM education has been an active area of research for quite some time, but details about how students' interactions with educational games may or may not reflect their interest is more difficult to obtain. This project will use a Minecraft-based simulation environment to advance understanding of how educational digital games can support the development of enduring STEM interest. Middle school students in summer and afterschool camps will experiment with a variety of scientific topics in the What-If Hypothetical Implementations in Minecraft (WHIMC) learning system while researchers interview them at key points in their gameplay to better understand how their interest is developing. In this way, the project will contextualize how decisions made by students while engaging with the educational game are related to their prior STEM interest and how they may, in turn, influence the development of enduring STEM interest. This work will contribute advanced tools and methodological resources for studying STEM learning and interest that will help broaden participation in STEM.&lt;br/&gt;&lt;br/&gt;Hidi and Renninger's (2006) model of interest development propose four phases that correspond with students' acquisition of knowledge on a topic. In the first two phases, students may need situational triggers (such as those that are afforded in popular digital games) to sustain their interest and motivation, but to advance to the later stages of sustained, individualized interest, they must also acquire knowledge. Research on how student STEM interest develops during learning activities has typically relied on a handful of methods, each with their own limitations. Standardized survey methods, for instance, may capture important changes in students' interest level, but do not necessarily capture important details on the processes required to increase students' interest. This project will take a novel approach, using machine learning to trigger an alert to researchers when the software detects an activity (or lack thereof) likely to be tied to student interest. This will allow researchers to capture the students' experiences in situ, interviewing them before they have time to either forget or reconceptualize the event. The studies will take place in the context of WHIMC, a Minecraft-based learning environment that provides afterschool and summer educational opportunities to low-income families and to students with backgrounds traditionally underrepresented in STEM. Researchers will triangulate the interviews with more traditional measures of interest development, log data of student activities, and measures of STEM knowledge to better understand how these experiences relate to student engagement and their development of sustained, individualized interest. In doing so, researchers can explore the range of ways in which interest emerges across diverse student populations.&lt;br/&gt;&lt;br/&gt;This project is supported by NSF's EDU Core Research (ECR) program. The ECR program emphasizes fundamental STEM education research that generates foundational knowledge in the field. Investments are made in critical areas that are essential, broad and enduring: STEM learning and STEM learning environments, broadening participation in STEM, and STEM workforce development. The program supports the accumulation of robust evidence to inform efforts to understand, build theory to explain, and suggest intervention and innovations to address persistent.&lt;br/&gt;&lt;br/&gt;This award reflects NSF's statutory mission and has been deemed worthy of support through evaluation using the Foundation's intellectual merit and broader impacts review criteria.</AbstractNarration>
<MinAmdLetterDate>07/10/2023</MinAmdLetterDate>
<MaxAmdLetterDate>07/26/2024</MaxAmdLetterDate>
<ARRAAmount/>
<TRAN_TYPE>Grant</TRAN_TYPE>
<CFDA_NUM>47.076</CFDA_NUM>
<NSF_PAR_USE_FLAG>1</NSF_PAR_USE_FLAG>
<FUND_AGCY_CODE>4900</FUND_AGCY_CODE>
<AWDG_AGCY_CODE>4900</AWDG_AGCY_CODE>
<AwardID>2301172</AwardID>
<Investigator>
<FirstName>H Chad</FirstName>
<LastName>Lane</LastName>
<PI_MID_INIT/>
<PI_SUFX_NAME/>
<PI_FULL_NAME>H Chad Lane</PI_FULL_NAME>
<EmailAddress><![CDATA[hclane@illinois.edu]]></EmailAddress>
<NSF_ID>000083775</NSF_ID>
<StartDate>07/10/2023</StartDate>
<EndDate/>
<RoleCode>Co-Principal Investigator</RoleCode>
</Investigator>
<Investigator>
<FirstName>Luc</FirstName>
<LastName>Paquette</LastName>
<PI_MID_INIT/>
<PI_SUFX_NAME/>
<PI_FULL_NAME>Luc Paquette</PI_FULL_NAME>
<EmailAddress><![CDATA[luc.paquette@gmail.com]]></EmailAddress>
<NSF_ID>000685450</NSF_ID>
<StartDate>07/10/2023</StartDate>
<EndDate/>
<RoleCode>Principal Investigator</RoleCode>
</Investigator>
<Institution>
<Name><![CDATA[University of Illinois at Urbana-Champaign]]></Name>
<CityName>URBANA</CityName>
<ZipCode>618013620</ZipCode>
<PhoneNumber>2173332187</PhoneNumber>
<StreetAddress><![CDATA[506 S WRIGHT ST]]></StreetAddress>
<StreetAddress2/>
<CountryName>United States</CountryName>
<StateName>Illinois</StateName>
<StateCode>IL</StateCode>
<CONGRESSDISTRICT>13</CONGRESSDISTRICT>
<CONGRESS_DISTRICT_ORG>IL13</CONGRESS_DISTRICT_ORG>
<ORG_UEI_NUM>Y8CWNJRCNN91</ORG_UEI_NUM>
<ORG_LGL_BUS_NAME>UNIVERSITY OF ILLINOIS</ORG_LGL_BUS_NAME>
<ORG_PRNT_UEI_NUM/>
</Institution>
<Performance_Institution>
<Name><![CDATA[University of Illinois at Urbana-Champaign]]></Name>
<CityName>URBANA</CityName>
<StateCode>IL</StateCode>
<ZipCode>618013620</ZipCode>
<StreetAddress><![CDATA[506 S WRIGHT ST]]></StreetAddress>
<CountryCode>US</CountryCode>
<CountryName>United States</CountryName>
<StateName>Illinois</StateName>
<CountryFlag>1</CountryFlag>
<CONGRESSDISTRICT>13</CONGRESSDISTRICT>
<CONGRESS_DISTRICT_PERF>IL13</CONGRESS_DISTRICT_PERF>
</Performance_Institution>
<ProgramElement>
<Code>798000</Code>
<Text>ECR-EDU Core Research</Text>
</ProgramElement>
<ProgramReference>
<Code>8817</Code>
<Text>STEM Learning &amp; Learning Environments</Text>
</ProgramReference>
<Appropriation>
<Code/>
<Name/>
<APP_SYMB_ID/>
</Appropriation>
<Appropriation>
<Code/>
<Name/>
<APP_SYMB_ID/>
</Appropriation>
<Fund>
<Code>04002425DB</Code>
<Name><![CDATA[NSF STEM Education]]></Name>
<FUND_SYMB_ID>040106</FUND_SYMB_ID>
</Fund>
<Fund>
<Code>04002324DB</Code>
<Name><![CDATA[NSF STEM Education]]></Name>
<FUND_SYMB_ID>040106</FUND_SYMB_ID>
</Fund>
<FUND_OBLG>2023~262815</FUND_OBLG>
<FUND_OBLG>2024~250530</FUND_OBLG>
</Award>
</rootTag>
