<?xml version="1.0" encoding="UTF-8"?>
<rootTag>
<Award>
<AwardTitle><![CDATA[ERI: Investigating different types of drought across snowy regions and their impacts]]></AwardTitle>
<AGENCY>NSF</AGENCY>
<AwardEffectiveDate>05/01/2023</AwardEffectiveDate>
<AwardExpirationDate>04/30/2025</AwardExpirationDate>
<AwardTotalIntnAmount>200000.00</AwardTotalIntnAmount>
<AwardAmount>200000</AwardAmount>
<AwardInstrument>
<Value>Standard Grant</Value>
</AwardInstrument>
<Organization>
<Code>07020000</Code>
<Directorate>
<Abbreviation>ENG</Abbreviation>
<LongName>Directorate For Engineering</LongName>
</Directorate>
<Division>
<Abbreviation>CBET</Abbreviation>
<LongName>Div Of Chem, Bioeng, Env, &amp; Transp Sys</LongName>
</Division>
</Organization>
<ProgramOfficer>
<SignBlockName>Bruce Hamilton</SignBlockName>
<PO_EMAI>bhamilto@nsf.gov</PO_EMAI>
<PO_PHON>7032920000</PO_PHON>
</ProgramOfficer>
<AbstractNarration>This project aims to advance knowledge of drought characteristics in snowy areas needed for sustainably managing water resources. Gaps exist in understanding how a drought propagates and intensifies across different components of the water cycle, especially in snowy, mountainous areas. Seasonal snowmelt supplies millions of people across the western U.S. with a significant fraction of their water resources. This project aims to address open questions by characterizing the rate of drought onset, its drivers, and how these factors influence drought impacts. Rates of propagation among different types of droughts (e.g., a lack of snow water equivalent [snow drought], streamflow [hydrological drought], and soil moisture [agricultural drought]) will be quantified. The severity, duration, timing, and intensification rate of how one type of drought influences the characteristics and lag of another will be studied. How these relationships vary in space and time using state-of-the-art data, models, and observations will be elucidated. Findings from this research are targeted to help build more sustainable communities, developing climate resilient infrastructure and managing water resources in areas where snow is a vital freshwater resource.&lt;br/&gt;&lt;br/&gt;The project will develop a new multivariate framework for understanding drought characteristics and propagation in snowy areas. Investigating the impact of snow variability, drivers of drought, and the rate of drought onset will inform water management and drought monitoring. Given the lag between snow and streamflow deficits, this analysis aims to yield insight into drought prediction. The project will assess how and to what extent the onset rate, drivers of snow drought, and antecedent conditions will influence the amount of water in other states/fluxes (e.g., soil moisture, runoff).  Also, new multivariate drought indices from this research will enable quantification of drought severity in snowy areas across the globe, which will be critical in a warming climate. Findings and methods are expected to improve streamflow forecasts, sustainable water resources management and engineering, and drought assessment at sub-seasonal and interannual time scales. Results will be shared with the broader community via presentations at scientific meetings, peer-reviewed journal publications, and online data repositories (e.g., CUAHSI’s Hydroshare). Since snow and drought impact numerous areas beyond water management and engineering, findings should impact other sectors of society and guide decision making in agriculture, economics, and urban planning. The multivariate drought frameworks from this research will be freely provided to the public so water agencies, scientists, and engineers can benefit from their application. Also, a hands-on Drought Education Toolbox (DET) to integrate novel snow and drought research into engineering education will be developed. DET allows users to study the role of snow in drought. The PI works with existing programs that promote diversity in STEM and the development of minority students at California State University, Long Beach, to mentor underrepresented students in research. The project will train undergraduate and graduate students in hydrology, water resources engineering, and drought and multivariate data analysis.&lt;br/&gt;&lt;br/&gt;This award reflects NSF's statutory mission and has been deemed worthy of support through evaluation using the Foundation's intellectual merit and broader impacts review criteria.</AbstractNarration>
<MinAmdLetterDate>03/22/2023</MinAmdLetterDate>
<MaxAmdLetterDate>03/22/2023</MaxAmdLetterDate>
<ARRAAmount/>
<TRAN_TYPE>Grant</TRAN_TYPE>
<CFDA_NUM>47.041</CFDA_NUM>
<NSF_PAR_USE_FLAG>1</NSF_PAR_USE_FLAG>
<FUND_AGCY_CODE>4900</FUND_AGCY_CODE>
<AWDG_AGCY_CODE>4900</AWDG_AGCY_CODE>
<AwardID>2301815</AwardID>
<Investigator>
<FirstName>Laurie</FirstName>
<LastName>Huning</LastName>
<PI_MID_INIT/>
<PI_SUFX_NAME/>
<PI_FULL_NAME>Laurie Huning</PI_FULL_NAME>
<EmailAddress><![CDATA[laurie.huning@csulb.edu]]></EmailAddress>
<NSF_ID>000742115</NSF_ID>
<StartDate>03/22/2023</StartDate>
<EndDate/>
<RoleCode>Principal Investigator</RoleCode>
</Investigator>
<Institution>
<Name><![CDATA[California State University-Long Beach Foundation]]></Name>
<CityName>LONG BEACH</CityName>
<ZipCode>908154670</ZipCode>
<PhoneNumber>5629858051</PhoneNumber>
<StreetAddress><![CDATA[6300 E STATE UNIVERSITY DR STE 3]]></StreetAddress>
<StreetAddress2/>
<CountryName>United States</CountryName>
<StateName>California</StateName>
<StateCode>CA</StateCode>
<CONGRESSDISTRICT>42</CONGRESSDISTRICT>
<CONGRESS_DISTRICT_ORG>CA42</CONGRESS_DISTRICT_ORG>
<ORG_UEI_NUM>P2TDH1JCJD31</ORG_UEI_NUM>
<ORG_LGL_BUS_NAME>CALIFORNIA STATE UNIVERSITY LONG BEACH RESEARCH FOUNDATION</ORG_LGL_BUS_NAME>
<ORG_PRNT_UEI_NUM/>
</Institution>
<Performance_Institution>
<Name><![CDATA[California State University-Long Beach]]></Name>
<CityName>LONG BEACH</CityName>
<StateCode>CA</StateCode>
<ZipCode>908400004</ZipCode>
<StreetAddress><![CDATA[1250 Bellflower Blvd]]></StreetAddress>
<CountryCode>US</CountryCode>
<CountryName>United States</CountryName>
<StateName>California</StateName>
<CountryFlag>1</CountryFlag>
<CONGRESSDISTRICT>42</CONGRESSDISTRICT>
<CONGRESS_DISTRICT_PERF>CA42</CONGRESS_DISTRICT_PERF>
</Performance_Institution>
<ProgramElement>
<Code>164200</Code>
<Text>Special Initiatives</Text>
</ProgramElement>
<Appropriation>
<Code/>
<Name/>
<APP_SYMB_ID/>
</Appropriation>
<Fund>
<Code>01002324DB</Code>
<Name><![CDATA[NSF RESEARCH & RELATED ACTIVIT]]></Name>
<FUND_SYMB_ID>040100</FUND_SYMB_ID>
</Fund>
<FUND_OBLG>2023~200000</FUND_OBLG>
</Award>
</rootTag>
