<?xml version="1.0" encoding="UTF-8"?>
<rootTag>
<Award>
<AwardTitle><![CDATA[Collaborative Research: SHF: Small: Towards Robust Deep Learning Computing on GPUs]]></AwardTitle>
<AGENCY>NSF</AGENCY>
<AwardEffectiveDate>10/01/2022</AwardEffectiveDate>
<AwardExpirationDate>09/30/2024</AwardExpirationDate>
<AwardTotalIntnAmount>160241.00</AwardTotalIntnAmount>
<AwardAmount>137683</AwardAmount>
<AwardInstrument>
<Value>Standard Grant</Value>
</AwardInstrument>
<Organization>
<Code>05010000</Code>
<Directorate>
<Abbreviation>CSE</Abbreviation>
<LongName>Direct For Computer &amp; Info Scie &amp; Enginr</LongName>
</Directorate>
<Division>
<Abbreviation>CCF</Abbreviation>
<LongName>Division of Computing and Communication Foundations</LongName>
</Division>
</Organization>
<ProgramOfficer>
<SignBlockName>Almadena Chtchelkanova</SignBlockName>
<PO_EMAI>achtchel@nsf.gov</PO_EMAI>
<PO_PHON>7032927498</PO_PHON>
</ProgramOfficer>
<AbstractNarration>Graphics processing units (GPU) have become one of the most promising computing engines in many application domains such as scientific simulations and deep learning. With the massive parallel processing power provided by GPUs, most of the state-of-the-art server and edge systems employ GPUs as the core computing engines for deep-learning model training and inference. As the performance of deep learning models becomes one of the most important delimiters that determines market revenue of the model creators and the convenience of daily lives of model consumers, it is critical to enforce reliable and robust deep-learning computation. This project aims to explore the challenges and opportunities to address the reliability and privacy implications of GPU computing as a deep-learning accelerator and design lightweight protection schemes.&lt;br/&gt;&lt;br/&gt;The technical aims of this project are divided into three thrusts. The first thrust explores and evaluates possible vulnerabilities and their impact on GPU-based deep-learning computing. The second thrust tackles the vulnerabilities at the compute-unit level by redesigning GPU building blocks, such as new scheduling algorithms and activation acceleration logic. The third thrust explores selective integrity protection mechanisms in communication channels and memory subsystems to transfer data between the CPU and GPU without imposing significant performance overhead. The proposed solutions will mitigate architectural and system vulnerabilities in GPU-based deep learning computing, which will enable the deep learning algorithm developers to focus more on performance improvement and technological advancement, and the consumers to use deep learning-based cognitive products without privacy concerns. The findings of this research will be integrated into undergraduate and graduate courses as well as various outreach activities on K-12 education, and publicly shared through open-source repositories.&lt;br/&gt;&lt;br/&gt;This award reflects NSF's statutory mission and has been deemed worthy of support through evaluation using the Foundation's intellectual merit and broader impacts review criteria.</AbstractNarration>
<MinAmdLetterDate>11/03/2022</MinAmdLetterDate>
<MaxAmdLetterDate>11/03/2022</MaxAmdLetterDate>
<ARRAAmount/>
<TRAN_TYPE>Grant</TRAN_TYPE>
<CFDA_NUM>47.070</CFDA_NUM>
<NSF_PAR_USE_FLAG>1</NSF_PAR_USE_FLAG>
<FUND_AGCY_CODE>4900</FUND_AGCY_CODE>
<AWDG_AGCY_CODE>4900</AWDG_AGCY_CODE>
<AwardID>2301940</AwardID>
<Investigator>
<FirstName>Nima</FirstName>
<LastName>Karimian</LastName>
<PI_MID_INIT/>
<PI_SUFX_NAME/>
<PI_FULL_NAME>Nima Karimian</PI_FULL_NAME>
<EmailAddress><![CDATA[nima.karimian@mail.wvu.edu]]></EmailAddress>
<NSF_ID>000798441</NSF_ID>
<StartDate>11/03/2022</StartDate>
<EndDate/>
<RoleCode>Principal Investigator</RoleCode>
</Investigator>
<Institution>
<Name><![CDATA[West Virginia University Research Corporation]]></Name>
<CityName>MORGANTOWN</CityName>
<ZipCode>265052742</ZipCode>
<PhoneNumber>3042933998</PhoneNumber>
<StreetAddress><![CDATA[886 CHESTNUT RIDGE ROAD]]></StreetAddress>
<StreetAddress2/>
<CountryName>United States</CountryName>
<StateName>West Virginia</StateName>
<StateCode>WV</StateCode>
<CONGRESSDISTRICT>02</CONGRESSDISTRICT>
<CONGRESS_DISTRICT_ORG>WV02</CONGRESS_DISTRICT_ORG>
<ORG_UEI_NUM>M7PNRH24BBM8</ORG_UEI_NUM>
<ORG_LGL_BUS_NAME>WEST VIRGINIA UNIVERSITY RESEARCH CORPORATION</ORG_LGL_BUS_NAME>
<ORG_PRNT_UEI_NUM/>
</Institution>
<Performance_Institution>
<Name><![CDATA[West Virginia University Research Corporation]]></Name>
<CityName>MORGANTOWN</CityName>
<StateCode>WV</StateCode>
<ZipCode>265052742</ZipCode>
<StreetAddress><![CDATA[886 CHESTNUT RIDGE ROAD]]></StreetAddress>
<CountryCode>US</CountryCode>
<CountryName>United States</CountryName>
<StateName>West Virginia</StateName>
<CountryFlag>1</CountryFlag>
<CONGRESSDISTRICT>02</CONGRESSDISTRICT>
<CONGRESS_DISTRICT_PERF>WV02</CONGRESS_DISTRICT_PERF>
</Performance_Institution>
<ProgramElement>
<Code>779800</Code>
<Text>Software &amp; Hardware Foundation</Text>
</ProgramElement>
<ProgramReference>
<Code>7923</Code>
<Text>SMALL PROJECT</Text>
</ProgramReference>
<ProgramReference>
<Code>7942</Code>
<Text>HIGH-PERFORMANCE COMPUTING</Text>
</ProgramReference>
<Appropriation>
<Code/>
<Name/>
<APP_SYMB_ID/>
</Appropriation>
<Fund>
<Code>01002122DB</Code>
<Name><![CDATA[NSF RESEARCH & RELATED ACTIVIT]]></Name>
<FUND_SYMB_ID>040100</FUND_SYMB_ID>
</Fund>
<FUND_OBLG>2021~137683</FUND_OBLG>
</Award>
</rootTag>
