<?xml version="1.0" encoding="UTF-8"?>
<rootTag>
<Award>
<AwardTitle><![CDATA[Collaborative Research: Burrows as buffers: do microhabitat selection and behavior mediate desert tortoise resilience to climate change?]]></AwardTitle>
<AGENCY>NSF</AGENCY>
<AwardEffectiveDate>04/01/2023</AwardEffectiveDate>
<AwardExpirationDate>11/30/2023</AwardExpirationDate>
<AwardTotalIntnAmount>326361.00</AwardTotalIntnAmount>
<AwardAmount>326361</AwardAmount>
<AwardInstrument>
<Value>Standard Grant</Value>
</AwardInstrument>
<Organization>
<Code>08010000</Code>
<Directorate>
<Abbreviation>BIO</Abbreviation>
<LongName>Direct For Biological Sciences</LongName>
</Directorate>
<Division>
<Abbreviation>DEB</Abbreviation>
<LongName>Division Of Environmental Biology</LongName>
</Division>
</Organization>
<ProgramOfficer>
<SignBlockName>Colette St. Mary</SignBlockName>
<PO_EMAI>cstmary@nsf.gov</PO_EMAI>
<PO_PHON>7032924332</PO_PHON>
</ProgramOfficer>
<AbstractNarration><![CDATA[Climate extremes increasingly exceed physiological thresholds for organisms, constraining species distributions and ultimately leading to habitat loss. Resilience to these changes depends on interactions between environmental features, behavior, and physiology that enable species to access suitable microclimates. Ecosystem engineers are species that modify their environment by creating structures, such as burrows, which can provide more stable temperature and humidity, buffering occupants against temperature extremes. The actions of these organisms are important not only for their own persistence but to enable other species to access suitable microclimates. The Mojave desert tortoise is an ecosystem engineer that creates burrows for shelter and nesting and is threatened with extinction, in part due to climate change. The youngest tortoise life stages - eggs, hatchlings, and juveniles - are particularly vulnerable to temperature extremes due to their small size and limited ability to modify their environment. These life stages rely on maternal nest placement or small mammal burrows for protection. This project aims to understand how desert tortoises modify their environment through burrow creation, to characterize how thermoregulation is achieved via burrow use, and to measure the effectiveness of burrows to buffer against rising temperature across life stages, with a particular emphasis on nesting females and early life stages. This research will provide new data on the resiliency of each life stage to climate extremes and will inform life stage-specific models of species distribution under future climate scenarios, identifying sites that may become climate refugia. This work will develop grade-specific educational modules and classroom kits that integrate active desert tortoise conservation research and will implement these modules in local classrooms. This project will also provide training opportunities for K-12 teachers, undergraduate students, a graduate student, and a post-doctoral trainee. This project is being supported via a joint program involving the Divisions of Environmental Biology and Integrative Organismal Systems and the Paul G. Allen Family Foundation.&lt;br/&gt;&lt;br/&gt;This research takes a mechanistic approach to evaluate the role of behavioral and physiological flexibility in determining resilience to climate change for the endangered Mojave desert tortoise across life stages, an important ecosystem engineer. The research seeks to characterize temperature sensitivity of eggs and maternal nesting behavior; test the effects of temperature and hydric status on juvenile burrow use, burrow morphology, and body temperature; quantify the thermal buffering capacity of behavior and burrows across age classes in wild tortoises; and use respirometry to characterize temperature effects on energy expenditure, water loss and thermal preference. These studies will provide key physiological parameters for life stage-specific mechanistic niche models (MNMs) of response to altered climate to identify optimal habitat for desert tortoises that will persist into the future. Finally, this research will test MNM predictions by collecting environmental data from model-selected sites. By identifying climate refugia and core conservation areas, these models will inform future focal sites for Mojave desert tortoise recovery activities, including restoration and assisted migration. More broadly, results will be relevant for the extended group of burrowing species and commensal organisms that use burrows, and lead to improved empirical and modelling methods for forecasting the impacts of climate change on this diverse group of organisms.&lt;br/&gt;&lt;br/&gt;This award reflects NSF's statutory mission and has been deemed worthy of support through evaluation using the Foundation's intellectual merit and broader impacts review criteria.]]></AbstractNarration>
<MinAmdLetterDate>03/21/2023</MinAmdLetterDate>
<MaxAmdLetterDate>03/21/2023</MaxAmdLetterDate>
<ARRAAmount/>
<TRAN_TYPE>Grant</TRAN_TYPE>
<CFDA_NUM>47.074</CFDA_NUM>
<NSF_PAR_USE_FLAG>1</NSF_PAR_USE_FLAG>
<FUND_AGCY_CODE>4900</FUND_AGCY_CODE>
<AWDG_AGCY_CODE>4900</AWDG_AGCY_CODE>
<AwardID>2301677</AwardID>
<Investigator>
<FirstName>Eric</FirstName>
<LastName>Riddell</LastName>
<PI_MID_INIT/>
<PI_SUFX_NAME/>
<PI_FULL_NAME>Eric Riddell</PI_FULL_NAME>
<EmailAddress><![CDATA[riddell@unc.edu]]></EmailAddress>
<NSF_ID>000705918</NSF_ID>
<StartDate>03/21/2023</StartDate>
<EndDate/>
<RoleCode>Principal Investigator</RoleCode>
</Investigator>
<Institution>
<Name>Iowa State University</Name>
<CityName>AMES</CityName>
<ZipCode>500112103</ZipCode>
<PhoneNumber>5152945225</PhoneNumber>
<StreetAddress>1350 BEARDSHEAR HALL</StreetAddress>
<StreetAddress2><![CDATA[515 MORRILL ROAD]]></StreetAddress2>
<CountryName>United States</CountryName>
<StateName>Iowa</StateName>
<StateCode>IA</StateCode>
<CONGRESSDISTRICT>04</CONGRESSDISTRICT>
<CONGRESS_DISTRICT_ORG>IA04</CONGRESS_DISTRICT_ORG>
<ORG_UEI_NUM>DQDBM7FGJPC5</ORG_UEI_NUM>
<ORG_LGL_BUS_NAME>IOWA STATE UNIVERSITY OF SCIENCE AND TECHNOLOGY</ORG_LGL_BUS_NAME>
<ORG_PRNT_UEI_NUM>DQDBM7FGJPC5</ORG_PRNT_UEI_NUM>
</Institution>
<Performance_Institution>
<Name><![CDATA[Iowa State University]]></Name>
<CityName>AMES</CityName>
<StateCode>IA</StateCode>
<ZipCode>500112105</ZipCode>
<StreetAddress><![CDATA[515 MORRILL RD, 1350 BEARDSHEAR HALL]]></StreetAddress>
<CountryCode>US</CountryCode>
<CountryName>United States</CountryName>
<StateName>Iowa</StateName>
<CountryFlag>1</CountryFlag>
<CONGRESSDISTRICT>04</CONGRESSDISTRICT>
<CONGRESS_DISTRICT_PERF>IA04</CONGRESS_DISTRICT_PERF>
</Performance_Institution>
<ProgramElement>
<Code>7275</Code>
<Text>Cross-BIO Activities</Text>
</ProgramElement>
<Appropriation>
<Code/>
<Name/>
<APP_SYMB_ID/>
</Appropriation>
<Fund>
<Code>01002324DB</Code>
<Name><![CDATA[NSF RESEARCH & RELATED ACTIVIT]]></Name>
<FUND_SYMB_ID>040100</FUND_SYMB_ID>
</Fund>
<FUND_OBLG>2023~0</FUND_OBLG>
</Award>
</rootTag>
