<?xml version="1.0" encoding="UTF-8"?>
<rootTag>
<Award>
<AwardTitle><![CDATA[SHF: Small: Software and Hardware Support for Robust Deep Learning]]></AwardTitle>
<AGENCY>NSF</AGENCY>
<AwardEffectiveDate>03/01/2023</AwardEffectiveDate>
<AwardExpirationDate>02/28/2026</AwardExpirationDate>
<AwardTotalIntnAmount>199999.00</AwardTotalIntnAmount>
<AwardAmount>199999</AwardAmount>
<AwardInstrument>
<Value>Standard Grant</Value>
</AwardInstrument>
<Organization>
<Code>05010000</Code>
<Directorate>
<Abbreviation>CSE</Abbreviation>
<LongName>Direct For Computer &amp; Info Scie &amp; Enginr</LongName>
</Directorate>
<Division>
<Abbreviation>CCF</Abbreviation>
<LongName>Division of Computing and Communication Foundations</LongName>
</Division>
</Organization>
<ProgramOfficer>
<SignBlockName>Almadena Chtchelkanova</SignBlockName>
<PO_EMAI>achtchel@nsf.gov</PO_EMAI>
<PO_PHON>7032927498</PO_PHON>
</ProgramOfficer>
<AbstractNarration>Deep neural networks have made unprecedented strides in recent years, making them a ubiquitous component of any modern computing system. Deep neural networks and their hardware will be commonplace in future in various systems ranging from simple tasks to safety and security-critical systems. Therefore, it is imperative to have specialized support to improve the robustness of deep neural network models so that users and developers can trust the predictions provided by those models. Towards that end, this project presents novel algorithms for robust deep neural networks.&lt;br/&gt;&lt;br/&gt;The project aims at ensuring robust operations of deep neural networks. The project, called GuardiaNN, has two components - dynamic monitoring schemes and testing schemes. The goal of dynamic monitoring is to determine whether a deep neural network model can misbehave during inference at a production setting.  Two novel monitoring algorithms are considered in this project - neuron pattern and model-based monitoring. Neuron pattern-based schemes work by first extracting simple neuron activation patterns and then, later at runtime, checking whether those patterns are satisfied or not. Model-based schemes work by first determining a minimal set of data points to monitor and then, using an advanced model to detect if those data points show any anomalous pattern or not. The goal of testing schemes is to determine how the model might behave in corner case scenarios. Testing allows users to explore the behavior of the model without understanding the internal details of the model. Together the monitoring and testing approaches will provide trust in deep neural network operations.&lt;br/&gt;&lt;br/&gt;This award reflects NSF's statutory mission and has been deemed worthy of support through evaluation using the Foundation's intellectual merit and broader impacts review criteria.</AbstractNarration>
<MinAmdLetterDate>01/27/2023</MinAmdLetterDate>
<MaxAmdLetterDate>01/27/2023</MaxAmdLetterDate>
<ARRAAmount/>
<TRAN_TYPE>Grant</TRAN_TYPE>
<CFDA_NUM>47.070</CFDA_NUM>
<NSF_PAR_USE_FLAG>1</NSF_PAR_USE_FLAG>
<FUND_AGCY_CODE>4900</FUND_AGCY_CODE>
<AWDG_AGCY_CODE>4900</AWDG_AGCY_CODE>
<AwardID>2301334</AwardID>
<Investigator>
<FirstName>Abdullah</FirstName>
<LastName>Muzahid</LastName>
<PI_MID_INIT>A</PI_MID_INIT>
<PI_SUFX_NAME/>
<PI_FULL_NAME>Abdullah A Muzahid</PI_FULL_NAME>
<EmailAddress><![CDATA[abdullah.muzahid@tamu.edu]]></EmailAddress>
<NSF_ID>000634302</NSF_ID>
<StartDate>01/27/2023</StartDate>
<EndDate/>
<RoleCode>Principal Investigator</RoleCode>
</Investigator>
<Institution>
<Name><![CDATA[Texas A&M Engineering Experiment Station]]></Name>
<CityName>COLLEGE STATION</CityName>
<ZipCode>778433124</ZipCode>
<PhoneNumber>9798626777</PhoneNumber>
<StreetAddress><![CDATA[3124 TAMU]]></StreetAddress>
<StreetAddress2/>
<CountryName>United States</CountryName>
<StateName>Texas</StateName>
<StateCode>TX</StateCode>
<CONGRESSDISTRICT>10</CONGRESSDISTRICT>
<CONGRESS_DISTRICT_ORG>TX10</CONGRESS_DISTRICT_ORG>
<ORG_UEI_NUM>QD1MX6N5YTN4</ORG_UEI_NUM>
<ORG_LGL_BUS_NAME>TEXAS A&amp;M ENGINEERING EXPERIMENT STATION</ORG_LGL_BUS_NAME>
<ORG_PRNT_UEI_NUM>QD1MX6N5YTN4</ORG_PRNT_UEI_NUM>
</Institution>
<Performance_Institution>
<Name><![CDATA[Texas A&M University]]></Name>
<CityName>College Station</CityName>
<StateCode>TX</StateCode>
<ZipCode>778433124</ZipCode>
<StreetAddress><![CDATA[435 Nagle St]]></StreetAddress>
<CountryCode>US</CountryCode>
<CountryName>United States</CountryName>
<StateName>Texas</StateName>
<CountryFlag>1</CountryFlag>
<CONGRESSDISTRICT>10</CONGRESSDISTRICT>
<CONGRESS_DISTRICT_PERF>TX10</CONGRESS_DISTRICT_PERF>
</Performance_Institution>
<ProgramElement>
<Code>779800</Code>
<Text>Software &amp; Hardware Foundation</Text>
</ProgramElement>
<ProgramReference>
<Code>7923</Code>
<Text>SMALL PROJECT</Text>
</ProgramReference>
<ProgramReference>
<Code>7942</Code>
<Text>HIGH-PERFORMANCE COMPUTING</Text>
</ProgramReference>
<Appropriation>
<Code/>
<Name/>
<APP_SYMB_ID/>
</Appropriation>
<Fund>
<Code>01002324DB</Code>
<Name><![CDATA[NSF RESEARCH & RELATED ACTIVIT]]></Name>
<FUND_SYMB_ID>040100</FUND_SYMB_ID>
</Fund>
<FUND_OBLG>2023~199999</FUND_OBLG>
</Award>
</rootTag>
