<?xml version="1.0" encoding="UTF-8"?>
<rootTag>
<Award>
<AwardTitle><![CDATA[Wet Particle Collisions]]></AwardTitle>
<AGENCY>NSF</AGENCY>
<AwardEffectiveDate>07/01/2023</AwardEffectiveDate>
<AwardExpirationDate>06/30/2026</AwardExpirationDate>
<AwardTotalIntnAmount>373000.00</AwardTotalIntnAmount>
<AwardAmount>380500</AwardAmount>
<AwardInstrument>
<Value>Standard Grant</Value>
</AwardInstrument>
<Organization>
<Code>07020000</Code>
<Directorate>
<Abbreviation>ENG</Abbreviation>
<LongName>Directorate For Engineering</LongName>
</Directorate>
<Division>
<Abbreviation>CBET</Abbreviation>
<LongName>Div Of Chem, Bioeng, Env, &amp; Transp Sys</LongName>
</Division>
</Organization>
<ProgramOfficer>
<SignBlockName>Shahab Shojaei-Zadeh</SignBlockName>
<PO_EMAI>sshojaei@nsf.gov</PO_EMAI>
<PO_PHON>7032928045</PO_PHON>
</ProgramOfficer>
<AbstractNarration>Collisions and flows of solid particles covered with thin liquid layers occur in natural phenomena such as avalanches, mud slides, and pollen capture. They are also prevalent in industrial processes such as coating pharmaceutical powders, fertilizer pellets, and chocolate candies for storage and controlled release of these products. To better understand these phenomena, it is necessary to predict the conditions under which the particles stick together or bounce apart after colliding. Similarly, it is important to know when a dense suspension of wet particles will flow when subject to forces and when it will instead lock or jam. This award will use laboratory experiments and computer simulations to elucidate the fundamental physics of collisions of wet particles and to develop predictive models of flows involving wet particles.&lt;br/&gt;&lt;br/&gt;The goals of this award are (1) to develop new microphysical models for collisions of two or more wet particles, (2) to utilize new experimental approaches to verify and refine the models, (3) to incorporate the microphysical models in a discrete element method for simulating the flows of many wet, colliding particles, and (4) to train students who are well prepared as future researchers and leaders. The modeling approach will employ a natural coordinate system for each interacting pair of particles, resolved into normal and tangential motions and including lubrication, capillary, centrifugal and solid-contact forces. It will determine microphysical outcomes such as sticking and bouncing, so that macroscale phenomena of wet granular flow, including jamming and agglomeration, may be predicted. The experiments will use an air table and high-speed camera to observe collisions of wetted spheres mounted on hockey-type pucks, thereby avoiding limitations imposed by strings in pendulum-based experiments. The outcome of this award will allow researchers to effectively model wet granular flows and provide new understanding of the role of liquid forces in substantially changing the behavior of these dense particulate systems.&lt;br/&gt;&lt;br/&gt;This award reflects NSF's statutory mission and has been deemed worthy of support through evaluation using the Foundation's intellectual merit and broader impacts review criteria.</AbstractNarration>
<MinAmdLetterDate>06/08/2023</MinAmdLetterDate>
<MaxAmdLetterDate>07/16/2024</MaxAmdLetterDate>
<ARRAAmount/>
<TRAN_TYPE>Grant</TRAN_TYPE>
<CFDA_NUM>47.041</CFDA_NUM>
<NSF_PAR_USE_FLAG>1</NSF_PAR_USE_FLAG>
<FUND_AGCY_CODE>4900</FUND_AGCY_CODE>
<AWDG_AGCY_CODE>4900</AWDG_AGCY_CODE>
<AwardID>2301910</AwardID>
<Investigator>
<FirstName>Robert</FirstName>
<LastName>Davis</LastName>
<PI_MID_INIT>H</PI_MID_INIT>
<PI_SUFX_NAME/>
<PI_FULL_NAME>Robert H Davis</PI_FULL_NAME>
<EmailAddress><![CDATA[robert.davis@colorado.edu]]></EmailAddress>
<NSF_ID>000466005</NSF_ID>
<StartDate>06/08/2023</StartDate>
<EndDate/>
<RoleCode>Principal Investigator</RoleCode>
</Investigator>
<Institution>
<Name><![CDATA[University of Colorado at Boulder]]></Name>
<CityName>Boulder</CityName>
<ZipCode>803090001</ZipCode>
<PhoneNumber>3034926221</PhoneNumber>
<StreetAddress><![CDATA[3100 MARINE ST]]></StreetAddress>
<StreetAddress2><![CDATA[STE 481 572 UCB]]></StreetAddress2>
<CountryName>United States</CountryName>
<StateName>Colorado</StateName>
<StateCode>CO</StateCode>
<CONGRESSDISTRICT>02</CONGRESSDISTRICT>
<CONGRESS_DISTRICT_ORG>CO02</CONGRESS_DISTRICT_ORG>
<ORG_UEI_NUM>SPVKK1RC2MZ3</ORG_UEI_NUM>
<ORG_LGL_BUS_NAME>THE REGENTS OF THE UNIVERSITY OF COLORADO</ORG_LGL_BUS_NAME>
<ORG_PRNT_UEI_NUM/>
</Institution>
<Performance_Institution>
<Name><![CDATA[University of Colorado at Boulder]]></Name>
<CityName>BOULDER</CityName>
<StateCode>CO</StateCode>
<ZipCode>803090001</ZipCode>
<StreetAddress><![CDATA[3100 MARINE ST STE 481 572 UCB]]></StreetAddress>
<CountryCode>US</CountryCode>
<CountryName>United States</CountryName>
<StateName>Colorado</StateName>
<CountryFlag>1</CountryFlag>
<CONGRESSDISTRICT>02</CONGRESSDISTRICT>
<CONGRESS_DISTRICT_PERF>CO02</CONGRESS_DISTRICT_PERF>
</Performance_Institution>
<ProgramElement>
<Code>141500</Code>
<Text>PMP-Particul&amp;MultiphaseProcess</Text>
</ProgramElement>
<ProgramReference>
<Code>9251</Code>
<Text>REU SUPP-Res Exp for Ugrd Supp</Text>
</ProgramReference>
<Appropriation>
<Code/>
<Name/>
<APP_SYMB_ID/>
</Appropriation>
<Appropriation>
<Code/>
<Name/>
<APP_SYMB_ID/>
</Appropriation>
<Fund>
<Code>01002425DB</Code>
<Name><![CDATA[NSF RESEARCH & RELATED ACTIVIT]]></Name>
<FUND_SYMB_ID>040100</FUND_SYMB_ID>
</Fund>
<Fund>
<Code>01002324DB</Code>
<Name><![CDATA[NSF RESEARCH & RELATED ACTIVIT]]></Name>
<FUND_SYMB_ID>040100</FUND_SYMB_ID>
</Fund>
<FUND_OBLG>2023~373000</FUND_OBLG>
<FUND_OBLG>2024~7500</FUND_OBLG>
</Award>
</rootTag>
