<?xml version="1.0" encoding="UTF-8"?>
<rootTag>
<Award>
<AwardTitle><![CDATA[Advancing Technical Career Pathways for Uniquely Abled Adults]]></AwardTitle>
<AGENCY>NSF</AGENCY>
<AwardEffectiveDate>07/01/2023</AwardEffectiveDate>
<AwardExpirationDate>06/30/2026</AwardExpirationDate>
<AwardTotalIntnAmount>640677.00</AwardTotalIntnAmount>
<AwardAmount>640677</AwardAmount>
<AwardInstrument>
<Value>Standard Grant</Value>
</AwardInstrument>
<Organization>
<Code>11040100</Code>
<Directorate>
<Abbreviation>EDU</Abbreviation>
<LongName>Directorate for STEM Education</LongName>
</Directorate>
<Division>
<Abbreviation>DUE</Abbreviation>
<LongName>Division Of Undergraduate Education</LongName>
</Division>
</Organization>
<ProgramOfficer>
<SignBlockName>Kalyn Owens</SignBlockName>
<PO_EMAI>kowens@nsf.gov</PO_EMAI>
<PO_PHON>7032924615</PO_PHON>
</ProgramOfficer>
<AbstractNarration>This project aims to serve the national interest by developing a unique collaboration between educators, autism specialists, social service agencies, and the machine technology industry to create vocational opportunities for uniquely abled, Level I Autistic individuals. The project will leverage this dynamic network of experts to prepare students to enter high-demand technical careers as Computer Numerical Control (CNC) machinists, a career pathway in American manufacturing that matches with the unique abilities of most adults with Level I Autism. Eligible students will be supported to enter college, navigate a customized technical education program and transition into a job as a machinist. As a result, the project will increase the number of trained CNC technicians in the North Texas Region and increase the number of Level I Autistic individuals in the technical workforce.  Ultimately, the project intends to fill significant gaps in customized training programs and employment opportunities for the autistic community in the local Dallas-Fort Worth area and serve as a model for the implementation of technical programs at the national level. &lt;br/&gt;&lt;br/&gt;This project will develop and implement a credit, CNC Mill &amp; Lathe Operator Level I career pathway for uniquely abled, Level I Autistic students. This novel career pathway will focus on the following five critical areas to meet the needs of the target population and build a fast-track path to the workforce: 1) partnership development, 2) student support and resources, 3) curriculum improvements, 4) professional development, and 5) awareness for families, faculty, staff, employers, and community organizations. The project will convene a collaborative of industry partners, vocational rehabilitation providers, local independent school districts, and Dallas College internal stakeholders to establish the foundation for identifying, recruiting, and serving Level I Autistic individuals. In addition, the pathway will integrate a career readiness course to support the development of professional skills and better prepare participants for the workplace. Industry partners will provide experiential learning opportunities, host on-site tours, and provide classroom guest speakers. The Dallas College Student Care Network will provide extensive support and resources to participants such as mental and physical health services, childcare, transportation assistance, and access to food pantries. A learning laboratory will be designated exclusively for participants to ensure skill attainment in an environment that is tailored to their unique needs and growth in the project. Creating a technical career pathway for Level I Autistic individuals will enhance the diversity of the workforce and offer long term careers that provide a living wage. Through dissemination efforts as part of the North Texas Consortium of Community Colleges, this model will be introduced to other colleges and universities especially in the Dallas area and has the potential to be translated to other programs and careers. This project is funded by the Advanced Technological Education program that focuses on the education of technicians for the advanced technology fields that drive the nation's economy.&lt;br/&gt;&lt;br/&gt;This award reflects NSF's statutory mission and has been deemed worthy of support through evaluation using the Foundation's intellectual merit and broader impacts review criteria.</AbstractNarration>
<MinAmdLetterDate>06/27/2023</MinAmdLetterDate>
<MaxAmdLetterDate>06/27/2023</MaxAmdLetterDate>
<ARRAAmount/>
<TRAN_TYPE>Grant</TRAN_TYPE>
<CFDA_NUM>47.076</CFDA_NUM>
<NSF_PAR_USE_FLAG>1</NSF_PAR_USE_FLAG>
<FUND_AGCY_CODE>4900</FUND_AGCY_CODE>
<AWDG_AGCY_CODE>4900</AWDG_AGCY_CODE>
<AwardID>2301051</AwardID>
<Investigator>
<FirstName>Robert</FirstName>
<LastName>Simon</LastName>
<PI_MID_INIT/>
<PI_SUFX_NAME/>
<PI_FULL_NAME>Robert Simon</PI_FULL_NAME>
<EmailAddress><![CDATA[BSimon@DallasCollege.edu]]></EmailAddress>
<NSF_ID>000905710</NSF_ID>
<StartDate>06/27/2023</StartDate>
<EndDate/>
<RoleCode>Co-Principal Investigator</RoleCode>
</Investigator>
<Investigator>
<FirstName>Craig</FirstName>
<LastName>Van Hamersveld</LastName>
<PI_MID_INIT/>
<PI_SUFX_NAME/>
<PI_FULL_NAME>Craig Van Hamersveld</PI_FULL_NAME>
<EmailAddress><![CDATA[CVanHamersveld@DallasCollege.edu]]></EmailAddress>
<NSF_ID>000905707</NSF_ID>
<StartDate>06/27/2023</StartDate>
<EndDate/>
<RoleCode>Principal Investigator</RoleCode>
</Investigator>
<Institution>
<Name><![CDATA[Dallas College]]></Name>
<CityName>MESQUITE</CityName>
<ZipCode>751502018</ZipCode>
<PhoneNumber>9728607725</PhoneNumber>
<StreetAddress><![CDATA[4343 IH-30]]></StreetAddress>
<StreetAddress2/>
<CountryName>United States</CountryName>
<StateName>Texas</StateName>
<StateCode>TX</StateCode>
<CONGRESSDISTRICT>05</CONGRESSDISTRICT>
<CONGRESS_DISTRICT_ORG>TX05</CONGRESS_DISTRICT_ORG>
<ORG_UEI_NUM>RMY3LXEM29P3</ORG_UEI_NUM>
<ORG_LGL_BUS_NAME>DALLAS COLLEGE</ORG_LGL_BUS_NAME>
<ORG_PRNT_UEI_NUM>LQVZG74M4GV4</ORG_PRNT_UEI_NUM>
</Institution>
<Performance_Institution>
<Name><![CDATA[Dallas College]]></Name>
<CityName>MESQUITE</CityName>
<StateCode>TX</StateCode>
<ZipCode>751502018</ZipCode>
<StreetAddress><![CDATA[4343 IH 30]]></StreetAddress>
<CountryCode>US</CountryCode>
<CountryName>United States</CountryName>
<StateName>Texas</StateName>
<CountryFlag>1</CountryFlag>
<CONGRESSDISTRICT>05</CONGRESSDISTRICT>
<CONGRESS_DISTRICT_PERF>TX05</CONGRESS_DISTRICT_PERF>
</Performance_Institution>
<ProgramElement>
<Code>741200</Code>
<Text>Advanced Tech Education Prog</Text>
</ProgramElement>
<ProgramReference>
<Code>1032</Code>
<Text>ADVANCED TECHNOLOGY EDUCATION</Text>
</ProgramReference>
<ProgramReference>
<Code>9178</Code>
<Text>UNDERGRADUATE EDUCATION</Text>
</ProgramReference>
<ProgramReference>
<Code>SMET</Code>
<Text>SCIENCE, MATH, ENG &amp; TECH EDUCATION</Text>
</ProgramReference>
<Appropriation>
<Code/>
<Name/>
<APP_SYMB_ID/>
</Appropriation>
<Fund>
<Code>04002324DB</Code>
<Name><![CDATA[NSF STEM Education]]></Name>
<FUND_SYMB_ID>040106</FUND_SYMB_ID>
</Fund>
<FUND_OBLG>2023~640677</FUND_OBLG>
</Award>
</rootTag>
