<?xml version="1.0" encoding="UTF-8"?>
<rootTag>
<Award>
<AwardTitle><![CDATA[ERI: Durability of Biocompatible Elastomers under Extreme Environments: Unveiling the Aging Mechanisms]]></AwardTitle>
<AGENCY>NSF</AGENCY>
<AwardEffectiveDate>09/01/2023</AwardEffectiveDate>
<AwardExpirationDate>08/31/2025</AwardExpirationDate>
<AwardTotalIntnAmount>200000.00</AwardTotalIntnAmount>
<AwardAmount>200000</AwardAmount>
<AwardInstrument>
<Value>Standard Grant</Value>
</AwardInstrument>
<Organization>
<Code>07030000</Code>
<Directorate>
<Abbreviation>ENG</Abbreviation>
<LongName>Directorate For Engineering</LongName>
</Directorate>
<Division>
<Abbreviation>CMMI</Abbreviation>
<LongName>Div Of Civil, Mechanical, &amp; Manufact Inn</LongName>
</Division>
</Organization>
<ProgramOfficer>
<SignBlockName>Ashfaq Adnan</SignBlockName>
<PO_EMAI>aadnan@nsf.gov</PO_EMAI>
<PO_PHON>7032927386</PO_PHON>
</ProgramOfficer>
<AbstractNarration>Plastic materials are extensively used for structural applications and protective thin-layer coatings. These materials exhibit many desirable properties that have been utilized in applications like composites, piping, bio-devices, flexible electronics, and impact mitigation. However, their use is limited in applications that require good fatigue and/or impact performance due to chemical and/or physical degradation, commonly referred to as aging. This is a significant concern when exposed to extreme environments of mechanical stress, heat, humidity, ultra-violet, and gamma radiation. This Engineering Research Initiation (ERI) award supports research that aims to address these challenges by comprehensively examining the endurance of biocompatible elastomers. In medical applications, elastomers are used in heart devices which endure extreme conditions of dynamic loading, body temperature, body fluids, and oxygen. Natural aging during their intended use can result in fatal consequences for patients, thus it is crucial to understand the endurance of biocompatible elastomers to prevent in-service failure. This project will promote STEM education by collaborating with the Dearborn Toy Library in organizing activities for K-12 students. &lt;br/&gt;&lt;br/&gt;The goal of this project is to find a correlation between the mechanical and dynamic properties resulting from in-service aging and from accelerated aging conditions for environmentally aged biocompatible elastomers. Through extensive experimental and numerical investigations, this project will uncover how aging mechanisms affect the dynamic properties of biocompatible elastomers. A thermodynamics-based model and time-temperature equivalence principle will be developed based on the mechanical behavior of thermal- and humidity-aged biocompatible elastomers under various loading conditions and accelerated thermal aging conditions. Specifically, this proposal will address: (1) the effect of thermal aging on the static, viscous, and fatigue behavior of elastomers, (2) the effect of aging on the fatigue induced crazing and cracking initiation, propagation, and coalescence, and (3) the impact of aging on chain reptation mechanism.&lt;br/&gt;&lt;br/&gt;This award reflects NSF's statutory mission and has been deemed worthy of support through evaluation using the Foundation's intellectual merit and broader impacts review criteria.</AbstractNarration>
<MinAmdLetterDate>05/31/2023</MinAmdLetterDate>
<MaxAmdLetterDate>05/31/2023</MaxAmdLetterDate>
<ARRAAmount/>
<TRAN_TYPE>Grant</TRAN_TYPE>
<CFDA_NUM>47.041</CFDA_NUM>
<NSF_PAR_USE_FLAG>1</NSF_PAR_USE_FLAG>
<FUND_AGCY_CODE>4900</FUND_AGCY_CODE>
<AWDG_AGCY_CODE>4900</AWDG_AGCY_CODE>
<AwardID>2301031</AwardID>
<Investigator>
<FirstName>Georges</FirstName>
<LastName>Ayoub</LastName>
<PI_MID_INIT/>
<PI_SUFX_NAME/>
<PI_FULL_NAME>Georges Ayoub</PI_FULL_NAME>
<EmailAddress><![CDATA[gayoub@umich.edu]]></EmailAddress>
<NSF_ID>000728038</NSF_ID>
<StartDate>05/31/2023</StartDate>
<EndDate/>
<RoleCode>Principal Investigator</RoleCode>
</Investigator>
<Institution>
<Name><![CDATA[Regents of the University of Michigan - Dearborn]]></Name>
<CityName>Dearborn</CityName>
<ZipCode>481282406</ZipCode>
<PhoneNumber>7347636438</PhoneNumber>
<StreetAddress><![CDATA[4901 EVERGREEN RD]]></StreetAddress>
<StreetAddress2/>
<CountryName>United States</CountryName>
<StateName>Michigan</StateName>
<StateCode>MI</StateCode>
<CONGRESSDISTRICT>12</CONGRESSDISTRICT>
<CONGRESS_DISTRICT_ORG>MI12</CONGRESS_DISTRICT_ORG>
<ORG_UEI_NUM>RY78VSF6P4G3</ORG_UEI_NUM>
<ORG_LGL_BUS_NAME>REGENTS OF THE UNIVERSITY OF MICHIGAN</ORG_LGL_BUS_NAME>
<ORG_PRNT_UEI_NUM/>
</Institution>
<Performance_Institution>
<Name><![CDATA[Regents of the University of Michigan - Dearborn]]></Name>
<CityName>Dearborn</CityName>
<StateCode>MI</StateCode>
<ZipCode>481282406</ZipCode>
<StreetAddress><![CDATA[4901 EVERGREEN RD]]></StreetAddress>
<CountryCode>US</CountryCode>
<CountryName>United States</CountryName>
<StateName>Michigan</StateName>
<CountryFlag>1</CountryFlag>
<CONGRESSDISTRICT>12</CONGRESSDISTRICT>
<CONGRESS_DISTRICT_PERF>MI12</CONGRESS_DISTRICT_PERF>
</Performance_Institution>
<ProgramElement>
<Code>163000</Code>
<Text>Mechanics of Materials and Str</Text>
</ProgramElement>
<ProgramElement>
<Code>180Y00</Code>
<Text>ERI-Eng. Research Initiation</Text>
</ProgramElement>
<ProgramReference>
<Code>022E</Code>
<Text>SOLID MECHANICS</Text>
</ProgramReference>
<ProgramReference>
<Code>9178</Code>
<Text>UNDERGRADUATE EDUCATION</Text>
</ProgramReference>
<ProgramReference>
<Code>9179</Code>
<Text>GRADUATE INVOLVEMENT</Text>
</ProgramReference>
<ProgramReference>
<Code>9264</Code>
<Text>RESEARCH INITIATION AWARD</Text>
</ProgramReference>
<Appropriation>
<Code/>
<Name/>
<APP_SYMB_ID/>
</Appropriation>
<Fund>
<Code>01002324DB</Code>
<Name><![CDATA[NSF RESEARCH & RELATED ACTIVIT]]></Name>
<FUND_SYMB_ID>040100</FUND_SYMB_ID>
</Fund>
<FUND_OBLG>2023~200000</FUND_OBLG>
</Award>
</rootTag>
