<?xml version="1.0" encoding="UTF-8"?>
<rootTag>
<Award>
<AwardTitle><![CDATA[ERI: Evolution of Detached Liquid Sheet Edges from Patterned Boundaries]]></AwardTitle>
<AGENCY>NSF</AGENCY>
<AwardEffectiveDate>04/01/2023</AwardEffectiveDate>
<AwardExpirationDate>03/31/2026</AwardExpirationDate>
<AwardTotalIntnAmount>177911.00</AwardTotalIntnAmount>
<AwardAmount>177911</AwardAmount>
<AwardInstrument>
<Value>Standard Grant</Value>
</AwardInstrument>
<Organization>
<Code>07020000</Code>
<Directorate>
<Abbreviation>ENG</Abbreviation>
<LongName>Directorate For Engineering</LongName>
</Directorate>
<Division>
<Abbreviation>CBET</Abbreviation>
<LongName>Div Of Chem, Bioeng, Env, &amp; Transp Sys</LongName>
</Division>
</Organization>
<ProgramOfficer>
<SignBlockName>Ron Joslin</SignBlockName>
<PO_EMAI>rjoslin@nsf.gov</PO_EMAI>
<PO_PHON>7032927030</PO_PHON>
</ProgramOfficer>
<AbstractNarration>The complex ways in which sheets of liquid break up at their edges to form droplets are important to the understanding of spray characteristics, for example the eventual size of the droplets produced. As sprays are encountered in numerous natural and engineered scenarios involving liquids, their study is important both at a fundamental and applied level. The aim of this project is to develop an experimental platform to explore the role of micropatterned boundaries on the evolution and subsequent breakup of liquid sheet edges. Project results can be used to validate numerical and computational studies of breakup mechanisms. The project, part of the Engineering Research Initiation program, will take place at a primarily undergraduate serving institution of higher education and will give student groups from existing project-based courses the opportunity to develop experimental equipment. Additional student participants will benefit from existing campus programs - one of which is directly tied to university efforts at improving and promoting diversity, equity, and inclusivity in STEM – providing excellent mentoring and professional development opportunities. &lt;br/&gt;&lt;br/&gt;The goal of this project is to improve experiments to explore the breakup of liquid sheet edges, fundamental to the formation of droplets by sprays, by investigating the influence of micro-scale patterns on the physical boundaries from which the edges are created once liquid sheets are detached. Previous experiments have used rapid heating of metal wire frames to form the edges of liquid films (soap films). The key questions this project proposes to answer are: (1) Instead of using an unadulterated metallic wire to form the initial edge of a liquid sheet for detachment experiments that use rapid boiling to free the edge, can an edge, or boundary, be created with micro-scale patterns to induce disturbances of a known spatial wavelength onto that liquid film edge? (2) If this is possible, what is the nature of the influence of the modulated disturbance on the evolution of the edge? (3) Is it then possible to demonstrate measurements of modulated instability growth to determine, without ambiguity, fastest growing wavelengths to further understand the evolution and breakup, via instability, of the detached liquid sheet edge? To answer these questions, challenging experiments using high-speed photography and at high spatial resolution will be performed. By developing these experimental techniques to answer the key questions, the project will provide useful avenues for future study of liquid sheet breakup.&lt;br/&gt;&lt;br/&gt;This award reflects NSF's statutory mission and has been deemed worthy of support through evaluation using the Foundation's intellectual merit and broader impacts review criteria.</AbstractNarration>
<MinAmdLetterDate>03/13/2023</MinAmdLetterDate>
<MaxAmdLetterDate>03/13/2023</MaxAmdLetterDate>
<ARRAAmount/>
<TRAN_TYPE>Grant</TRAN_TYPE>
<CFDA_NUM>47.041</CFDA_NUM>
<NSF_PAR_USE_FLAG>1</NSF_PAR_USE_FLAG>
<FUND_AGCY_CODE>4900</FUND_AGCY_CODE>
<AWDG_AGCY_CODE>4900</AWDG_AGCY_CODE>
<AwardID>2301780</AwardID>
<Investigator>
<FirstName>Hans</FirstName>
<LastName>Mayer</LastName>
<PI_MID_INIT>C</PI_MID_INIT>
<PI_SUFX_NAME/>
<PI_FULL_NAME>Hans C Mayer</PI_FULL_NAME>
<EmailAddress><![CDATA[hmayer@calpoly.edu]]></EmailAddress>
<NSF_ID>000891362</NSF_ID>
<StartDate>03/13/2023</StartDate>
<EndDate/>
<RoleCode>Principal Investigator</RoleCode>
</Investigator>
<Institution>
<Name><![CDATA[California Polytechnic State University Foundation]]></Name>
<CityName>SAN LUIS OBISPO</CityName>
<ZipCode>934079000</ZipCode>
<PhoneNumber>8057562982</PhoneNumber>
<StreetAddress><![CDATA[1 GRAND AVE BLDG 15]]></StreetAddress>
<StreetAddress2/>
<CountryName>United States</CountryName>
<StateName>California</StateName>
<StateCode>CA</StateCode>
<CONGRESSDISTRICT>24</CONGRESSDISTRICT>
<CONGRESS_DISTRICT_ORG>CA24</CONGRESS_DISTRICT_ORG>
<ORG_UEI_NUM>MC4RJJM9XLT5</ORG_UEI_NUM>
<ORG_LGL_BUS_NAME>CAL POLY CORPORATION</ORG_LGL_BUS_NAME>
<ORG_PRNT_UEI_NUM/>
</Institution>
<Performance_Institution>
<Name><![CDATA[California Polytechnic State University Foundation]]></Name>
<CityName>SAN LUIS OBISPO</CityName>
<StateCode>CA</StateCode>
<ZipCode>934079000</ZipCode>
<StreetAddress><![CDATA[1 GRAND AVE]]></StreetAddress>
<CountryCode>US</CountryCode>
<CountryName>United States</CountryName>
<StateName>California</StateName>
<CountryFlag>1</CountryFlag>
<CONGRESSDISTRICT>24</CONGRESSDISTRICT>
<CONGRESS_DISTRICT_PERF>CA24</CONGRESS_DISTRICT_PERF>
</Performance_Institution>
<ProgramElement>
<Code>141500</Code>
<Text>PMP-Particul&amp;MultiphaseProcess</Text>
</ProgramElement>
<ProgramElement>
<Code>144300</Code>
<Text>FD-Fluid Dynamics</Text>
</ProgramElement>
<Appropriation>
<Code/>
<Name/>
<APP_SYMB_ID/>
</Appropriation>
<Fund>
<Code>01002324DB</Code>
<Name><![CDATA[NSF RESEARCH & RELATED ACTIVIT]]></Name>
<FUND_SYMB_ID>040100</FUND_SYMB_ID>
</Fund>
<FUND_OBLG>2023~177911</FUND_OBLG>
</Award>
</rootTag>
