<?xml version="1.0" encoding="UTF-8"?>
<rootTag>
<Award>
<AwardTitle><![CDATA[ERI: Wake interactions past two roughness elements in close proximity to a surface]]></AwardTitle>
<AGENCY>NSF</AGENCY>
<AwardEffectiveDate>04/01/2023</AwardEffectiveDate>
<AwardExpirationDate>03/31/2025</AwardExpirationDate>
<AwardTotalIntnAmount>198202.00</AwardTotalIntnAmount>
<AwardAmount>198202</AwardAmount>
<AwardInstrument>
<Value>Standard Grant</Value>
</AwardInstrument>
<Organization>
<Code>07020000</Code>
<Directorate>
<Abbreviation>ENG</Abbreviation>
<LongName>Directorate For Engineering</LongName>
</Directorate>
<Division>
<Abbreviation>CBET</Abbreviation>
<LongName>Div Of Chem, Bioeng, Env, &amp; Transp Sys</LongName>
</Division>
</Organization>
<ProgramOfficer>
<SignBlockName>Ron Joslin</SignBlockName>
<PO_EMAI>rjoslin@nsf.gov</PO_EMAI>
<PO_PHON>7032927030</PO_PHON>
</ProgramOfficer>
<AbstractNarration>The turbulent flow over two roughness elements in close proximity on an otherwise relatively smooth surface is encountered in environmental and engineering applications (e.g., two dunes in close proximity and two protrusions in close succession on an engineered surface). The interactions between the upstream wake and the downstream wake govern important flow features including drag and turbulence. This project aims to quantify and understand the wake interactions between two roughness elements in close proximity under incoming turbulent flow. For this purpose, flow measurements will be made for a wide range of configurations using state-of-the-art instrumentation. The project will be performed at an undergraduate institution providing foundation for engineering research and enhancing undergraduate research training. The project will provide engaging research experiences for undergraduate students who will gain valuable research training and mentoring while working alongside faculty.&lt;br/&gt;&lt;br/&gt;High-speed volumetric particle image velocimetry, a non-intrusive laser-diagnostic flow measurement technique, will be used to measure the flow over two cylindrical roughness elements positioned in close proximity and immersed in a turbulent boundary layer. The cylinders will be positioned at various configurations to vary the degree by which the upstream cylinder shelters the downstream cylinder from the incoming high-momentum flow. The experiments will allow for the characterization of rich flow physics: the interaction of two 3D shear layers in the lower portion of a turbulent boundary layer. The objectives are to 1) quantify the flow interactions between the wakes of the two cylindrical roughness elements; 2) characterize the vortical structures shed from isolated cylindrical roughness elements and identify the modifications to these structures due to the introduction of an upstream cylinder; 3) investigate the effects of additional upstream elements (i.e., sheltering by 2, 3, and 4 upstream elements) on the captured flow physics, 4) quantify the roughness-induced perturbation to the boundary layer and its coherent structures; and 5) distill a spatiotemporally-resolved flow description that illustrates sheltering flow physics across a wide range of arrangements. The spatially- and temporally-resolved measurements will aid in addressing a gap in the literature on the flow over two roughness elements in close proximity, offer insight into the rich flow physics involved, and provide benchmark results to aid other researchers in their modeling and validation efforts.&lt;br/&gt;&lt;br/&gt;This award reflects NSF's statutory mission and has been deemed worthy of support through evaluation using the Foundation's intellectual merit and broader impacts review criteria.</AbstractNarration>
<MinAmdLetterDate>03/13/2023</MinAmdLetterDate>
<MaxAmdLetterDate>03/13/2023</MaxAmdLetterDate>
<ARRAAmount/>
<TRAN_TYPE>Grant</TRAN_TYPE>
<CFDA_NUM>47.041</CFDA_NUM>
<NSF_PAR_USE_FLAG>1</NSF_PAR_USE_FLAG>
<FUND_AGCY_CODE>4900</FUND_AGCY_CODE>
<AWDG_AGCY_CODE>4900</AWDG_AGCY_CODE>
<AwardID>2301453</AwardID>
<Investigator>
<FirstName>Ali</FirstName>
<LastName>Hamed</LastName>
<PI_MID_INIT>M</PI_MID_INIT>
<PI_SUFX_NAME/>
<PI_FULL_NAME>Ali M Hamed</PI_FULL_NAME>
<EmailAddress><![CDATA[hameda@union.edu]]></EmailAddress>
<NSF_ID>000784875</NSF_ID>
<StartDate>03/13/2023</StartDate>
<EndDate/>
<RoleCode>Principal Investigator</RoleCode>
</Investigator>
<Institution>
<Name><![CDATA[Union College]]></Name>
<CityName>SCHENECTADY</CityName>
<ZipCode>123083256</ZipCode>
<PhoneNumber>5183886101</PhoneNumber>
<StreetAddress><![CDATA[807 UNION ST]]></StreetAddress>
<StreetAddress2/>
<CountryName>United States</CountryName>
<StateName>New York</StateName>
<StateCode>NY</StateCode>
<CONGRESSDISTRICT>20</CONGRESSDISTRICT>
<CONGRESS_DISTRICT_ORG>NY20</CONGRESS_DISTRICT_ORG>
<ORG_UEI_NUM>HE9HQBNZHHB5</ORG_UEI_NUM>
<ORG_LGL_BUS_NAME>TRUSTEES OF UNION COLLEGE IN THE TOWN OF SCHENECTADY IN THE STATE OF NEW YORK</ORG_LGL_BUS_NAME>
<ORG_PRNT_UEI_NUM/>
</Institution>
<Performance_Institution>
<Name><![CDATA[Union College]]></Name>
<CityName>SCHENECTADY</CityName>
<StateCode>NY</StateCode>
<ZipCode>123083256</ZipCode>
<StreetAddress><![CDATA[807 UNION ST]]></StreetAddress>
<CountryCode>US</CountryCode>
<CountryName>United States</CountryName>
<StateName>New York</StateName>
<CountryFlag>1</CountryFlag>
<CONGRESSDISTRICT>20</CONGRESSDISTRICT>
<CONGRESS_DISTRICT_PERF>NY20</CONGRESS_DISTRICT_PERF>
</Performance_Institution>
<ProgramElement>
<Code>164200</Code>
<Text>Special Initiatives</Text>
</ProgramElement>
<Appropriation>
<Code/>
<Name/>
<APP_SYMB_ID/>
</Appropriation>
<Fund>
<Code>01002324DB</Code>
<Name><![CDATA[NSF RESEARCH & RELATED ACTIVIT]]></Name>
<FUND_SYMB_ID>040100</FUND_SYMB_ID>
</Fund>
<FUND_OBLG>2023~198202</FUND_OBLG>
</Award>
</rootTag>
