<?xml version="1.0" encoding="UTF-8"?>
<rootTag>
<Award>
<AwardTitle><![CDATA[ERI: Understanding Austenite Refinement Mechanism in Nickel-Alloyed Ductile Cast Irons]]></AwardTitle>
<AGENCY>NSF</AGENCY>
<AwardEffectiveDate>06/01/2023</AwardEffectiveDate>
<AwardExpirationDate>05/31/2025</AwardExpirationDate>
<AwardTotalIntnAmount>195574.00</AwardTotalIntnAmount>
<AwardAmount>195574</AwardAmount>
<AwardInstrument>
<Value>Standard Grant</Value>
</AwardInstrument>
<Organization>
<Code>07030000</Code>
<Directorate>
<Abbreviation>ENG</Abbreviation>
<LongName>Directorate For Engineering</LongName>
</Directorate>
<Division>
<Abbreviation>CMMI</Abbreviation>
<LongName>Div Of Civil, Mechanical, &amp; Manufact Inn</LongName>
</Division>
</Organization>
<ProgramOfficer>
<SignBlockName>Khershed Cooper</SignBlockName>
<PO_EMAI>khcooper@nsf.gov</PO_EMAI>
<PO_PHON>7032927017</PO_PHON>
</ProgramOfficer>
<AbstractNarration><![CDATA[This Engineering Research Initiation (ERI) grant enables fundamental understanding of refining austenite grain structure in nickel-alloyed ductile irons. Compared to steel and non-ferrous alloys, ductile iron castings are easy to manufacture by established metal casting processes. Ductile irons are widely used to produce structural components in automotive, agriculture, mining, construction, municipal water/sewer, and defense industries and are easily recyclable. This research is aimed at providing an economical method to improve mechanical properties of the as-cast ductile iron via refining its grain structure without the need of large amounts of expensive alloying element additions or energy-intensive heat treatment. This award supports fundamental research to provide the needed knowledge for the development of a robust in-situ grain refinement process for austenitic ductile iron. The refined grain structure improves the strength and toughness of the ductile iron, which leads to the development of higher strength-to-mass ratio castings and thinner section and lighter weight components. The benefits of lightweight ductile iron cast parts are reduced energy consumption and carbon emission during production, service, and recycling, which benefits the U.S. economy and society. This research involves several disciplines including metallurgy, materials science, and manufacturing. The multi-disciplinary approach helps broaden participation of women and underrepresented students in research and positively impacts engineering education.&lt;br/&gt;&lt;br/&gt;Refinement of austenite in ductile iron can result in a finer final microstructure improving its mechanical properties. However, the approach to achieve in-situ austenite grain refinement during the melting and solidification process and the associated mechanisms are not well understood. A nickel-alloyed ductile iron is designed with thermodynamic equilibrium calculations to retain austenite structure during solidification. Four elemental additions, cerium, titanium, aluminum, and bismuth are selected. The selected alloying additions are hypothesized to refine the austenite microstructure either by promoting heterogeneous nucleation of austenite grains, or by impeding austenite grain growth. To determine the grain refinement mechanism, partially solidified iron is quenched to capture early formation of austenite on nucleation sites and retain growth front of austenite grain in contact with liquid. Samples are analyzed using electron back scattered diffraction, scanning electron microscopy, energy dispersive X-ray, transmission electron microscopy, and selected area electron diffraction to understand the austenite grain refinement mechanism. The project evaluates processing-structure-property relationships in the grain refined nickel-alloyed ductile iron in the as-cast state. This foundational research is generalizable and could be applied to understand grain refinement mechanisms in other cast irons such as gray iron, compacted graphite iron, and white iron.&lt;br/&gt;&lt;br/&gt;This award reflects NSF's statutory mission and has been deemed worthy of support through evaluation using the Foundation's intellectual merit and broader impacts review criteria.]]></AbstractNarration>
<MinAmdLetterDate>06/12/2023</MinAmdLetterDate>
<MaxAmdLetterDate>06/12/2023</MaxAmdLetterDate>
<ARRAAmount/>
<TRAN_TYPE>Grant</TRAN_TYPE>
<CFDA_NUM>47.041</CFDA_NUM>
<NSF_PAR_USE_FLAG>1</NSF_PAR_USE_FLAG>
<FUND_AGCY_CODE>4900</FUND_AGCY_CODE>
<AWDG_AGCY_CODE>4900</AWDG_AGCY_CODE>
<AwardID>2301570</AwardID>
<Investigator>
<FirstName>Jingjing</FirstName>
<LastName>Qing</LastName>
<PI_MID_INIT/>
<PI_SUFX_NAME/>
<PI_FULL_NAME>Jingjing Qing</PI_FULL_NAME>
<EmailAddress><![CDATA[jqing@georgiasouthern.edu]]></EmailAddress>
<NSF_ID>000848382</NSF_ID>
<StartDate>06/12/2023</StartDate>
<EndDate/>
<RoleCode>Principal Investigator</RoleCode>
</Investigator>
<Institution>
<Name>Georgia Southern University Research and Service Foundation, Inc</Name>
<CityName>STATESBORO</CityName>
<ZipCode>304586724</ZipCode>
<PhoneNumber>9124785465</PhoneNumber>
<StreetAddress>261 FOREST DR</StreetAddress>
<StreetAddress2><![CDATA[STE 3000]]></StreetAddress2>
<CountryName>United States</CountryName>
<StateName>Georgia</StateName>
<StateCode>GA</StateCode>
<CONGRESSDISTRICT>12</CONGRESSDISTRICT>
<CONGRESS_DISTRICT_ORG>GA12</CONGRESS_DISTRICT_ORG>
<ORG_UEI_NUM>FL4AUYLFP7E8</ORG_UEI_NUM>
<ORG_LGL_BUS_NAME>GEORGIA SOUTHERN UNIVERSITY RESEARCH &amp; SERVICE FOUNDATION INC</ORG_LGL_BUS_NAME>
<ORG_PRNT_UEI_NUM/>
</Institution>
<Performance_Institution>
<Name><![CDATA[Georgia Southern University Research and Service Foundation, Inc]]></Name>
<CityName>STATESBORO</CityName>
<StateCode>GA</StateCode>
<ZipCode>304580001</ZipCode>
<StreetAddress><![CDATA[261 FOREST DR STE 3000]]></StreetAddress>
<CountryCode>US</CountryCode>
<CountryName>United States</CountryName>
<StateName>Georgia</StateName>
<CountryFlag>1</CountryFlag>
<CONGRESSDISTRICT>12</CONGRESSDISTRICT>
<CONGRESS_DISTRICT_PERF>GA12</CONGRESS_DISTRICT_PERF>
</Performance_Institution>
<ProgramElement>
<Code>180Y</Code>
<Text>ERI-Eng. Research Initiation</Text>
</ProgramElement>
<ProgramReference>
<Code>8021</Code>
<Text>Materials Engineering</Text>
</ProgramReference>
<ProgramReference>
<Code>8025</Code>
<Text>Advanced Materials Processing</Text>
</ProgramReference>
<ProgramReference>
<Code>9102</Code>
<Text>WOMEN, MINORITY, DISABLED, NEC</Text>
</ProgramReference>
<ProgramReference>
<Code>9264</Code>
<Text>RESEARCH INITIATION AWARD</Text>
</ProgramReference>
<Appropriation>
<Code/>
<Name/>
<APP_SYMB_ID/>
</Appropriation>
<Fund>
<Code>01002324DB</Code>
<Name><![CDATA[NSF RESEARCH & RELATED ACTIVIT]]></Name>
<FUND_SYMB_ID>040100</FUND_SYMB_ID>
</Fund>
<FUND_OBLG>2023~195574</FUND_OBLG>
</Award>
</rootTag>
