<?xml version="1.0" encoding="UTF-8"?>
<rootTag>
<Award>
<AwardTitle><![CDATA[ERI: Adaptive and Resilient Communication-Aware Multi-Robot Coordination]]></AwardTitle>
<AGENCY>NSF</AGENCY>
<AwardEffectiveDate>09/01/2023</AwardEffectiveDate>
<AwardExpirationDate>08/31/2025</AwardExpirationDate>
<AwardTotalIntnAmount>200000.00</AwardTotalIntnAmount>
<AwardAmount>200000</AwardAmount>
<AwardInstrument>
<Value>Standard Grant</Value>
</AwardInstrument>
<Organization>
<Code>07030000</Code>
<Directorate>
<Abbreviation>ENG</Abbreviation>
<LongName>Directorate For Engineering</LongName>
</Directorate>
<Division>
<Abbreviation>CMMI</Abbreviation>
<LongName>Div Of Civil, Mechanical, &amp; Manufact Inn</LongName>
</Division>
</Organization>
<ProgramOfficer>
<SignBlockName>Siddiq Qidwai</SignBlockName>
<PO_EMAI>sqidwai@nsf.gov</PO_EMAI>
<PO_PHON>7032922211</PO_PHON>
</ProgramOfficer>
<AbstractNarration>This Engineering Research Initiation (ERI) grant will support fundamental research that aims to improve reliable coordination for a team of autonomous mobile robots operating in realistic and possibly adversarial environments. Robots that can collaborate have shown great potential in many applications from search and rescue missions to precision agriculture. Due to limited sensing, communication, and processing capabilities, autonomous robots in a collaborating group often need to make collective decisions through communications in proximity. For example, exchanging sensing data or control commands with neighboring robots through range-constrained wireless communications. The integral role of wireless communications requires robots to coordinate and react to the changing environment for reliable information sharing in addition to their original tasks. However, existing research paradigm often assumes that the communication environment is well modeled and can be pre-programmed into robotic systems for effective coordination without disruptions. This significantly limits the capabilities of robot teams and makes them vulnerable in real-world environments that can often be unpredictable. To address the challenges, this project seeks to create a set of methods and tools that may augment many multi-robot coordination tasks, by enabling robots to learn the environment on the fly, adapt their motion to environmental changes, and maintain communications when unexpected robot failures happen. The project will also support education and outreach activities such as curriculum development, broadening participation of students from underrepresented groups, and local community engagement in the Charlotte metropolitan area.&lt;br/&gt;&lt;br/&gt;The objective of this project is to create novel methods and algorithms that enable the co-design of learning, communication, and motion control for mobile robot teams. This may allow for robust operation of robots with provable assurances on communication capabilities and multi-robot network resilience adaptive to uncertain environments, positively supporting the primary task execution. In pursuit of this goal, the project will make two main contributions: (i) Developing data-driven methods for robots to collaboratively learn the spatially varying realistic communication performance online, and (ii) Developing new approaches that specify the impact of realistic communication constraints and network resilience on the task-related robots’ motion, to enable joint optimization for more efficient multi-robot coordination with performance guarantees. The work will be evaluated in simulations and experiments on physical robotic platforms. &lt;br/&gt;&lt;br/&gt;This project is supported by the cross-directorate Foundational Research in Robotics program, jointly managed and funded by the Directorates for Engineering (ENG) and Computer and Information Science and Engineering (CISE).&lt;br/&gt;&lt;br/&gt;This award reflects NSF's statutory mission and has been deemed worthy of support through evaluation using the Foundation's intellectual merit and broader impacts review criteria.</AbstractNarration>
<MinAmdLetterDate>09/19/2023</MinAmdLetterDate>
<MaxAmdLetterDate>09/19/2023</MaxAmdLetterDate>
<ARRAAmount/>
<TRAN_TYPE>Grant</TRAN_TYPE>
<CFDA_NUM>47.041, 47.070</CFDA_NUM>
<NSF_PAR_USE_FLAG>1</NSF_PAR_USE_FLAG>
<FUND_AGCY_CODE>4900</FUND_AGCY_CODE>
<AWDG_AGCY_CODE>4900</AWDG_AGCY_CODE>
<AwardID>2301749</AwardID>
<Investigator>
<FirstName>Wenhao</FirstName>
<LastName>Luo</LastName>
<PI_MID_INIT/>
<PI_SUFX_NAME/>
<PI_FULL_NAME>Wenhao Luo</PI_FULL_NAME>
<EmailAddress><![CDATA[wenhao.luo@uncc.edu]]></EmailAddress>
<NSF_ID>000873906</NSF_ID>
<StartDate>09/19/2023</StartDate>
<EndDate/>
<RoleCode>Principal Investigator</RoleCode>
</Investigator>
<Institution>
<Name><![CDATA[University of North Carolina at Charlotte]]></Name>
<CityName>CHARLOTTE</CityName>
<ZipCode>282230001</ZipCode>
<PhoneNumber>7046871888</PhoneNumber>
<StreetAddress><![CDATA[9201 UNIVERSITY CITY BLVD]]></StreetAddress>
<StreetAddress2/>
<CountryName>United States</CountryName>
<StateName>North Carolina</StateName>
<StateCode>NC</StateCode>
<CONGRESSDISTRICT>12</CONGRESSDISTRICT>
<CONGRESS_DISTRICT_ORG>NC12</CONGRESS_DISTRICT_ORG>
<ORG_UEI_NUM>JB33DT84JNA5</ORG_UEI_NUM>
<ORG_LGL_BUS_NAME>UNIVERSITY OF NORTH CAROLINA AT CHARLOTTE</ORG_LGL_BUS_NAME>
<ORG_PRNT_UEI_NUM>NEYCH3CVBTR6</ORG_PRNT_UEI_NUM>
</Institution>
<Performance_Institution>
<Name><![CDATA[University of North Carolina at Charlotte]]></Name>
<CityName>CHARLOTTE</CityName>
<StateCode>NC</StateCode>
<ZipCode>282230001</ZipCode>
<StreetAddress><![CDATA[9201 UNIVERSITY CITY BLVD]]></StreetAddress>
<CountryCode>US</CountryCode>
<CountryName>United States</CountryName>
<StateName>North Carolina</StateName>
<CountryFlag>1</CountryFlag>
<CONGRESSDISTRICT>12</CONGRESSDISTRICT>
<CONGRESS_DISTRICT_PERF>NC12</CONGRESS_DISTRICT_PERF>
</Performance_Institution>
<ProgramElement>
<Code>144Y00</Code>
<Text>FRR-Foundationl Rsrch Robotics</Text>
</ProgramElement>
<ProgramElement>
<Code>180Y00</Code>
<Text>ERI-Eng. Research Initiation</Text>
</ProgramElement>
<ProgramReference>
<Code>6840</Code>
<Text>ROBOTICS</Text>
</ProgramReference>
<ProgramReference>
<Code>9264</Code>
<Text>RESEARCH INITIATION AWARD</Text>
</ProgramReference>
<Appropriation>
<Code/>
<Name/>
<APP_SYMB_ID/>
</Appropriation>
<Fund>
<Code>01002324DB</Code>
<Name><![CDATA[NSF RESEARCH & RELATED ACTIVIT]]></Name>
<FUND_SYMB_ID>040100</FUND_SYMB_ID>
</Fund>
<FUND_OBLG>2023~200000</FUND_OBLG>
</Award>
</rootTag>
