<?xml version="1.0" encoding="UTF-8"?>
<rootTag>
<Award>
<AwardTitle><![CDATA[AccelNet-Implementation: Harnessing Global Science Networks to Accelerate Cultures of Learning]]></AwardTitle>
<AGENCY>NSF</AGENCY>
<AwardEffectiveDate>06/01/2023</AwardEffectiveDate>
<AwardExpirationDate>05/31/2026</AwardExpirationDate>
<AwardTotalIntnAmount>1999981.00</AwardTotalIntnAmount>
<AwardAmount>1999981</AwardAmount>
<AwardInstrument>
<Value>Standard Grant</Value>
</AwardInstrument>
<Organization>
<Code>04040000</Code>
<Directorate>
<Abbreviation>SBE</Abbreviation>
<LongName>Direct For Social, Behav &amp; Economic Scie</LongName>
</Directorate>
<Division>
<Abbreviation>BCS</Abbreviation>
<LongName>Division Of Behavioral and Cognitive Sci</LongName>
</Division>
</Organization>
<ProgramOfficer>
<SignBlockName>Soo-Siang Lim</SignBlockName>
<PO_EMAI>slim@nsf.gov</PO_EMAI>
<PO_PHON>7032927878</PO_PHON>
</ProgramOfficer>
<AbstractNarration>The objective of this proposal, "NSF Accel-Net-Implementation: Harnessing Global Science Networks to Accelerate Cultures of Learning" is to build an interdisciplinary global network-of-networks focusing on aspects of learning, development, and culture as they relate to global education needs. Our AccelNet represents an advance in methods for engaging in scalable convergence science, as well as how to harness global science to accelerate cultures of learning. We aim to leverage technology, social science, and data science advances to create collaborative resources designed to elevate the global science of learning and education. Typically, one describes engaging with communities of practice as outreach or translation, but in this instance the goal is to reach IN to the communities and let their needs broadly impact the direction of the network science. Our networks have broad reach, allowing cross-functional teams to be assembled that represent many countries, cultures, ethnicities, and demographics from around the globe. Through an active plan to promote diversity, inclusivity, and culturally sensitive learning and research opportunities, we will embark on training the next generation science, education, technology, and policy workforce; our intent is to transform global education by connecting networks with embedded architecture to inform science and amplify the intellectual capital of local community leadership for global impact.&lt;br/&gt;&lt;br/&gt;We seek to implement a sustainable ecosystem of communication, synthesis, best-practices, research, and innovation for a network-of-networks designed to accelerate the global science of learning. We will evolve an interdisciplinary network-of-networks, including social science researchers, neuroscientists, psychologists, data scientists, engineers, designers, global development practitioners, philanthropists, educators, and policy makers in order to create cross-cutting infrastructure to tackle pressing challenges in the science of learning to meet the needs of global education. The network leverages resources from four existing networks: the Global Science of Learning for Education Network (GSoLEN), a network of scientists, policy experts, philanthropists, and practitioners all focused on learning and education, the Center for Applied Cognitive Science (CACS), a center specializing on applying cognitive science to relevant problems using culturally appropriate measures and approaches, an educational technology and innovation network, Mind Center for Educational Technology (MindCET), and a global development network, Global Communities. Our AccelNet specializes in global development, learning, education, cross-cultural training, equity, and policy. &lt;br/&gt;&lt;br/&gt;We are a learning network-of-networks; learning is the central feature of education and attention to the well-being of learners on local terms promotes parity on global terms. Our AccelNet is designed to promote training of an intellectually agile, interdisciplinary group of scientific leaders, capable of engaging in scientific collaborations for societal good. Engagement with and mentoring of the next generation of scientists within the communities and within the networks will ultimately build a stronger way of doing science. We have selected self-regulation as our prototype research challenge for this AccelNet-Implementation proposal because it is consequential for educational, social, and economic outcomes, yet relatively little is known about the sources of variation underlying it, and how to intervene in contextually and culturally-sensitive ways through practice and policy to promote its development. Self-regulation, a topic relevant to all domains of learning and well-being, including the digital domains, requires large-scale mobilization and thus lends itself to the scale of a network-of-networks. We define self-regulation from the perspective of goal-directed behavior; an individuals' ability to override and manage impulsive actions through inhibiting or redirecting their behavior(s) (Hofmann, Schmeichel, &amp; Baddeley, 2012; McClelland, &amp; Cameron, 2012; Mora &amp; Ozakinci 2013; Montroy et al., 2016). The developmental trajectory of self-regulation is, however, not linear or universal and varies broadly across cultures, countries, and demographics (McClelland &amp; Cameron, 2012; Montroy et al., 2016; Wanless, et al., 2016), mandating synthesis of knowledge from global partners to promote shared understanding and benefit society&lt;br/&gt;&lt;br/&gt;This award reflects NSF's statutory mission and has been deemed worthy of support through evaluation using the Foundation's intellectual merit and broader impacts review criteria.</AbstractNarration>
<MinAmdLetterDate>05/15/2023</MinAmdLetterDate>
<MaxAmdLetterDate>05/15/2023</MaxAmdLetterDate>
<ARRAAmount/>
<TRAN_TYPE>Grant</TRAN_TYPE>
<CFDA_NUM>47.075, 47.079</CFDA_NUM>
<NSF_PAR_USE_FLAG>1</NSF_PAR_USE_FLAG>
<FUND_AGCY_CODE>4900</FUND_AGCY_CODE>
<AWDG_AGCY_CODE>4900</AWDG_AGCY_CODE>
<AwardID>2301992</AwardID>
<Investigator>
<FirstName>Andrea</FirstName>
<LastName>Chiba</LastName>
<PI_MID_INIT>A</PI_MID_INIT>
<PI_SUFX_NAME/>
<PI_FULL_NAME>Andrea A Chiba</PI_FULL_NAME>
<EmailAddress><![CDATA[achiba@ucsd.edu]]></EmailAddress>
<NSF_ID>000447521</NSF_ID>
<StartDate>05/15/2023</StartDate>
<EndDate/>
<RoleCode>Co-Principal Investigator</RoleCode>
</Investigator>
<Investigator>
<FirstName>Cristine</FirstName>
<LastName>Legare</LastName>
<PI_MID_INIT/>
<PI_SUFX_NAME/>
<PI_FULL_NAME>Cristine Legare</PI_FULL_NAME>
<EmailAddress><![CDATA[legare@austin.utexas.edu]]></EmailAddress>
<NSF_ID>000543758</NSF_ID>
<StartDate>05/15/2023</StartDate>
<EndDate/>
<RoleCode>Principal Investigator</RoleCode>
</Investigator>
<Institution>
<Name><![CDATA[University of Texas at Austin]]></Name>
<CityName>AUSTIN</CityName>
<ZipCode>787121139</ZipCode>
<PhoneNumber>5124716424</PhoneNumber>
<StreetAddress><![CDATA[110 INNER CAMPUS DR]]></StreetAddress>
<StreetAddress2/>
<CountryName>United States</CountryName>
<StateName>Texas</StateName>
<StateCode>TX</StateCode>
<CONGRESSDISTRICT>25</CONGRESSDISTRICT>
<CONGRESS_DISTRICT_ORG>TX25</CONGRESS_DISTRICT_ORG>
<ORG_UEI_NUM>V6AFQPN18437</ORG_UEI_NUM>
<ORG_LGL_BUS_NAME>UNIVERSITY OF TEXAS AT AUSTIN</ORG_LGL_BUS_NAME>
<ORG_PRNT_UEI_NUM/>
</Institution>
<Performance_Institution>
<Name><![CDATA[University of Texas at Austin]]></Name>
<CityName>AUSTIN</CityName>
<StateCode>TX</StateCode>
<ZipCode>787121139</ZipCode>
<StreetAddress><![CDATA[110 INNER CAMPUS DR]]></StreetAddress>
<CountryCode>US</CountryCode>
<CountryName>United States</CountryName>
<StateName>Texas</StateName>
<CountryFlag>1</CountryFlag>
<CONGRESSDISTRICT>25</CONGRESSDISTRICT>
<CONGRESS_DISTRICT_PERF>TX25</CONGRESS_DISTRICT_PERF>
</Performance_Institution>
<ProgramElement>
<Code>069Y00</Code>
<Text>AccelNet - Accelerating Resear</Text>
</ProgramElement>
<ProgramElement>
<Code>127Y00</Code>
<Text>Sci of Lrng &amp; Augmented Intel</Text>
</ProgramElement>
<ProgramReference>
<Code>059Z</Code>
<Text>Science of Learning</Text>
</ProgramReference>
<ProgramReference>
<Code>1066</Code>
<Text>SOUTH AFRICA</Text>
</ProgramReference>
<ProgramReference>
<Code>5905</Code>
<Text>ISRAEL</Text>
</ProgramReference>
<ProgramReference>
<Code>5911</Code>
<Text>ARGENTINA</Text>
</ProgramReference>
<ProgramReference>
<Code>5912</Code>
<Text>AUSTRALIA</Text>
</ProgramReference>
<ProgramReference>
<Code>5913</Code>
<Text>BRAZIL</Text>
</ProgramReference>
<ProgramReference>
<Code>5918</Code>
<Text>FRANCE</Text>
</ProgramReference>
<ProgramReference>
<Code>5919</Code>
<Text>INDIA (COOPERATIVE SCIENCE)</Text>
</ProgramReference>
<ProgramReference>
<Code>5922</Code>
<Text>MEXICO</Text>
</ProgramReference>
<ProgramReference>
<Code>5926</Code>
<Text>LATIN AMERICA, SDC</Text>
</ProgramReference>
<ProgramReference>
<Code>5927</Code>
<Text>EAST ASIA, OTHER</Text>
</ProgramReference>
<ProgramReference>
<Code>5936</Code>
<Text>GERMANY (F.R.G.)</Text>
</ProgramReference>
<ProgramReference>
<Code>5946</Code>
<Text>UNITED KINGDOM</Text>
</ProgramReference>
<ProgramReference>
<Code>5950</Code>
<Text>SWITZERLAND</Text>
</ProgramReference>
<ProgramReference>
<Code>6124</Code>
<Text>INDIA (SCIENTIFIC RESEARCH)</Text>
</ProgramReference>
<ProgramReference>
<Code>7541</Code>
<Text>RWANDA</Text>
</ProgramReference>
<ProgramReference>
<Code>7561</Code>
<Text>CANADA</Text>
</ProgramReference>
<ProgramReference>
<Code>7563</Code>
<Text>ECUADOR</Text>
</ProgramReference>
<ProgramReference>
<Code>9102</Code>
<Text>WOMEN, MINORITY, DISABLED, NEC</Text>
</ProgramReference>
<ProgramReference>
<Code>9200</Code>
<Text>US CHINA COOP IN BASIC SCIENCE</Text>
</ProgramReference>
<Appropriation>
<Code/>
<Name/>
<APP_SYMB_ID/>
</Appropriation>
<Fund>
<Code>01002324DB</Code>
<Name><![CDATA[NSF RESEARCH & RELATED ACTIVIT]]></Name>
<FUND_SYMB_ID>040100</FUND_SYMB_ID>
</Fund>
<FUND_OBLG>2023~1999981</FUND_OBLG>
</Award>
</rootTag>
