<?xml version="1.0" encoding="UTF-8"?>
<rootTag>
<Award>
<AwardTitle><![CDATA[ERI: Interphase Evolution and Electrochemical Behavior for Highly Reversible Zinc Metal Anodes]]></AwardTitle>
<AGENCY>NSF</AGENCY>
<AwardEffectiveDate>07/01/2023</AwardEffectiveDate>
<AwardExpirationDate>12/31/2025</AwardExpirationDate>
<AwardTotalIntnAmount>200000.00</AwardTotalIntnAmount>
<AwardAmount>254632</AwardAmount>
<AwardInstrument>
<Value>Standard Grant</Value>
</AwardInstrument>
<Organization>
<Code>07020000</Code>
<Directorate>
<Abbreviation>ENG</Abbreviation>
<LongName>Directorate For Engineering</LongName>
</Directorate>
<Division>
<Abbreviation>CBET</Abbreviation>
<LongName>Div Of Chem, Bioeng, Env, &amp; Transp Sys</LongName>
</Division>
</Organization>
<ProgramOfficer>
<SignBlockName>Carole Read</SignBlockName>
<PO_EMAI>cread@nsf.gov</PO_EMAI>
<PO_PHON>7032922418</PO_PHON>
</ProgramOfficer>
<AbstractNarration>Although lithium-ion batteries have been widely used for a wide range of applications ranging from electric vehicles to grid storage of renewable electricity, the high cost and limited domestic supply of lithium and transition metal (e.g. cobalt) resources necessitate the development of aqueous rechargeable zinc metal batteries as a “beyond-lithium” complementary technology. &lt;br/&gt;However, unwanted reactions occur on the region between zinc metal anode and electrolytes, which compromises the lifetime and durability of aqueous zinc batteries. To improve the cell lifetime, it is important to understand the relationship between the area between the anode and the electrode, the interphase region, and the electrochemical performance of zinc metal anode prior to the design stages. In this Engineering Research Initiation (ERI) project, the PI and his research group will study the evolution of this interphase and its effect on the zinc anode performance during cell operation. The project will provide critical scientific knowledge to develop advanced aqueous batteries for maintaining and advancing US battery technology leadership. The multidisciplinary research project will provide ample educational and outreach opportunities for high school, undergraduate, M.S. and Ph.D. students, including those from underrepresented groups in STEM.&lt;br/&gt;&lt;br/&gt;This ERI research project seeks to advance fundamental knowledge of the aqueous solid electrolyte interphase (SEI) evolution driven by SEI defects and an electron approachable thickness. A close integration of experimental and modeling approaches based on pyrazole-based containing aqueous electrolytes will be used to study key factors that impact SEI formation and to confirm the effect of the SEI’s defects and thickness. Other unique elements of the research project include 1) identifying the morphology and chemical compositions of zinc anode SEI as a function of aqueous pH value, temperature and cell cycling time using surface characterizations, 2) determining the mechanism of Zn2+ cation transport through the SEI using electrochemical impedance spectroscopy and density functional theory (DFT) calculations in addition to SEI morphology and chemical information, 3) identifying the dependence of zinc metallic dendrite formation/growth and mechanical degradation of the SEI on the cycling history using scanning electron microscopy, nanoindentation and a coupled electrochemical-mechanical multiphysics modeling framework, and 4) identifying the favorable reaction pathways of aqueous SEI formation/evolution using DFT calculations combined with the electro−chemo−mechanical information of the SEI obtained in the first three tasks. Through this project, the PI will catalyze new research partnerships (both with internal and external collaborators) and extend the research group’s capabilities in both theoretical modeling and advanced characterization.&lt;br/&gt;&lt;br/&gt;This award reflects NSF's statutory mission and has been deemed worthy of support through evaluation using the Foundation's intellectual merit and broader impacts review criteria.</AbstractNarration>
<MinAmdLetterDate>04/05/2023</MinAmdLetterDate>
<MaxAmdLetterDate>05/29/2024</MaxAmdLetterDate>
<ARRAAmount/>
<TRAN_TYPE>Grant</TRAN_TYPE>
<CFDA_NUM>47.041</CFDA_NUM>
<NSF_PAR_USE_FLAG>1</NSF_PAR_USE_FLAG>
<FUND_AGCY_CODE>4900</FUND_AGCY_CODE>
<AWDG_AGCY_CODE>4900</AWDG_AGCY_CODE>
<AwardID>2301719</AwardID>
<Investigator>
<FirstName>Lin</FirstName>
<LastName>Ma</LastName>
<PI_MID_INIT/>
<PI_SUFX_NAME/>
<PI_FULL_NAME>Lin Ma</PI_FULL_NAME>
<EmailAddress><![CDATA[l.ma@uncc.edu]]></EmailAddress>
<NSF_ID>000901286</NSF_ID>
<StartDate>04/05/2023</StartDate>
<EndDate/>
<RoleCode>Principal Investigator</RoleCode>
</Investigator>
<Institution>
<Name><![CDATA[University of North Carolina at Charlotte]]></Name>
<CityName>CHARLOTTE</CityName>
<ZipCode>282230001</ZipCode>
<PhoneNumber>7046871888</PhoneNumber>
<StreetAddress><![CDATA[9201 UNIVERSITY CITY BLVD]]></StreetAddress>
<StreetAddress2/>
<CountryName>United States</CountryName>
<StateName>North Carolina</StateName>
<StateCode>NC</StateCode>
<CONGRESSDISTRICT>12</CONGRESSDISTRICT>
<CONGRESS_DISTRICT_ORG>NC12</CONGRESS_DISTRICT_ORG>
<ORG_UEI_NUM>JB33DT84JNA5</ORG_UEI_NUM>
<ORG_LGL_BUS_NAME>UNIVERSITY OF NORTH CAROLINA AT CHARLOTTE</ORG_LGL_BUS_NAME>
<ORG_PRNT_UEI_NUM>NEYCH3CVBTR6</ORG_PRNT_UEI_NUM>
</Institution>
<Performance_Institution>
<Name><![CDATA[University of North Carolina at Charlotte]]></Name>
<CityName>CHARLOTTE</CityName>
<StateCode>NC</StateCode>
<ZipCode>282230001</ZipCode>
<StreetAddress><![CDATA[9201 UNIVERSITY CITY BLVD]]></StreetAddress>
<CountryCode>US</CountryCode>
<CountryName>United States</CountryName>
<StateName>North Carolina</StateName>
<CountryFlag>1</CountryFlag>
<CONGRESSDISTRICT>12</CONGRESSDISTRICT>
<CONGRESS_DISTRICT_PERF>NC12</CONGRESS_DISTRICT_PERF>
</Performance_Institution>
<ProgramElement>
<Code>150400</Code>
<Text>GOALI-Grnt Opp Acad Lia wIndus</Text>
</ProgramElement>
<ProgramElement>
<Code>164200</Code>
<Text>Special Initiatives</Text>
</ProgramElement>
<ProgramElement>
<Code>764400</Code>
<Text>EchemS-Electrochemical Systems</Text>
</ProgramElement>
<ProgramReference>
<Code>019Z</Code>
<Text>Grad Prep APG:Enhan. Experience</Text>
</ProgramReference>
<ProgramReference>
<Code>1504</Code>
<Text>GRANT OPP FOR ACAD LIA W/INDUS</Text>
</ProgramReference>
<ProgramReference>
<Code>9251</Code>
<Text>REU SUPP-Res Exp for Ugrd Supp</Text>
</ProgramReference>
<Appropriation>
<Code/>
<Name/>
<APP_SYMB_ID/>
</Appropriation>
<Appropriation>
<Code/>
<Name/>
<APP_SYMB_ID/>
</Appropriation>
<Fund>
<Code>01002324DB</Code>
<Name><![CDATA[NSF RESEARCH & RELATED ACTIVIT]]></Name>
<FUND_SYMB_ID>040100</FUND_SYMB_ID>
</Fund>
<Fund>
<Code>01002425DB</Code>
<Name><![CDATA[NSF RESEARCH & RELATED ACTIVIT]]></Name>
<FUND_SYMB_ID>040100</FUND_SYMB_ID>
</Fund>
<FUND_OBLG>2023~207000</FUND_OBLG>
<FUND_OBLG>2024~47632</FUND_OBLG>
</Award>
</rootTag>
