<?xml version="1.0" encoding="UTF-8"?>
<rootTag>
<Award>
<AwardTitle><![CDATA[RET Site: Energize Teachers]]></AwardTitle>
<AGENCY>NSF</AGENCY>
<AwardEffectiveDate>05/01/2023</AwardEffectiveDate>
<AwardExpirationDate>04/30/2026</AwardExpirationDate>
<AwardTotalIntnAmount>599997.00</AwardTotalIntnAmount>
<AwardAmount>599997</AwardAmount>
<AwardInstrument>
<Value>Standard Grant</Value>
</AwardInstrument>
<Organization>
<Code>07050000</Code>
<Directorate>
<Abbreviation>ENG</Abbreviation>
<LongName>Directorate For Engineering</LongName>
</Directorate>
<Division>
<Abbreviation>EEC</Abbreviation>
<LongName>Div Of Engineering Education and Centers</LongName>
</Division>
</Organization>
<ProgramOfficer>
<SignBlockName>Matthew A. Verleger</SignBlockName>
<PO_EMAI>mverlege@nsf.gov</PO_EMAI>
<PO_PHON>7032922961</PO_PHON>
</ProgramOfficer>
<AbstractNarration>The “RET Site: Energize Teachers (ET-RET)” program at Tennessee Technological University (TTU) aims to offer real-world research experience to 30 teachers from rural and other communities with high populations of underrepresented individuals in STEM fields. Tennessee is home to the Nation’s largest public utility, largest U.S. Department of Energy (DOE) national laboratory (Oakridge National Laboratory), and a growing electric vehicle industry. These and other electric power-related industries in Tennessee demand a highly trained workforce in electric power generation, storage and distribution. At the same time, Tennessee has large expanses that include many rural school districts in need of teachers with high-level experience in science, technology, engineering and mathematics (STEM) disciplines. The three-year program focuses on a six week, on-campus, hands-on research experience wherein teachers will work directly with one of TTU’s engineering faculty in Electrical, Mechanical or Chemical Engineering.  During that time, the teacher participants will also develop curricular modules for direct integration into existing or new courses that they will teach in subsequent terms at their home schools.  A “hub” of teachers, university faculty and industry guests will be formed to establish a support network for both the research-trained RET teacher-graduates and other teachers to access.  The hub will be a virtual entity where teachers can access input from experts on a wide-variety of energy-related topics.  &lt;br/&gt;&lt;br/&gt;The “RET Site: Energize Teachers (ET-RET)” program at Tennessee Technological University (TTU) aims to offer real-world research experience to 30 teachers from rural and other communities with high populations of underrepresented individuals in STEM fields. The RET faculty team at Tennessee Technological University is actively engaged in research across a broad range of energy related topics including novel battery materials, material and electrochemical characterization and modeling of battery system technologies, novel methods for recovery of waste energy from structures and low-level heat sources and wireless power transfer technologies.  These and other topics will provide a framework for research training of three cohorts of 10 teachers each over a period of three years.  The goals are to improve the science, technology, engineering and mathematics (STEM) literacy of the teacher participants in an effort to elevate student competencies in the same areas and to increase the level of interest in STEM disciplines among students in rural and underserved communities in middle-Tennessee.  The team plans to observe the RET-trained teachers and their students to improve the efficacy of the training using cycles of continuous improvement.  A “hub” of teachers, university faculty and industry guests will be formed to establish a support network for both the research-trained RET teacher-graduates and other teachers to access.  The hub will be a virtual entity where teachers can access input from experts on a wide-variety of energy-related topics.&lt;br/&gt;&lt;br/&gt;This award reflects NSF's statutory mission and has been deemed worthy of support through evaluation using the Foundation's intellectual merit and broader impacts review criteria.</AbstractNarration>
<MinAmdLetterDate>04/17/2023</MinAmdLetterDate>
<MaxAmdLetterDate>04/17/2023</MaxAmdLetterDate>
<ARRAAmount/>
<TRAN_TYPE>Grant</TRAN_TYPE>
<CFDA_NUM>47.041</CFDA_NUM>
<NSF_PAR_USE_FLAG>1</NSF_PAR_USE_FLAG>
<FUND_AGCY_CODE>4900</FUND_AGCY_CODE>
<AWDG_AGCY_CODE>4900</AWDG_AGCY_CODE>
<AwardID>2301912</AwardID>
<Investigator>
<FirstName>Joseph</FirstName>
<LastName>Biernacki</LastName>
<PI_MID_INIT>J</PI_MID_INIT>
<PI_SUFX_NAME/>
<PI_FULL_NAME>Joseph J Biernacki</PI_FULL_NAME>
<EmailAddress><![CDATA[jbiernacki@tntech.edu]]></EmailAddress>
<NSF_ID>000273335</NSF_ID>
<StartDate>04/17/2023</StartDate>
<EndDate/>
<RoleCode>Principal Investigator</RoleCode>
</Investigator>
<Investigator>
<FirstName>Indranil</FirstName>
<LastName>Bhattacharya</LastName>
<PI_MID_INIT/>
<PI_SUFX_NAME/>
<PI_FULL_NAME>Indranil Bhattacharya</PI_FULL_NAME>
<EmailAddress><![CDATA[ibhattacharya@tntech.edu]]></EmailAddress>
<NSF_ID>000653596</NSF_ID>
<StartDate>04/17/2023</StartDate>
<EndDate/>
<RoleCode>Co-Principal Investigator</RoleCode>
</Investigator>
<Investigator>
<FirstName>Jennifer</FirstName>
<LastName>Meadows</LastName>
<PI_MID_INIT>R</PI_MID_INIT>
<PI_SUFX_NAME/>
<PI_FULL_NAME>Jennifer R Meadows</PI_FULL_NAME>
<EmailAddress><![CDATA[jrmeadows@tntech.edu]]></EmailAddress>
<NSF_ID>000746494</NSF_ID>
<StartDate>04/17/2023</StartDate>
<EndDate/>
<RoleCode>Co-Principal Investigator</RoleCode>
</Investigator>
<Investigator>
<FirstName>Stephanie</FirstName>
<LastName>Wendt</LastName>
<PI_MID_INIT>L</PI_MID_INIT>
<PI_SUFX_NAME/>
<PI_FULL_NAME>Stephanie L Wendt</PI_FULL_NAME>
<EmailAddress><![CDATA[swendt@tntech.edu]]></EmailAddress>
<NSF_ID>000843597</NSF_ID>
<StartDate>04/17/2023</StartDate>
<EndDate/>
<RoleCode>Co-Principal Investigator</RoleCode>
</Investigator>
<Institution>
<Name><![CDATA[Tennessee Technological University]]></Name>
<CityName>COOKEVILLE</CityName>
<ZipCode>385050001</ZipCode>
<PhoneNumber>9313723374</PhoneNumber>
<StreetAddress><![CDATA[1 WILLIAM L JONES DR]]></StreetAddress>
<StreetAddress2/>
<CountryName>United States</CountryName>
<StateName>Tennessee</StateName>
<StateCode>TN</StateCode>
<CONGRESSDISTRICT>06</CONGRESSDISTRICT>
<CONGRESS_DISTRICT_ORG>TN06</CONGRESS_DISTRICT_ORG>
<ORG_UEI_NUM>KZNHNMDUTJA5</ORG_UEI_NUM>
<ORG_LGL_BUS_NAME>TENNESSEE TECHNOLOGICAL UNIVERSITY</ORG_LGL_BUS_NAME>
<ORG_PRNT_UEI_NUM/>
</Institution>
<Performance_Institution>
<Name><![CDATA[Tennessee Technological University]]></Name>
<CityName>COOKEVILLE</CityName>
<StateCode>TN</StateCode>
<ZipCode>385050001</ZipCode>
<StreetAddress><![CDATA[1 WILLIAM L JONES DRIVE]]></StreetAddress>
<CountryCode>US</CountryCode>
<CountryName>United States</CountryName>
<StateName>Tennessee</StateName>
<CountryFlag>1</CountryFlag>
<CONGRESSDISTRICT>06</CONGRESSDISTRICT>
<CONGRESS_DISTRICT_PERF>TN06</CONGRESS_DISTRICT_PERF>
</Performance_Institution>
<ProgramElement>
<Code>135900</Code>
<Text>RES EXP FOR TEACHERS(RET)-SITE</Text>
</ProgramElement>
<ProgramReference>
<Code>115E</Code>
<Text>RESEARCH EXP FOR TEACHERS</Text>
</ProgramReference>
<ProgramReference>
<Code>9177</Code>
<Text>ELEMENTARY/SECONDARY EDUCATION</Text>
</ProgramReference>
<Appropriation>
<Code/>
<Name/>
<APP_SYMB_ID/>
</Appropriation>
<Fund>
<Code>01002324DB</Code>
<Name><![CDATA[NSF RESEARCH & RELATED ACTIVIT]]></Name>
<FUND_SYMB_ID>040100</FUND_SYMB_ID>
</Fund>
<FUND_OBLG>2023~599997</FUND_OBLG>
</Award>
</rootTag>
