<?xml version="1.0" encoding="UTF-8"?>
<rootTag>
<Award>
<AwardTitle><![CDATA[Collaborative Research: SHINE--Exploring Reconnection-Driven Solar Explosive Events in Different Regimes through Modeling and Observation]]></AwardTitle>
<AGENCY>NSF</AGENCY>
<AwardEffectiveDate>07/15/2023</AwardEffectiveDate>
<AwardExpirationDate>06/30/2026</AwardExpirationDate>
<AwardTotalIntnAmount>308871.00</AwardTotalIntnAmount>
<AwardAmount>203122</AwardAmount>
<AwardInstrument>
<Value>Continuing Grant</Value>
</AwardInstrument>
<Organization>
<Code>06020000</Code>
<Directorate>
<Abbreviation>GEO</Abbreviation>
<LongName>Directorate For Geosciences</LongName>
</Directorate>
<Division>
<Abbreviation>AGS</Abbreviation>
<LongName>Div Atmospheric &amp; Geospace Sciences</LongName>
</Division>
</Organization>
<ProgramOfficer>
<SignBlockName>Lisa Winter</SignBlockName>
<PO_EMAI>lwinter@nsf.gov</PO_EMAI>
<PO_PHON>7032928519</PO_PHON>
</ProgramOfficer>
<AbstractNarration>Magnetic reconnection is the mechanism driving explosions on the Sun ranging from nanoflares, ultraviolet bursts, to inter-planetary sized coronal mass ejections. At the core of reconnection is a current sheet where magnetic energy is converted to plasma kinetic energy. This project investigates how plasmoid instabilities lead to reconnection and solar explosions. Magnetic reconnection is a primary driver of space weather and an important fundamental physical process important to space physics, fusion science, and astrophysics. The work supports research of mid-career and early career scientists, including graduate student support. The team will develop lectures to undergraduate students from under-represented groups through NASA’s Heliophysics Summer School.&lt;br/&gt;&lt;br/&gt;Recent theoretical analyses and numerical simulations predict that reconnection current sheets can spontaneously become unstable to the plasmoid instability. The plasmoid instability fractures the reconnecting current sheet into secondary current sheets, plasmoids, and flux ropes, facilitating the onset of fast reconnection. Depending on the collisionality and global system size in relation to kinetic scales, plasmoid-mediated re- connection can result in a variety of dynamical behaviors. Appropriately capturing critical properties of the dynamical behaviors is crucial for modeling explosive events. This project will develop a deeper understanding of the onset and saturation of plasmoid-mediated fast reconnection in various regimes through a concerted interdisciplinary effort of numerical simulation and solar observation. This is accomplished by: (1) Performing numerical simulations of solar explosive events including large-scale coronal mass ejections in the solar corona and ultraviolet burst events in the lower solar atmosphere. These events cover a broad range of length scales, plasma densities, and temperatures, corresponding to reconnection in different parameter regimes. Simulation results will be compared with observations. (2) Investigating the onset and saturation of fast reconnection in different parameter regimes. To establish a basic understanding of how various models behave in different regimes, the team will conduct 2D and 3D simulations of reconnection in a well-controlled current sheet using resistive magnetohydrodyamic (MHD), Hall MHD, and multi-moment multi-fluid codes to test how microscopic physics descriptions affect the onset and saturation of fast reconnection at large, observable scales.&lt;br/&gt;&lt;br/&gt;This award reflects NSF's statutory mission and has been deemed worthy of support through evaluation using the Foundation's intellectual merit and broader impacts review criteria.</AbstractNarration>
<MinAmdLetterDate>06/28/2023</MinAmdLetterDate>
<MaxAmdLetterDate>08/01/2024</MaxAmdLetterDate>
<ARRAAmount/>
<TRAN_TYPE>Grant</TRAN_TYPE>
<CFDA_NUM>47.050</CFDA_NUM>
<NSF_PAR_USE_FLAG>1</NSF_PAR_USE_FLAG>
<FUND_AGCY_CODE>4900</FUND_AGCY_CODE>
<AWDG_AGCY_CODE>4900</AWDG_AGCY_CODE>
<AwardID>2301338</AwardID>
<Investigator>
<FirstName>Chuanfei</FirstName>
<LastName>Dong</LastName>
<PI_MID_INIT/>
<PI_SUFX_NAME/>
<PI_FULL_NAME>Chuanfei Dong</PI_FULL_NAME>
<EmailAddress><![CDATA[dcfy@bu.edu]]></EmailAddress>
<NSF_ID>000751738</NSF_ID>
<StartDate>06/28/2023</StartDate>
<EndDate/>
<RoleCode>Principal Investigator</RoleCode>
</Investigator>
<Investigator>
<FirstName>Liang</FirstName>
<LastName>Wang</LastName>
<PI_MID_INIT/>
<PI_SUFX_NAME/>
<PI_FULL_NAME>Liang Wang</PI_FULL_NAME>
<EmailAddress><![CDATA[wang0734@bu.edu]]></EmailAddress>
<NSF_ID>000712196</NSF_ID>
<StartDate>05/29/2024</StartDate>
<EndDate/>
<RoleCode>Co-Principal Investigator</RoleCode>
</Investigator>
<Institution>
<Name><![CDATA[Trustees of Boston University]]></Name>
<CityName>BOSTON</CityName>
<ZipCode>022151703</ZipCode>
<PhoneNumber>6173534365</PhoneNumber>
<StreetAddress><![CDATA[1 SILBER WAY]]></StreetAddress>
<StreetAddress2/>
<CountryName>United States</CountryName>
<StateName>Massachusetts</StateName>
<StateCode>MA</StateCode>
<CONGRESSDISTRICT>07</CONGRESSDISTRICT>
<CONGRESS_DISTRICT_ORG>MA07</CONGRESS_DISTRICT_ORG>
<ORG_UEI_NUM>THL6A6JLE1S7</ORG_UEI_NUM>
<ORG_LGL_BUS_NAME>TRUSTEES OF BOSTON UNIVERSITY</ORG_LGL_BUS_NAME>
<ORG_PRNT_UEI_NUM/>
</Institution>
<Performance_Institution>
<Name><![CDATA[Trustees of Boston University]]></Name>
<CityName>BOSTON</CityName>
<StateCode>MA</StateCode>
<ZipCode>022151703</ZipCode>
<StreetAddress><![CDATA[1 SILBER WAY]]></StreetAddress>
<CountryCode>US</CountryCode>
<CountryName>United States</CountryName>
<StateName>Massachusetts</StateName>
<CountryFlag>1</CountryFlag>
<CONGRESSDISTRICT>07</CONGRESSDISTRICT>
<CONGRESS_DISTRICT_PERF>MA07</CONGRESS_DISTRICT_PERF>
</Performance_Institution>
<ProgramElement>
<Code>152300</Code>
<Text>SOLAR-TERRESTRIAL</Text>
</ProgramElement>
<Appropriation>
<Code/>
<Name/>
<APP_SYMB_ID/>
</Appropriation>
<Appropriation>
<Code/>
<Name/>
<APP_SYMB_ID/>
</Appropriation>
<Fund>
<Code>01002425DB</Code>
<Name><![CDATA[NSF RESEARCH & RELATED ACTIVIT]]></Name>
<FUND_SYMB_ID>040100</FUND_SYMB_ID>
</Fund>
<Fund>
<Code>01002324DB</Code>
<Name><![CDATA[NSF RESEARCH & RELATED ACTIVIT]]></Name>
<FUND_SYMB_ID>040100</FUND_SYMB_ID>
</Fund>
<FUND_OBLG>2023~100147</FUND_OBLG>
<FUND_OBLG>2024~102975</FUND_OBLG>
</Award>
</rootTag>
