<?xml version="1.0" encoding="UTF-8"?>
<rootTag>
<Award>
<AwardTitle><![CDATA[ERI: Additive Manufacturing of Polymer-Matrix Composites with High Concentration of Silicon-Carbide Particles by Novel Digital Light Projection]]></AwardTitle>
<AGENCY>NSF</AGENCY>
<AwardEffectiveDate>06/01/2023</AwardEffectiveDate>
<AwardExpirationDate>05/31/2025</AwardExpirationDate>
<AwardTotalIntnAmount>199999.00</AwardTotalIntnAmount>
<AwardAmount>199999</AwardAmount>
<AwardInstrument>
<Value>Standard Grant</Value>
</AwardInstrument>
<Organization>
<Code>07030000</Code>
<Directorate>
<Abbreviation>ENG</Abbreviation>
<LongName>Directorate For Engineering</LongName>
</Directorate>
<Division>
<Abbreviation>CMMI</Abbreviation>
<LongName>Div Of Civil, Mechanical, &amp; Manufact Inn</LongName>
</Division>
</Organization>
<ProgramOfficer>
<SignBlockName>Pranav Soman</SignBlockName>
<PO_EMAI>psoman@nsf.gov</PO_EMAI>
<PO_PHON>7032924322</PO_PHON>
</ProgramOfficer>
<AbstractNarration>Additive manufacturing (AM) offers a versatile platform for fabricating ceramic-polymer composites of complex structures. Over the last two decades, various innovative AM processes have been successfully developed for ceramic-polymer 3D printing. Especially, methods based on digital light projection (DLP) enable the direct digital fabrication of intricate structures made of ceramic-polymer composites. Despite potential advantages, current DLP AM have difficulty in printing composites with a high concentration of ceramic particles, e.g., silicon carbide (SiC), desired to enhance the functionality of printed parts. The challenge lies upon the increased viscosity resulted from the particle-polymer interactions, causing high resistance to the feedstock flow. This Engineering Research Initiation (ERI) award supports fundamental research to understand the physics behind printing of ceramic-included photopolymers that are highly viscous. The research involves multi-disciplinary integration of physics, materials science, surface engineering, and manufacturing technology. The project will have strong technological and economic impacts by streamlining production of components with complex geometries, e.g., gyroid structures, for scaffolding and heat exchangers, in an efficient and cost-effective manner, while ensuring the quality in part dimensions as well as microstructures. Moreover, this project will involve minority students in research and teaching, thus, enhancing the STEM education and their representation in advanced manufacturing workforce.&lt;br/&gt;&lt;br/&gt;The goal of this ERI project is to understand the fundamentals behind two major roadblocks, namely, high separation forces and light scattering, in 3D digital-light printing of complex-shaped parts using highly viscous ceramic suspensions. The project will first address the challenge of high separation forces through the “resin replenishment” mechanism by integrating oxygen permeability into the system, introducing micro-textured air channels to accelerate the resin re-coating and reduce the separation force between the printed part and the build window. Secondly, a dynamic mask image projection strategy will be modeled and employed to minimize the effect of light scattering and undesired photo patterns within the printed part. This will enable high-accuracy and high-speed fabrications of 3D polymer-ceramic parts with complex geometry and precise micro-features. If successful, the project will make a transformative impact of applying surface engineering techniques to oxygen permeable air channels for bottom-up layer-by-layer 3D printing of SiC-polymer composite structures with enhanced mechanical properties. The research will also advance the knowledge of novel projection using dynamic mask images to compensate for the influence of light scattering on curing results. Accordingly, a new technology will be developed to avoid curing defects or failures in high-viscosity ceramic printing and enable producing complex geometries that are challenging to make using existing systems.&lt;br/&gt;&lt;br/&gt;This award reflects NSF's statutory mission and has been deemed worthy of support through evaluation using the Foundation's intellectual merit and broader impacts review criteria.</AbstractNarration>
<MinAmdLetterDate>06/12/2023</MinAmdLetterDate>
<MaxAmdLetterDate>06/12/2023</MaxAmdLetterDate>
<ARRAAmount/>
<TRAN_TYPE>Grant</TRAN_TYPE>
<CFDA_NUM>47.041</CFDA_NUM>
<NSF_PAR_USE_FLAG>1</NSF_PAR_USE_FLAG>
<FUND_AGCY_CODE>4900</FUND_AGCY_CODE>
<AWDG_AGCY_CODE>4900</AWDG_AGCY_CODE>
<AwardID>2301462</AwardID>
<Investigator>
<FirstName>Erina Baynojir</FirstName>
<LastName>Joyee</LastName>
<PI_MID_INIT/>
<PI_SUFX_NAME/>
<PI_FULL_NAME>Erina Baynojir Joyee</PI_FULL_NAME>
<EmailAddress><![CDATA[ejoyee@uncc.edu]]></EmailAddress>
<NSF_ID>000898991</NSF_ID>
<StartDate>06/12/2023</StartDate>
<EndDate/>
<RoleCode>Principal Investigator</RoleCode>
</Investigator>
<Institution>
<Name><![CDATA[University of North Carolina at Charlotte]]></Name>
<CityName>CHARLOTTE</CityName>
<ZipCode>282230001</ZipCode>
<PhoneNumber>7046871888</PhoneNumber>
<StreetAddress><![CDATA[9201 UNIVERSITY CITY BLVD]]></StreetAddress>
<StreetAddress2/>
<CountryName>United States</CountryName>
<StateName>North Carolina</StateName>
<StateCode>NC</StateCode>
<CONGRESSDISTRICT>12</CONGRESSDISTRICT>
<CONGRESS_DISTRICT_ORG>NC12</CONGRESS_DISTRICT_ORG>
<ORG_UEI_NUM>JB33DT84JNA5</ORG_UEI_NUM>
<ORG_LGL_BUS_NAME>UNIVERSITY OF NORTH CAROLINA AT CHARLOTTE</ORG_LGL_BUS_NAME>
<ORG_PRNT_UEI_NUM>NEYCH3CVBTR6</ORG_PRNT_UEI_NUM>
</Institution>
<Performance_Institution>
<Name><![CDATA[University of North Carolina at Charlotte]]></Name>
<CityName>CHARLOTTE</CityName>
<StateCode>NC</StateCode>
<ZipCode>282230001</ZipCode>
<StreetAddress><![CDATA[9201 UNIVERSITY CITY BLVD]]></StreetAddress>
<CountryCode>US</CountryCode>
<CountryName>United States</CountryName>
<StateName>North Carolina</StateName>
<CountryFlag>1</CountryFlag>
<CONGRESSDISTRICT>12</CONGRESSDISTRICT>
<CONGRESS_DISTRICT_PERF>NC12</CONGRESS_DISTRICT_PERF>
</Performance_Institution>
<ProgramElement>
<Code>180Y00</Code>
<Text>ERI-Eng. Research Initiation</Text>
</ProgramElement>
<ProgramReference>
<Code>1444</Code>
<Text>SURFACE ENGINEERING</Text>
</ProgramReference>
<ProgramReference>
<Code>8021</Code>
<Text>Materials Engineering</Text>
</ProgramReference>
<ProgramReference>
<Code>8025</Code>
<Text>Advanced Materials Processing</Text>
</ProgramReference>
<ProgramReference>
<Code>8037</Code>
<Text>Advanced Manufacturing</Text>
</ProgramReference>
<ProgramReference>
<Code>9264</Code>
<Text>RESEARCH INITIATION AWARD</Text>
</ProgramReference>
<ProgramReference>
<Code>MANU</Code>
<Text>MANUFACTURING</Text>
</ProgramReference>
<Appropriation>
<Code/>
<Name/>
<APP_SYMB_ID/>
</Appropriation>
<Fund>
<Code>01002324DB</Code>
<Name><![CDATA[NSF RESEARCH & RELATED ACTIVIT]]></Name>
<FUND_SYMB_ID>040100</FUND_SYMB_ID>
</Fund>
<FUND_OBLG>2023~199999</FUND_OBLG>
</Award>
</rootTag>
