<?xml version="1.0" encoding="UTF-8"?>
<rootTag>
<Award>
<AwardTitle><![CDATA[RUI: Simulations of MS2 spectra: An examination of post-translational modification, secondary structure, and non-covalent complexes]]></AwardTitle>
<AGENCY>NSF</AGENCY>
<AwardEffectiveDate>11/01/2022</AwardEffectiveDate>
<AwardExpirationDate>08/31/2023</AwardExpirationDate>
<AwardTotalIntnAmount>282833.00</AwardTotalIntnAmount>
<AwardAmount>120814</AwardAmount>
<AwardInstrument>
<Value>Standard Grant</Value>
</AwardInstrument>
<Organization>
<Code>03090000</Code>
<Directorate>
<Abbreviation>MPS</Abbreviation>
<LongName>Direct For Mathematical &amp; Physical Scien</LongName>
</Directorate>
<Division>
<Abbreviation>CHE</Abbreviation>
<LongName>Division Of Chemistry</LongName>
</Division>
</Organization>
<ProgramOfficer>
<SignBlockName>Colby Foss</SignBlockName>
<PO_EMAI>cfoss@nsf.gov</PO_EMAI>
<PO_PHON>7032925327</PO_PHON>
</ProgramOfficer>
<AbstractNarration>With this award, the Chemical Structure, Dynamics, and Mechanisms (CSDM-A) and Chemical Measurement and Imaging (CMI) Programs of the Division of Chemistry support Professor George L. Barnes at Siena College to study how peptide molecules fall apart or stick to surfaces following high-energy collisions in the gas phase. Such collisions occur when molecules are being analyzed using instruments called mass spectrometers, which identify molecules and their fragments according to their mass and electric charge. The accuracy of the mass spectral analysis depends on how well the collisions are understood. This project examines the importance of the molecular shape and of common biological modifications on the collisions and the molecular products generated by the collisions. Proteins are synthesized in living cells by molecular machines called ribosomes, which translate the information stored in messenger ribonucleic acid (mRNA) into proteins. Modifications of the proteins after translation are called "post-translational" modifications (PTMs). Prof. Barnes is especially interested in how the PTMs affect the outcomes of gas phase collisions. This project actively involves undergraduate student researchers who are cross-trained in both theoretical and experimental methods and have the opportunity to present their results at national conferences and other scientific meetings. &lt;br/&gt;&lt;br/&gt;A combined computational and experimental approach is taken that focuses on model systems relevant to tandem mass spectrometry (MS2). In particular, a range of protonated peptides and their post-translationally modified versions are selected to investigate the impact of secondary structure on soft landing and collision-induced dissociation. The study elucidates the importance of non-covalent interactions and complex formation of peptide fragments. Methods include direct dynamics simulations, ab initio calculations, rate calculations, and experimental tandem mass spectrometry.  In addition to the fundamental insights gained regarding molecular collisions and reactions, the project has direct implications for the optimization of mass spectrometric experiments on biomolecules and the interpretation of the resulting data.  In turn, the research may have important implications for a wider range of biological and health-related sciences.  Collaboration with Prof. Julia Laskin at Purdue University is providing valuable experience in the large research university context for Prof. Barnes' Siena College student researchers.&lt;br/&gt;&lt;br/&gt;This award reflects NSF's statutory mission and has been deemed worthy of support through evaluation using the Foundation's intellectual merit and broader impacts review criteria.</AbstractNarration>
<MinAmdLetterDate>10/21/2022</MinAmdLetterDate>
<MaxAmdLetterDate>10/21/2022</MaxAmdLetterDate>
<ARRAAmount/>
<TRAN_TYPE>Grant</TRAN_TYPE>
<CFDA_NUM>47.049</CFDA_NUM>
<NSF_PAR_USE_FLAG>1</NSF_PAR_USE_FLAG>
<FUND_AGCY_CODE>4900</FUND_AGCY_CODE>
<AWDG_AGCY_CODE>4900</AWDG_AGCY_CODE>
<AwardID>2301606</AwardID>
<Investigator>
<FirstName>George</FirstName>
<LastName>Barnes</LastName>
<PI_MID_INIT>L</PI_MID_INIT>
<PI_SUFX_NAME/>
<PI_FULL_NAME>George L Barnes</PI_FULL_NAME>
<EmailAddress><![CDATA[glbarn3@ilstu.edu]]></EmailAddress>
<NSF_ID>000656378</NSF_ID>
<StartDate>10/21/2022</StartDate>
<EndDate/>
<RoleCode>Principal Investigator</RoleCode>
</Investigator>
<Institution>
<Name><![CDATA[Board of Trustees of Illinois State University]]></Name>
<CityName>NORMAL</CityName>
<ZipCode>617901100</ZipCode>
<PhoneNumber>3094382528</PhoneNumber>
<StreetAddress><![CDATA[CAMPUS BOX 1100]]></StreetAddress>
<StreetAddress2/>
<CountryName>United States</CountryName>
<StateName>Illinois</StateName>
<StateCode>IL</StateCode>
<CONGRESSDISTRICT>17</CONGRESSDISTRICT>
<CONGRESS_DISTRICT_ORG>IL17</CONGRESS_DISTRICT_ORG>
<ORG_UEI_NUM>V6WTL4T5FFJ3</ORG_UEI_NUM>
<ORG_LGL_BUS_NAME>BOARD OF TRUSTEES OF ILLINOIS STATE UNIVERSITY</ORG_LGL_BUS_NAME>
<ORG_PRNT_UEI_NUM/>
</Institution>
<Performance_Institution>
<Name><![CDATA[Board of Trustees of Illinois State University]]></Name>
<CityName>Normal</CityName>
<StateCode>IL</StateCode>
<ZipCode>617904160</ZipCode>
<StreetAddress><![CDATA[302 Hovey Hall]]></StreetAddress>
<CountryCode>US</CountryCode>
<CountryName>United States</CountryName>
<StateName>Illinois</StateName>
<CountryFlag>1</CountryFlag>
<CONGRESSDISTRICT>17</CONGRESSDISTRICT>
<CONGRESS_DISTRICT_PERF>IL17</CONGRESS_DISTRICT_PERF>
</Performance_Institution>
<ProgramElement>
<Code>688000</Code>
<Text>Chemical Measurement &amp; Imaging</Text>
</ProgramElement>
<ProgramElement>
<Code>910100</Code>
<Text>CSD-Chem Strcture and Dynamics</Text>
</ProgramElement>
<ProgramReference>
<Code>068Z</Code>
<Text>URoL-Understanding Rules of Life</Text>
</ProgramReference>
<ProgramReference>
<Code>9229</Code>
<Text>RES IN UNDERGRAD INST-RESEARCH</Text>
</ProgramReference>
<ProgramReference>
<Code>9263</Code>
<Text>COMPUTATIONAL SCIENCE &amp; ENGING</Text>
</ProgramReference>
<Appropriation>
<Code/>
<Name/>
<APP_SYMB_ID/>
</Appropriation>
<Fund>
<Code>01001819DB</Code>
<Name><![CDATA[NSF RESEARCH & RELATED ACTIVIT]]></Name>
<FUND_SYMB_ID>040100</FUND_SYMB_ID>
</Fund>
<FUND_OBLG>2018~120813</FUND_OBLG>
<POR>
<DRECONTENT><![CDATA[<div class="porColContainerWBG"> <div class="porContentCol"><p>Tandem Mass Spectrometry (MS2) is a commonly used technique to that can provide important information about the sequence of amino acids present in large biological molecules, such as proteins.&nbsp; It is a very sensitive technique that involves breaking large molecules into smaller ones to determine how the larger molecule was put together.&nbsp; Typical experimental measurements provide information about the starting molecule and the final smaller molecules, but do not explain how the large molecule breaks into the smaller pieces.</p> <p>One of the goals of this project was to perform computer simulations of MS2 systems.&nbsp; These simulations allowed participants to &ldquo;watch&rdquo; chemistry take place.&nbsp; By &ldquo;watching&rdquo; the chemistry in the computer simulations, the project participants could explain how the large molecule breaks into multiple smaller molecules. These computer simulations use interaction energies calculated on the fly to ensure that preconceptions about chemical reactivity were not &ldquo;baked into&rdquo; the results.&nbsp; This added flexibility adds to the computational expense and limits the size of molecules that can be studied.&nbsp; The researchers carefully selected model systems that had the chemical features of larger systems but could also be simulated in a reasonable amount of time.&nbsp;</p> <p>Cells commonly change the chemical structure of proteins through a process called post-translational modification.&nbsp; Another project goal was to investigate how these changes influenced the steps the large starting molecule takes when breaking into multiple smaller molecules.&nbsp; This project significantly broadened the chemical complexity of the molecules studied using this type of computer simulation.&nbsp;</p> <p>This project was funded through the NSF Facilitating Research at Primarily Undergraduate Institutions (RUI) program.&nbsp; Providing undergraduate research experiences was an important aspect of the project.&nbsp; The undergraduate research experience gives the next generation of scientists real-world experience solving research questions that do not have answers in the back of the book.&nbsp; Involvement in undergraduate research also improves the retention of historically underrepresented groups in science, technology, engineering, and mathematics.&nbsp; The undergraduates who participated in this project gained skills in computational chemistry, scientific computing, high-performance computing, and public speaking.&nbsp; They presented their work at regional and national venues and are co-authors of articles published in high-impact physical chemistry and mass spectrometry journals.</p> <p>&nbsp;</p><br> <p>  Last Modified: 12/21/2023<br> Modified by: George&nbsp;L&nbsp;Barnes</p></div> <div class="porSideCol" ><div class="each-gallery"> <div class="galContent" id="gallery0"> <div class="photoCount" id="photoCount0">          Images (<span id="selectedPhoto0">1</span> of <span class="totalNumber"></span>)          </div> <div class="galControls onePhoto" id="controls0"></div> <div class="galSlideshow" id="slideshow0"></div> <div class="galEmbox" id="embox"> <div class="image-title"></div> </div> </div> <div class="galNavigation" id="navigation0"> <ul class="thumbs" id="thumbs0"> <li> <a href="/por/images/Reports/POR/2023/2301606/2301606_10561412_1703172808933_Lysine_Methyl_v_acetyl--rgov-214x142.png" original="/por/images/Reports/POR/2023/2301606/2301606_10561412_1703172808933_Lysine_Methyl_v_acetyl--rgov-800width.png" title="PTMs influence CID mechanism"><img src="/por/images/Reports/POR/2023/2301606/2301606_10561412_1703172808933_Lysine_Methyl_v_acetyl--rgov-66x44.png" alt="PTMs influence CID mechanism"></a> <div class="imageCaptionContainer"> <div class="imageCaption">The type of PTM can influence side-chain vs back-bone fragmentation.  Adapted from Chem. Phys. Lett 833, 140907 (2023)</div> <div class="imageCredit">G.L. Barnes</div> <div class="imagePermisssions">Copyrighted</div> <div class="imageSubmitted">George&nbsp;L&nbsp;Barnes <div class="imageTitle">PTMs influence CID mechanism</div> </div> </li><li> <a href="/por/images/Reports/POR/2023/2301606/2301606_10561412_1703172473631_Softlanding--rgov-214x142.png" original="/por/images/Reports/POR/2023/2301606/2301606_10561412_1703172473631_Softlanding--rgov-800width.png" title="Structure change vs time"><img src="/por/images/Reports/POR/2023/2301606/2301606_10561412_1703172473631_Softlanding--rgov-66x44.png" alt="Structure change vs time"></a> <div class="imageCaptionContainer"> <div class="imageCaption">Upon collision with a surface, secondary structure was rapidly lost.  Adapted from J. Phys. Chem B 122, 9549, (2018)</div> <div class="imageCredit">G.L. Barnes</div> <div class="imagePermisssions">Copyrighted</div> <div class="imageSubmitted">George&nbsp;L&nbsp;Barnes <div class="imageTitle">Structure change vs time</div> </div> </li><li> <a href="/por/images/Reports/POR/2023/2301606/2301606_10561412_1703172609175_Lysine_PTM--rgov-214x142.png" original="/por/images/Reports/POR/2023/2301606/2301606_10561412_1703172609175_Lysine_PTM--rgov-800width.png" title="CID of lysine and methylated analogues"><img src="/por/images/Reports/POR/2023/2301606/2301606_10561412_1703172609175_Lysine_PTM--rgov-66x44.png" alt="CID of lysine and methylated analogues"></a> <div class="imageCaptionContainer"> <div class="imageCaption">Excellent agreement was found between simulation and experiment for lysine and its methylated analogues.  Adapted from J. Am. Soc Mass Spectrom., 32, 2675 (2021).</div> <div class="imageCredit">G.L. Barnes</div> <div class="imagePermisssions">Copyrighted</div> <div class="imageSubmitted">George&nbsp;L&nbsp;Barnes <div class="imageTitle">CID of lysine and methylated analogues</div> </div> </li><li> <a href="/por/images/Reports/POR/2023/2301606/2301606_10561412_1703172707111_Lysine_Phospho--rgov-214x142.png" original="/por/images/Reports/POR/2023/2301606/2301606_10561412_1703172707111_Lysine_Phospho--rgov-800width.png" title="Roaming mechanisms in CID"><img src="/por/images/Reports/POR/2023/2301606/2301606_10561412_1703172707111_Lysine_Phospho--rgov-66x44.png" alt="Roaming mechanisms in CID"></a> <div class="imageCaptionContainer"> <div class="imageCaption">Simulations reveal roaming mechanisms in CID.  Adapted from Chem. Phys. Let 819, 140442 (2023).</div> <div class="imageCredit">G.L. Barnes</div> <div class="imagePermisssions">Copyrighted</div> <div class="imageSubmitted">George&nbsp;L&nbsp;Barnes <div class="imageTitle">Roaming mechanisms in CID</div> </div> </li></ul> </div> </div></div> </div>]]></DRECONTENT>
<POR_COPY_TXT><![CDATA[  Tandem Mass Spectrometry (MS2) is a commonly used technique to that can provide important information about the sequence of amino acids present in large biological molecules, such as proteins. It is a very sensitive technique that involves breaking large molecules into smaller ones to determine how the larger molecule was put together. Typical experimental measurements provide information about the starting molecule and the final smaller molecules, but do not explain how the large molecule breaks into the smaller pieces.   One of the goals of this project was to perform computer simulations of MS2 systems. These simulations allowed participants to watch chemistry take place. By watching the chemistry in the computer simulations, the project participants could explain how the large molecule breaks into multiple smaller molecules. These computer simulations use interaction energies calculated on the fly to ensure that preconceptions about chemical reactivity were not baked into the results. This added flexibility adds to the computational expense and limits the size of molecules that can be studied. The researchers carefully selected model systems that had the chemical features of larger systems but could also be simulated in a reasonable amount of time.   Cells commonly change the chemical structure of proteins through a process called post-translational modification. Another project goal was to investigate how these changes influenced the steps the large starting molecule takes when breaking into multiple smaller molecules. This project significantly broadened the chemical complexity of the molecules studied using this type of computer simulation.   This project was funded through the NSF Facilitating Research at Primarily Undergraduate Institutions (RUI) program. Providing undergraduate research experiences was an important aspect of the project. The undergraduate research experience gives the next generation of scientists real-world experience solving research questions that do not have answers in the back of the book. Involvement in undergraduate research also improves the retention of historically underrepresented groups in science, technology, engineering, and mathematics. The undergraduates who participated in this project gained skills in computational chemistry, scientific computing, high-performance computing, and public speaking. They presented their work at regional and national venues and are co-authors of articles published in high-impact physical chemistry and mass spectrometry journals.        Last Modified: 12/21/2023       Submitted by: GeorgeLBarnes]]></POR_COPY_TXT>
</POR>
</Award>
</rootTag>
