<?xml version="1.0" encoding="UTF-8"?>
<rootTag>
<Award>
<AwardTitle><![CDATA[Preparing STEM Technicians for Bioscience Data Acquisition and Analysis]]></AwardTitle>
<AGENCY>NSF</AGENCY>
<AwardEffectiveDate>10/01/2023</AwardEffectiveDate>
<AwardExpirationDate>09/30/2026</AwardExpirationDate>
<AwardTotalIntnAmount>349997.00</AwardTotalIntnAmount>
<AwardAmount>349997</AwardAmount>
<AwardInstrument>
<Value>Standard Grant</Value>
</AwardInstrument>
<Organization>
<Code>11040100</Code>
<Directorate>
<Abbreviation>EDU</Abbreviation>
<LongName>Directorate for STEM Education</LongName>
</Directorate>
<Division>
<Abbreviation>DUE</Abbreviation>
<LongName>Division Of Undergraduate Education</LongName>
</Division>
</Organization>
<ProgramOfficer>
<SignBlockName>Paul Tymann</SignBlockName>
<PO_EMAI>ptymann@nsf.gov</PO_EMAI>
<PO_PHON>7032922832</PO_PHON>
</ProgramOfficer>
<AbstractNarration>Addressing global challenges in health, climate, energy, and agriculture requires a highly skilled STEM workforce that is knowledge-based and science-driven. Benchtop multimode plate readers, digital imagers, and RNA/DNA sequencers, generate enormous amounts of data requiring employees to be data literate. Life Science employers are looking for employees who have expertise in lab bench skills and in computing, data analysis, and bioinformatics. The goal of this project at Merritt College is to develop a Bioscience data analysis certificate program that will prepare students to perform data analysis in applied bioscience research. The program will train STEM students to design, set up and execute experiments; operate and collect data from automated equipment; and conduct data analysis of large data sets. This project will help fill the Bioscience, Biotechnology and Life Science pipelines with well-trained individuals with both experimental and data analysis skills that are in high demand by industry.&lt;br/&gt;&lt;br/&gt;This project will educate STEM technicians to design bioanalytical, sequencing, and imaging assays on High Throughput and High Content equipment. Students will collect, clean, and organize the resulting large data sets and conduct data analysis utilizing biostatistics, Excel, Tableau, and the programming languages R and Python. Three specific aims will guide the work of the project. First is to develop a new Bioscience program with three integrated courses leading to a Certificate of Achievement. Second is to design and implement physical and digital infrastructure to support the program. Third, and finally, is to put in place a sustainable recruitment and retention plan to fill each new cohort of students, with an emphasis on increasing the number of underrepresented minorities enrolling and completing the Bioscience Data Acquisition and Analysis Technician Certificate of Achievement program. The results of this work will be disseminated locally, regionally, and nationally through websites, social media, industry advisory meetings, and conferences. This project is funded by the Advanced Technological Education program that focuses on the education of technicians for the advanced technology fields that drive the nation's economy.&lt;br/&gt;&lt;br/&gt;This award reflects NSF's statutory mission and has been deemed worthy of support through evaluation using the Foundation's intellectual merit and broader impacts review criteria.</AbstractNarration>
<MinAmdLetterDate>09/19/2023</MinAmdLetterDate>
<MaxAmdLetterDate>09/19/2023</MaxAmdLetterDate>
<ARRAAmount/>
<TRAN_TYPE>Grant</TRAN_TYPE>
<CFDA_NUM>47.076</CFDA_NUM>
<NSF_PAR_USE_FLAG>1</NSF_PAR_USE_FLAG>
<FUND_AGCY_CODE>4900</FUND_AGCY_CODE>
<AWDG_AGCY_CODE>4900</AWDG_AGCY_CODE>
<AwardID>2301294</AwardID>
<Investigator>
<FirstName>Candy</FirstName>
<LastName>Mintz</LastName>
<PI_MID_INIT/>
<PI_SUFX_NAME/>
<PI_FULL_NAME>Candy Mintz</PI_FULL_NAME>
<EmailAddress><![CDATA[cmintz@peralta.edu]]></EmailAddress>
<NSF_ID>000864353</NSF_ID>
<StartDate>09/19/2023</StartDate>
<EndDate/>
<RoleCode>Principal Investigator</RoleCode>
</Investigator>
<Investigator>
<FirstName>Marie</FirstName>
<LastName>Amboy</LastName>
<PI_MID_INIT>C</PI_MID_INIT>
<PI_SUFX_NAME/>
<PI_FULL_NAME>Marie C Amboy</PI_FULL_NAME>
<EmailAddress><![CDATA[mamboy@peralta.edu]]></EmailAddress>
<NSF_ID>000865584</NSF_ID>
<StartDate>09/19/2023</StartDate>
<EndDate/>
<RoleCode>Co-Principal Investigator</RoleCode>
</Investigator>
<Institution>
<Name><![CDATA[Merritt College]]></Name>
<CityName>OAKLAND</CityName>
<ZipCode>946193107</ZipCode>
<PhoneNumber>5102321764</PhoneNumber>
<StreetAddress><![CDATA[12500 CAMPUS DR]]></StreetAddress>
<StreetAddress2/>
<CountryName>United States</CountryName>
<StateName>California</StateName>
<StateCode>CA</StateCode>
<CONGRESSDISTRICT>12</CONGRESSDISTRICT>
<CONGRESS_DISTRICT_ORG>CA12</CONGRESS_DISTRICT_ORG>
<ORG_UEI_NUM>DSLHRLFLNN89</ORG_UEI_NUM>
<ORG_LGL_BUS_NAME>PERALTA COMMUNITY COLLEGE DISTRICT</ORG_LGL_BUS_NAME>
<ORG_PRNT_UEI_NUM/>
</Institution>
<Performance_Institution>
<Name><![CDATA[Merritt College]]></Name>
<CityName>Oakland</CityName>
<StateCode>CA</StateCode>
<ZipCode>946193107</ZipCode>
<StreetAddress><![CDATA[12500 Campus Drive]]></StreetAddress>
<CountryCode>US</CountryCode>
<CountryName>United States</CountryName>
<StateName>California</StateName>
<CountryFlag>1</CountryFlag>
<CONGRESSDISTRICT>12</CONGRESSDISTRICT>
<CONGRESS_DISTRICT_PERF>CA12</CONGRESS_DISTRICT_PERF>
</Performance_Institution>
<ProgramElement>
<Code>741200</Code>
<Text>Advanced Tech Education Prog</Text>
</ProgramElement>
<ProgramReference>
<Code>1032</Code>
<Text>ADVANCED TECHNOLOGY EDUCATION</Text>
</ProgramReference>
<ProgramReference>
<Code>9178</Code>
<Text>UNDERGRADUATE EDUCATION</Text>
</ProgramReference>
<ProgramReference>
<Code>SMET</Code>
<Text>SCIENCE, MATH, ENG &amp; TECH EDUCATION</Text>
</ProgramReference>
<Appropriation>
<Code/>
<Name/>
<APP_SYMB_ID/>
</Appropriation>
<Fund>
<Code>04002324DB</Code>
<Name><![CDATA[NSF STEM Education]]></Name>
<FUND_SYMB_ID>040106</FUND_SYMB_ID>
</Fund>
<FUND_OBLG>2023~349997</FUND_OBLG>
</Award>
</rootTag>
