<?xml version="1.0" encoding="UTF-8"?>
<rootTag>
<Award>
<AwardTitle><![CDATA[Diazirines and Diaziridines as Nitrogen Transfer Reagents]]></AwardTitle>
<AGENCY>NSF</AGENCY>
<AwardEffectiveDate>08/01/2023</AwardEffectiveDate>
<AwardExpirationDate>07/31/2026</AwardExpirationDate>
<AwardTotalIntnAmount>450000.00</AwardTotalIntnAmount>
<AwardAmount>450000</AwardAmount>
<AwardInstrument>
<Value>Standard Grant</Value>
</AwardInstrument>
<Organization>
<Code>03090000</Code>
<Directorate>
<Abbreviation>MPS</Abbreviation>
<LongName>Direct For Mathematical &amp; Physical Scien</LongName>
</Directorate>
<Division>
<Abbreviation>CHE</Abbreviation>
<LongName>Division Of Chemistry</LongName>
</Division>
</Organization>
<ProgramOfficer>
<SignBlockName>Sarah Wengryniuk</SignBlockName>
<PO_EMAI>sewold@nsf.gov</PO_EMAI>
<PO_PHON>7032928679</PO_PHON>
</ProgramOfficer>
<AbstractNarration>With the support of the Chemical Synthesis Program in the Division of Chemistry, Justin Lopchuk of H. Lee Moffitt Cancer Cente in Tampa, Florida is studying the development of new methods and reagents to form carbon-nitrogen (C-N) bonds. This work is expected to have broad impact because nitrogen-containing compounds are valuable in pharmaceutical science, agricultural chemistry, chemical biology and in many materials/polymers. The methods being developed use a single reagent to create high value C–N bonds from a range of commercially available starting materials. Students doing this work will be trained in fundamental chemical principles, catalysis  and the synthesis of complex organic molecular scaffolds of relevance to therapeutics. The broader impacts of the funded project include the creation of a diverse, nitrogen-rich compound screening library for chemical biology/biological discovery that will be made available to other researchers along with educational workshops and recurring virtual conferences. These latter efforts are being developed to provide opportunities for undergraduate and graduate students to network and to receive wider exposure for their research.&lt;br/&gt;&lt;br/&gt;This project is expected to expand the scope of amination reagents and contribute to both the late-stage amination of complex scaffolds and to developing a more diverse set of N-containing architectures, including N–containing heterocycles. More specifically, the Lopchuk group is focused on the use of diazirines and diaziridines (three-membered rings with two nitrogens and one carbon) as novel amination reagents. In this approach diazirines will be used in reactions with structurally diverse starting materials to form diaziridine intermediates that are subsequently converted into amines (including 15N stable labeled amines), hydrazines, and nitrogen-containing heterocycles such as pyrazoles, indazoles, and pyrroles. The use of diazirines and diaziridines avoids many of the drawbacks that have been seen with other electrophilic and radical amination reagents including their instability, their lack of functional group tolerance, and/or the harsh conditions needed for processing them downstream of C–N bond formation.&lt;br/&gt;&lt;br/&gt;This award reflects NSF's statutory mission and has been deemed worthy of support through evaluation using the Foundation's intellectual merit and broader impacts review criteria.</AbstractNarration>
<MinAmdLetterDate>04/28/2023</MinAmdLetterDate>
<MaxAmdLetterDate>04/28/2023</MaxAmdLetterDate>
<ARRAAmount/>
<TRAN_TYPE>Grant</TRAN_TYPE>
<CFDA_NUM>47.049</CFDA_NUM>
<NSF_PAR_USE_FLAG>1</NSF_PAR_USE_FLAG>
<FUND_AGCY_CODE>4900</FUND_AGCY_CODE>
<AWDG_AGCY_CODE>4900</AWDG_AGCY_CODE>
<AwardID>2301063</AwardID>
<Investigator>
<FirstName>Justin</FirstName>
<LastName>Lopchuk</LastName>
<PI_MID_INIT>M</PI_MID_INIT>
<PI_SUFX_NAME/>
<PI_FULL_NAME>Justin M Lopchuk</PI_FULL_NAME>
<EmailAddress><![CDATA[justin.lopchuk@moffitt.org]]></EmailAddress>
<NSF_ID>000787915</NSF_ID>
<StartDate>04/28/2023</StartDate>
<EndDate/>
<RoleCode>Principal Investigator</RoleCode>
</Investigator>
<Institution>
<Name><![CDATA[H. Lee Moffitt Cancer Center and Research Institute Hospital Inc]]></Name>
<CityName>TAMPA</CityName>
<ZipCode>336129416</ZipCode>
<PhoneNumber>8137456804</PhoneNumber>
<StreetAddress><![CDATA[12902 USF MAGNOLIA DR]]></StreetAddress>
<StreetAddress2/>
<CountryName>United States</CountryName>
<StateName>Florida</StateName>
<StateCode>FL</StateCode>
<CONGRESSDISTRICT>15</CONGRESSDISTRICT>
<CONGRESS_DISTRICT_ORG>FL15</CONGRESS_DISTRICT_ORG>
<ORG_UEI_NUM>DVHKP4N619V9</ORG_UEI_NUM>
<ORG_LGL_BUS_NAME>H. LEE MOFFITT CANCER CENTER AND RESEARCH INSTITUTE HOSPITAL, INC.</ORG_LGL_BUS_NAME>
<ORG_PRNT_UEI_NUM>DVHKP4N619V9</ORG_PRNT_UEI_NUM>
</Institution>
<Performance_Institution>
<Name><![CDATA[H. Lee Moffitt Cancer Center and Research Institute Hospital Inc]]></Name>
<CityName>TAMPA</CityName>
<StateCode>FL</StateCode>
<ZipCode>336129416</ZipCode>
<StreetAddress><![CDATA[12902 MAGNOLIA DR]]></StreetAddress>
<CountryCode>US</CountryCode>
<CountryName>United States</CountryName>
<StateName>Florida</StateName>
<CountryFlag>1</CountryFlag>
<CONGRESSDISTRICT>15</CONGRESSDISTRICT>
<CONGRESS_DISTRICT_PERF>FL15</CONGRESS_DISTRICT_PERF>
</Performance_Institution>
<ProgramElement>
<Code>687800</Code>
<Text>Chemical Synthesis</Text>
</ProgramElement>
<ProgramReference>
<Code>8037</Code>
<Text>Advanced Manufacturing</Text>
</ProgramReference>
<Appropriation>
<Code/>
<Name/>
<APP_SYMB_ID/>
</Appropriation>
<Fund>
<Code>01002324DB</Code>
<Name><![CDATA[NSF RESEARCH & RELATED ACTIVIT]]></Name>
<FUND_SYMB_ID>040100</FUND_SYMB_ID>
</Fund>
<FUND_OBLG>2023~450000</FUND_OBLG>
</Award>
</rootTag>
