<?xml version="1.0" encoding="UTF-8"?>
<rootTag>
<Award>
<AwardTitle><![CDATA[Iterative Algorithms for Statistics: From Convergence Rates to Statistical Accuracy]]></AwardTitle>
<AGENCY>NSF</AGENCY>
<AwardEffectiveDate>10/01/2022</AwardEffectiveDate>
<AwardExpirationDate>06/30/2023</AwardExpirationDate>
<AwardTotalIntnAmount>300000.00</AwardTotalIntnAmount>
<AwardAmount>259825</AwardAmount>
<AwardInstrument>
<Value>Continuing Grant</Value>
</AwardInstrument>
<Organization>
<Code>03040000</Code>
<Directorate>
<Abbreviation>MPS</Abbreviation>
<LongName>Direct For Mathematical &amp; Physical Scien</LongName>
</Directorate>
<Division>
<Abbreviation>DMS</Abbreviation>
<LongName>Division Of Mathematical Sciences</LongName>
</Division>
</Organization>
<ProgramOfficer>
<SignBlockName>Yong Zeng</SignBlockName>
<PO_EMAI>yzeng@nsf.gov</PO_EMAI>
<PO_PHON>7032927299</PO_PHON>
</ProgramOfficer>
<AbstractNarration>Science, engineering, and industry are all being revolutionized by the modern era of data science, in which increasingly large and rich forms of data are now available.  The applications are diverse and broadly significant, including data-driven discovery in astronomy, statistical machine learning approaches to drug design, and decision-making in robotics and automated driving, among many others.  This grant supports research on techniques and models for learning from such massive datasets, leading to computationally efficient algorithms that can be scaled to the large problem instances encountered in practice. The PI plans to integrate research and education through the involvement of graduate students in the research, the inclusion of the research results in courses at UC Berkeley and in publicly available web-based course materials, as well as in mini courses at summer schools and workshops. This project will also provide mentoring and support for graduate students and postdocs who are female or belong to URM communities.&lt;br/&gt;&lt;br/&gt;&lt;br/&gt;Many estimates in statistics are defined via an iterative algorithm applied to a data-dependent objective function (e.g., the EM algorithm for missing data and latent variable models; gradient-based methods and Newton's method for M-estimation; boosting algorithms used in non-parametric regression).  This projectl gives several research thrusts that are centered around exploiting the dynamics of these algorithms in order to answer statistical questions, with applications to statistical parameter estimation; selection of the number of components in a mixture model; and optimal bias-variance trade-offs in non-parametric regression.  In more detail, the aims of this project include (i) providing a general analysis of the EM algorithm for non-regular mixture models and related singular problems, in which very slow (sub-geometric) convergence is typically observed; (ii) developing a principled method for model selection based on the convergence rate of EM, and to prove theoretical guarantees on its performance; developing a general theoretical framework for combining the convergence rate of an algorithm with bounds on its (in)stability so as to establish bounds on the statistical estimation error; and (iii) providing a complete analysis of the full boosting path for various types of boosting updates, including kernel boosting, as well as gradient-boosted regression trees, and to analyze the "overfitting" regime, elucidating conditions under which overfitting does or does not occur.&lt;br/&gt;&lt;br/&gt;This award reflects NSF's statutory mission and has been deemed worthy of support through evaluation using the Foundation's intellectual merit and broader impacts review criteria.</AbstractNarration>
<MinAmdLetterDate>10/19/2022</MinAmdLetterDate>
<MaxAmdLetterDate>10/19/2022</MaxAmdLetterDate>
<ARRAAmount/>
<TRAN_TYPE>Grant</TRAN_TYPE>
<CFDA_NUM>47.049</CFDA_NUM>
<NSF_PAR_USE_FLAG>1</NSF_PAR_USE_FLAG>
<FUND_AGCY_CODE>4900</FUND_AGCY_CODE>
<AWDG_AGCY_CODE>4900</AWDG_AGCY_CODE>
<AwardID>2301050</AwardID>
<Investigator>
<FirstName>Martin</FirstName>
<LastName>Wainwright</LastName>
<PI_MID_INIT/>
<PI_SUFX_NAME/>
<PI_FULL_NAME>Martin Wainwright</PI_FULL_NAME>
<EmailAddress><![CDATA[wainwrigwork@gmail.com]]></EmailAddress>
<NSF_ID>000060031</NSF_ID>
<StartDate>10/19/2022</StartDate>
<EndDate/>
<RoleCode>Principal Investigator</RoleCode>
</Investigator>
<Institution>
<Name><![CDATA[Massachusetts Institute of Technology]]></Name>
<CityName>CAMBRIDGE</CityName>
<ZipCode>021394301</ZipCode>
<PhoneNumber>6172531000</PhoneNumber>
<StreetAddress><![CDATA[77 MASSACHUSETTS AVE]]></StreetAddress>
<StreetAddress2/>
<CountryName>United States</CountryName>
<StateName>Massachusetts</StateName>
<StateCode>MA</StateCode>
<CONGRESSDISTRICT>07</CONGRESSDISTRICT>
<CONGRESS_DISTRICT_ORG>MA07</CONGRESS_DISTRICT_ORG>
<ORG_UEI_NUM>E2NYLCDML6V1</ORG_UEI_NUM>
<ORG_LGL_BUS_NAME>MASSACHUSETTS INSTITUTE OF TECHNOLOGY</ORG_LGL_BUS_NAME>
<ORG_PRNT_UEI_NUM>E2NYLCDML6V1</ORG_PRNT_UEI_NUM>
</Institution>
<Performance_Institution>
<Name><![CDATA[Massachusetts Institute of Technology]]></Name>
<CityName>CAMBRIDGE</CityName>
<StateCode>MA</StateCode>
<ZipCode>021394301</ZipCode>
<StreetAddress><![CDATA[77 MASSACHUSETTS AVE]]></StreetAddress>
<CountryCode>US</CountryCode>
<CountryName>United States</CountryName>
<StateName>Massachusetts</StateName>
<CountryFlag>1</CountryFlag>
<CONGRESSDISTRICT>07</CONGRESSDISTRICT>
<CONGRESS_DISTRICT_PERF>MA07</CONGRESS_DISTRICT_PERF>
</Performance_Institution>
<ProgramElement>
<Code>126900</Code>
<Text>STATISTICS</Text>
</ProgramElement>
<Appropriation>
<Code/>
<Name/>
<APP_SYMB_ID/>
</Appropriation>
<Appropriation>
<Code/>
<Name/>
<APP_SYMB_ID/>
</Appropriation>
<Appropriation>
<Code/>
<Name/>
<APP_SYMB_ID/>
</Appropriation>
<Fund>
<Code>01002223DB</Code>
<Name><![CDATA[NSF RESEARCH & RELATED ACTIVIT]]></Name>
<FUND_SYMB_ID>040100</FUND_SYMB_ID>
</Fund>
<Fund>
<Code>01002122DB</Code>
<Name><![CDATA[NSF RESEARCH & RELATED ACTIVIT]]></Name>
<FUND_SYMB_ID>040100</FUND_SYMB_ID>
</Fund>
<Fund>
<Code>01002021DB</Code>
<Name><![CDATA[NSF RESEARCH & RELATED ACTIVIT]]></Name>
<FUND_SYMB_ID>040100</FUND_SYMB_ID>
</Fund>
<FUND_OBLG>2020~55537</FUND_OBLG>
<FUND_OBLG>2021~100184</FUND_OBLG>
<FUND_OBLG>2022~104104</FUND_OBLG>
<POR>
<DRECONTENT><![CDATA[<div class="porColContainerWBG"> <div class="porContentCol"><p>This research grant focused on novel challenges that arise in modern<br />machine learning and statistics.&nbsp; Data sets are now so large that it<br />is essential to make use of efficient and iterative procedures for<br />computation.&nbsp; The research made fundamental contributions to our<br />understanding of such iterative algorithms, and their computational<br />complexity interacts with their statistical utility.&nbsp; It provided a<br />general framework for understanding the behavior of the<br />expectation-maximization algorithm, which is widely used for solving<br />problems with missing data or other forms of confounding.&nbsp; It<br />introduced and analyzed a general class of variance-reduced procedures<br />for stochastic approximation, that can be used to efficiently compute<br />solutions to fixed point equations.&nbsp; This family of algorithms is very<br />easy to implement---requiring only a two-line change from existing<br />code---and equipped with very strong mathematical guarantees.&nbsp; The<br />research also contributed to the area of reinforcement learning, in<br />which the goal is to design systems that learn from their own<br />self-generated data in an on-line manner.&nbsp; In particular, it<br />introduced new classes of iterative procedures for computing<br />non-parametric approximations to value functions in reinforcement<br />learning problems.<br /><br /><br />Understanding from the research in this grant has potential<br />consequences for a broad range of applications that involve the use of<br />iterative algorithms as applied to large data sets.&nbsp; Examples include<br />large-scaling training of deep neural networks via stochastic gradient<br />descent; training of systems for reinforcement learning via stochastic<br />approximation algorithms; and selection procedures for models of<br />large-scale data, including in medicine, finance, and genomics.<br />Moreover, the proposal is inter-disciplinary in nature, and so has the<br />potential to strengthen bridges between the information sciences<br />broadly defined, including electrical engineering and computer<br />science, as well as applied mathematics and statistics.<br /><br />The grant supported the training of multiple graduate students and<br />post-doctoral students, who now occupy faculty positions at<br />universities across North America (e.g., Carnegie Mellon University,<br />New York University, University of Toronto, Cornell University).&nbsp; It also supported the development of technical presentations and tutorial materials given at various short courses and departmental presentations, thereby disseminating the material more broadly.&nbsp; It also supported curricular development at the university level, with research from the grant being incorporated into various courses.</p> <p>&nbsp;</p><br> <p>  Last Modified: 12/18/2023<br> Modified by: Martin&nbsp;Wainwright</p></div> <div class="porSideCol" ><div class="each-gallery"> <div class="galContent" id="gallery0"> <div class="photoCount" id="photoCount0">          Images (<span id="selectedPhoto0">1</span> of <span class="totalNumber"></span>)          </div> <div class="galControls onePhoto" id="controls0"></div> <div class="galSlideshow" id="slideshow0"></div> <div class="galEmbox" id="embox"> <div class="image-title"></div> </div> </div> <div class="galNavigation" id="navigation0"> <ul class="thumbs" id="thumbs0"> <li> <a href="/por/images/Reports/POR/2023/2301050/2301050_10680920_1702919714776_fig_eric_compare_disc09_tol01--rgov-214x142.jpg" original="/por/images/Reports/POR/2023/2301050/2301050_10680920_1702919714776_fig_eric_compare_disc09_tol01--rgov-800width.jpg" title="Efficiency improvement via Bellman-Krylov Boosting"><img src="/por/images/Reports/POR/2023/2301050/2301050_10680920_1702919714776_fig_eric_compare_disc09_tol01--rgov-66x44.jpg" alt="Efficiency improvement via Bellman-Krylov Boosting"></a> <div class="imageCaptionContainer"> <div class="imageCaption">Illustration of the efficiency gains achievable by the Krylov-Bellman boosting algorithm relative to the standard fitted value iteration (FVI) algorithm.</div> <div class="imageCredit">Martin Wainwright and Eric Xia</div> <div class="imagePermisssions">Public Domain</div> <div class="imageSubmitted">Martin&nbsp;Wainwright <div class="imageTitle">Efficiency improvement via Bellman-Krylov Boosting</div> </div> </li><li> <a href="/por/images/Reports/POR/2023/2301050/2301050_10680920_1702919515311_fig_discount99_100k--rgov-214x142.jpg" original="/por/images/Reports/POR/2023/2301050/2301050_10680920_1702919515311_fig_discount99_100k--rgov-800width.jpg" title="Variance-reduced vesrus ordinary Q-learning"><img src="/por/images/Reports/POR/2023/2301050/2301050_10680920_1702919515311_fig_discount99_100k--rgov-66x44.jpg" alt="Variance-reduced vesrus ordinary Q-learning"></a> <div class="imageCaptionContainer"> <div class="imageCaption">Illustration of the computational speed-ups afforded by various reduced versions of the Q-learning algorithm, used to estimate the value function of a policy in a sequential decision-making problem.</div> <div class="imageCredit">Martin Wainwright</div> <div class="imagePermisssions">Public Domain</div> <div class="imageSubmitted">Martin&nbsp;Wainwright <div class="imageTitle">Variance-reduced vesrus ordinary Q-learning</div> </div> </li></ul> </div> </div></div> </div>]]></DRECONTENT>
<POR_COPY_TXT><![CDATA[  This research grant focused on novel challenges that arise in modern machine learning and statistics. Data sets are now so large that it is essential to make use of efficient and iterative procedures for computation. The research made fundamental contributions to our understanding of such iterative algorithms, and their computational complexity interacts with their statistical utility. It provided a general framework for understanding the behavior of the expectation-maximization algorithm, which is widely used for solving problems with missing data or other forms of confounding. It introduced and analyzed a general class of variance-reduced procedures for stochastic approximation, that can be used to efficiently compute solutions to fixed point equations. This family of algorithms is very easy to implement---requiring only a two-line change from existing code---and equipped with very strong mathematical guarantees. The research also contributed to the area of reinforcement learning, in which the goal is to design systems that learn from their own self-generated data in an on-line manner. In particular, it introduced new classes of iterative procedures for computing non-parametric approximations to value functions in reinforcement learning problems.   Understanding from the research in this grant has potential consequences for a broad range of applications that involve the use of iterative algorithms as applied to large data sets. Examples include large-scaling training of deep neural networks via stochastic gradient descent; training of systems for reinforcement learning via stochastic approximation algorithms; and selection procedures for models of large-scale data, including in medicine, finance, and genomics. Moreover, the proposal is inter-disciplinary in nature, and so has the potential to strengthen bridges between the information sciences broadly defined, including electrical engineering and computer science, as well as applied mathematics and statistics.  The grant supported the training of multiple graduate students and post-doctoral students, who now occupy faculty positions at universities across North America (e.g., Carnegie Mellon University, New York University, University of Toronto, Cornell University). It also supported the development of technical presentations and tutorial materials given at various short courses and departmental presentations, thereby disseminating the material more broadly. It also supported curricular development at the university level, with research from the grant being incorporated into various courses.        Last Modified: 12/18/2023       Submitted by: MartinWainwright]]></POR_COPY_TXT>
</POR>
</Award>
</rootTag>
