<?xml version="1.0" encoding="UTF-8"?>
<rootTag>
<Award>
<AwardTitle><![CDATA[Collaborative Research: Using Complex Systems Theory and Methods to Gauge the Gains and Persisting Challenges of Broadening Participation Initiatives]]></AwardTitle>
<AGENCY>NSF</AGENCY>
<AwardEffectiveDate>07/01/2023</AwardEffectiveDate>
<AwardExpirationDate>06/30/2026</AwardExpirationDate>
<AwardTotalIntnAmount>202680.00</AwardTotalIntnAmount>
<AwardAmount>202680</AwardAmount>
<AwardInstrument>
<Value>Standard Grant</Value>
</AwardInstrument>
<Organization>
<Code>11060000</Code>
<Directorate>
<Abbreviation>EDU</Abbreviation>
<LongName>Directorate for STEM Education</LongName>
</Directorate>
<Division>
<Abbreviation>EES</Abbreviation>
<LongName>Div. of Equity for Excellence in STEM</LongName>
</Division>
</Organization>
<ProgramOfficer>
<SignBlockName>Carrie Hall</SignBlockName>
<PO_EMAI>carhall@nsf.gov</PO_EMAI>
<PO_PHON>7032924641</PO_PHON>
</ProgramOfficer>
<AbstractNarration>During the last decades, there have been significant investments in Broadening Participation Initiatives (BPIs) aimed to increase the participation of marginalized groups in engineering. Yet the plethora of factors that influence the success of BPIs and persistent challenges faced by BPIs complicate a strong grasp of their impact. Not understanding the aspects that make BPIs effective, limits their potential for institutional change.  BPIs are often implemented within higher education institutions, which are complex systems with intricate dynamic interactions among multiple people and factors. Therefore, to gauge the impact of BPIs it is necessary to adopt systems approaches that acknowledge such dynamic complexity. This project adopts two well-established complex systems methods to bring theoretical and practical value to harness the impact of BPIs in higher education institutions: (1) Qualitative Comparative Analysis (QCA) to create a comprehensive theoretical model of the complex dynamics and distinct configurations of factors that lead to the outcomes targeted by a BPI; and (2) Systems Dynamics Modeling (SDM) to refine the theory of drivers and barriers to the BPI goals. The research outcomes of this project include the refinement of institutional change theories that advance women faculty in engineering and identify barriers and areas that can be leveraged for women’s success.&lt;br/&gt;&lt;br/&gt;The goals of this two-phase project are to (1) test the capabilities of QCA and SDM in refining theories for institutional change, and (2) innovate in the translation of qualitative evidence into quantitative performance measures that could support the complex system modeling of BPIs impact. This project focuses on an exemplary, well-established BPI case: the ADVANCE initiatives to influence the success of women faculty in engineering. In phase 1, Acker’s Inequality Regimes will be used as a theoretical framework, and publicly available data will be collected from 15 research one (R1) institutions that were early ADVANCE grantees and 15 comparable institutions that were not. Qualitative data will be transformed into quantitative measures through content analysis and discourse analysis. QCA models could identify the different theoretical paths leading to outcomes related to the recruitment and retention of women, particularly women of color. In phase 2, the theory of ADVANCE impact will be further refined through SDM. First, by identifying dynamics in the system illustrated in Causal Loop Diagrams (CLDs) through qualitative data collected from interviews with women faculty and administrators from a subset of the selected institutions in phase 1; and second, by enriching and strengthening the developed CLDs through Group Based Modeling performed in focus groups. The research outcomes of this project will include (1) refined theories of institutional change for the advancement of women faculty in engineering, including potentially new and confirmed causal relationships, as well as identification of persisting barriers and points of leverage for women’s success, (2) methodological innovations in translating qualitative data to quantitative performance measures, and the use of complex systems methods to study institutional change. The project results will be shared with practitioners through webinars, virtual workshops, and participation in relevant summits and conferences, in particular those appealing to the ADVANCE community, such as AIM and ARC, as well as women in engineering networks, such as WEPAN.&lt;br/&gt;&lt;br/&gt;This project is supported by NSF's EDUCore Research (ECR) program.  The ECR program emphasizes fundamental  STEM  education  research  that  generates foundational  knowledge  in the field. Investments are made in critical areas that are essential, broad and  enduring:  STEM  learning  and  STEM  learning  environments, broadening  participation  in  STEM,  and  STEM workforce development.&lt;br/&gt;&lt;br/&gt;This award reflects NSF's statutory mission and has been deemed worthy of support through evaluation using the Foundation's intellectual merit and broader impacts review criteria.</AbstractNarration>
<MinAmdLetterDate>06/28/2023</MinAmdLetterDate>
<MaxAmdLetterDate>06/28/2023</MaxAmdLetterDate>
<ARRAAmount/>
<TRAN_TYPE>Grant</TRAN_TYPE>
<CFDA_NUM>47.076</CFDA_NUM>
<NSF_PAR_USE_FLAG>1</NSF_PAR_USE_FLAG>
<FUND_AGCY_CODE>4900</FUND_AGCY_CODE>
<AWDG_AGCY_CODE>4900</AWDG_AGCY_CODE>
<AwardID>2301197</AwardID>
<Investigator>
<FirstName>Juan</FirstName>
<LastName>Cruz</LastName>
<PI_MID_INIT>M</PI_MID_INIT>
<PI_SUFX_NAME/>
<PI_FULL_NAME>Juan M Cruz</PI_FULL_NAME>
<EmailAddress><![CDATA[cruzj@rowan.edu]]></EmailAddress>
<NSF_ID>000815199</NSF_ID>
<StartDate>06/28/2023</StartDate>
<EndDate/>
<RoleCode>Principal Investigator</RoleCode>
</Investigator>
<Institution>
<Name><![CDATA[Rowan University]]></Name>
<CityName>GLASSBORO</CityName>
<ZipCode>080281700</ZipCode>
<PhoneNumber>8562564057</PhoneNumber>
<StreetAddress><![CDATA[201 MULLICA HILL RD]]></StreetAddress>
<StreetAddress2/>
<CountryName>United States</CountryName>
<StateName>New Jersey</StateName>
<StateCode>NJ</StateCode>
<CONGRESSDISTRICT>01</CONGRESSDISTRICT>
<CONGRESS_DISTRICT_ORG>NJ01</CONGRESS_DISTRICT_ORG>
<ORG_UEI_NUM>DMDEQP66JL85</ORG_UEI_NUM>
<ORG_LGL_BUS_NAME>ROWAN UNIVERSITY</ORG_LGL_BUS_NAME>
<ORG_PRNT_UEI_NUM/>
</Institution>
<Performance_Institution>
<Name><![CDATA[Rowan University]]></Name>
<CityName>GLASSBORO</CityName>
<StateCode>NJ</StateCode>
<ZipCode>080281700</ZipCode>
<StreetAddress><![CDATA[201 MULLICA HILL RD RT 322]]></StreetAddress>
<CountryCode>US</CountryCode>
<CountryName>United States</CountryName>
<StateName>New Jersey</StateName>
<CountryFlag>1</CountryFlag>
<CONGRESSDISTRICT>01</CONGRESSDISTRICT>
<CONGRESS_DISTRICT_PERF>NJ01</CONGRESS_DISTRICT_PERF>
</Performance_Institution>
<ProgramElement>
<Code>798000</Code>
<Text>ECR-EDU Core Research</Text>
</ProgramElement>
<ProgramReference>
<Code>8212</Code>
<Text>Broaden Particip STEM Resrch</Text>
</ProgramReference>
<Appropriation>
<Code/>
<Name/>
<APP_SYMB_ID/>
</Appropriation>
<Fund>
<Code>04002324DB</Code>
<Name><![CDATA[NSF STEM Education]]></Name>
<FUND_SYMB_ID>040106</FUND_SYMB_ID>
</Fund>
<FUND_OBLG>2023~202680</FUND_OBLG>
</Award>
</rootTag>
