<?xml version="1.0" encoding="UTF-8"?>
<rootTag>
<Award>
<AwardTitle><![CDATA[Flexible Technical Education Pathways in a Building Automation Technology Program]]></AwardTitle>
<AGENCY>NSF</AGENCY>
<AwardEffectiveDate>10/01/2023</AwardEffectiveDate>
<AwardExpirationDate>09/30/2026</AwardExpirationDate>
<AwardTotalIntnAmount>631715.00</AwardTotalIntnAmount>
<AwardAmount>631715</AwardAmount>
<AwardInstrument>
<Value>Standard Grant</Value>
</AwardInstrument>
<Organization>
<Code>11040100</Code>
<Directorate>
<Abbreviation>EDU</Abbreviation>
<LongName>Directorate for STEM Education</LongName>
</Directorate>
<Division>
<Abbreviation>DUE</Abbreviation>
<LongName>Division Of Undergraduate Education</LongName>
</Division>
</Organization>
<ProgramOfficer>
<SignBlockName>Kalyn Owens</SignBlockName>
<PO_EMAI>kowens@nsf.gov</PO_EMAI>
<PO_PHON>7032924615</PO_PHON>
</ProgramOfficer>
<AbstractNarration>This project aims to serve the national interest by developing a Building Automation Technology program to prepare students for high-demand technical careers in the west-central Michigan region. In collaboration with industry and other academic institutions, courses will be designed and offered to technical education students in SMART HVAC systems, energy storage, production controls in manufacturing, and cybersecurity related to these control systems. The course curriculum will be aligned with industry certifications to better prepare students for the current and future needs of employers in the region. The result will be an increase in the number of skilled building automation technicians that enter the regional workforce each year of the project. Ultimately, this effort aims to fill significant gaps in the availability of customized training programs that meet the needs of industry in today’s data and automation driven society.  &lt;br/&gt; &lt;br/&gt;This project team will collaborate with industry to complete the following activities: 1) create Building Automation Technology courses for Industry 4.0 HVAC systems, including SMART systems and effective data storage, 2) develop energy storage curriculum to support electric vehicles, 3) provide students with practical experience in data and production controls in advanced manufacturing and HVAC systems, and 4) include the creation of cybersecurity curriculum related to controls for advanced manufacturing and municipalities. Course curriculum will prioritize hands-on lab activities and work-based learning experiences as a way to actively engage students in practical and effective skill development. A flexible pathway model with multiple on and off ramps that result in certificates, industry credentials, apprenticeships, degrees, and/or the option to transfer will be implemented. An external evaluation will be conducted to assess project activities and outcomes with a focus on contributing to the body of knowledge on preparing skilled technicians to support the advanced manufacturing industry. A targeted dissemination plan will be carried out that shares project results with other Michigan state two-year colleges and at the national level through presentations to the broader technical education community. This project is funded by the Advanced Technology Education program that focuses on the education of technicians for the advanced-technology fields that drive the nation’s economy.&lt;br/&gt;&lt;br/&gt;This award reflects NSF's statutory mission and has been deemed worthy of support through evaluation using the Foundation's intellectual merit and broader impacts review criteria.</AbstractNarration>
<MinAmdLetterDate>09/12/2023</MinAmdLetterDate>
<MaxAmdLetterDate>09/12/2023</MaxAmdLetterDate>
<ARRAAmount/>
<TRAN_TYPE>Grant</TRAN_TYPE>
<CFDA_NUM>47.076</CFDA_NUM>
<NSF_PAR_USE_FLAG>1</NSF_PAR_USE_FLAG>
<FUND_AGCY_CODE>4900</FUND_AGCY_CODE>
<AWDG_AGCY_CODE>4900</AWDG_AGCY_CODE>
<AwardID>2301256</AwardID>
<Investigator>
<FirstName>Deborah</FirstName>
<LastName>Dawson-Gunther</LastName>
<PI_MID_INIT>M</PI_MID_INIT>
<PI_SUFX_NAME/>
<PI_FULL_NAME>Deborah M Dawson-Gunther</PI_FULL_NAME>
<EmailAddress><![CDATA[deborah.dawson-gunther@montcalm.edu]]></EmailAddress>
<NSF_ID>000802404</NSF_ID>
<StartDate>09/12/2023</StartDate>
<EndDate/>
<RoleCode>Co-Principal Investigator</RoleCode>
</Investigator>
<Investigator>
<FirstName>Jeffrey</FirstName>
<LastName>Pedelty</LastName>
<PI_MID_INIT>L</PI_MID_INIT>
<PI_SUFX_NAME/>
<PI_FULL_NAME>Jeffrey L Pedelty</PI_FULL_NAME>
<EmailAddress><![CDATA[jeffrey.pedelty@montcalm.edu]]></EmailAddress>
<NSF_ID>000890454</NSF_ID>
<StartDate>09/12/2023</StartDate>
<EndDate/>
<RoleCode>Principal Investigator</RoleCode>
</Investigator>
<Institution>
<Name><![CDATA[MONTCALM COMMUNITY COLLEGE]]></Name>
<CityName>SIDNEY</CityName>
<ZipCode>488859723</ZipCode>
<PhoneNumber>9893282100</PhoneNumber>
<StreetAddress><![CDATA[2800 COLLEGE DR]]></StreetAddress>
<StreetAddress2/>
<CountryName>United States</CountryName>
<StateName>Michigan</StateName>
<StateCode>MI</StateCode>
<CONGRESSDISTRICT>02</CONGRESSDISTRICT>
<CONGRESS_DISTRICT_ORG>MI02</CONGRESS_DISTRICT_ORG>
<ORG_UEI_NUM>FFS4ESPZUXD1</ORG_UEI_NUM>
<ORG_LGL_BUS_NAME>MONTCALM COMMUNITY COLLEGE</ORG_LGL_BUS_NAME>
<ORG_PRNT_UEI_NUM/>
</Institution>
<Performance_Institution>
<Name><![CDATA[Montcalm Community Collge]]></Name>
<CityName>Sidney</CityName>
<StateCode>MI</StateCode>
<ZipCode>488859723</ZipCode>
<StreetAddress><![CDATA[2800 College Drive]]></StreetAddress>
<CountryCode>US</CountryCode>
<CountryName>United States</CountryName>
<StateName>Michigan</StateName>
<CountryFlag>1</CountryFlag>
<CONGRESSDISTRICT>02</CONGRESSDISTRICT>
<CONGRESS_DISTRICT_PERF>MI02</CONGRESS_DISTRICT_PERF>
</Performance_Institution>
<ProgramElement>
<Code>741200</Code>
<Text>Advanced Tech Education Prog</Text>
</ProgramElement>
<ProgramReference>
<Code>1032</Code>
<Text>ADVANCED TECHNOLOGY EDUCATION</Text>
</ProgramReference>
<ProgramReference>
<Code>9178</Code>
<Text>UNDERGRADUATE EDUCATION</Text>
</ProgramReference>
<ProgramReference>
<Code>SMET</Code>
<Text>SCIENCE, MATH, ENG &amp; TECH EDUCATION</Text>
</ProgramReference>
<Appropriation>
<Code/>
<Name/>
<APP_SYMB_ID/>
</Appropriation>
<Fund>
<Code>04002324DB</Code>
<Name><![CDATA[NSF STEM Education]]></Name>
<FUND_SYMB_ID>040106</FUND_SYMB_ID>
</Fund>
<FUND_OBLG>2023~631715</FUND_OBLG>
</Award>
</rootTag>
