<?xml version="1.0" encoding="UTF-8"?>
<rootTag>
<Award>
<AwardTitle><![CDATA[AccelNet-Implementation: Global Ecosystem Research Infrastructure (GERI): Harmonizing Data to address Ecological Drought]]></AwardTitle>
<AGENCY>NSF</AGENCY>
<AwardEffectiveDate>09/01/2023</AwardEffectiveDate>
<AwardExpirationDate>08/31/2026</AwardExpirationDate>
<AwardTotalIntnAmount>1606028.00</AwardTotalIntnAmount>
<AwardAmount>1606028</AwardAmount>
<AwardInstrument>
<Value>Standard Grant</Value>
</AwardInstrument>
<Organization>
<Code>01090000</Code>
<Directorate>
<Abbreviation>O/D</Abbreviation>
<LongName>Office Of The Director</LongName>
</Directorate>
<Division>
<Abbreviation>OISE</Abbreviation>
<LongName>Office Of Internatl Science &amp;Engineering</LongName>
</Division>
</Organization>
<ProgramOfficer>
<SignBlockName>Kara C. Hoover</SignBlockName>
<PO_EMAI>kchoover@nsf.gov</PO_EMAI>
<PO_PHON>7032922235</PO_PHON>
</ProgramOfficer>
<AbstractNarration>Drought is increasingly becoming more common due to climate change, human water usage, and changes in land use. It has significant impacts on ecosystems and people's well-being, but there is still much we don't know about its effects on ecosystems and society. To deepen our understanding, Environmental Research Infrastructures (ERIs) have been established worldwide to collect critical data. These ERIs provide a unique opportunity to study how drought and other environmental changes impact nature across different regions and over extended periods of time. Six of these ERIs from different parts of the world have come together to form the Global Ecosystem Research Infrastructure (GERI). GERI's objective is to foster collaboration and information sharing among these networks. The aim is to establish effective communication pathways between different countries and cultures. This proposal builds upon their previous work and seeks to capitalize on this global collaboration in several ways: Firstly, this work aims to strengthen and expand international collaborations by working closely with other research networks. The second focus will be on studying drought on a global scale using the data shared across the partner ERIs. This approach will enable them to gain insights into how drought impacts ecosystems worldwide. Thirdly, this project seeks to accelerate scientific discoveries by bringing scientists and stakeholders from different countries together. Finally, we will train and support the next generation of researchers by organizing workshops and creating more opportunities for collaboration. Overall, this collaboration between research networks will contribute to a better understanding of the effects of drought on ecosystems and human life by facilitating the exchange of knowledge and data on a global scale.&lt;br/&gt;&lt;br/&gt;Increasingly influenced by anthropogenic climate change, human water use, and expanding land-use change, drought is entering unfamiliar territory. Despite the influence of drought on ecosystem function, and human well-being, there are significant uncertainties in our understanding of the impacts of drought for ecosystems and humanity. Over the past decade, large Environmental Research Infrastructures (ERIs) have been implemented around the world to drive understanding of the responses of the biosphere to environmental change. These emergent ERIs now provide a unique opportunity to advance our understanding of ecological processes, such as drought, across continents, decades, and disciplinary boundaries. Against this backdrop, six ERIs from around the world have come together to establish an international network-to-network collaboration – the Global Ecosystem Research Infrastructure (GERI). GERI activities have focused on garnering support and establishing baseline pathways for communications across continents and cultures. This proposal expands upon previous activities to realize the power of global network to network collaborations by: (i) further developing and leveraging strategic international network-to-network collaborations via engaging new partners in Central America and continuing existing partnerships, (ii) demonstrating the utility of harmonized GERI data via a strategic initial focus on ecological drought at a global scale, (iii) accelerating scientific discovery by bringing together international stakeholders and researchers to guide the harmonization of these data and use them to advance knowledge, and (iv) preparing the next generation of researchers in this network-of-network approach via workshops, training, and enhanced opportunities for collaboration.&lt;br/&gt;&lt;br/&gt;This award reflects NSF's statutory mission and has been deemed worthy of support through evaluation using the Foundation's intellectual merit and broader impacts review criteria.</AbstractNarration>
<MinAmdLetterDate>06/26/2023</MinAmdLetterDate>
<MaxAmdLetterDate>06/26/2023</MaxAmdLetterDate>
<ARRAAmount/>
<TRAN_TYPE>Grant</TRAN_TYPE>
<CFDA_NUM>47.079</CFDA_NUM>
<NSF_PAR_USE_FLAG>1</NSF_PAR_USE_FLAG>
<FUND_AGCY_CODE>4900</FUND_AGCY_CODE>
<AWDG_AGCY_CODE>4900</AWDG_AGCY_CODE>
<AwardID>2301655</AwardID>
<Investigator>
<FirstName>Benjamin</FirstName>
<LastName>Ruddell</LastName>
<PI_MID_INIT>L</PI_MID_INIT>
<PI_SUFX_NAME/>
<PI_FULL_NAME>Benjamin L Ruddell</PI_FULL_NAME>
<EmailAddress><![CDATA[benjamin.ruddell@nau.edu]]></EmailAddress>
<NSF_ID>000528267</NSF_ID>
<StartDate>06/26/2023</StartDate>
<EndDate/>
<RoleCode>Co-Principal Investigator</RoleCode>
</Investigator>
<Investigator>
<FirstName>Christine</FirstName>
<LastName>Laney</LastName>
<PI_MID_INIT>M</PI_MID_INIT>
<PI_SUFX_NAME/>
<PI_FULL_NAME>Christine M Laney</PI_FULL_NAME>
<EmailAddress><![CDATA[claney@battelleecology.org]]></EmailAddress>
<NSF_ID>000682013</NSF_ID>
<StartDate>06/26/2023</StartDate>
<EndDate/>
<RoleCode>Co-Principal Investigator</RoleCode>
</Investigator>
<Investigator>
<FirstName>Henry</FirstName>
<LastName>Loescher</LastName>
<PI_MID_INIT>W</PI_MID_INIT>
<PI_SUFX_NAME/>
<PI_FULL_NAME>Henry W Loescher</PI_FULL_NAME>
<EmailAddress><![CDATA[hloescher@battelleecology.org]]></EmailAddress>
<NSF_ID>000620619</NSF_ID>
<StartDate>06/26/2023</StartDate>
<EndDate/>
<RoleCode>Co-Principal Investigator</RoleCode>
</Investigator>
<Investigator>
<FirstName>Michael</FirstName>
<LastName>SanClements</LastName>
<PI_MID_INIT/>
<PI_SUFX_NAME/>
<PI_FULL_NAME>Michael SanClements</PI_FULL_NAME>
<EmailAddress><![CDATA[msanclements@battelleecology.org]]></EmailAddress>
<NSF_ID>000644208</NSF_ID>
<StartDate>06/26/2023</StartDate>
<EndDate/>
<RoleCode>Principal Investigator</RoleCode>
</Investigator>
<Institution>
<Name><![CDATA[Battelle Memorial Institute]]></Name>
<CityName>COLUMBUS</CityName>
<ZipCode>432012696</ZipCode>
<PhoneNumber>6144244873</PhoneNumber>
<StreetAddress><![CDATA[505 KING AVE]]></StreetAddress>
<StreetAddress2/>
<CountryName>United States</CountryName>
<StateName>Ohio</StateName>
<StateCode>OH</StateCode>
<CONGRESSDISTRICT>03</CONGRESSDISTRICT>
<CONGRESS_DISTRICT_ORG>OH03</CONGRESS_DISTRICT_ORG>
<ORG_UEI_NUM>F125YU6SWK59</ORG_UEI_NUM>
<ORG_LGL_BUS_NAME>BATTELLE MEMORIAL INSTITUTE</ORG_LGL_BUS_NAME>
<ORG_PRNT_UEI_NUM/>
</Institution>
<Performance_Institution>
<Name><![CDATA[Battelle Memorial Institute]]></Name>
<CityName>Boulder</CityName>
<StateCode>CO</StateCode>
<ZipCode>803012735</ZipCode>
<StreetAddress><![CDATA[1685 38th Street]]></StreetAddress>
<CountryCode>US</CountryCode>
<CountryName>United States</CountryName>
<StateName>Colorado</StateName>
<CountryFlag>1</CountryFlag>
<CONGRESSDISTRICT>02</CONGRESSDISTRICT>
<CONGRESS_DISTRICT_PERF>CO02</CONGRESS_DISTRICT_PERF>
</Performance_Institution>
<ProgramElement>
<Code>069Y00</Code>
<Text>AccelNet - Accelerating Resear</Text>
</ProgramElement>
<ProgramReference>
<Code>1066</Code>
<Text>SOUTH AFRICA</Text>
</ProgramReference>
<ProgramReference>
<Code>5912</Code>
<Text>AUSTRALIA</Text>
</ProgramReference>
<ProgramReference>
<Code>5936</Code>
<Text>GERMANY (F.R.G.)</Text>
</ProgramReference>
<ProgramReference>
<Code>5955</Code>
<Text>AUSTRIA</Text>
</ProgramReference>
<ProgramReference>
<Code>9200</Code>
<Text>US CHINA COOP IN BASIC SCIENCE</Text>
</ProgramReference>
<Appropriation>
<Code/>
<Name/>
<APP_SYMB_ID/>
</Appropriation>
<Fund>
<Code>01002324DB</Code>
<Name><![CDATA[NSF RESEARCH & RELATED ACTIVIT]]></Name>
<FUND_SYMB_ID>040100</FUND_SYMB_ID>
</Fund>
<FUND_OBLG>2023~1606028</FUND_OBLG>
</Award>
</rootTag>
