<?xml version="1.0" encoding="UTF-8"?>
<rootTag>
<Award>
<AwardTitle><![CDATA[ERI: Vehicle-to-Grid applied to Demand Response]]></AwardTitle>
<AGENCY>NSF</AGENCY>
<AwardEffectiveDate>06/01/2023</AwardEffectiveDate>
<AwardExpirationDate>05/31/2025</AwardExpirationDate>
<AwardTotalIntnAmount>199248.00</AwardTotalIntnAmount>
<AwardAmount>199248</AwardAmount>
<AwardInstrument>
<Value>Standard Grant</Value>
</AwardInstrument>
<Organization>
<Code>07010000</Code>
<Directorate>
<Abbreviation>ENG</Abbreviation>
<LongName>Directorate For Engineering</LongName>
</Directorate>
<Division>
<Abbreviation>ECCS</Abbreviation>
<LongName>Div Of Electrical, Commun &amp; Cyber Sys</LongName>
</Division>
</Organization>
<ProgramOfficer>
<SignBlockName>Eyad Abed</SignBlockName>
<PO_EMAI>eabed@nsf.gov</PO_EMAI>
<PO_PHON>7032922303</PO_PHON>
</ProgramOfficer>
<AbstractNarration>The use of electric vehicles (EVs) as well as renewable energy as power sources for consumers will reduce greenhouse gas emissions. Moreover, power utility companies encourage consumers to reduce their consumption during peak-hours (when most consumers use most power). Vehicle-to-Grid (V2G) is a new technology that allows EV owners to use their EV batteries to power their homes while connected to the grid. Thus, EVs with V2G technology will become attractive for consumers because their EV batteries can help to reduce their power demand from the utility company at peak-hours. Artificial Intelligence algorithms are powerful tools for forecasting complex properties and have been extensively researched for applications in several areas of Power Systems. The proposed research will answer important questions regarding the influence of V2G on consumer power demand, using the Mobile, Alabama area as an example market so that realistic financial and environmental considerations are used in the simulations. The outcomes of this research will boost the motivation for consumers to use V2G to reduce peak power demands, and will provide information on making V2G more attractive, advancing national prosperity. The results from this award will be disseminated to academic, community and industry stakeholders through newspapers, technical peer-reviewed journal articles and conference articles and reports, participation in conferences, and presentations in webinars.&lt;br/&gt;&lt;br/&gt;The goal of the project is to investigate the advantages and challenges of V2G to support Demand Response (DR), by creating short-term Artificial Intelligence (AI) algorithms to predict EV load demand statuses for a few minutes and hours ahead, and a Simulation system to verify the best way to utilize EVs for DR and evaluate the means to overcome challenges. An initial investigation of existing EVs in the Mobile, Alabama region and their usage and power characteristics will be used to verify the pros and cons of V2G and to supply data to AI algorithms that will be designed to predict the EV characteristics needed to support DR. The project will be developed in two phases: in Phase I, data about existing EVs in the region will be collected and analyzed and a simulation will be developed; in Phase II, the AI algorithms will be developed along with a workshop involving ten high-school students to be selected from underrepresenting groups. This workshop will support the dissemination of the project results, and will&lt;br/&gt;clarify to the general public some common misconceptions related to EVs, V2G and DR.&lt;br/&gt;&lt;br/&gt;This award reflects NSF's statutory mission and has been deemed worthy of support through evaluation using the Foundation's intellectual merit and broader impacts review criteria.</AbstractNarration>
<MinAmdLetterDate>06/01/2023</MinAmdLetterDate>
<MaxAmdLetterDate>06/01/2023</MaxAmdLetterDate>
<ARRAAmount/>
<TRAN_TYPE>Grant</TRAN_TYPE>
<CFDA_NUM>47.041</CFDA_NUM>
<NSF_PAR_USE_FLAG>1</NSF_PAR_USE_FLAG>
<FUND_AGCY_CODE>4900</FUND_AGCY_CODE>
<AWDG_AGCY_CODE>4900</AWDG_AGCY_CODE>
<AwardID>2301882</AwardID>
<Investigator>
<FirstName>Daniela</FirstName>
<LastName>Wolter Ferreira Touma</LastName>
<PI_MID_INIT/>
<PI_SUFX_NAME/>
<PI_FULL_NAME>Daniela Wolter Ferreira Touma</PI_FULL_NAME>
<EmailAddress><![CDATA[dtouma@southalabama.edu]]></EmailAddress>
<NSF_ID>000816866</NSF_ID>
<StartDate>06/01/2023</StartDate>
<EndDate/>
<RoleCode>Principal Investigator</RoleCode>
</Investigator>
<Institution>
<Name><![CDATA[University of South Alabama]]></Name>
<CityName>MOBILE</CityName>
<ZipCode>366083053</ZipCode>
<PhoneNumber>2514606333</PhoneNumber>
<StreetAddress><![CDATA[307 N UNIVERSITY BLVD]]></StreetAddress>
<StreetAddress2/>
<CountryName>United States</CountryName>
<StateName>Alabama</StateName>
<StateCode>AL</StateCode>
<CONGRESSDISTRICT>01</CONGRESSDISTRICT>
<CONGRESS_DISTRICT_ORG>AL01</CONGRESS_DISTRICT_ORG>
<ORG_UEI_NUM>QB12VPNQQFE8</ORG_UEI_NUM>
<ORG_LGL_BUS_NAME>UNIVERSITY OF SOUTH ALABAMA</ORG_LGL_BUS_NAME>
<ORG_PRNT_UEI_NUM/>
</Institution>
<Performance_Institution>
<Name><![CDATA[University of South Alabama]]></Name>
<CityName>Mobile</CityName>
<StateCode>AL</StateCode>
<ZipCode>366880002</ZipCode>
<StreetAddress><![CDATA[307 University Blvd.]]></StreetAddress>
<CountryCode>US</CountryCode>
<CountryName>United States</CountryName>
<StateName>Alabama</StateName>
<CountryFlag>1</CountryFlag>
<CONGRESSDISTRICT>01</CONGRESSDISTRICT>
<CONGRESS_DISTRICT_PERF>AL01</CONGRESS_DISTRICT_PERF>
</Performance_Institution>
<ProgramElement>
<Code>180Y00</Code>
<Text>ERI-Eng. Research Initiation</Text>
</ProgramElement>
<ProgramReference>
<Code>155E</Code>
<Text>Electric power networks</Text>
</ProgramReference>
<Appropriation>
<Code/>
<Name/>
<APP_SYMB_ID/>
</Appropriation>
<Fund>
<Code>01002324DB</Code>
<Name><![CDATA[NSF RESEARCH & RELATED ACTIVIT]]></Name>
<FUND_SYMB_ID>040100</FUND_SYMB_ID>
</Fund>
<FUND_OBLG>2023~199248</FUND_OBLG>
</Award>
</rootTag>
