<?xml version="1.0" encoding="UTF-8"?>
<rootTag>
<Award>
<AwardTitle><![CDATA[ERI: The impact of ionizable lipid chemistry and targeting ligands on biological interactions of lipid nanoparticles]]></AwardTitle>
<AGENCY>NSF</AGENCY>
<AwardEffectiveDate>07/01/2023</AwardEffectiveDate>
<AwardExpirationDate>06/30/2025</AwardExpirationDate>
<AwardTotalIntnAmount>200000.00</AwardTotalIntnAmount>
<AwardAmount>200000</AwardAmount>
<AwardInstrument>
<Value>Standard Grant</Value>
</AwardInstrument>
<Organization>
<Code>07020000</Code>
<Directorate>
<Abbreviation>ENG</Abbreviation>
<LongName>Directorate For Engineering</LongName>
</Directorate>
<Division>
<Abbreviation>CBET</Abbreviation>
<LongName>Div Of Chem, Bioeng, Env, &amp; Transp Sys</LongName>
</Division>
</Organization>
<ProgramOfficer>
<SignBlockName>Nora Savage</SignBlockName>
<PO_EMAI>nosavage@nsf.gov</PO_EMAI>
<PO_PHON>7032927949</PO_PHON>
</ProgramOfficer>
<AbstractNarration>Lipid nanoparticles are ultrasmall drug delivery platforms that can package therapeutics, making them safer and more efficacious than the free therapeutics. In this project, the research team aims to understand how the design of lipid nanoparticles impacts their ability to enable high levels of drug delivery to cells and tissues. Although researchers know that the design of lipid nanoparticles impacts their effectiveness, the precise mechanisms by which this occurs remains elusive. Here, the research team will take a fundamental and mechanistic approach to understand how the chemical structure of the lipids impacts how the nanoparticles interact with cells and tissues. This award will enable the inclusion of one graduate student and two undergraduate students on this research, providing exceptional research opportunities to Biomedical Engineering students at Rowan University. Further, the project will enable the recruitment of one student from Rowan College of South Jersey, the local community college, through a unique partnership. Ultimately, the successful completion of this work will allow drug delivery researchers to specifically design lipids for improved drug delivery for a wide range of biological applications.  &lt;br/&gt;&lt;br/&gt; &lt;br/&gt;The goal of this project is to study structure-function relationships between ionizable lipid chemistry and the biological interactions of lipid nanoparticles. Lipid nanoparticles have emerged at the forefront of translational drug delivery due to their use in the Pfizer and Moderna COVID-19 vaccines. Lipid nanoparticles are comprised of ionizable lipids, cholesterol, phospholipids, and poly(ethylene) glycol complexed with therapeutic nucleic acids. Despite the recent clinical advancements of lipid nanoparticles, remarkably little is known about how their composition and physicochemical properties impact their interactions with biological systems. It has been established that ionizable lipid chemistry dictates how they interact with cells and tissues to drive drug delivery efficiency. However, there is a major gap in knowledge regarding the precise means by which ionizable lipid structure influences how lipid nanoparticles interact with cells and tissues. Here, the research team will take a fundamental and mechanistic approach to evaluate how lipid nanoparticle composition impacts biological interactions at the molecular, cellular, and tissue levels. The overarching hypothesis is that the degree of saturation, alkyl tail length, and tail branching of the ionizable lipids drives how lipid nanoparticles behave including stability, cell uptake, cytosolic delivery, and tissue specificity and penetration. The research objectives are to: (1) synthesize an array of new ionizable lipids and assess how ionizable lipid structure impacts lipid nanoparticle stability and protein corona formation, and (2) evaluate how ionizable lipid chemistry (branched/linear, degree of saturation, tail length) impacts delivery, uptake, endosomal escape, and tissue penetration. In addition to these research objectives, this project has several educational goals. This award will enable the inclusion of one graduate student and two undergraduate students on this research, providing exceptional research opportunities to Biomedical Engineering students at Rowan University. Further, this project will enable the recruitment of one student from Rowan College of South Jersey, the local community college, through a unique partnership. The work described herein has the potential to transform the way lipid nanoparticles are developed and tested preclinically by enhancing our understanding of how ionizable lipid chemistry impacts interactions in biological systems. Ultimately, this will enable the drug delivery community to engineer next-generation platforms created through an efficient and data-driven approach.&lt;br/&gt;&lt;br/&gt;This award reflects NSF's statutory mission and has been deemed worthy of support through evaluation using the Foundation's intellectual merit and broader impacts review criteria.</AbstractNarration>
<MinAmdLetterDate>04/06/2023</MinAmdLetterDate>
<MaxAmdLetterDate>04/06/2023</MaxAmdLetterDate>
<ARRAAmount/>
<TRAN_TYPE>Grant</TRAN_TYPE>
<CFDA_NUM>47.041</CFDA_NUM>
<NSF_PAR_USE_FLAG>1</NSF_PAR_USE_FLAG>
<FUND_AGCY_CODE>4900</FUND_AGCY_CODE>
<AWDG_AGCY_CODE>4900</AWDG_AGCY_CODE>
<AwardID>2301919</AwardID>
<Investigator>
<FirstName>Rachel</FirstName>
<LastName>Riley</LastName>
<PI_MID_INIT/>
<PI_SUFX_NAME/>
<PI_FULL_NAME>Rachel Riley</PI_FULL_NAME>
<EmailAddress><![CDATA[rileyr@rowan.edu]]></EmailAddress>
<NSF_ID>000873128</NSF_ID>
<StartDate>04/06/2023</StartDate>
<EndDate/>
<RoleCode>Principal Investigator</RoleCode>
</Investigator>
<Institution>
<Name><![CDATA[Rowan University]]></Name>
<CityName>GLASSBORO</CityName>
<ZipCode>080281700</ZipCode>
<PhoneNumber>8562564057</PhoneNumber>
<StreetAddress><![CDATA[201 MULLICA HILL RD]]></StreetAddress>
<StreetAddress2/>
<CountryName>United States</CountryName>
<StateName>New Jersey</StateName>
<StateCode>NJ</StateCode>
<CONGRESSDISTRICT>01</CONGRESSDISTRICT>
<CONGRESS_DISTRICT_ORG>NJ01</CONGRESS_DISTRICT_ORG>
<ORG_UEI_NUM>DMDEQP66JL85</ORG_UEI_NUM>
<ORG_LGL_BUS_NAME>ROWAN UNIVERSITY</ORG_LGL_BUS_NAME>
<ORG_PRNT_UEI_NUM/>
</Institution>
<Performance_Institution>
<Name><![CDATA[Rowan University]]></Name>
<CityName>GLASSBORO</CityName>
<StateCode>NJ</StateCode>
<ZipCode>080281700</ZipCode>
<StreetAddress><![CDATA[201 MULLICA HILL RD RT 322]]></StreetAddress>
<CountryCode>US</CountryCode>
<CountryName>United States</CountryName>
<StateName>New Jersey</StateName>
<CountryFlag>1</CountryFlag>
<CONGRESSDISTRICT>01</CONGRESSDISTRICT>
<CONGRESS_DISTRICT_PERF>NJ01</CONGRESS_DISTRICT_PERF>
</Performance_Institution>
<ProgramElement>
<Code>164200</Code>
<Text>Special Initiatives</Text>
</ProgramElement>
<ProgramReference>
<Code>7237</Code>
<Text>NANO NON-SOLIC SCI &amp; ENG AWD</Text>
</ProgramReference>
<ProgramReference>
<Code>9264</Code>
<Text>RESEARCH INITIATION AWARD</Text>
</ProgramReference>
<Appropriation>
<Code/>
<Name/>
<APP_SYMB_ID/>
</Appropriation>
<Fund>
<Code>01002324DB</Code>
<Name><![CDATA[NSF RESEARCH & RELATED ACTIVIT]]></Name>
<FUND_SYMB_ID>040100</FUND_SYMB_ID>
</Fund>
<FUND_OBLG>2023~200000</FUND_OBLG>
</Award>
</rootTag>
