<?xml version="1.0" encoding="UTF-8"?>
<rootTag>
<Award>
<AwardTitle><![CDATA[Collaborative Research: SaTC: CORE: Medium: Broad-Spectrum Facial Image Protection with Provable Privacy Guarantees]]></AwardTitle>
<AGENCY>NSF</AGENCY>
<AwardEffectiveDate>10/01/2022</AwardEffectiveDate>
<AwardExpirationDate>11/30/2025</AwardExpirationDate>
<AwardTotalIntnAmount>712514.00</AwardTotalIntnAmount>
<AwardAmount>673162</AwardAmount>
<AwardInstrument>
<Value>Standard Grant</Value>
</AwardInstrument>
<Organization>
<Code>05050000</Code>
<Directorate>
<Abbreviation>CSE</Abbreviation>
<LongName>Direct For Computer &amp; Info Scie &amp; Enginr</LongName>
</Directorate>
<Division>
<Abbreviation>CNS</Abbreviation>
<LongName>Division Of Computer and Network Systems</LongName>
</Division>
</Organization>
<ProgramOfficer>
<SignBlockName>Dan Cosley</SignBlockName>
<PO_EMAI>dcosley@nsf.gov</PO_EMAI>
<PO_PHON>7032928832</PO_PHON>
</ProgramOfficer>
<AbstractNarration>With the growing ubiquity of smartphones and other mobile devices, image sharing is gaining increasing popularity in social networks. Privacy protection has now become a  crucial issue to be addressed because sharing images can reveal personal and social environments and details of private lives. While many social media allow users to set privacy preferences, these are rarely sufficient due to the limitations of the options, complexity of the problem, and the tedious nature of privacy configuration. The objective of this project is to design an intelligent and automatic broad-spectrum image protection system that offers provable privacy guarantees for multiple parties involved in social image sharing while maintaining image quality. Specifically, the researchers on this project aim to overcome the following challenges: (i) Privacy protection for human subjects and sensitive objects in the background of the images; (ii) Consideration of location-dependent image sensitivities whereby images taken at certain places (e.g., pubs, hospitals) may impact privacy, such as people in the images who do not want their occurrences or co-occurrences at those locations to be known; (iii) Strong enforcement of the privacy protection that conforms with different privacy needs of multiple people in the same image. The success of the proposed research will address the rising privacy concerns of image sharing on social sites and benefit billions of social network users. A range of educational activities will be also carried out including curriculum development, professional training for college students and outreach to K-12 teachers and students, with emphasis on under-represented groups.&lt;br/&gt;&lt;br/&gt;This project will greatly advance the state-of-the-art facial privacy protection during online image sharing with the following innovative research ideas. First, a new image privacy policy language and an efficient policy management system will be designed for managing broad-spectrum privacy concerns of multiple parties. Second, formal privacy models will be defined to quantify privacy risks and provide provable privacy guarantees during policy enforcement. Third, new deep-learning-based image modification approaches such as facial modification/replacement and image cropping will be investigated to simultaneously address different users' privacy needs regarding the same image while preserving the aesthetics nature. Finally, a combination of interface and incentive design will be conducted to obtain more accurate user feedback and evaluate the effectiveness and practicality of the proposed system.&lt;br/&gt;&lt;br/&gt;This award reflects NSF's statutory mission and has been deemed worthy of support through evaluation using the Foundation's intellectual merit and broader impacts review criteria.</AbstractNarration>
<MinAmdLetterDate>03/14/2023</MinAmdLetterDate>
<MaxAmdLetterDate>03/14/2023</MaxAmdLetterDate>
<ARRAAmount/>
<TRAN_TYPE>Grant</TRAN_TYPE>
<CFDA_NUM>47.070</CFDA_NUM>
<NSF_PAR_USE_FLAG>1</NSF_PAR_USE_FLAG>
<FUND_AGCY_CODE>4900</FUND_AGCY_CODE>
<AWDG_AGCY_CODE>4900</AWDG_AGCY_CODE>
<AwardID>2301014</AwardID>
<Investigator>
<FirstName>Dan</FirstName>
<LastName>Lin</LastName>
<PI_MID_INIT/>
<PI_SUFX_NAME/>
<PI_FULL_NAME>Dan Lin</PI_FULL_NAME>
<EmailAddress><![CDATA[dan.lin@vanderbilt.edu]]></EmailAddress>
<NSF_ID>000519774</NSF_ID>
<StartDate>03/14/2023</StartDate>
<EndDate/>
<RoleCode>Principal Investigator</RoleCode>
</Investigator>
<Institution>
<Name><![CDATA[Vanderbilt University]]></Name>
<CityName>NASHVILLE</CityName>
<ZipCode>372032416</ZipCode>
<PhoneNumber>6153222631</PhoneNumber>
<StreetAddress><![CDATA[110 21ST AVE S]]></StreetAddress>
<StreetAddress2/>
<CountryName>United States</CountryName>
<StateName>Tennessee</StateName>
<StateCode>TN</StateCode>
<CONGRESSDISTRICT>05</CONGRESSDISTRICT>
<CONGRESS_DISTRICT_ORG>TN05</CONGRESS_DISTRICT_ORG>
<ORG_UEI_NUM>GTNBNWXJ12D5</ORG_UEI_NUM>
<ORG_LGL_BUS_NAME>VANDERBILT UNIVERSITY</ORG_LGL_BUS_NAME>
<ORG_PRNT_UEI_NUM/>
</Institution>
<Performance_Institution>
<Name><![CDATA[Vanderbilt University]]></Name>
<CityName>NASHVILLE</CityName>
<StateCode>TN</StateCode>
<ZipCode>372032408</ZipCode>
<StreetAddress><![CDATA[110 21ST AVENUE S STE 800]]></StreetAddress>
<CountryCode>US</CountryCode>
<CountryName>United States</CountryName>
<StateName>Tennessee</StateName>
<CountryFlag>1</CountryFlag>
<CONGRESSDISTRICT>05</CONGRESSDISTRICT>
<CONGRESS_DISTRICT_PERF>TN05</CONGRESS_DISTRICT_PERF>
</Performance_Institution>
<ProgramElement>
<Code>171400</Code>
<Text>Special Projects - CNS</Text>
</ProgramElement>
<ProgramElement>
<Code>806000</Code>
<Text>Secure &amp;Trustworthy Cyberspace</Text>
</ProgramElement>
<ProgramReference>
<Code>025Z</Code>
<Text>SaTC: Secure and Trustworthy Cyberspace</Text>
</ProgramReference>
<ProgramReference>
<Code>7924</Code>
<Text>MEDIUM PROJECT</Text>
</ProgramReference>
<ProgramReference>
<Code>9102</Code>
<Text>WOMEN, MINORITY, DISABLED, NEC</Text>
</ProgramReference>
<Appropriation>
<Code/>
<Name/>
<APP_SYMB_ID/>
</Appropriation>
<Fund>
<Code>01002122DB</Code>
<Name><![CDATA[NSF RESEARCH & RELATED ACTIVIT]]></Name>
<FUND_SYMB_ID>040100</FUND_SYMB_ID>
</Fund>
<FUND_OBLG>2021~673162</FUND_OBLG>
</Award>
</rootTag>
