<?xml version="1.0" encoding="UTF-8"?>
<rootTag>
<Award>
<AwardTitle><![CDATA[A Longitudinal Exploration of Relations Between Fractions and Algebra Knowledge: An Interdisciplinary Approach]]></AwardTitle>
<AGENCY>NSF</AGENCY>
<AwardEffectiveDate>07/01/2023</AwardEffectiveDate>
<AwardExpirationDate>06/30/2028</AwardExpirationDate>
<AwardTotalIntnAmount>2499995.00</AwardTotalIntnAmount>
<AwardAmount>1492146</AwardAmount>
<AwardInstrument>
<Value>Continuing Grant</Value>
</AwardInstrument>
<Organization>
<Code>11090000</Code>
<Directorate>
<Abbreviation>EDU</Abbreviation>
<LongName>Directorate for STEM Education</LongName>
</Directorate>
<Division>
<Abbreviation>DRL</Abbreviation>
<LongName>Division Of Research On Learning</LongName>
</Division>
</Organization>
<ProgramOfficer>
<SignBlockName>Margret Hjalmarson</SignBlockName>
<PO_EMAI>mhjalmar@nsf.gov</PO_EMAI>
<PO_PHON>7032925186</PO_PHON>
</ProgramOfficer>
<AbstractNarration>This project aims to improve understanding of the relationships between students’ knowledge of fractions and their knowledge of algebra. Success in algebra is an important determinant of life outcomes, from high school graduation to college access and career and economic prospects. Unfortunately, a broad swath of research has documented the struggles students face learning algebra. Findings from both psychology and mathematics education research suggest that enhancing students’ fraction learning may be one route to improving algebra learning. Researchers from both fields have found that fractions and algebra competence are closely related, but the basis of this relationship remains unclear. This project will design measures that efficiently capture the breadth and depth of students’ fractions and algebra knowledge and investigate relations between fractions and algebra knowledge over a three-year period, from grades 7 to 9. By investigating how students’ understanding develops over time, this study will identify critical time points at which instruction might prove especially fruitful.&lt;br/&gt;&lt;br/&gt;The project will take place in two phases. Phase 1 is a measurement project in which participants in grades 7-9 will engage in within-subjects assessments of algebra knowledge and fractions knowledge using assessments adapted from prior research. A subset of students will also be interviewed to gain greater insight into their problem-solving approaches. Key covariates, including children’s mathematics anxiety, whole number skills, and general cognitive skills, will be measured in order to isolate the relations between fractions and algebra knowledge. This allows for empirical examination of the factor structure of the fractions and algebra domains and for development of efficient instruments with optimal coverage of the constructs. Phase 2 will use the refined measures to follow a new sample of children longitudinally over three school years (grades 7–9). Cross-lagged panel models will be used to simultaneously examine effects of fractions knowledge on algebra knowledge and vice versa, while also considering the role of covariates. Results will yield information about the developmental relations between fractions and algebra knowledge. Data will be collected online in both phases.&lt;br/&gt;&lt;br/&gt;&lt;br/&gt;This project is supported by NSF's EDU Core Research (ECR) program. The ECR program emphasizes fundamental STEM education research that generates foundational knowledge in the field. Investments are made in critical areas that are essential, broad and enduring: STEM learning and STEM learning environments, broadening participation in STEM, and STEM workforce development.&lt;br/&gt;&lt;br/&gt;This award reflects NSF's statutory mission and has been deemed worthy of support through evaluation using the Foundation's intellectual merit and broader impacts review criteria.</AbstractNarration>
<MinAmdLetterDate>05/02/2023</MinAmdLetterDate>
<MaxAmdLetterDate>09/16/2024</MaxAmdLetterDate>
<ARRAAmount/>
<TRAN_TYPE>Grant</TRAN_TYPE>
<CFDA_NUM>47.076</CFDA_NUM>
<NSF_PAR_USE_FLAG>1</NSF_PAR_USE_FLAG>
<FUND_AGCY_CODE>4900</FUND_AGCY_CODE>
<AWDG_AGCY_CODE>4900</AWDG_AGCY_CODE>
<AwardID>2301010</AwardID>
<Investigator>
<FirstName>Paula</FirstName>
<LastName>Traktman</LastName>
<PI_MID_INIT/>
<PI_SUFX_NAME/>
<PI_FULL_NAME>Paula Traktman</PI_FULL_NAME>
<EmailAddress><![CDATA[traktman@musc.edu]]></EmailAddress>
<NSF_ID>000788377</NSF_ID>
<StartDate>06/26/2024</StartDate>
<EndDate>07/31/2024</EndDate>
<RoleCode>Former Co-Principal Investigator</RoleCode>
</Investigator>
<Investigator>
<FirstName>Alexandria</FirstName>
<LastName>Viegut</LastName>
<PI_MID_INIT>A</PI_MID_INIT>
<PI_SUFX_NAME/>
<PI_FULL_NAME>Alexandria A Viegut</PI_FULL_NAME>
<EmailAddress><![CDATA[viegutaa@uwec.edu]]></EmailAddress>
<NSF_ID>000935502</NSF_ID>
<StartDate>08/13/2024</StartDate>
<EndDate/>
<RoleCode>Co-Principal Investigator</RoleCode>
</Investigator>
<Investigator>
<FirstName>Daniel</FirstName>
<LastName>Bolt</LastName>
<PI_MID_INIT/>
<PI_SUFX_NAME/>
<PI_FULL_NAME>Daniel Bolt</PI_FULL_NAME>
<EmailAddress><![CDATA[dmbolt@wisc.edu]]></EmailAddress>
<NSF_ID>000806158</NSF_ID>
<StartDate>05/02/2023</StartDate>
<EndDate/>
<RoleCode>Co-Principal Investigator</RoleCode>
</Investigator>
<Investigator>
<FirstName>Martha</FirstName>
<LastName>Alibali</LastName>
<PI_MID_INIT>W</PI_MID_INIT>
<PI_SUFX_NAME/>
<PI_FULL_NAME>Martha W Alibali</PI_FULL_NAME>
<EmailAddress><![CDATA[mwalibali@wisc.edu]]></EmailAddress>
<NSF_ID>000317235</NSF_ID>
<StartDate>05/02/2023</StartDate>
<EndDate/>
<RoleCode>Co-Principal Investigator</RoleCode>
</Investigator>
<Investigator>
<FirstName>Percival</FirstName>
<LastName>Matthews</LastName>
<PI_MID_INIT>G</PI_MID_INIT>
<PI_SUFX_NAME/>
<PI_FULL_NAME>Percival G Matthews</PI_FULL_NAME>
<EmailAddress><![CDATA[pmatthews@wisc.edu]]></EmailAddress>
<NSF_ID>000662125</NSF_ID>
<StartDate>05/02/2023</StartDate>
<EndDate/>
<RoleCode>Co-Principal Investigator</RoleCode>
</Investigator>
<Investigator>
<FirstName>Ana</FirstName>
<LastName>Stephens</LastName>
<PI_MID_INIT>C</PI_MID_INIT>
<PI_SUFX_NAME/>
<PI_FULL_NAME>Ana C Stephens</PI_FULL_NAME>
<EmailAddress><![CDATA[acstephens@wisc.edu]]></EmailAddress>
<NSF_ID>000611853</NSF_ID>
<StartDate>05/02/2023</StartDate>
<EndDate/>
<RoleCode>Principal Investigator</RoleCode>
</Investigator>
<Institution>
<Name><![CDATA[University of Wisconsin-Madison]]></Name>
<CityName>MADISON</CityName>
<ZipCode>537151218</ZipCode>
<PhoneNumber>6082623822</PhoneNumber>
<StreetAddress><![CDATA[21 N PARK ST STE 6301]]></StreetAddress>
<StreetAddress2/>
<CountryName>United States</CountryName>
<StateName>Wisconsin</StateName>
<StateCode>WI</StateCode>
<CONGRESSDISTRICT>02</CONGRESSDISTRICT>
<CONGRESS_DISTRICT_ORG>WI02</CONGRESS_DISTRICT_ORG>
<ORG_UEI_NUM>LCLSJAGTNZQ7</ORG_UEI_NUM>
<ORG_LGL_BUS_NAME>UNIVERSITY OF WISCONSIN SYSTEM</ORG_LGL_BUS_NAME>
<ORG_PRNT_UEI_NUM/>
</Institution>
<Performance_Institution>
<Name><![CDATA[University of Wisconsin-Madison]]></Name>
<CityName>MADISON</CityName>
<StateCode>WI</StateCode>
<ZipCode>537151218</ZipCode>
<StreetAddress><![CDATA[21 N PARK ST STE 6301]]></StreetAddress>
<CountryCode>US</CountryCode>
<CountryName>United States</CountryName>
<StateName>Wisconsin</StateName>
<CountryFlag>1</CountryFlag>
<CONGRESSDISTRICT>02</CONGRESSDISTRICT>
<CONGRESS_DISTRICT_PERF>WI02</CONGRESS_DISTRICT_PERF>
</Performance_Institution>
<ProgramElement>
<Code>798000</Code>
<Text>ECR-EDU Core Research</Text>
</ProgramElement>
<ProgramReference>
<Code>8817</Code>
<Text>STEM Learning &amp; Learning Environments</Text>
</ProgramReference>
<Appropriation>
<Code/>
<Name/>
<APP_SYMB_ID/>
</Appropriation>
<Appropriation>
<Code/>
<Name/>
<APP_SYMB_ID/>
</Appropriation>
<Fund>
<Code>04002425DB</Code>
<Name><![CDATA[NSF STEM Education]]></Name>
<FUND_SYMB_ID>040106</FUND_SYMB_ID>
</Fund>
<Fund>
<Code>04002324DB</Code>
<Name><![CDATA[NSF STEM Education]]></Name>
<FUND_SYMB_ID>040106</FUND_SYMB_ID>
</Fund>
<FUND_OBLG>2023~997930</FUND_OBLG>
<FUND_OBLG>2024~494216</FUND_OBLG>
</Award>
</rootTag>
