<?xml version="1.0" encoding="UTF-8"?>
<rootTag>
<Award>
<AwardTitle><![CDATA[CAREER: Deep Learning Empowered Nonlinear Deformable Model]]></AwardTitle>
<AGENCY>NSF</AGENCY>
<AwardEffectiveDate>10/01/2022</AwardEffectiveDate>
<AwardExpirationDate>04/30/2025</AwardExpirationDate>
<AwardTotalIntnAmount>550000.00</AwardTotalIntnAmount>
<AwardAmount>469704</AwardAmount>
<AwardInstrument>
<Value>Continuing Grant</Value>
</AwardInstrument>
<Organization>
<Code>05020000</Code>
<Directorate>
<Abbreviation>CSE</Abbreviation>
<LongName>Direct For Computer &amp; Info Scie &amp; Enginr</LongName>
</Directorate>
<Division>
<Abbreviation>IIS</Abbreviation>
<LongName>Div Of Information &amp; Intelligent Systems</LongName>
</Division>
</Organization>
<ProgramOfficer>
<SignBlockName>Han-Wei Shen</SignBlockName>
<PO_EMAI>hshen@nsf.gov</PO_EMAI>
<PO_PHON>7032922533</PO_PHON>
</ProgramOfficer>
<AbstractNarration>Everything in the world deforms, so modeling high-quality deformations becomes a core algorithmic ingredient for serious and realism-driven visual applications such as high-fidelity animation, virtual reality, medical data analysis, surgical simulation, and digital fabrication/prototyping, to name just a few. While deformation has been studied for decades, deformable simulation is notorious for its costly computation. With the rapid development of sophisticated sensing devices and acquisition techniques, the complexities, scales and dimensionalities of the data have grown exponentially, and large-scale geometries are becoming ubiquitous in modern 3D data processing. Even with state-of-the-art hardware, a massive deformable simulation can still take hours, days, or even weeks. In this era of data explosion, increasing demands on both computing efficiency and simulation realism impose unprecedented challenges on this classic computing problem, so game-changing algorithmic techniques for large-scale, complex, and nonlinear deformable models are needed to empower future graphics applications.  If successful, this project will not only expand the frontier of physics-based simulation technologies, but also profoundly inspire broader computing communities beyond graphics and enable a variety of applications. &lt;br/&gt;&lt;br/&gt;&lt;br/&gt;During a deformable simulation, a nonlinear system needs to be repetitively solved in order to track the continuous shape evolution of the deforming body. A deformable object with complex geometry could house a large number of unknown degrees of freedom, and the resulting high-dimensional integration becomes prohibitive. To overcome this problem, this project will develop a re-branded deformable model which systematically integrates advanced simulation techniques and deep learning (DL) tools, specifically deep neural networks (DNNs). The hypothesis is that digital simulation provides us nearly unlimited noise-free training data, which should be fully exploited and leveraged to benefit unseen yet difficult simulation or computing challenges. Unlike existing data-driven methods that interpret the data with a closed-form formulation (e.g., using a convex interpolation), DNNs provide a universal mechanism to extract intrinsic features hidden behind the raw data in an end-to-end manner, and have already demonstrated significant outcomes in many long-standing computer vision problems like object detection, classification, and annotation. However, harnessing DL in physics-based simulation is not easy. While in theory one may still encode all of these parameters using a very high-dimensional input vector, the corresponding network would be extremely large and complex. Even if we manage to collect sufficient training data to optimize this net, a single forward pass of it may be slower than a conventional simulator, making DL completely unprofitable. In this project, we will thoroughly investigate those grand technical challenges, forge a collection of data structures and algorithmic techniques for the data-driven deformable simulation, and thereby pave the way for DL-based physics simulation to next-generation computer graphics.&lt;br/&gt;&lt;br/&gt;This award reflects NSF's statutory mission and has been deemed worthy of support through evaluation using the Foundation's intellectual merit and broader impacts review criteria.</AbstractNarration>
<MinAmdLetterDate>10/14/2022</MinAmdLetterDate>
<MaxAmdLetterDate>03/15/2023</MaxAmdLetterDate>
<ARRAAmount/>
<TRAN_TYPE>Grant</TRAN_TYPE>
<CFDA_NUM>47.070</CFDA_NUM>
<NSF_PAR_USE_FLAG>1</NSF_PAR_USE_FLAG>
<FUND_AGCY_CODE>4900</FUND_AGCY_CODE>
<AWDG_AGCY_CODE>4900</AWDG_AGCY_CODE>
<AwardID>2301040</AwardID>
<Investigator>
<FirstName>Yin</FirstName>
<LastName>Yang</LastName>
<PI_MID_INIT/>
<PI_SUFX_NAME/>
<PI_FULL_NAME>Yin Yang</PI_FULL_NAME>
<EmailAddress><![CDATA[yin.yang@utah.edu]]></EmailAddress>
<NSF_ID>000663449</NSF_ID>
<StartDate>10/14/2022</StartDate>
<EndDate/>
<RoleCode>Principal Investigator</RoleCode>
</Investigator>
<Institution>
<Name><![CDATA[University of Utah]]></Name>
<CityName>SALT LAKE CITY</CityName>
<ZipCode>841129049</ZipCode>
<PhoneNumber>8015816903</PhoneNumber>
<StreetAddress><![CDATA[201 PRESIDENTS CIR]]></StreetAddress>
<StreetAddress2/>
<CountryName>United States</CountryName>
<StateName>Utah</StateName>
<StateCode>UT</StateCode>
<CONGRESSDISTRICT>01</CONGRESSDISTRICT>
<CONGRESS_DISTRICT_ORG>UT01</CONGRESS_DISTRICT_ORG>
<ORG_UEI_NUM>LL8GLEVH6MG3</ORG_UEI_NUM>
<ORG_LGL_BUS_NAME>UNIVERSITY OF UTAH</ORG_LGL_BUS_NAME>
<ORG_PRNT_UEI_NUM/>
</Institution>
<Performance_Institution>
<Name><![CDATA[University of Utah]]></Name>
<CityName>SALT LAKE CITY</CityName>
<StateCode>UT</StateCode>
<ZipCode>841129049</ZipCode>
<StreetAddress><![CDATA[201 PRESIDENTS CIR]]></StreetAddress>
<CountryCode>US</CountryCode>
<CountryName>United States</CountryName>
<StateName>Utah</StateName>
<CountryFlag>1</CountryFlag>
<CONGRESSDISTRICT>01</CONGRESSDISTRICT>
<CONGRESS_DISTRICT_PERF>UT01</CONGRESS_DISTRICT_PERF>
</Performance_Institution>
<ProgramElement>
<Code>736700</Code>
<Text>HCC-Human-Centered Computing</Text>
</ProgramElement>
<ProgramReference>
<Code>1045</Code>
<Text>CAREER-Faculty Erly Career Dev</Text>
</ProgramReference>
<ProgramReference>
<Code>7367</Code>
<Text>Cyber-Human Systems</Text>
</ProgramReference>
<Appropriation>
<Code/>
<Name/>
<APP_SYMB_ID/>
</Appropriation>
<Appropriation>
<Code/>
<Name/>
<APP_SYMB_ID/>
</Appropriation>
<Appropriation>
<Code/>
<Name/>
<APP_SYMB_ID/>
</Appropriation>
<Appropriation>
<Code/>
<Name/>
<APP_SYMB_ID/>
</Appropriation>
<Appropriation>
<Code/>
<Name/>
<APP_SYMB_ID/>
</Appropriation>
<Fund>
<Code>01002122DB</Code>
<Name><![CDATA[NSF RESEARCH & RELATED ACTIVIT]]></Name>
<FUND_SYMB_ID>040100</FUND_SYMB_ID>
</Fund>
<Fund>
<Code>01002324DB</Code>
<Name><![CDATA[NSF RESEARCH & RELATED ACTIVIT]]></Name>
<FUND_SYMB_ID>040100</FUND_SYMB_ID>
</Fund>
<Fund>
<Code>01001920DB</Code>
<Name><![CDATA[NSF RESEARCH & RELATED ACTIVIT]]></Name>
<FUND_SYMB_ID>040100</FUND_SYMB_ID>
</Fund>
<Fund>
<Code>01002223DB</Code>
<Name><![CDATA[NSF RESEARCH & RELATED ACTIVIT]]></Name>
<FUND_SYMB_ID>040100</FUND_SYMB_ID>
</Fund>
<Fund>
<Code>01002021DB</Code>
<Name><![CDATA[NSF RESEARCH & RELATED ACTIVIT]]></Name>
<FUND_SYMB_ID>040100</FUND_SYMB_ID>
</Fund>
<FUND_OBLG>2019~24448</FUND_OBLG>
<FUND_OBLG>2020~102253</FUND_OBLG>
<FUND_OBLG>2021~110533</FUND_OBLG>
<FUND_OBLG>2022~114121</FUND_OBLG>
<FUND_OBLG>2023~118349</FUND_OBLG>
</Award>
</rootTag>
