<?xml version="1.0" encoding="UTF-8"?>
<rootTag>
<Award>
<AwardTitle><![CDATA[AccelNet-Implementation: Broadening Carbon Ring]]></AwardTitle>
<AGENCY>NSF</AGENCY>
<AwardEffectiveDate>08/01/2023</AwardEffectiveDate>
<AwardExpirationDate>01/31/2024</AwardExpirationDate>
<AwardTotalIntnAmount>1999826.00</AwardTotalIntnAmount>
<AwardAmount>1999826</AwardAmount>
<AwardInstrument>
<Value>Standard Grant</Value>
</AwardInstrument>
<Organization>
<Code>07030000</Code>
<Directorate>
<Abbreviation>ENG</Abbreviation>
<LongName>Directorate For Engineering</LongName>
</Directorate>
<Division>
<Abbreviation>CMMI</Abbreviation>
<LongName>Div Of Civil, Mechanical, &amp; Manufact Inn</LongName>
</Division>
</Organization>
<ProgramOfficer>
<SignBlockName>Khershed Cooper</SignBlockName>
<PO_EMAI>khcooper@nsf.gov</PO_EMAI>
<PO_PHON>7032927017</PO_PHON>
</ProgramOfficer>
<AbstractNarration>Carbon has played a crucial role in the development of human civilization. Despite the vast potential of various carbon forms, including different existing and emerging 0D, 1D, and 2D carbon nanostructures, to advance applications such as quantum computing, terahertz communications, energy storage systems, and carbon capture, the knowledge gap between carbon allotropes and device fabrication communities continues to hinder progress in scaling and integrating carbon devices into carbon systems. The Broadening Carbon Ring Network of Networks (N-o-N) is a strategic alliance that aims to advance the state of the art in carbon materials and devices by bringing together researchers from different research communities. The goal is to fill the knowledge gap in carbon materials, accelerate new carbon materials discovery, create and share fabrication and manufacturing toolboxes, explore frontier carbon device and new applications, and train highly diverse researchers and technical leaders with skillsets to conduct complex projects requiring international coordination.&lt;br/&gt;&lt;br/&gt;This Accelerating Research through International Network-to-Network Collaborations (AccelNet) project will connect 18 networks including interdisciplinary research networks, regional clusters and user facilities across 10 countries. The specific aim of this N-o-N is to fill in the knowledge gaps in the areas of modeling the pyrolysis from polymer precursor to final carbon microstructure, tuning carbon shapes and carbon interfaces through self-assembly and controllable functionalization, hybrid carbon materials enabling high performance energy, sensing, and electronic devices, and scalable manufacturing through the creation of an International Roadmap on Carbon Systems (IRCS) and building a global database for best practices, sustainability, and life-cycle analysis. The training and exchange activities will impact diverse workforce development and STEM education.&lt;br/&gt;&lt;br/&gt;This award reflects NSF's statutory mission and has been deemed worthy of support through evaluation using the Foundation's intellectual merit and broader impacts review criteria.</AbstractNarration>
<MinAmdLetterDate>05/02/2023</MinAmdLetterDate>
<MaxAmdLetterDate>05/02/2023</MaxAmdLetterDate>
<ARRAAmount/>
<TRAN_TYPE>Grant</TRAN_TYPE>
<CFDA_NUM>47.041, 47.079</CFDA_NUM>
<NSF_PAR_USE_FLAG>1</NSF_PAR_USE_FLAG>
<FUND_AGCY_CODE>4900</FUND_AGCY_CODE>
<AWDG_AGCY_CODE>4900</AWDG_AGCY_CODE>
<AwardID>2301898</AwardID>
<Investigator>
<FirstName>Marc</FirstName>
<LastName>Madou</LastName>
<PI_MID_INIT>J</PI_MID_INIT>
<PI_SUFX_NAME/>
<PI_FULL_NAME>Marc J Madou</PI_FULL_NAME>
<EmailAddress><![CDATA[mmadou@uci.edu]]></EmailAddress>
<NSF_ID>000445226</NSF_ID>
<StartDate>05/02/2023</StartDate>
<EndDate/>
<RoleCode>Co-Principal Investigator</RoleCode>
</Investigator>
<Investigator>
<FirstName>Sam</FirstName>
<LastName>Kassegne</LastName>
<PI_MID_INIT/>
<PI_SUFX_NAME/>
<PI_FULL_NAME>Sam Kassegne</PI_FULL_NAME>
<EmailAddress><![CDATA[kassegne@mail.sdsu.edu]]></EmailAddress>
<NSF_ID>000486507</NSF_ID>
<StartDate>05/02/2023</StartDate>
<EndDate/>
<RoleCode>Co-Principal Investigator</RoleCode>
</Investigator>
<Investigator>
<FirstName>Chunlei</FirstName>
<LastName>Wang</LastName>
<PI_MID_INIT/>
<PI_SUFX_NAME/>
<PI_FULL_NAME>Chunlei Wang</PI_FULL_NAME>
<EmailAddress><![CDATA[wangc@miami.edu]]></EmailAddress>
<NSF_ID>000487408</NSF_ID>
<StartDate>05/02/2023</StartDate>
<EndDate/>
<RoleCode>Principal Investigator</RoleCode>
</Investigator>
<Investigator>
<FirstName>Nezih</FirstName>
<LastName>Pala</LastName>
<PI_MID_INIT/>
<PI_SUFX_NAME/>
<PI_FULL_NAME>Nezih Pala</PI_FULL_NAME>
<EmailAddress><![CDATA[npala@fiu.edu]]></EmailAddress>
<NSF_ID>000514097</NSF_ID>
<StartDate>05/02/2023</StartDate>
<EndDate/>
<RoleCode>Co-Principal Investigator</RoleCode>
</Investigator>
<Investigator>
<FirstName>Rodrigo</FirstName>
<LastName>Martinez-Duarte</LastName>
<PI_MID_INIT/>
<PI_SUFX_NAME/>
<PI_FULL_NAME>Rodrigo Martinez-Duarte</PI_FULL_NAME>
<EmailAddress><![CDATA[rodrigm@clemson.edu]]></EmailAddress>
<NSF_ID>000668211</NSF_ID>
<StartDate>05/02/2023</StartDate>
<EndDate/>
<RoleCode>Co-Principal Investigator</RoleCode>
</Investigator>
<Institution>
<Name><![CDATA[Florida International University]]></Name>
<CityName>MIAMI</CityName>
<ZipCode>331992516</ZipCode>
<PhoneNumber>3053482494</PhoneNumber>
<StreetAddress><![CDATA[11200 SW 8TH ST]]></StreetAddress>
<StreetAddress2/>
<CountryName>United States</CountryName>
<StateName>Florida</StateName>
<StateCode>FL</StateCode>
<CONGRESSDISTRICT>26</CONGRESSDISTRICT>
<CONGRESS_DISTRICT_ORG>FL26</CONGRESS_DISTRICT_ORG>
<ORG_UEI_NUM>Q3KCVK5S9CP1</ORG_UEI_NUM>
<ORG_LGL_BUS_NAME>FLORIDA INTERNATIONAL UNIVERSITY</ORG_LGL_BUS_NAME>
<ORG_PRNT_UEI_NUM>Q3KCVK5S9CP1</ORG_PRNT_UEI_NUM>
</Institution>
<Performance_Institution>
<Name><![CDATA[Florida International University]]></Name>
<CityName>MIAMI</CityName>
<StateCode>FL</StateCode>
<ZipCode>331992516</ZipCode>
<StreetAddress><![CDATA[11200 SW 8TH ST]]></StreetAddress>
<CountryCode>US</CountryCode>
<CountryName>United States</CountryName>
<StateName>Florida</StateName>
<CountryFlag>1</CountryFlag>
<CONGRESSDISTRICT>26</CONGRESSDISTRICT>
<CONGRESS_DISTRICT_PERF>FL26</CONGRESS_DISTRICT_PERF>
</Performance_Institution>
<ProgramElement>
<Code>069Y00</Code>
<Text>AccelNet - Accelerating Resear</Text>
</ProgramElement>
<ProgramElement>
<Code>088Y00</Code>
<Text>AM-Advanced Manufacturing</Text>
</ProgramElement>
<ProgramReference>
<Code>081E</Code>
<Text>NANO SCALE ASSEMBLY</Text>
</ProgramReference>
<ProgramReference>
<Code>083E</Code>
<Text>MATERIAL TRANSFORMATION PROC</Text>
</ProgramReference>
<ProgramReference>
<Code>084E</Code>
<Text>NANOMANUFACTURING</Text>
</ProgramReference>
<ProgramReference>
<Code>5914</Code>
<Text>WESTERN EUROPE, OTHER</Text>
</ProgramReference>
<ProgramReference>
<Code>5921</Code>
<Text>JAPAN</Text>
</ProgramReference>
<ProgramReference>
<Code>5936</Code>
<Text>GERMANY (F.R.G.)</Text>
</ProgramReference>
<ProgramReference>
<Code>5937</Code>
<Text>SWEDEN</Text>
</ProgramReference>
<ProgramReference>
<Code>5952</Code>
<Text>SPAIN</Text>
</ProgramReference>
<ProgramReference>
<Code>9102</Code>
<Text>WOMEN, MINORITY, DISABLED, NEC</Text>
</ProgramReference>
<Appropriation>
<Code/>
<Name/>
<APP_SYMB_ID/>
</Appropriation>
<Fund>
<Code>01002324DB</Code>
<Name><![CDATA[NSF RESEARCH & RELATED ACTIVIT]]></Name>
<FUND_SYMB_ID>040100</FUND_SYMB_ID>
</Fund>
<FUND_OBLG>2023~0</FUND_OBLG>
</Award>
</rootTag>
