<?xml version="1.0" encoding="UTF-8"?>
<rootTag>
<Award>
<AwardTitle><![CDATA[Comparative analysis of immune response programmes employed by epithelial cells to fight natural infections in C. elegans]]></AwardTitle>
<AGENCY>NSF</AGENCY>
<AwardEffectiveDate>03/01/2023</AwardEffectiveDate>
<AwardExpirationDate>02/28/2026</AwardExpirationDate>
<AwardTotalIntnAmount>591168.00</AwardTotalIntnAmount>
<AwardAmount>405245</AwardAmount>
<AwardInstrument>
<Value>Continuing Grant</Value>
</AwardInstrument>
<Organization>
<Code>08090000</Code>
<Directorate>
<Abbreviation>BIO</Abbreviation>
<LongName>Direct For Biological Sciences</LongName>
</Directorate>
<Division>
<Abbreviation>IOS</Abbreviation>
<LongName>Division Of Integrative Organismal Systems</LongName>
</Division>
</Organization>
<ProgramOfficer>
<SignBlockName>Joanna Shisler</SignBlockName>
<PO_EMAI>jshisler@nsf.gov</PO_EMAI>
<PO_PHON>7032925368</PO_PHON>
</ProgramOfficer>
<AbstractNarration><![CDATA[Microsporidia infections cause disease in agriculturally important hosts like fish, honeybees and shrimp, leading to significant economic impacts. Studying immune responses in the simple roundworm C. elegans provides a powerful method to learn more about immune responses against microsporidia. In the wild, C. elegans is subject to infection by the microsporidian pathogen Nematocida parisii (nematode-killer from Paris), which causes a lethal intestinal infection. The proposed work will study how these pathogens are sensed to induce an immune response. It will involve analysis of how specific cells in the intestine turn on gene expression upon infection and includes comparative studies with collaborators in London, UK, who are studying skin infections in C. elegans caused by natural pathogens called oomycetes, which cause diseases like potato blight. These studies will illuminate how skin and intestinal cells fight off infection individually, how they communicate with the entire animal to induce immune responses, and how an ON/OFF switch called PALS-25/PALS-22 controls these immune responses. Given the ubiquity of microsporidia infections, this work may benefit the agriculture and aquaculture industries. It will train graduate students and postdoctoral fellows in interdisciplinary research, as well as provide opportunities for undergraduates and high school students from underrepresented groups to participate in cutting-edge research. Furthermore, because of the opportunities for dissemination that will be available to students and postdocs in this work, there will be broader impacts in training the next generation of scientists in how to effectively communicate scientific results and build scientific community.&lt;br/&gt;&lt;br/&gt;Microsporidia comprise a phylum containing over 1400 species of obligate intracellular fungal pathogens, and most animal species are thought to be susceptible to infection by one or more microsporidia species. However, almost nothing is known about immune responses against these pathogens, which often infect epithelial cells. Indeed, there is much to be learned about epithelial cell immunity in general, which are on the front lines of defense. The nematode C. elegans relies heavily on epithelial defense, as it has no known professional immune cells like macrophages or T cells. In the wild, microsporidia appear to be a very common cause of infection for C. elegans, and one species in particular called Nematocida parisii (nematode-killer from Paris) is the most common species found naturally infecting C. elegans. N. parisii infects C. elegans intestinal epithelial cells, where it induces a transcriptional immune response named the Intracellular Pathogen Response (IPR). Through genetic screens, an ON/OFF switch for the IPR called PALS-25/PALS-22 was identified both by the Troemel lab, as well as by the lab of collaborator Dr. Barkoulas who independently identified PALS-25/PALS-22 as an ON/OFF switch of an immune response to infection by oomycetes, which are natural pathogens of the C. elegans epidermis. This response has been named the Oomycete Recognition Response or ORR. This study aims to: 1) perform paired genetic screens to compare regulators of the IPR and ORR, 2) analyze tissue-specificity of the IPR and ORR, and 3) assess IPR and ORR triggers for their effects on PALS-22/PALS-25 interactions. This collaborative US/UK project is supported by the US National Science Foundation and the UK Biotechnology and Biological Sciences Research Council.&lt;br/&gt;&lt;br/&gt;This award reflects NSF's statutory mission and has been deemed worthy of support through evaluation using the Foundation's intellectual merit and broader impacts review criteria.]]></AbstractNarration>
<MinAmdLetterDate>03/02/2023</MinAmdLetterDate>
<MaxAmdLetterDate>02/26/2024</MaxAmdLetterDate>
<ARRAAmount/>
<TRAN_TYPE>Grant</TRAN_TYPE>
<CFDA_NUM>47.074</CFDA_NUM>
<NSF_PAR_USE_FLAG>1</NSF_PAR_USE_FLAG>
<FUND_AGCY_CODE>4900</FUND_AGCY_CODE>
<AWDG_AGCY_CODE>4900</AWDG_AGCY_CODE>
<AwardID>2301657</AwardID>
<Investigator>
<FirstName>Emily</FirstName>
<LastName>Troemel</LastName>
<PI_MID_INIT>R</PI_MID_INIT>
<PI_SUFX_NAME/>
<PI_FULL_NAME>Emily R Troemel</PI_FULL_NAME>
<EmailAddress><![CDATA[etroemel@ucsd.edu]]></EmailAddress>
<NSF_ID>000690919</NSF_ID>
<StartDate>03/02/2023</StartDate>
<EndDate/>
<RoleCode>Principal Investigator</RoleCode>
</Investigator>
<Institution>
<Name>University of California-San Diego</Name>
<CityName>LA JOLLA</CityName>
<ZipCode>920930021</ZipCode>
<PhoneNumber>8585344896</PhoneNumber>
<StreetAddress>9500 GILMAN DR</StreetAddress>
<StreetAddress2/>
<CountryName>United States</CountryName>
<StateName>California</StateName>
<StateCode>CA</StateCode>
<CONGRESSDISTRICT>50</CONGRESSDISTRICT>
<CONGRESS_DISTRICT_ORG>CA50</CONGRESS_DISTRICT_ORG>
<ORG_UEI_NUM>UYTTZT6G9DT1</ORG_UEI_NUM>
<ORG_LGL_BUS_NAME>UNIVERSITY OF CALIFORNIA, SAN DIEGO</ORG_LGL_BUS_NAME>
<ORG_PRNT_UEI_NUM/>
</Institution>
<Performance_Institution>
<Name><![CDATA[University of California-San Diego]]></Name>
<CityName>LA JOLLA</CityName>
<StateCode>CA</StateCode>
<ZipCode>920935004</ZipCode>
<StreetAddress><![CDATA[9500 GILMAN DR]]></StreetAddress>
<CountryCode>US</CountryCode>
<CountryName>United States</CountryName>
<StateName>California</StateName>
<CountryFlag>1</CountryFlag>
<CONGRESSDISTRICT>50</CONGRESSDISTRICT>
<CONGRESS_DISTRICT_PERF>CA50</CONGRESS_DISTRICT_PERF>
</Performance_Institution>
<ProgramElement>
<Code>7656</Code>
<Text>Symbiosis Infection &amp; Immunity</Text>
</ProgramElement>
<ProgramReference>
<Code>9178</Code>
<Text>UNDERGRADUATE EDUCATION</Text>
</ProgramReference>
<ProgramReference>
<Code>9179</Code>
<Text>GRADUATE INVOLVEMENT</Text>
</ProgramReference>
<Appropriation>
<Code/>
<Name/>
<APP_SYMB_ID/>
</Appropriation>
<Appropriation>
<Code/>
<Name/>
<APP_SYMB_ID/>
</Appropriation>
<Fund>
<Code>01002324DB</Code>
<Name><![CDATA[NSF RESEARCH & RELATED ACTIVIT]]></Name>
<FUND_SYMB_ID>040100</FUND_SYMB_ID>
</Fund>
<Fund>
<Code>01002425DB</Code>
<Name><![CDATA[NSF RESEARCH & RELATED ACTIVIT]]></Name>
<FUND_SYMB_ID>040100</FUND_SYMB_ID>
</Fund>
<FUND_OBLG>2023~200899</FUND_OBLG>
<FUND_OBLG>2024~204346</FUND_OBLG>
</Award>
</rootTag>
