<?xml version="1.0" encoding="UTF-8"?>
<rootTag>
<Award>
<AwardTitle><![CDATA[ERI: Developing Ductility through Replaceable Concrete Anchorage Connections for Improved Seismic Performance of Mass Timber Structures]]></AwardTitle>
<AGENCY>NSF</AGENCY>
<AwardEffectiveDate>09/01/2023</AwardEffectiveDate>
<AwardExpirationDate>08/31/2025</AwardExpirationDate>
<AwardTotalIntnAmount>199638.00</AwardTotalIntnAmount>
<AwardAmount>199638</AwardAmount>
<AwardInstrument>
<Value>Standard Grant</Value>
</AwardInstrument>
<Organization>
<Code>07030000</Code>
<Directorate>
<Abbreviation>ENG</Abbreviation>
<LongName>Directorate For Engineering</LongName>
</Directorate>
<Division>
<Abbreviation>CMMI</Abbreviation>
<LongName>Div Of Civil, Mechanical, &amp; Manufact Inn</LongName>
</Division>
</Organization>
<ProgramOfficer>
<SignBlockName>Gianluca Cusatis</SignBlockName>
<PO_EMAI>gcusatis@nsf.gov</PO_EMAI>
<PO_PHON>7032920000</PO_PHON>
</ProgramOfficer>
<AbstractNarration>This Engineering Research Initiation (ERI) award supports research to develop an improved seismic resistant timber-concrete connection using replaceable ductile-anchor rods for rapid post-earthquake repair. Of growing interest in the United States, mass timber buildings hold a relevant place in the history of world architecture and construction. To meet the modern design philosophy in regions vulnerable to seismic hazards, mass timber buildings are designed to remain safe during large earthquakes by focusing damage, ductility, and seismic energy dissipation in the connections. However, these mechanisms inevitably induce building damage and affect the overall building post-earthquake occupancy, functionality, and repairability, ultimately impacting community resiliency. The improved timber-concrete connection will mitigate the impact of seismic damage in timber structural components and enhance seismic resiliency by enabling a reliable ductile mechanism to dissipate energy in the anchor connecting timber components to the concrete footing and allowing replacement of the stretched anchor rod after damage. Component testing will investigate the seismic behavior of timber-concrete connections and a numerical study will expand these findings to evaluate additional design parameters toward the development of design suggestions and modeling recommendations suitable for engineering practice. The research activities will be incorporated into an in-class course module in structural engineering and will engage underrepresented groups in engineering through outreach programs. Project data will be archived and made publicly available in the Natural Hazards Engineering Research Infrastructure (NHERI) Data Depot (https://www.DesignSafe-ci.org).&lt;br/&gt;&lt;br/&gt;The main mechanisms of failure observed in timber-concrete connections include plastic deformations of the small diameter fasteners connecting the steel plates to the timber component and plasticization of the steel plate itself, with consequent damage in the attached timber element. The improved ductile-anchor connection focuses on the concept of anchor deformation to promote overall enhanced structural robustness, ductility, and strength, limiting the damage in the plate and in the connected timber component and accelerating the repair of timber buildings in post-earthquake scenarios. The project research objectives include exploring (1) the seismic behavior of the ductile-anchor connection and its residual capacity after repair, and (2) analytical methods relating the overall structural seismic demand to the connection capacity. Simulated seismic tests of timber-concrete connection prototypes with ductile anchor and replaceable thread rod will be conducted to investigate the new connection design and the effect of anchor stretch length on the overall performance of the connection. The response of a broader range of connection configurations will be studied using experimentally validated finite-element analysis to inform design and modeling guidelines for practicing engineers.&lt;br/&gt;&lt;br/&gt;This award reflects NSF's statutory mission and has been deemed worthy of support through evaluation using the Foundation's intellectual merit and broader impacts review criteria.</AbstractNarration>
<MinAmdLetterDate>09/06/2023</MinAmdLetterDate>
<MaxAmdLetterDate>09/06/2023</MaxAmdLetterDate>
<ARRAAmount/>
<TRAN_TYPE>Grant</TRAN_TYPE>
<CFDA_NUM>47.041</CFDA_NUM>
<NSF_PAR_USE_FLAG>1</NSF_PAR_USE_FLAG>
<FUND_AGCY_CODE>4900</FUND_AGCY_CODE>
<AWDG_AGCY_CODE>4900</AWDG_AGCY_CODE>
<AwardID>2301691</AwardID>
<Investigator>
<FirstName>Gloria</FirstName>
<LastName>Faraone</LastName>
<PI_MID_INIT/>
<PI_SUFX_NAME/>
<PI_FULL_NAME>Gloria Faraone</PI_FULL_NAME>
<EmailAddress><![CDATA[gfaraone@sdsu.edu]]></EmailAddress>
<NSF_ID>000881037</NSF_ID>
<StartDate>09/06/2023</StartDate>
<EndDate/>
<RoleCode>Principal Investigator</RoleCode>
</Investigator>
<Institution>
<Name><![CDATA[San Diego State University Foundation]]></Name>
<CityName>SAN DIEGO</CityName>
<ZipCode>921821901</ZipCode>
<PhoneNumber>6195945731</PhoneNumber>
<StreetAddress><![CDATA[5250 CAMPANILE DR]]></StreetAddress>
<StreetAddress2/>
<CountryName>United States</CountryName>
<StateName>California</StateName>
<StateCode>CA</StateCode>
<CONGRESSDISTRICT>51</CONGRESSDISTRICT>
<CONGRESS_DISTRICT_ORG>CA51</CONGRESS_DISTRICT_ORG>
<ORG_UEI_NUM>H59JKGFZKHL7</ORG_UEI_NUM>
<ORG_LGL_BUS_NAME>SAN DIEGO STATE UNIVERSITY FOUNDATION</ORG_LGL_BUS_NAME>
<ORG_PRNT_UEI_NUM>H59JKGFZKHL7</ORG_PRNT_UEI_NUM>
</Institution>
<Performance_Institution>
<Name><![CDATA[San Diego State University]]></Name>
<CityName>SAN DIEGO</CityName>
<StateCode>CA</StateCode>
<ZipCode>921820001</ZipCode>
<StreetAddress><![CDATA[5500 CAMPANILE DR]]></StreetAddress>
<CountryCode>US</CountryCode>
<CountryName>United States</CountryName>
<StateName>California</StateName>
<CountryFlag>1</CountryFlag>
<CONGRESSDISTRICT>51</CONGRESSDISTRICT>
<CONGRESS_DISTRICT_PERF>CA51</CONGRESS_DISTRICT_PERF>
</Performance_Institution>
<ProgramElement>
<Code>073Y00</Code>
<Text>ECI-Engineering for Civil Infr</Text>
</ProgramElement>
<ProgramElement>
<Code>180Y00</Code>
<Text>ERI-Eng. Research Initiation</Text>
</ProgramElement>
<ProgramReference>
<Code>036E</Code>
<Text>CIVIL INFRASTRUCTURE</Text>
</ProgramReference>
<ProgramReference>
<Code>039E</Code>
<Text>STRUCTURAL SYSTEMS</Text>
</ProgramReference>
<ProgramReference>
<Code>9102</Code>
<Text>WOMEN, MINORITY, DISABLED, NEC</Text>
</ProgramReference>
<ProgramReference>
<Code>9264</Code>
<Text>RESEARCH INITIATION AWARD</Text>
</ProgramReference>
<ProgramReference>
<Code>CVIS</Code>
<Text>CIVIL INFRASTRUCTURE</Text>
</ProgramReference>
<Appropriation>
<Code/>
<Name/>
<APP_SYMB_ID/>
</Appropriation>
<Fund>
<Code>01002324DB</Code>
<Name><![CDATA[NSF RESEARCH & RELATED ACTIVIT]]></Name>
<FUND_SYMB_ID>040100</FUND_SYMB_ID>
</Fund>
<FUND_OBLG>2023~199638</FUND_OBLG>
</Award>
</rootTag>
