<?xml version="1.0" encoding="UTF-8"?>
<rootTag>
<Award>
<AwardTitle><![CDATA[ERI: Operator-Automation Shared Protection for Security and Safety Assured Industrial Control Systems: Learning, Detection, and Recovery Control]]></AwardTitle>
<AGENCY>NSF</AGENCY>
<AwardEffectiveDate>06/01/2023</AwardEffectiveDate>
<AwardExpirationDate>05/31/2025</AwardExpirationDate>
<AwardTotalIntnAmount>200000.00</AwardTotalIntnAmount>
<AwardAmount>200000</AwardAmount>
<AwardInstrument>
<Value>Standard Grant</Value>
</AwardInstrument>
<Organization>
<Code>07010000</Code>
<Directorate>
<Abbreviation>ENG</Abbreviation>
<LongName>Directorate For Engineering</LongName>
</Directorate>
<Division>
<Abbreviation>ECCS</Abbreviation>
<LongName>Div Of Electrical, Commun &amp; Cyber Sys</LongName>
</Division>
</Organization>
<ProgramOfficer>
<SignBlockName>Eyad Abed</SignBlockName>
<PO_EMAI>eabed@nsf.gov</PO_EMAI>
<PO_PHON>7032922303</PO_PHON>
</ProgramOfficer>
<AbstractNarration>Industrial control systems (ICSs) are commonly utilized in critical infrastructures, including power, water treatment and distribution, and transportation. However, the increasing digitization of ICSs, involving sensing, communication, and control, brings advanced features but also exposes vulnerabilities to malicious cyber-attacks. Protecting ICSs from such attacks is crucial due to the potential catastrophic physical damages they can cause. The project aims to develop a comprehensive solution, integrating human-on-the-loop explainable machine learning (ML), detection, and recovery control in an operator-automation shared protection framework, to provide security and safety-assured ICSs against malicious cyber-attacks. Moreover, the project will incorporate engineering research and education to train students, particularly those from Under-Represented Minorities (URM), and cultivate a diverse, globally competitive cybersecurity workforce. With the goal of lowering barriers to ICSs security research and education, this project aims to have a significant impact by providing accessible testbeds for a diverse population of beginning and expert cybersecurity students and engineers to learn and practice.&lt;br/&gt;&lt;br/&gt;The underlying concept of process anomaly detection, which is used for detecting cyber-attacks, involves comparing observed and expected behaviors based on physical invariants. The data-driven approach has the advantage of automatically discovering these physical invariants without requiring domain expertise. However, existing approaches based on black-box Machine Learning (ML) often overlook the role of system operators in safety-critical ICSs. The lack of insightful explanations in detection results hinders system operators from conducting troubleshooting and isolating anomalous sensors and actuators under attack, which is necessary for scheduling online recovery. To address this issue, the PI's team proposes to develop an operator-automation shared protection framework that unifies human-on-the-loop explainable ML, detection, and recovery control. This framework aims to enable real-time decision-making using cutting-edge ML and control techniques while valuing the feedback of human operators to prevent over-trust in autonomy in a safety-critical system. The research project has three major objectives: 1) The PI's team will develop insightful hybrid automata learning that captures physical invariants in a way that system operators can understand the model and the detection results, verify and correct the model, and localize anomalies; 2) A real-time provably safe control under uncertainty will be designed to restore the system to normal operation without violating safety constraints; and 3) the PI’s team will evaluate, demonstrate, and disseminate best practices of the proposed framework on 3D simulated and real testbeds with portability across a wide range of ICSs for lowering the barriers to ICSs security research and education.&lt;br/&gt;&lt;br/&gt;This award reflects NSF's statutory mission and has been deemed worthy of support through evaluation using the Foundation's intellectual merit and broader impacts review criteria.</AbstractNarration>
<MinAmdLetterDate>05/26/2023</MinAmdLetterDate>
<MaxAmdLetterDate>05/26/2023</MaxAmdLetterDate>
<ARRAAmount/>
<TRAN_TYPE>Grant</TRAN_TYPE>
<CFDA_NUM>47.041</CFDA_NUM>
<NSF_PAR_USE_FLAG>1</NSF_PAR_USE_FLAG>
<FUND_AGCY_CODE>4900</FUND_AGCY_CODE>
<AWDG_AGCY_CODE>4900</AWDG_AGCY_CODE>
<AwardID>2301543</AwardID>
<Investigator>
<FirstName>Qin</FirstName>
<LastName>Lin</LastName>
<PI_MID_INIT/>
<PI_SUFX_NAME/>
<PI_FULL_NAME>Qin Lin</PI_FULL_NAME>
<EmailAddress><![CDATA[qlin21@central.uh.edu]]></EmailAddress>
<NSF_ID>000891219</NSF_ID>
<StartDate>05/26/2023</StartDate>
<EndDate/>
<RoleCode>Principal Investigator</RoleCode>
</Investigator>
<Institution>
<Name><![CDATA[Cleveland State University]]></Name>
<CityName>CLEVELAND</CityName>
<ZipCode>441152226</ZipCode>
<PhoneNumber>2166873630</PhoneNumber>
<StreetAddress><![CDATA[2121 EUCLID AVE]]></StreetAddress>
<StreetAddress2/>
<CountryName>United States</CountryName>
<StateName>Ohio</StateName>
<StateCode>OH</StateCode>
<CONGRESSDISTRICT>11</CONGRESSDISTRICT>
<CONGRESS_DISTRICT_ORG>OH11</CONGRESS_DISTRICT_ORG>
<ORG_UEI_NUM>YKGMTXA2NVL6</ORG_UEI_NUM>
<ORG_LGL_BUS_NAME>CLEVELAND STATE UNIVERSITY</ORG_LGL_BUS_NAME>
<ORG_PRNT_UEI_NUM/>
</Institution>
<Performance_Institution>
<Name><![CDATA[Cleveland State University]]></Name>
<CityName>CLEVELAND</CityName>
<StateCode>OH</StateCode>
<ZipCode>441152214</ZipCode>
<StreetAddress><![CDATA[2121 EUCLID AVE]]></StreetAddress>
<CountryCode>US</CountryCode>
<CountryName>United States</CountryName>
<StateName>Ohio</StateName>
<CountryFlag>1</CountryFlag>
<CONGRESSDISTRICT>11</CONGRESSDISTRICT>
<CONGRESS_DISTRICT_PERF>OH11</CONGRESS_DISTRICT_PERF>
</Performance_Institution>
<ProgramElement>
<Code>180Y00</Code>
<Text>ERI-Eng. Research Initiation</Text>
</ProgramElement>
<ProgramReference>
<Code>155E</Code>
<Text>Electric power networks</Text>
</ProgramReference>
<Appropriation>
<Code/>
<Name/>
<APP_SYMB_ID/>
</Appropriation>
<Fund>
<Code>01002324DB</Code>
<Name><![CDATA[NSF RESEARCH & RELATED ACTIVIT]]></Name>
<FUND_SYMB_ID>040100</FUND_SYMB_ID>
</Fund>
<FUND_OBLG>2023~200000</FUND_OBLG>
</Award>
</rootTag>
