<?xml version="1.0" encoding="UTF-8"?>
<rootTag>
<Award>
<AwardTitle><![CDATA[Congruences between modular forms, Galois representations, and arithmetic consequences]]></AwardTitle>
<AGENCY>NSF</AGENCY>
<AwardEffectiveDate>07/01/2023</AwardEffectiveDate>
<AwardExpirationDate>06/30/2026</AwardExpirationDate>
<AwardTotalIntnAmount>175000.00</AwardTotalIntnAmount>
<AwardAmount>175000</AwardAmount>
<AwardInstrument>
<Value>Standard Grant</Value>
</AwardInstrument>
<Organization>
<Code>03040000</Code>
<Directorate>
<Abbreviation>MPS</Abbreviation>
<LongName>Direct For Mathematical &amp; Physical Scien</LongName>
</Directorate>
<Division>
<Abbreviation>DMS</Abbreviation>
<LongName>Division Of Mathematical Sciences</LongName>
</Division>
</Organization>
<ProgramOfficer>
<SignBlockName>Andrew Pollington</SignBlockName>
<PO_EMAI>adpollin@nsf.gov</PO_EMAI>
<PO_PHON>7032924878</PO_PHON>
</ProgramOfficer>
<AbstractNarration>A major theme in modern mathematics is that it is useful to study how objects can be changed or deformed.  For instance, the value of a function at a point is just one number, but knowledge of how a (continuous) function behaves in a tiny neighborhood of that point gives qualitative information like whether the function is increasing or decreasing and how fast.  This requires a notion of distance so that one can talk about perturbing an object “a little bit”.  In number theory, one often replaces the usual notion of distance with a “p-adic” distance — one that measures how divisible a number is by a given prime number p.  The PI will investigate the p-adic variation of “modular forms” — special functions whose graphs have many symmetries.  Studying variation of modular forms is a topic in number theory that has led to many deep results such as the proof of Fermat’s Last Theorem.  The PI and her collaborators have found new directions of p-adic variation that have yet to be explored and promise to yield new insights about arithmetic.  This investigation will incorporate young scientists at many career stages as the PI mentors high school, undergraduate, and graduate students and organizes conferences at both a regional and international level. &lt;br/&gt;&lt;br/&gt;On a more technical level, there are three overarching topics to be studied.  The first two concern congruences between modular forms, first in the “vexing” setting and then Eisenstein congruences.  The final topic concerns images of Galois representations. Each topic contains multiple projects, both addressing the topic directly as well as arithmetic consequences.  One new direction of (tame) p-adic variation referenced above occurs in the vexing setting, where the PI and her collaborators can prove a structure result on the relevant Hecke algebra.  A deeper study of this phenomenon will allow her to explore consequences for tame analogues of Iwasawa theory and the Bloch-Kato Conjectures.  Within the topic of Eisenstein congruences, the PI will explore the structure of pseudodeformation rings and Hecke algebras in weight 2 and prime-square level.  This has natural applications to the p-rank of the class group of the field cut out by a p-th root of an integer.  Finally, she will use her recent work with Conti and Medvedovsky on images of 2-dimensional Galois representations to understand images of finite products of such representations, doing this in a way that characterizes the availability of elements needed for Euler system machinery.&lt;br/&gt;&lt;br/&gt;This award reflects NSF's statutory mission and has been deemed worthy of support through evaluation using the Foundation's intellectual merit and broader impacts review criteria.</AbstractNarration>
<MinAmdLetterDate>06/27/2023</MinAmdLetterDate>
<MaxAmdLetterDate>06/27/2023</MaxAmdLetterDate>
<ARRAAmount/>
<TRAN_TYPE>Grant</TRAN_TYPE>
<CFDA_NUM>47.049</CFDA_NUM>
<NSF_PAR_USE_FLAG>1</NSF_PAR_USE_FLAG>
<FUND_AGCY_CODE>4900</FUND_AGCY_CODE>
<AWDG_AGCY_CODE>4900</AWDG_AGCY_CODE>
<AwardID>2301738</AwardID>
<Investigator>
<FirstName>Jaclyn</FirstName>
<LastName>Lang</LastName>
<PI_MID_INIT>A</PI_MID_INIT>
<PI_SUFX_NAME/>
<PI_FULL_NAME>Jaclyn A Lang</PI_FULL_NAME>
<EmailAddress><![CDATA[jaclyn.lang@temple.edu]]></EmailAddress>
<NSF_ID>000701979</NSF_ID>
<StartDate>06/27/2023</StartDate>
<EndDate/>
<RoleCode>Principal Investigator</RoleCode>
</Investigator>
<Institution>
<Name><![CDATA[Temple University]]></Name>
<CityName>PHILADELPHIA</CityName>
<ZipCode>191226104</ZipCode>
<PhoneNumber>2157077547</PhoneNumber>
<StreetAddress><![CDATA[1805 N BROAD ST]]></StreetAddress>
<StreetAddress2/>
<CountryName>United States</CountryName>
<StateName>Pennsylvania</StateName>
<StateCode>PA</StateCode>
<CONGRESSDISTRICT>02</CONGRESSDISTRICT>
<CONGRESS_DISTRICT_ORG>PA02</CONGRESS_DISTRICT_ORG>
<ORG_UEI_NUM>QD4MGHFDJKU1</ORG_UEI_NUM>
<ORG_LGL_BUS_NAME>TEMPLE UNIVERSITY-OF THE COMMONWEALTH SYSTEM OF HIGHER EDUCATION</ORG_LGL_BUS_NAME>
<ORG_PRNT_UEI_NUM>QD4MGHFDJKU1</ORG_PRNT_UEI_NUM>
</Institution>
<Performance_Institution>
<Name><![CDATA[Temple University]]></Name>
<CityName>PHILADELPHIA</CityName>
<StateCode>PA</StateCode>
<ZipCode>191226003</ZipCode>
<StreetAddress><![CDATA[1801 N BROAD ST]]></StreetAddress>
<CountryCode>US</CountryCode>
<CountryName>United States</CountryName>
<StateName>Pennsylvania</StateName>
<CountryFlag>1</CountryFlag>
<CONGRESSDISTRICT>02</CONGRESSDISTRICT>
<CONGRESS_DISTRICT_PERF>PA02</CONGRESS_DISTRICT_PERF>
</Performance_Institution>
<ProgramElement>
<Code>126400</Code>
<Text>ALGEBRA,NUMBER THEORY,AND COM</Text>
</ProgramElement>
<Appropriation>
<Code/>
<Name/>
<APP_SYMB_ID/>
</Appropriation>
<Fund>
<Code>01002324DB</Code>
<Name><![CDATA[NSF RESEARCH & RELATED ACTIVIT]]></Name>
<FUND_SYMB_ID>040100</FUND_SYMB_ID>
</Fund>
<FUND_OBLG>2023~175000</FUND_OBLG>
</Award>
</rootTag>
