<?xml version="1.0" encoding="UTF-8"?>
<rootTag>
<Award>
<AwardTitle><![CDATA[Establishing a Dynamic Language Infrastructure Community of Science]]></AwardTitle>
<AGENCY>NSF</AGENCY>
<AwardEffectiveDate>04/15/2023</AwardEffectiveDate>
<AwardExpirationDate>03/31/2025</AwardExpirationDate>
<AwardTotalIntnAmount>227604.00</AwardTotalIntnAmount>
<AwardAmount>227604</AwardAmount>
<AwardInstrument>
<Value>Standard Grant</Value>
</AwardInstrument>
<Organization>
<Code>04040000</Code>
<Directorate>
<Abbreviation>SBE</Abbreviation>
<LongName>Direct For Social, Behav &amp; Economic Scie</LongName>
</Directorate>
<Division>
<Abbreviation>BCS</Abbreviation>
<LongName>Division Of Behavioral and Cognitive Sci</LongName>
</Division>
</Organization>
<ProgramOfficer>
<SignBlockName>Wilson De Lima Silva</SignBlockName>
<PO_EMAI>widelima@nsf.gov</PO_EMAI>
<PO_PHON>7032927096</PO_PHON>
</ProgramOfficer>
<AbstractNarration>The human heritage and knowledge encoded in endangered and under-documented languages constitutes scientific data that must be preserved. To meet this need, language documentation research must include perspectives and best practices from a diverse array of experts, approaches, and stakeholders. This project brings together established and junior scholars and knowledge-holders from fields such as Anthropology, Arctic Studies, Geography, Language and Health, Linguistics, Political Science, Social Psychology, and Information Sciences, to create outputs that define, exemplify, and promote sustainable and impactful cross-disciplinary language documentation research. These experts formulate new research questions and methodologies, and build collaborative work plans that bridge language documentation with areas such as computational infrastructure, data management, and convergence research more generally. The programming strengthens capacity in language research infrastructure that crosses discipline boundaries and also strengthens connections between those in the academy and communities, advancing transformative knowledge in the language sciences. This project includes participation by junior scholars, graduate and undergraduate students, and representatives of Indigenous communities, diversifying the field of language documentation and training the next generation of researchers in this area.&lt;br/&gt;&lt;br/&gt;The participants in this project represent diverse experiences, skill sets, and perspectives about how language documentation can ethically and impactfully converge with, and benefit from, other fields. The methods include repeated meetings to survey existing work, to define or re-define research problems and research questions, to align terminology from different disciplines, to address challenges regarding ethics and community participation, and to identify broader impacts of language documentation. The outcomes of this project are disseminated through a position paper and through peer-reviewed “State of the Art” (SoTA) review articles, all co-authored by project participants. The SoTA review articles present examples of research questions and methods that convergence work advances. This programming also creates actionable recommendations that help scholars from multiple disciplines to generate fundable proposals in language documentation research.&lt;br/&gt;&lt;br/&gt;This award reflects NSF's statutory mission and has been deemed worthy of support through evaluation using the Foundation's intellectual merit and broader impacts review criteria.</AbstractNarration>
<MinAmdLetterDate>04/11/2023</MinAmdLetterDate>
<MaxAmdLetterDate>04/11/2023</MaxAmdLetterDate>
<ARRAAmount/>
<TRAN_TYPE>Grant</TRAN_TYPE>
<CFDA_NUM>47.075</CFDA_NUM>
<NSF_PAR_USE_FLAG>1</NSF_PAR_USE_FLAG>
<FUND_AGCY_CODE>4900</FUND_AGCY_CODE>
<AWDG_AGCY_CODE>4900</AWDG_AGCY_CODE>
<AwardID>2301800</AwardID>
<Investigator>
<FirstName>Kristine</FirstName>
<LastName>Hildebrandt</LastName>
<PI_MID_INIT>A</PI_MID_INIT>
<PI_SUFX_NAME/>
<PI_FULL_NAME>Kristine A Hildebrandt</PI_FULL_NAME>
<EmailAddress><![CDATA[khildeb@siue.edu]]></EmailAddress>
<NSF_ID>000529105</NSF_ID>
<StartDate>04/11/2023</StartDate>
<EndDate/>
<RoleCode>Principal Investigator</RoleCode>
</Investigator>
<Investigator>
<FirstName>Racquel</FirstName>
<LastName>Sapien</LastName>
<PI_MID_INIT/>
<PI_SUFX_NAME/>
<PI_FULL_NAME>Racquel Sapien</PI_FULL_NAME>
<EmailAddress><![CDATA[racquel@ou.edu]]></EmailAddress>
<NSF_ID>000627931</NSF_ID>
<StartDate>04/11/2023</StartDate>
<EndDate/>
<RoleCode>Co-Principal Investigator</RoleCode>
</Investigator>
<Institution>
<Name><![CDATA[Southern Illinois University at Edwardsville]]></Name>
<CityName>EDWARDSVILLE</CityName>
<ZipCode>620260001</ZipCode>
<PhoneNumber>6186503010</PhoneNumber>
<StreetAddress><![CDATA[#5 HAIRPIN DRIVE]]></StreetAddress>
<StreetAddress2/>
<CountryName>United States</CountryName>
<StateName>Illinois</StateName>
<StateCode>IL</StateCode>
<CONGRESSDISTRICT>13</CONGRESSDISTRICT>
<CONGRESS_DISTRICT_ORG>IL13</CONGRESS_DISTRICT_ORG>
<ORG_UEI_NUM>HQ5NMP5HLL53</ORG_UEI_NUM>
<ORG_LGL_BUS_NAME>BOARD OF TRUSTEES OF SOUTHERN ILLINOIS UNIVERSITY</ORG_LGL_BUS_NAME>
<ORG_PRNT_UEI_NUM/>
</Institution>
<Performance_Institution>
<Name><![CDATA[Southern Illinois University at Edwardsville]]></Name>
<CityName>EDWARDSVILLE</CityName>
<StateCode>IL</StateCode>
<ZipCode>620261000</ZipCode>
<StreetAddress><![CDATA[30 CIR DR, SIUE CAMPUS]]></StreetAddress>
<CountryCode>US</CountryCode>
<CountryName>United States</CountryName>
<StateName>Illinois</StateName>
<CountryFlag>1</CountryFlag>
<CONGRESSDISTRICT>13</CONGRESSDISTRICT>
<CONGRESS_DISTRICT_PERF>IL13</CONGRESS_DISTRICT_PERF>
</Performance_Institution>
<ProgramElement>
<Code>122Y00</Code>
<Text>DLI-Dyn Language Infrastructur</Text>
</ProgramElement>
<ProgramReference>
<Code>7719</Code>
<Text>DEL</Text>
</ProgramReference>
<ProgramReference>
<Code>SMET</Code>
<Text>SCIENCE, MATH, ENG &amp; TECH EDUCATION</Text>
</ProgramReference>
<Appropriation>
<Code/>
<Name/>
<APP_SYMB_ID/>
</Appropriation>
<Fund>
<Code>01002324DB</Code>
<Name><![CDATA[NSF RESEARCH & RELATED ACTIVIT]]></Name>
<FUND_SYMB_ID>040100</FUND_SYMB_ID>
</Fund>
<FUND_OBLG>2023~227604</FUND_OBLG>
</Award>
</rootTag>
