<?xml version="1.0" encoding="UTF-8"?>
<rootTag>
<Award>
<AwardTitle><![CDATA[Conference: Hot Quarks 2022 A Workshop on the Physics of Ultrarelativistic Nucleus-Nucleus Collisions for Young Scientists]]></AwardTitle>
<AGENCY>NSF</AGENCY>
<AwardEffectiveDate>11/01/2022</AwardEffectiveDate>
<AwardExpirationDate>10/31/2023</AwardExpirationDate>
<AwardTotalIntnAmount>5000.00</AwardTotalIntnAmount>
<AwardAmount>5000</AwardAmount>
<AwardInstrument>
<Value>Standard Grant</Value>
</AwardInstrument>
<Organization>
<Code>03010000</Code>
<Directorate>
<Abbreviation>MPS</Abbreviation>
<LongName>Direct For Mathematical &amp; Physical Scien</LongName>
</Directorate>
<Division>
<Abbreviation>PHY</Abbreviation>
<LongName>Division Of Physics</LongName>
</Division>
</Organization>
<ProgramOfficer>
<SignBlockName>Allena K. Opper</SignBlockName>
<PO_EMAI>aopper@nsf.gov</PO_EMAI>
<PO_PHON>7032928958</PO_PHON>
</ProgramOfficer>
<AbstractNarration>This award provides support for junior researchers to participate in the Hot Quarks Workshop to be held in Estes Park, Colorado, in October, 2022.  The main goal of the workshop is to educate and enhance collaboration among early career scientists in the quickly evolving field of “hot QCD”, more specifically QCD thermodynamics, hydrodynamics, non-equilibrium transport theory, and applications of AdS/CFT in heavy-ion collisions.  The workshop will provide an informal environment for junior researchers to interact, exchange ideas, and form a community of researchers.  Involving junior researchers in this workshop will provide an opportunity for them to learn about fundamental nuclear physics.&lt;br/&gt;&lt;br/&gt;This award reflects NSF's statutory mission and has been deemed worthy of support through evaluation using the Foundation's intellectual merit and broader impacts review criteria.</AbstractNarration>
<MinAmdLetterDate>10/31/2022</MinAmdLetterDate>
<MaxAmdLetterDate>10/31/2022</MaxAmdLetterDate>
<ARRAAmount/>
<TRAN_TYPE>Grant</TRAN_TYPE>
<CFDA_NUM>47.049</CFDA_NUM>
<NSF_PAR_USE_FLAG>1</NSF_PAR_USE_FLAG>
<FUND_AGCY_CODE>4900</FUND_AGCY_CODE>
<AWDG_AGCY_CODE>4900</AWDG_AGCY_CODE>
<AwardID>2301047</AwardID>
<Investigator>
<FirstName>Megan</FirstName>
<LastName>Connors</LastName>
<PI_MID_INIT/>
<PI_SUFX_NAME/>
<PI_FULL_NAME>Megan Connors</PI_FULL_NAME>
<EmailAddress><![CDATA[mconnors@gsu.edu]]></EmailAddress>
<NSF_ID>000710840</NSF_ID>
<StartDate>10/31/2022</StartDate>
<EndDate/>
<RoleCode>Principal Investigator</RoleCode>
</Investigator>
<Institution>
<Name><![CDATA[Georgia State University Research Foundation, Inc.]]></Name>
<CityName>ATLANTA</CityName>
<ZipCode>303032921</ZipCode>
<PhoneNumber>4044133570</PhoneNumber>
<StreetAddress><![CDATA[58 EDGEWOOD AVE NE]]></StreetAddress>
<StreetAddress2><![CDATA[FL 3]]></StreetAddress2>
<CountryName>United States</CountryName>
<StateName>Georgia</StateName>
<StateCode>GA</StateCode>
<CONGRESSDISTRICT>05</CONGRESSDISTRICT>
<CONGRESS_DISTRICT_ORG>GA05</CONGRESS_DISTRICT_ORG>
<ORG_UEI_NUM>MNS7B9CVKDN7</ORG_UEI_NUM>
<ORG_LGL_BUS_NAME>GEORGIA STATE UNIVERSITY RESEARCH FOUNDATION INC</ORG_LGL_BUS_NAME>
<ORG_PRNT_UEI_NUM/>
</Institution>
<Performance_Institution>
<Name><![CDATA[Georgia State University]]></Name>
<CityName>ATLANTA</CityName>
<StateCode>GA</StateCode>
<ZipCode>303032921</ZipCode>
<StreetAddress><![CDATA[58 EDGEWOOD AVE NE 3RD FL]]></StreetAddress>
<CountryCode>US</CountryCode>
<CountryName>United States</CountryName>
<StateName>Georgia</StateName>
<CountryFlag>1</CountryFlag>
<CONGRESSDISTRICT>05</CONGRESSDISTRICT>
<CONGRESS_DISTRICT_PERF>GA05</CONGRESS_DISTRICT_PERF>
</Performance_Institution>
<ProgramElement>
<Code>123200</Code>
<Text>Nuclear &amp; Hadron Quantum Chrom</Text>
</ProgramElement>
<ProgramReference>
<Code>7556</Code>
<Text>CONFERENCE AND WORKSHOPS</Text>
</ProgramReference>
<Appropriation>
<Code/>
<Name/>
<APP_SYMB_ID/>
</Appropriation>
<Fund>
<Code>01002324DB</Code>
<Name><![CDATA[NSF RESEARCH & RELATED ACTIVIT]]></Name>
<FUND_SYMB_ID>040100</FUND_SYMB_ID>
</Fund>
<FUND_OBLG>2023~5000</FUND_OBLG>
<POR>
<DRECONTENT><![CDATA[<div class="porColContainerWBG"> <div class="porContentCol"><p>This grant provided partial support for early career researchers to participate in the 9th Workshop for Early Career Heavy-Ion Physicists, Hot Quarks 2022, in Estes Park, Colorado on October 11-17, 2022. The Hot Quarks Workshop series is designed to train and foster collaboration among early career scientists researching physics related to relativistic heavy ion collisions. These collisions produce a unique state of matter that existed immediately following the Big Bang known as the quark gluon plasma (QGP) which allows us to study interactions between quarks and gluons that form protons and all visible matter.&nbsp; Quantum Chromodynamics (QCD) is the theory that describes the nuclear strong force and governs the interactions between quarks and gluons.&nbsp; Advances of the theoretical models which describe the physics of the QGP were presented and discussed at the conference in addition to the latest results from recent experiments. Results from and upgrades to experiments at the Relativistic Heavy Ion Collider (RHIC) at Brookhaven National Lab and the Large Hadron Collider (LHC) at CERN were presented as well as plans for future facilities including the Electron Ion Collider.</p> <p>Participants of the conference include graduate students and post-doctoral researchers who were selected to present their work based on their submitted abstract and invited speakers for overview talks who are experienced post-doctoral researchers or newly hired faculty. In addition to presentations on recent results, time alloted at the end of each session allowed for deeper discussions of the topics and provide answers to participant questions.&nbsp; Topics covered included dynamics from the initial stages of the collisions, how probes interact with the QGP, hydrodynamic models of the observed flow, extraction of properties such as temperature and density, particle production and developments toward future experimental facilities. This conference successfully fostered discussion among participants which may lead to future collaborations and helped train a diverse group of early career researchers on the current status of the field of high energy nuclear collisions physics.</p><br> <p>  Last Modified: 02/29/2024<br> Modified by: Megan&nbsp;Connors</p></div> <div class="porSideCol" ></div> </div>]]></DRECONTENT>
<POR_COPY_TXT><![CDATA[  This grant provided partial support for early career researchers to participate in the 9th Workshop for Early Career Heavy-Ion Physicists, Hot Quarks 2022, in Estes Park, Colorado on October 11-17, 2022. The Hot Quarks Workshop series is designed to train and foster collaboration among early career scientists researching physics related to relativistic heavy ion collisions. These collisions produce a unique state of matter that existed immediately following the Big Bang known as the quark gluon plasma (QGP) which allows us to study interactions between quarks and gluons that form protons and all visible matter. Quantum Chromodynamics (QCD) is the theory that describes the nuclear strong force and governs the interactions between quarks and gluons. Advances of the theoretical models which describe the physics of the QGP were presented and discussed at the conference in addition to the latest results from recent experiments. Results from and upgrades to experiments at the Relativistic Heavy Ion Collider (RHIC) at Brookhaven National Lab and the Large Hadron Collider (LHC) at CERN were presented as well as plans for future facilities including the Electron Ion Collider.   Participants of the conference include graduate students and post-doctoral researchers who were selected to present their work based on their submitted abstract and invited speakers for overview talks who are experienced post-doctoral researchers or newly hired faculty. In addition to presentations on recent results, time alloted at the end of each session allowed for deeper discussions of the topics and provide answers to participant questions. Topics covered included dynamics from the initial stages of the collisions, how probes interact with the QGP, hydrodynamic models of the observed flow, extraction of properties such as temperature and density, particle production and developments toward future experimental facilities. This conference successfully fostered discussion among participants which may lead to future collaborations and helped train a diverse group of early career researchers on the current status of the field of high energy nuclear collisions physics.     Last Modified: 02/29/2024       Submitted by: MeganConnors]]></POR_COPY_TXT>
</POR>
</Award>
</rootTag>
