<?xml version="1.0" encoding="UTF-8"?>
<rootTag>
<Award>
<AwardTitle><![CDATA[Conference: The 32nd Cumberland Conference on Combinatorics, Graph Theory and Computing]]></AwardTitle>
<AGENCY>NSF</AGENCY>
<AwardEffectiveDate>04/01/2023</AwardEffectiveDate>
<AwardExpirationDate>03/31/2024</AwardExpirationDate>
<AwardTotalIntnAmount>19906.00</AwardTotalIntnAmount>
<AwardAmount>19906</AwardAmount>
<AwardInstrument>
<Value>Standard Grant</Value>
</AwardInstrument>
<Organization>
<Code>03040000</Code>
<Directorate>
<Abbreviation>MPS</Abbreviation>
<LongName>Direct For Mathematical &amp; Physical Scien</LongName>
</Directorate>
<Division>
<Abbreviation>DMS</Abbreviation>
<LongName>Division Of Mathematical Sciences</LongName>
</Division>
</Organization>
<ProgramOfficer>
<SignBlockName>Stefaan De Winter</SignBlockName>
<PO_EMAI>sgdewint@nsf.gov</PO_EMAI>
<PO_PHON>7032922599</PO_PHON>
</ProgramOfficer>
<AbstractNarration>The Thirty-Second Cumberland Conference on Combinatorics, Graph Theory and Computing, will be held at the Middle Tennessee State University from May 13 to 14, 2023. The conference is part of an annual series that brings together internationally known researchers, industrial mathematicians and computer scientists, as well as post-docs, graduate students, and undergraduate students, to discuss the latest advances in combinatorics, graph theory and computer science.&lt;br/&gt;&lt;br/&gt;The 2023 edition of the conference features four plenary speakers, Dr. Tomas Kaiser (University of West Bohemia), Dr. Luke Postle (University of Waterloo), Dr. Jinyoung Park (Stanford University), and Dr. Yufei Zhao (Massachusetts Institute of Technology), who are leading researchers in combinatorics, graph theory and theoretical computer sciences. There will also be 40 to 60 contributed talks. The conference website is (https://www.mtsu.edu/cumberland2023).&lt;br/&gt;&lt;br/&gt;This award reflects NSF's statutory mission and has been deemed worthy of support through evaluation using the Foundation's intellectual merit and broader impacts review criteria.</AbstractNarration>
<MinAmdLetterDate>03/08/2023</MinAmdLetterDate>
<MaxAmdLetterDate>03/08/2023</MaxAmdLetterDate>
<ARRAAmount/>
<TRAN_TYPE>Grant</TRAN_TYPE>
<CFDA_NUM>47.049</CFDA_NUM>
<NSF_PAR_USE_FLAG>1</NSF_PAR_USE_FLAG>
<FUND_AGCY_CODE>4900</FUND_AGCY_CODE>
<AWDG_AGCY_CODE>4900</AWDG_AGCY_CODE>
<AwardID>2301339</AwardID>
<Investigator>
<FirstName>Chris</FirstName>
<LastName>Stephens</LastName>
<PI_MID_INIT/>
<PI_SUFX_NAME/>
<PI_FULL_NAME>Chris Stephens</PI_FULL_NAME>
<EmailAddress><![CDATA[chris.stephens@mtsu.edu]]></EmailAddress>
<NSF_ID>000348942</NSF_ID>
<StartDate>03/08/2023</StartDate>
<EndDate/>
<RoleCode>Co-Principal Investigator</RoleCode>
</Investigator>
<Investigator>
<FirstName>Dong</FirstName>
<LastName>Ye</LastName>
<PI_MID_INIT/>
<PI_SUFX_NAME/>
<PI_FULL_NAME>Dong Ye</PI_FULL_NAME>
<EmailAddress><![CDATA[dong.ye@mtsu.edu]]></EmailAddress>
<NSF_ID>000648027</NSF_ID>
<StartDate>03/08/2023</StartDate>
<EndDate/>
<RoleCode>Principal Investigator</RoleCode>
</Investigator>
<Institution>
<Name><![CDATA[Middle Tennessee State University]]></Name>
<CityName>MURFREESBORO</CityName>
<ZipCode>371320001</ZipCode>
<PhoneNumber>6154947848</PhoneNumber>
<StreetAddress><![CDATA[1301 E MAIN ST]]></StreetAddress>
<StreetAddress2/>
<CountryName>United States</CountryName>
<StateName>Tennessee</StateName>
<StateCode>TN</StateCode>
<CONGRESSDISTRICT>04</CONGRESSDISTRICT>
<CONGRESS_DISTRICT_ORG>TN04</CONGRESS_DISTRICT_ORG>
<ORG_UEI_NUM>VMWUDBTMF4C9</ORG_UEI_NUM>
<ORG_LGL_BUS_NAME>MIDDLE TENNESSEE STATE UNIVERSITY</ORG_LGL_BUS_NAME>
<ORG_PRNT_UEI_NUM/>
</Institution>
<Performance_Institution>
<Name><![CDATA[Middle Tennessee State University]]></Name>
<CityName>MURFREESBORO</CityName>
<StateCode>TN</StateCode>
<ZipCode>371320002</ZipCode>
<StreetAddress><![CDATA[1301 E MAIN ST]]></StreetAddress>
<CountryCode>US</CountryCode>
<CountryName>United States</CountryName>
<StateName>Tennessee</StateName>
<CountryFlag>1</CountryFlag>
<CONGRESSDISTRICT>04</CONGRESSDISTRICT>
<CONGRESS_DISTRICT_PERF>TN04</CONGRESS_DISTRICT_PERF>
</Performance_Institution>
<ProgramElement>
<Code>797000</Code>
<Text>Combinatorics</Text>
</ProgramElement>
<ProgramReference>
<Code>7556</Code>
<Text>CONFERENCE AND WORKSHOPS</Text>
</ProgramReference>
<Appropriation>
<Code/>
<Name/>
<APP_SYMB_ID/>
</Appropriation>
<Fund>
<Code>01002324DB</Code>
<Name><![CDATA[NSF RESEARCH & RELATED ACTIVIT]]></Name>
<FUND_SYMB_ID>040100</FUND_SYMB_ID>
</Fund>
<FUND_OBLG>2023~19906</FUND_OBLG>
<POR>
<DRECONTENT><![CDATA[<div class="porColContainerWBG"> <div class="porContentCol"><p>The 32<sup>nd</sup>&nbsp;Cumberland Conference on Combinatorics, Graph Theory and Computing was successfully held by the Middle Tennessee State University on May 13-15 in Murfreesboro TN.&nbsp;The conference brought together combinatorial mathematicians and computer scientists from the southeastern U.S. with internationally known leaders in the field. It provided a paltform for researchers to present their own new results in both mathematics and theoretical computer science, and jointly explore unsolved problems in an informal atmosphere.&nbsp;</p> <p>There were total 73 participants from over 35 different intuitions. The conference had four plenary talks given by Dr. Tomas Kaiser (University of West Bohemia), Dr. Jinyoung Park (New York University), Dr. Luke Postle (University of Waterloo) and Dr. Yufei Zhao (Massachusetts Institute of Technology), and 32 contributed talks. Among these speakers, there were 7 female speakers, 11 student speakers and 8 young faculties/postdoc speakers. The topics of these talks covered extremal and probabilistic combinatorics, graph theory and computations of discrete models. Dr. Yufei Zhao gave a talk on "Equiangular lines and eigenvalues multiplicites", connecting a classic geomtry problem with algebraic graph theory, and Dr. Jingyoung Park talked about "Thresholds", a central problem in probabilistic combinatorics. A classic topic in graph theory, the Hamiltonicity of line (hyper)graphs was given by Dr. Tomas Kaiser. Dr. Luke Postle speaked on "Generalizing and localizing the four-color theorem".&nbsp;&nbsp;</p><br> <p>  Last Modified: 08/14/2024<br> Modified by: Dong&nbsp;Ye</p></div> <div class="porSideCol" ></div> </div>]]></DRECONTENT>
<POR_COPY_TXT><![CDATA[  The 32ndCumberland Conference on Combinatorics, Graph Theory and Computing was successfully held by the Middle Tennessee State University on May 13-15 in Murfreesboro TN.The conference brought together combinatorial mathematicians and computer scientists from the southeastern U.S. with internationally known leaders in the field. It provided a paltform for researchers to present their own new results in both mathematics and theoretical computer science, and jointly explore unsolved problems in an informal atmosphere.   There were total 73 participants from over 35 different intuitions. The conference had four plenary talks given by Dr. Tomas Kaiser (University of West Bohemia), Dr. Jinyoung Park (New York University), Dr. Luke Postle (University of Waterloo) and Dr. Yufei Zhao (Massachusetts Institute of Technology), and 32 contributed talks. Among these speakers, there were 7 female speakers, 11 student speakers and 8 young faculties/postdoc speakers. The topics of these talks covered extremal and probabilistic combinatorics, graph theory and computations of discrete models. Dr. Yufei Zhao gave a talk on "Equiangular lines and eigenvalues multiplicites", connecting a classic geomtry problem with algebraic graph theory, and Dr. Jingyoung Park talked about "Thresholds", a central problem in probabilistic combinatorics. A classic topic in graph theory, the Hamiltonicity of line (hyper)graphs was given by Dr. Tomas Kaiser. Dr. Luke Postle speaked on "Generalizing and localizing the four-color theorem".     Last Modified: 08/14/2024       Submitted by: DongYe]]></POR_COPY_TXT>
</POR>
</Award>
</rootTag>
