<?xml version="1.0" encoding="UTF-8"?>
<rootTag>
<Award>
<AwardTitle><![CDATA[Advanced Technological Education in Manufacturing]]></AwardTitle>
<AGENCY>NSF</AGENCY>
<AwardEffectiveDate>10/01/2023</AwardEffectiveDate>
<AwardExpirationDate>09/30/2026</AwardExpirationDate>
<AwardTotalIntnAmount>345365.00</AwardTotalIntnAmount>
<AwardAmount>345365</AwardAmount>
<AwardInstrument>
<Value>Standard Grant</Value>
</AwardInstrument>
<Organization>
<Code>11040100</Code>
<Directorate>
<Abbreviation>EDU</Abbreviation>
<LongName>Directorate for STEM Education</LongName>
</Directorate>
<Division>
<Abbreviation>DUE</Abbreviation>
<LongName>Division Of Undergraduate Education</LongName>
</Division>
</Organization>
<ProgramOfficer>
<SignBlockName>Michael Davis</SignBlockName>
<PO_EMAI>mdavis@nsf.gov</PO_EMAI>
<PO_PHON>7032920000</PO_PHON>
</ProgramOfficer>
<AbstractNarration><![CDATA[As manufacturing continues to become more technologically advanced regionally and nationwide, industry has indicated that many more skilled technicians are needed to maintain, support, and implement these advancements. With an aging workforce moving into retirement, companies will need job-ready graduates who are capable of working independently within six months of employment rather than the typical 1-2 years. This project will research the effectiveness of implementing work-based learning in a technical education setting by shortening the time required for graduates to be job-ready and confident in their abilities. Over the 3-year project, 57 students will be recruited to complete credit-bearing courses in one of two cohorts that will result in an associate level degree within the manufacturing field of mechatronics. Through collaboration with a 20-member advisory council, and guidance from a Business Industry &amp; Leadership Team (BILT) key competencies will be defined and implemented into the work-based learning courses that will utilize a faculty and student designed automated manufacturing cell to simulate real world work experience. The first cohort will complete the degree using the current courses while a second cohort will have select courses replaced with work-based learning to make up the two research groups. A skills assessment will be developed to measure the effectiveness of the two instructional methodologies and inform the need for future work. Because Blackhawk Technical College has a significant number of non-traditional students in the mechatronics program, this project has the potential to increase the number of workers who are underrepresented in STEM related fields. This project will also provide valuable insight into the effectiveness of work-based learning in preparing students for gainful employment. &lt;br/&gt;&lt;br/&gt;The goal of the project is to shorten the time required for graduates to become confident in their skills and be capable of working independently through relevant classwork and work-based learning experiences. 57 students are expected to enroll over the 3-years of the project. The first cohort (A) will consist of half of the students and will complete the credit-bearing coursework in its current form, as a control, while another cohort (B), will have four, single-credit courses replaced with 288 hours of work-based instruction. Cohort B will also have a mini capstone project added to select courses to further enhance hands-on learning opportunities. Qualitative and quantitative data will be used to determine the effectiveness of the work-based learning modality with results being shared regionally across the Wisconsin Technical College System and nationally through NSF ATE conferences. Collaboration between faculty, advisory council, industry partners, and the Business and Industry Leadership Team will provide students with relevant and up-to-date information on advanced technology within the workplace. This project is funded by the Advanced Technological Education program that focuses on the education of technicians for the advanced technology fields that drive the nation's economy.&lt;br/&gt;&lt;br/&gt;This award reflects NSF's statutory mission and has been deemed worthy of support through evaluation using the Foundation's intellectual merit and broader impacts review criteria.]]></AbstractNarration>
<MinAmdLetterDate>09/19/2023</MinAmdLetterDate>
<MaxAmdLetterDate>09/19/2023</MaxAmdLetterDate>
<ARRAAmount/>
<TRAN_TYPE>Grant</TRAN_TYPE>
<CFDA_NUM>47.076</CFDA_NUM>
<NSF_PAR_USE_FLAG>1</NSF_PAR_USE_FLAG>
<FUND_AGCY_CODE>4900</FUND_AGCY_CODE>
<AWDG_AGCY_CODE>4900</AWDG_AGCY_CODE>
<AwardID>2301161</AwardID>
<Investigator>
<FirstName>Bryan</FirstName>
<LastName>Coddington</LastName>
<PI_MID_INIT/>
<PI_SUFX_NAME/>
<PI_FULL_NAME>Bryan Coddington</PI_FULL_NAME>
<EmailAddress><![CDATA[bcoddington@blackhawk.edu]]></EmailAddress>
<NSF_ID>000839749</NSF_ID>
<StartDate>09/19/2023</StartDate>
<EndDate/>
<RoleCode>Principal Investigator</RoleCode>
</Investigator>
<Investigator>
<FirstName>John</FirstName>
<LastName>Dorcey</LastName>
<PI_MID_INIT/>
<PI_SUFX_NAME/>
<PI_FULL_NAME>John Dorcey</PI_FULL_NAME>
<EmailAddress><![CDATA[jdorcey@blackhawk.edu]]></EmailAddress>
<NSF_ID>000866737</NSF_ID>
<StartDate>09/19/2023</StartDate>
<EndDate/>
<RoleCode>Co-Principal Investigator</RoleCode>
</Investigator>
<Institution>
<Name><![CDATA[BLACKHAWK TECHNICAL COLLEGE DISTRICT]]></Name>
<CityName>JANESVILLE</CityName>
<ZipCode>535469458</ZipCode>
<PhoneNumber>6087576344</PhoneNumber>
<StreetAddress><![CDATA[6000 S COUNTY ROAD G]]></StreetAddress>
<StreetAddress2/>
<CountryName>United States</CountryName>
<StateName>Wisconsin</StateName>
<StateCode>WI</StateCode>
<CONGRESSDISTRICT>02</CONGRESSDISTRICT>
<CONGRESS_DISTRICT_ORG>WI02</CONGRESS_DISTRICT_ORG>
<ORG_UEI_NUM>F239JK784TQ9</ORG_UEI_NUM>
<ORG_LGL_BUS_NAME>BLACKHAWK TECHNICAL COLLEGE DISTRICT</ORG_LGL_BUS_NAME>
<ORG_PRNT_UEI_NUM>F239JK784TQ9</ORG_PRNT_UEI_NUM>
</Institution>
<Performance_Institution>
<Name><![CDATA[Blackhawk Technical College]]></Name>
<CityName>Janesville</CityName>
<StateCode>WI</StateCode>
<ZipCode>535469458</ZipCode>
<StreetAddress><![CDATA[6004 S County Road G]]></StreetAddress>
<CountryCode>US</CountryCode>
<CountryName>United States</CountryName>
<StateName>Wisconsin</StateName>
<CountryFlag>1</CountryFlag>
<CONGRESSDISTRICT>02</CONGRESSDISTRICT>
<CONGRESS_DISTRICT_PERF>WI02</CONGRESS_DISTRICT_PERF>
</Performance_Institution>
<ProgramElement>
<Code>7412</Code>
<Text>Advanced Tech Education Prog</Text>
</ProgramElement>
<ProgramReference>
<Code>1032</Code>
<Text>ADVANCED TECHNOLOGY EDUCATION</Text>
</ProgramReference>
<ProgramReference>
<Code>9178</Code>
<Text>UNDERGRADUATE EDUCATION</Text>
</ProgramReference>
<ProgramReference>
<Code>SMET</Code>
<Text>SCIENCE, MATH, ENG &amp; TECH EDUCATION</Text>
</ProgramReference>
<Appropriation>
<Code/>
<Name/>
<APP_SYMB_ID/>
</Appropriation>
<Fund>
<Code>04002324DB</Code>
<Name><![CDATA[NSF STEM Education]]></Name>
<FUND_SYMB_ID>040106</FUND_SYMB_ID>
</Fund>
<FUND_OBLG>2023~345365</FUND_OBLG>
</Award>
</rootTag>
