<?xml version="1.0" encoding="UTF-8"?>
<rootTag>
<Award>
<AwardTitle><![CDATA[ERI: Magnetic nanoparticles to fight biofilms]]></AwardTitle>
<AGENCY>NSF</AGENCY>
<AwardEffectiveDate>07/01/2023</AwardEffectiveDate>
<AwardExpirationDate>06/30/2025</AwardExpirationDate>
<AwardTotalIntnAmount>200000.00</AwardTotalIntnAmount>
<AwardAmount>209392</AwardAmount>
<AwardInstrument>
<Value>Standard Grant</Value>
</AwardInstrument>
<Organization>
<Code>07020000</Code>
<Directorate>
<Abbreviation>ENG</Abbreviation>
<LongName>Directorate For Engineering</LongName>
</Directorate>
<Division>
<Abbreviation>CBET</Abbreviation>
<LongName>Div Of Chem, Bioeng, Env, &amp; Transp Sys</LongName>
</Division>
</Organization>
<ProgramOfficer>
<SignBlockName>Nora Savage</SignBlockName>
<PO_EMAI>nosavage@nsf.gov</PO_EMAI>
<PO_PHON>7032927949</PO_PHON>
</ProgramOfficer>
<AbstractNarration>Bacteria often grow in dense, sticky colonies on surfaces, called biofilms. Biofilms can grow on diverse surfaces, such as medical implants, food containers or boat hulls. Unfortunately, biofilms can cause issues, and their removal can be difficult. For example, in the case of structures or parts of boats that are underwater, divers need to scrub the underwater surfaces. This research proposes using magnetic fields and magnetic nanoparticles to remove biofilms from a distance. Magnetic nanoparticles under the action of magnetic fields that alternate direction will rotate and move to follow the magnetic field, generating mechanical forces and temperature increases. These two effects will be explored by using different magnetic nanoparticles and applied magnetic field combinations to remove biofilms of a model marine biofilm, and the approach will be tested in natural marine biofilms. This project has the potential to yield innovative biofilm-removal technologies for other sectors, including the food industry and healthcare, impacting societal wellbeing and the US economy. Additionally, the research will involve undergraduate minority students, fostering their scientific interests and opening doors for future scientific careers. Researchers will also create easy-to-understand demonstration kits for public distribution  featuring magnetic nanoparticles interacting with magnetic fields.&lt;br/&gt;&lt;br/&gt;Bacterial biofilms have a wide range of negative impacts on the economy, society, and human health, such as food spoilage, damage to military vehicles, and infections associated with medical implants. Marine bacterial biofilms grow on various underwater surfaces, like boat hulls and bridge foundations, and can be detrimental for their performance. While physical methods are often needed to remove biofilms, these are not always possible or practical, especially in cases where expensive and risky diving operations are required to access underwater structures. This project will investigate the use of magnetic nanoparticles under alternating magnetic fields to remove marine biofilms. Laboratory grown C. marina biofilms will be used as a model. Different magnetic nanoparticle sizes, shapes and surface coatings will be tested against distinct alternating magnetic field regimes. The biofilm integrity will be evaluated by quantifying the microrheology of the biofilm before and after treatment using dynamic magnetic susceptibility methods, and by analyzing the spatial distribution of bacteria and extracellular polymeric substances using fluorescence imaging. Once an optimal regime for magnetic nanoparticle application and treatment has been established, this approach will be tested with natural marine biofilms. The  project will include undergraduate students underrepresented in STEM fields, increasing their involvement in scientific research. Additionally, a demo kit will be created to showcase the potential applications of magnetic nanoparticles in biomedicine. The kit will be used in open public events to increase science literacy among the general population and to raise awareness of scientific progress. This kit will also be used in recruitment events among diverse populations, encouraging  diversity and inclusion,  generating excitement towards the pursuit of  STEM careers.&lt;br/&gt;&lt;br/&gt;This award reflects NSF's statutory mission and has been deemed worthy of support through evaluation using the Foundation's intellectual merit and broader impacts review criteria.</AbstractNarration>
<MinAmdLetterDate>03/21/2023</MinAmdLetterDate>
<MaxAmdLetterDate>06/11/2024</MaxAmdLetterDate>
<ARRAAmount/>
<TRAN_TYPE>Grant</TRAN_TYPE>
<CFDA_NUM>47.041</CFDA_NUM>
<NSF_PAR_USE_FLAG>1</NSF_PAR_USE_FLAG>
<FUND_AGCY_CODE>4900</FUND_AGCY_CODE>
<AWDG_AGCY_CODE>4900</AWDG_AGCY_CODE>
<AwardID>2301790</AwardID>
<Investigator>
<FirstName>Irene</FirstName>
<LastName>Andreu Blanco</LastName>
<PI_MID_INIT/>
<PI_SUFX_NAME/>
<PI_FULL_NAME>Irene Andreu Blanco</PI_FULL_NAME>
<EmailAddress><![CDATA[iandreu@uri.edu]]></EmailAddress>
<NSF_ID>000795691</NSF_ID>
<StartDate>03/21/2023</StartDate>
<EndDate/>
<RoleCode>Principal Investigator</RoleCode>
</Investigator>
<Institution>
<Name><![CDATA[University of Rhode Island]]></Name>
<CityName>KINGSTON</CityName>
<ZipCode>028811974</ZipCode>
<PhoneNumber>4018742635</PhoneNumber>
<StreetAddress><![CDATA[75 LOWER COLLEGE RD RM 103]]></StreetAddress>
<StreetAddress2/>
<CountryName>United States</CountryName>
<StateName>Rhode Island</StateName>
<StateCode>RI</StateCode>
<CONGRESSDISTRICT>02</CONGRESSDISTRICT>
<CONGRESS_DISTRICT_ORG>RI02</CONGRESS_DISTRICT_ORG>
<ORG_UEI_NUM>CJDNG9D14MW7</ORG_UEI_NUM>
<ORG_LGL_BUS_NAME>UNIVERSITY OF RHODE ISLAND</ORG_LGL_BUS_NAME>
<ORG_PRNT_UEI_NUM>NSA8T7PLC9K3</ORG_PRNT_UEI_NUM>
</Institution>
<Performance_Institution>
<Name><![CDATA[University of Rhode Island]]></Name>
<CityName>KINGSTON</CityName>
<StateCode>RI</StateCode>
<ZipCode>028811974</ZipCode>
<StreetAddress><![CDATA[75 LOWER COLLEGE]]></StreetAddress>
<CountryCode>US</CountryCode>
<CountryName>United States</CountryName>
<StateName>Rhode Island</StateName>
<CountryFlag>1</CountryFlag>
<CONGRESSDISTRICT>02</CONGRESSDISTRICT>
<CONGRESS_DISTRICT_PERF>RI02</CONGRESS_DISTRICT_PERF>
</Performance_Institution>
<ProgramElement>
<Code>117900</Code>
<Text>Nanoscale Interactions Program</Text>
</ProgramElement>
<ProgramElement>
<Code>164200</Code>
<Text>Special Initiatives</Text>
</ProgramElement>
<ProgramReference>
<Code>7237</Code>
<Text>NANO NON-SOLIC SCI &amp; ENG AWD</Text>
</ProgramReference>
<ProgramReference>
<Code>9150</Code>
<Text>EXP PROG TO STIM COMP RES</Text>
</ProgramReference>
<ProgramReference>
<Code>9251</Code>
<Text>REU SUPP-Res Exp for Ugrd Supp</Text>
</ProgramReference>
<ProgramReference>
<Code>9264</Code>
<Text>RESEARCH INITIATION AWARD</Text>
</ProgramReference>
<Appropriation>
<Code/>
<Name/>
<APP_SYMB_ID/>
</Appropriation>
<Appropriation>
<Code/>
<Name/>
<APP_SYMB_ID/>
</Appropriation>
<Fund>
<Code>01002324DB</Code>
<Name><![CDATA[NSF RESEARCH & RELATED ACTIVIT]]></Name>
<FUND_SYMB_ID>040100</FUND_SYMB_ID>
</Fund>
<Fund>
<Code>01002425DB</Code>
<Name><![CDATA[NSF RESEARCH & RELATED ACTIVIT]]></Name>
<FUND_SYMB_ID>040100</FUND_SYMB_ID>
</Fund>
<FUND_OBLG>2023~200000</FUND_OBLG>
<FUND_OBLG>2024~9392</FUND_OBLG>
</Award>
</rootTag>
