<?xml version="1.0" encoding="UTF-8"?>
<rootTag>
<Award>
<AwardTitle><![CDATA[New Advances on Flat Surfaces]]></AwardTitle>
<AGENCY>NSF</AGENCY>
<AwardEffectiveDate>08/01/2023</AwardEffectiveDate>
<AwardExpirationDate>07/31/2026</AwardExpirationDate>
<AwardTotalIntnAmount>250000.00</AwardTotalIntnAmount>
<AwardAmount>250000</AwardAmount>
<AwardInstrument>
<Value>Standard Grant</Value>
</AwardInstrument>
<Organization>
<Code>03040000</Code>
<Directorate>
<Abbreviation>MPS</Abbreviation>
<LongName>Direct For Mathematical &amp; Physical Scien</LongName>
</Directorate>
<Division>
<Abbreviation>DMS</Abbreviation>
<LongName>Division Of Mathematical Sciences</LongName>
</Division>
</Organization>
<ProgramOfficer>
<SignBlockName>James Matthew Douglass</SignBlockName>
<PO_EMAI>mdouglas@nsf.gov</PO_EMAI>
<PO_PHON>7032922467</PO_PHON>
</ProgramOfficer>
<AbstractNarration>This project focuses on studying flat surfaces and exploring their applications across various fields. Flat surfaces are polygons with identified pairs of parallel edges, where the vertices of a flat surface are glued to form conical singularities. Flat surfaces provide a valuable framework for investigating the intricate connections between geometry, dynamics, and algebraic structures. The understanding of flat surfaces has already led to notable discoveries about space volumes and billiard trajectories. The principal investigator is dedicated to advancing knowledge in this area by continuing his research efforts and achieving new results in the study of flat surfaces. This project will also create many opportunities for students and postdoctoral scholars. Alongside his research, the principal investigator will engage in mentoring students, organizing workshops, and participating in outreach activities. A key focus will be on fostering diversity within the field and preparing the next generation of scientists for future challenges and opportunities.&lt;br/&gt;&lt;br/&gt;Flat surfaces correspond to differential forms on Riemann surfaces, where the conical singularities of a flat surface correspond to the zeros of a differential. These equivalent yet distinct descriptions make flat surfaces lie at the interface of many fields as a research hotspot. This project will cover various focal points in the study of flat surfaces, including dynamical invariants, intersection theory, residue theory, birational geometry, compactification, Brill-Noether theory, topology, cycle classes, higher differentials, and affine structures. To address the complex challenges associated with these areas, the principal investigator will employ a combination of techniques from algebraic geometry, analytic geometry, dynamics, and enumerative geometry. By utilizing these diverse methodologies, the principal investigator will comprehensively analyze different types of flat surface structures to gain insights into their geometric properties. These flat surface structures will serve as valuable tools for deepening our understanding of fundamental mathematical concepts and uncovering new avenues of research.&lt;br/&gt;&lt;br/&gt;This award reflects NSF's statutory mission and has been deemed worthy of support through evaluation using the Foundation's intellectual merit and broader impacts review criteria.</AbstractNarration>
<MinAmdLetterDate>07/07/2023</MinAmdLetterDate>
<MaxAmdLetterDate>07/07/2023</MaxAmdLetterDate>
<ARRAAmount/>
<TRAN_TYPE>Grant</TRAN_TYPE>
<CFDA_NUM>47.049</CFDA_NUM>
<NSF_PAR_USE_FLAG>1</NSF_PAR_USE_FLAG>
<FUND_AGCY_CODE>4900</FUND_AGCY_CODE>
<AWDG_AGCY_CODE>4900</AWDG_AGCY_CODE>
<AwardID>2301030</AwardID>
<Investigator>
<FirstName>Dawei</FirstName>
<LastName>Chen</LastName>
<PI_MID_INIT/>
<PI_SUFX_NAME/>
<PI_FULL_NAME>Dawei Chen</PI_FULL_NAME>
<EmailAddress><![CDATA[dawei.chen@bc.edu]]></EmailAddress>
<NSF_ID>000511957</NSF_ID>
<StartDate>07/07/2023</StartDate>
<EndDate/>
<RoleCode>Principal Investigator</RoleCode>
</Investigator>
<Institution>
<Name><![CDATA[Boston College]]></Name>
<CityName>CHESTNUT HILL</CityName>
<ZipCode>024673800</ZipCode>
<PhoneNumber>6175528000</PhoneNumber>
<StreetAddress><![CDATA[140 COMMONWEALTH AVE]]></StreetAddress>
<StreetAddress2/>
<CountryName>United States</CountryName>
<StateName>Massachusetts</StateName>
<StateCode>MA</StateCode>
<CONGRESSDISTRICT>04</CONGRESSDISTRICT>
<CONGRESS_DISTRICT_ORG>MA04</CONGRESS_DISTRICT_ORG>
<ORG_UEI_NUM>MJ3JH8CRJBZ7</ORG_UEI_NUM>
<ORG_LGL_BUS_NAME>TRUSTEES OF BOSTON COLLEGE</ORG_LGL_BUS_NAME>
<ORG_PRNT_UEI_NUM/>
</Institution>
<Performance_Institution>
<Name><![CDATA[Boston College]]></Name>
<CityName>CHESTNUT HILL</CityName>
<StateCode>MA</StateCode>
<ZipCode>024673800</ZipCode>
<StreetAddress><![CDATA[140 COMMONWEALTH AVE]]></StreetAddress>
<CountryCode>US</CountryCode>
<CountryName>United States</CountryName>
<StateName>Massachusetts</StateName>
<CountryFlag>1</CountryFlag>
<CONGRESSDISTRICT>04</CONGRESSDISTRICT>
<CONGRESS_DISTRICT_PERF>MA04</CONGRESS_DISTRICT_PERF>
</Performance_Institution>
<ProgramElement>
<Code>126400</Code>
<Text>ALGEBRA,NUMBER THEORY,AND COM</Text>
</ProgramElement>
<ProgramElement>
<Code>126500</Code>
<Text>GEOMETRIC ANALYSIS</Text>
</ProgramElement>
<Appropriation>
<Code/>
<Name/>
<APP_SYMB_ID/>
</Appropriation>
<Fund>
<Code>01002324DB</Code>
<Name><![CDATA[NSF RESEARCH & RELATED ACTIVIT]]></Name>
<FUND_SYMB_ID>040100</FUND_SYMB_ID>
</Fund>
<FUND_OBLG>2023~250000</FUND_OBLG>
</Award>
</rootTag>
