<?xml version="1.0" encoding="UTF-8"?>
<rootTag>
<Award>
<AwardTitle><![CDATA[Enhancing DNA Subway 2.0 as a Shared Resource for Bioscience Workforce Development]]></AwardTitle>
<AGENCY>NSF</AGENCY>
<AwardEffectiveDate>07/01/2023</AwardEffectiveDate>
<AwardExpirationDate>06/30/2026</AwardExpirationDate>
<AwardTotalIntnAmount>648741.00</AwardTotalIntnAmount>
<AwardAmount>703269</AwardAmount>
<AwardInstrument>
<Value>Standard Grant</Value>
</AwardInstrument>
<Organization>
<Code>11040100</Code>
<Directorate>
<Abbreviation>EDU</Abbreviation>
<LongName>Directorate for STEM Education</LongName>
</Directorate>
<Division>
<Abbreviation>DUE</Abbreviation>
<LongName>Division Of Undergraduate Education</LongName>
</Division>
</Organization>
<ProgramOfficer>
<SignBlockName>Virginia Carter</SignBlockName>
<PO_EMAI>vccarter@nsf.gov</PO_EMAI>
<PO_PHON>7032924651</PO_PHON>
</ProgramOfficer>
<AbstractNarration>Data science is one of the ten fastest growing careers in the US, and the outlook is also bright for bioinformatics technicians. However, there is a significant gap in the bioinformatics skills of students entering emerging, multidisciplinary, bioscience industries. With initial funding from the NSF CyVerse cyber-infrastructure for biology research, DNA Subway was developed in 2010 as a learner-centered set of online tools to introduce students to bioinformatics and big data analysis. This project will update DNA Subway 2.0 as a more flexible, accessible, and capable resource to prepare students for the modern bioscience workforce. By adopting a “mobile-first” approach, it is expected that this will be the only set of high-level bioinformatics tools to run smoothly on a smartphone. Integrating new tools for Nanopore sequencing and data science will provide a coordinated package for anywhere/anytime DNA sequence analysis—putting community college students at the cutting edge of the bioscience big data revolution.&lt;br/&gt;&lt;br/&gt;The project will be led by the DNA Learning Center at Cold Spring Harbor Laboratory, which is the designated Genomics Hub of the InnovATEBIO National Biotechnology Education Center. An advisory board of bioinformatics industry experts and faculty from diverse two-year institutions will ensure that DNA Subway 2.0 is workforce ready.  The redeveloped resource will rely on NSF’s Jetstream2 cloud computing infrastructure, with systems expertise provided by the Texas Advanced Computing Center and NSF’s Science Gateways Community Institute. A mentor network will disseminate DNA Subway 2.0 at professional meetings and summer workshops—at least half of which will be conducted at minority-serving institutions. Making DNA Subway 2.0 responsive to bioscience workforce needs will bring the benefits of participating in authentic scientific research, increased retention in science and on-time graduation to a broad audience of community college students. This project is funded by the Advanced Technological Education program that focuses on the education of technicians for the advanced-technology fields that drive the nation's economy.&lt;br/&gt;&lt;br/&gt;This award reflects NSF's statutory mission and has been deemed worthy of support through evaluation using the Foundation's intellectual merit and broader impacts review criteria.</AbstractNarration>
<MinAmdLetterDate>04/08/2023</MinAmdLetterDate>
<MaxAmdLetterDate>04/10/2024</MaxAmdLetterDate>
<ARRAAmount/>
<TRAN_TYPE>Grant</TRAN_TYPE>
<CFDA_NUM>47.076</CFDA_NUM>
<NSF_PAR_USE_FLAG>1</NSF_PAR_USE_FLAG>
<FUND_AGCY_CODE>4900</FUND_AGCY_CODE>
<AWDG_AGCY_CODE>4900</AWDG_AGCY_CODE>
<AwardID>2301207</AwardID>
<Investigator>
<FirstName>David</FirstName>
<LastName>Micklos</LastName>
<PI_MID_INIT>A</PI_MID_INIT>
<PI_SUFX_NAME/>
<PI_FULL_NAME>David A Micklos</PI_FULL_NAME>
<EmailAddress><![CDATA[micklos@cshl.edu]]></EmailAddress>
<NSF_ID>000236651</NSF_ID>
<StartDate>04/08/2023</StartDate>
<EndDate/>
<RoleCode>Principal Investigator</RoleCode>
</Investigator>
<Investigator>
<FirstName>Jason</FirstName>
<LastName>Williams</LastName>
<PI_MID_INIT>J</PI_MID_INIT>
<PI_SUFX_NAME/>
<PI_FULL_NAME>Jason J Williams</PI_FULL_NAME>
<EmailAddress><![CDATA[williams@cshl.edu]]></EmailAddress>
<NSF_ID>000620945</NSF_ID>
<StartDate>04/08/2023</StartDate>
<EndDate/>
<RoleCode>Co-Principal Investigator</RoleCode>
</Investigator>
<Institution>
<Name><![CDATA[Cold Spring Harbor Laboratory]]></Name>
<CityName>COLD SPG HBR</CityName>
<ZipCode>117242202</ZipCode>
<PhoneNumber>5163678307</PhoneNumber>
<StreetAddress><![CDATA[1 BUNGTOWN RD]]></StreetAddress>
<StreetAddress2/>
<CountryName>United States</CountryName>
<StateName>New York</StateName>
<StateCode>NY</StateCode>
<CONGRESSDISTRICT>03</CONGRESSDISTRICT>
<CONGRESS_DISTRICT_ORG>NY03</CONGRESS_DISTRICT_ORG>
<ORG_UEI_NUM>GV31TMFLPY88</ORG_UEI_NUM>
<ORG_LGL_BUS_NAME>COLD SPRING HARBOR LABORATORY</ORG_LGL_BUS_NAME>
<ORG_PRNT_UEI_NUM/>
</Institution>
<Performance_Institution>
<Name><![CDATA[Cold Spring Harbor Laboratory]]></Name>
<CityName>COLD SPRING HARBOR</CityName>
<StateCode>NY</StateCode>
<ZipCode>117242209</ZipCode>
<StreetAddress><![CDATA[1 BUNGTOWN RD]]></StreetAddress>
<CountryCode>US</CountryCode>
<CountryName>United States</CountryName>
<StateName>New York</StateName>
<CountryFlag>1</CountryFlag>
<CONGRESSDISTRICT>03</CONGRESSDISTRICT>
<CONGRESS_DISTRICT_PERF>NY03</CONGRESS_DISTRICT_PERF>
</Performance_Institution>
<ProgramElement>
<Code>741200</Code>
<Text>Advanced Tech Education Prog</Text>
</ProgramElement>
<ProgramReference>
<Code>1032</Code>
<Text>ADVANCED TECHNOLOGY EDUCATION</Text>
</ProgramReference>
<ProgramReference>
<Code>113Z</Code>
<Text>Persons w Disabilities Engagement&amp;Access</Text>
</ProgramReference>
<ProgramReference>
<Code>8038</Code>
<Text>Biotechnology</Text>
</ProgramReference>
<ProgramReference>
<Code>9178</Code>
<Text>UNDERGRADUATE EDUCATION</Text>
</ProgramReference>
<ProgramReference>
<Code>SMET</Code>
<Text>SCIENCE, MATH, ENG &amp; TECH EDUCATION</Text>
</ProgramReference>
<Appropriation>
<Code/>
<Name/>
<APP_SYMB_ID/>
</Appropriation>
<Appropriation>
<Code/>
<Name/>
<APP_SYMB_ID/>
</Appropriation>
<Fund>
<Code>04002324DB</Code>
<Name><![CDATA[NSF STEM Education]]></Name>
<FUND_SYMB_ID>040106</FUND_SYMB_ID>
</Fund>
<Fund>
<Code>04002425DB</Code>
<Name><![CDATA[NSF STEM Education]]></Name>
<FUND_SYMB_ID>040106</FUND_SYMB_ID>
</Fund>
<FUND_OBLG>2023~648741</FUND_OBLG>
<FUND_OBLG>2024~54528</FUND_OBLG>
</Award>
</rootTag>
