<?xml version="1.0" encoding="UTF-8"?>
<rootTag>
<Award>
<AwardTitle><![CDATA[SHINE: A Numerical Investigation into Coronal Mass Ejections (CME-CME) Interaction Events]]></AwardTitle>
<AGENCY>NSF</AGENCY>
<AwardEffectiveDate>07/01/2023</AwardEffectiveDate>
<AwardExpirationDate>06/30/2026</AwardExpirationDate>
<AwardTotalIntnAmount>545775.00</AwardTotalIntnAmount>
<AwardAmount>545775</AwardAmount>
<AwardInstrument>
<Value>Standard Grant</Value>
</AwardInstrument>
<Organization>
<Code>06020000</Code>
<Directorate>
<Abbreviation>GEO</Abbreviation>
<LongName>Directorate For Geosciences</LongName>
</Directorate>
<Division>
<Abbreviation>AGS</Abbreviation>
<LongName>Div Atmospheric &amp; Geospace Sciences</LongName>
</Division>
</Organization>
<ProgramOfficer>
<SignBlockName>Lisa Winter</SignBlockName>
<PO_EMAI>lwinter@nsf.gov</PO_EMAI>
<PO_PHON>7032928519</PO_PHON>
</ProgramOfficer>
<AbstractNarration>Coronal mass ejections (CMEs) are among the most dramatic events in the solar system, where coronal plasma and magnetic fields are explosively released into space. A full characterization of the coronal and interplanetary evolution of CMEs—and of their internal magnetic configuration—is one of the most pressing issues in space science. Two or more CMEs can collide during their journey away from the Sun, giving rise to even more complex structures that can potentially enhance space weather effects at Earth. CME–CME interaction events have been observed in remote-sensing imagery as well as in in-situ measurements, however, due to the sparse nature of available observations, many open questions remain. This project will address this issue through magnetohydrodynamic (MHD) simulations. The project supports an early career woman PI and undergraduate student researchers.&lt;br/&gt;&lt;br/&gt;This project is a detailed investigation into the dynamics and consequences of CME–CME interaction aimed at addressing the following Science Questions: (1) Can we identify characteristic CME–CME interaction signatures that are common to most events and can be used as proxies for interaction occurrence? (2) Is it possible to determine an overall, global structure for CME–CME interaction events, or is every in-situ observation only sampling local properties? (3) Is there a combination of properties of the “original” CMEs relative to one another that leads to maximum geoeffectiveness? The Science Questions will be addressed via analyses of a series of MHD simulations based on idealized configurations, which will model different CME–CME interaction scenarios and properties of the resulting structures. The work will lay the groundwork for comprehensive understanding of CME–CME interaction processes in the inner heliosphere, and its results will be applicable to future in-situ analyses of real events.&lt;br/&gt;&lt;br/&gt;This award reflects NSF's statutory mission and has been deemed worthy of support through evaluation using the Foundation's intellectual merit and broader impacts review criteria.</AbstractNarration>
<MinAmdLetterDate>02/08/2023</MinAmdLetterDate>
<MaxAmdLetterDate>02/08/2023</MaxAmdLetterDate>
<ARRAAmount/>
<TRAN_TYPE>Grant</TRAN_TYPE>
<CFDA_NUM>47.050</CFDA_NUM>
<NSF_PAR_USE_FLAG>1</NSF_PAR_USE_FLAG>
<FUND_AGCY_CODE>4900</FUND_AGCY_CODE>
<AWDG_AGCY_CODE>4900</AWDG_AGCY_CODE>
<AwardID>2301403</AwardID>
<Investigator>
<FirstName>Tibor</FirstName>
<LastName>Torok</LastName>
<PI_MID_INIT/>
<PI_SUFX_NAME/>
<PI_FULL_NAME>Tibor Torok</PI_FULL_NAME>
<EmailAddress><![CDATA[tibor@predsci.com]]></EmailAddress>
<NSF_ID>000599265</NSF_ID>
<StartDate>02/08/2023</StartDate>
<EndDate/>
<RoleCode>Co-Principal Investigator</RoleCode>
</Investigator>
<Investigator>
<FirstName>Cooper</FirstName>
<LastName>Downs</LastName>
<PI_MID_INIT/>
<PI_SUFX_NAME/>
<PI_FULL_NAME>Cooper Downs</PI_FULL_NAME>
<EmailAddress><![CDATA[cdowns@predsci.com]]></EmailAddress>
<NSF_ID>000622936</NSF_ID>
<StartDate>02/08/2023</StartDate>
<EndDate/>
<RoleCode>Co-Principal Investigator</RoleCode>
</Investigator>
<Investigator>
<FirstName>Erika</FirstName>
<LastName>Palmerio</LastName>
<PI_MID_INIT/>
<PI_SUFX_NAME/>
<PI_FULL_NAME>Erika Palmerio</PI_FULL_NAME>
<EmailAddress><![CDATA[epalmerio@predsci.com]]></EmailAddress>
<NSF_ID>000900837</NSF_ID>
<StartDate>02/08/2023</StartDate>
<EndDate/>
<RoleCode>Principal Investigator</RoleCode>
</Investigator>
<Institution>
<Name><![CDATA[Predictive Science Incorporated]]></Name>
<CityName>SAN DIEGO</CityName>
<ZipCode>921213933</ZipCode>
<PhoneNumber>3039993801</PhoneNumber>
<StreetAddress><![CDATA[9990 MESA RIM RD]]></StreetAddress>
<StreetAddress2><![CDATA[STE 170]]></StreetAddress2>
<CountryName>United States</CountryName>
<StateName>California</StateName>
<StateCode>CA</StateCode>
<CONGRESSDISTRICT>51</CONGRESSDISTRICT>
<CONGRESS_DISTRICT_ORG>CA51</CONGRESS_DISTRICT_ORG>
<ORG_UEI_NUM>C2XFYLH7Y977</ORG_UEI_NUM>
<ORG_LGL_BUS_NAME>PREDICTIVE SCIENCE INCORPORATED</ORG_LGL_BUS_NAME>
<ORG_PRNT_UEI_NUM/>
</Institution>
<Performance_Institution>
<Name><![CDATA[Predictive Science Incorporated]]></Name>
<CityName>SAN DIEGO</CityName>
<StateCode>CA</StateCode>
<ZipCode>921213933</ZipCode>
<StreetAddress><![CDATA[9990 MESA RIM RD STE 170]]></StreetAddress>
<CountryCode>US</CountryCode>
<CountryName>United States</CountryName>
<StateName>California</StateName>
<CountryFlag>1</CountryFlag>
<CONGRESSDISTRICT>51</CONGRESSDISTRICT>
<CONGRESS_DISTRICT_PERF>CA51</CONGRESS_DISTRICT_PERF>
</Performance_Institution>
<ProgramElement>
<Code>152300</Code>
<Text>SOLAR-TERRESTRIAL</Text>
</ProgramElement>
<Appropriation>
<Code/>
<Name/>
<APP_SYMB_ID/>
</Appropriation>
<Fund>
<Code>01002324DB</Code>
<Name><![CDATA[NSF RESEARCH & RELATED ACTIVIT]]></Name>
<FUND_SYMB_ID>040100</FUND_SYMB_ID>
</Fund>
<FUND_OBLG>2023~545775</FUND_OBLG>
</Award>
</rootTag>
