<?xml version="1.0" encoding="UTF-8"?>
<rootTag>
<Award>
<AwardTitle><![CDATA[ERI: Autonomous Personalized Control of Lower Limb Exoskeletons using Impedance Regulation and Trajectory Shaping]]></AwardTitle>
<AGENCY>NSF</AGENCY>
<AwardEffectiveDate>07/01/2023</AwardEffectiveDate>
<AwardExpirationDate>06/30/2025</AwardExpirationDate>
<AwardTotalIntnAmount>199946.00</AwardTotalIntnAmount>
<AwardAmount>199946</AwardAmount>
<AwardInstrument>
<Value>Standard Grant</Value>
</AwardInstrument>
<Organization>
<Code>07020000</Code>
<Directorate>
<Abbreviation>ENG</Abbreviation>
<LongName>Directorate For Engineering</LongName>
</Directorate>
<Division>
<Abbreviation>CBET</Abbreviation>
<LongName>Div Of Chem, Bioeng, Env, &amp; Transp Sys</LongName>
</Division>
</Organization>
<ProgramOfficer>
<SignBlockName>Amanda O. Esquivel</SignBlockName>
<PO_EMAI>aesquive@nsf.gov</PO_EMAI>
<PO_PHON>7032920000</PO_PHON>
</ProgramOfficer>
<AbstractNarration>The use of powered exoskeletons to assist persons with physical disabilities and neurological impairments can provide consistent and long-term assistance in comparison to conventional physical therapy methods. Although exoskeletons are now deployed for assistance and rehabilitation, ensuring compliant and flexible interactions between the robot and wearer remains an unresolved issue. Current exoskeletons often do not account for the interaction between the wearer and the robot, relying on pre-planned walking motions. This Engineering Research Initiation (ERI) project aims to spur research into the development of real-time, personalized locomotion strategies for lower limb exoskeletons. The outcomes of this research could lead to safer and more compliant rehabilitation robotic systems.&lt;br/&gt;&lt;br/&gt;In this project, autonomous locomotion planning and impedance control strategies will be designed and implemented with two challenging purposes: 1) online shaping of personalized walking trajectory to enhance human comfort and 2) real-time adjustment of the exoskeleton impedance during human-robot interaction. Accordingly, intelligent control strategies will be developed for lower-limb exoskeletons to facilitate a balance between exoskeleton autonomy and human safety, which is technically challenging due to the non-passive and unpredictable behaviors of humans that make the detection of their intention and ensuring the flexibility of the exoskeleton's response harder. The control strategies that will be pursued in this research project will advance the trending interdisciplinary research on various lower-limb human robot interaction tasks such as movement therapies, assistive locomotion, and human behavior assessment augmented by an exoskeleton. Accordingly, this research will advance the field of assistive robotics to have a widespread impact on the quality of life for a variety of people with disabilities and neurological conditions caused by spinal cord injury, stroke, and other injuries/diseases. This research has a broader impact to assist occupational workers in performing heavy manual activities with loading on their lower limbs, which will decrease and prevent their primary and secondary injuries.&lt;br/&gt;&lt;br/&gt;This award reflects NSF's statutory mission and has been deemed worthy of support through evaluation using the Foundation's intellectual merit and broader impacts review criteria.</AbstractNarration>
<MinAmdLetterDate>05/16/2023</MinAmdLetterDate>
<MaxAmdLetterDate>05/16/2023</MaxAmdLetterDate>
<ARRAAmount/>
<TRAN_TYPE>Grant</TRAN_TYPE>
<CFDA_NUM>47.041</CFDA_NUM>
<NSF_PAR_USE_FLAG>1</NSF_PAR_USE_FLAG>
<FUND_AGCY_CODE>4900</FUND_AGCY_CODE>
<AWDG_AGCY_CODE>4900</AWDG_AGCY_CODE>
<AwardID>2301987</AwardID>
<Investigator>
<FirstName>Mojtaba</FirstName>
<LastName>Sharifi</LastName>
<PI_MID_INIT/>
<PI_SUFX_NAME/>
<PI_FULL_NAME>Mojtaba Sharifi</PI_FULL_NAME>
<EmailAddress><![CDATA[mojtaba.sharifi@sjsu.edu]]></EmailAddress>
<NSF_ID>000903022</NSF_ID>
<StartDate>05/16/2023</StartDate>
<EndDate/>
<RoleCode>Principal Investigator</RoleCode>
</Investigator>
<Institution>
<Name><![CDATA[San Jose State University Foundation]]></Name>
<CityName>SAN JOSE</CityName>
<ZipCode>951125569</ZipCode>
<PhoneNumber>4089241400</PhoneNumber>
<StreetAddress><![CDATA[210 N 4TH ST FL 4]]></StreetAddress>
<StreetAddress2/>
<CountryName>United States</CountryName>
<StateName>California</StateName>
<StateCode>CA</StateCode>
<CONGRESSDISTRICT>18</CONGRESSDISTRICT>
<CONGRESS_DISTRICT_ORG>CA18</CONGRESS_DISTRICT_ORG>
<ORG_UEI_NUM>LJBXV5VF2BT9</ORG_UEI_NUM>
<ORG_LGL_BUS_NAME>SAN JOSE STATE UNIVERSITY RESEARCH FOUNDATION</ORG_LGL_BUS_NAME>
<ORG_PRNT_UEI_NUM>LJBXV5VF2BT9</ORG_PRNT_UEI_NUM>
</Institution>
<Performance_Institution>
<Name><![CDATA[San Jose State University]]></Name>
<CityName>SAN JOSE</CityName>
<StateCode>CA</StateCode>
<ZipCode>951921000</ZipCode>
<StreetAddress><![CDATA[One Washington Square]]></StreetAddress>
<CountryCode>US</CountryCode>
<CountryName>United States</CountryName>
<StateName>California</StateName>
<CountryFlag>1</CountryFlag>
<CONGRESSDISTRICT>18</CONGRESSDISTRICT>
<CONGRESS_DISTRICT_PERF>CA18</CONGRESS_DISTRICT_PERF>
</Performance_Institution>
<ProgramElement>
<Code>164200</Code>
<Text>Special Initiatives</Text>
</ProgramElement>
<ProgramReference>
<Code>9264</Code>
<Text>RESEARCH INITIATION AWARD</Text>
</ProgramReference>
<Appropriation>
<Code/>
<Name/>
<APP_SYMB_ID/>
</Appropriation>
<Fund>
<Code>01002324DB</Code>
<Name><![CDATA[NSF RESEARCH & RELATED ACTIVIT]]></Name>
<FUND_SYMB_ID>040100</FUND_SYMB_ID>
</Fund>
<FUND_OBLG>2023~199946</FUND_OBLG>
</Award>
</rootTag>
