<?xml version="1.0" encoding="UTF-8"?>
<rootTag>
<Award>
<AwardTitle><![CDATA[Travel: NSF Student Travel for 2023 USENIX Conferences FAST 2023 and NSDI 2023]]></AwardTitle>
<AGENCY>NSF</AGENCY>
<AwardEffectiveDate>12/01/2022</AwardEffectiveDate>
<AwardExpirationDate>08/31/2023</AwardExpirationDate>
<AwardTotalIntnAmount>50000.00</AwardTotalIntnAmount>
<AwardAmount>50000</AwardAmount>
<AwardInstrument>
<Value>Standard Grant</Value>
</AwardInstrument>
<Organization>
<Code>05050000</Code>
<Directorate>
<Abbreviation>CSE</Abbreviation>
<LongName>Direct For Computer &amp; Info Scie &amp; Enginr</LongName>
</Directorate>
<Division>
<Abbreviation>CNS</Abbreviation>
<LongName>Division Of Computer and Network Systems</LongName>
</Division>
</Organization>
<ProgramOfficer>
<SignBlockName>Marilyn McClure</SignBlockName>
<PO_EMAI>mmcclure@nsf.gov</PO_EMAI>
<PO_PHON>7032925197</PO_PHON>
</ProgramOfficer>
<AbstractNarration><![CDATA[The USENIX Association presents conferences at the forefront of computing innovation and research that build collaborations between researchers and practitioners from industry, government, and academia. These events provide educational, mentorship, and networking opportunities of very high value to graduate students in the computer sciences who attend. To help increase the representation and participation of these students, this proposal provides funding to assist approximately 20-25 US-based graduate students to attend each of the following events:&lt;br/&gt;&lt;br/&gt;21sh USENIX Conference on File and Storage Technologies (FAST 2023)&lt;br/&gt;20th USENIX Symposium on Networked Systems Design and Implementation (NSDI 2023)&lt;br/&gt;&lt;br/&gt;The knowledge shared and advanced at these conferences has practical and meaningful application to many tools used in daily life, as well as to the ethical, cultural, and social ramifications of computing technology. This grant allows the participation of students who would otherwise be unable to attend the conference and extends the impact of research presented to a broad audience of young researchers from across the country. USENIX is an open access organization, and all research and results presented and published at these events are freely available to the public.&lt;br/&gt;&lt;br/&gt;This award reflects NSF's statutory mission and has been deemed worthy of support through evaluation using the Foundation's intellectual merit and broader impacts review criteria.]]></AbstractNarration>
<MinAmdLetterDate>12/05/2022</MinAmdLetterDate>
<MaxAmdLetterDate>12/05/2022</MaxAmdLetterDate>
<ARRAAmount/>
<TRAN_TYPE>Grant</TRAN_TYPE>
<CFDA_NUM>47.070</CFDA_NUM>
<NSF_PAR_USE_FLAG>1</NSF_PAR_USE_FLAG>
<FUND_AGCY_CODE>4900</FUND_AGCY_CODE>
<AWDG_AGCY_CODE>4900</AWDG_AGCY_CODE>
<AwardID>2301297</AwardID>
<Investigator>
<FirstName>Catherine</FirstName>
<LastName>Bergman</LastName>
<PI_MID_INIT/>
<PI_SUFX_NAME/>
<PI_FULL_NAME>Catherine Bergman</PI_FULL_NAME>
<EmailAddress><![CDATA[cathy@usenix.org]]></EmailAddress>
<NSF_ID>000877733</NSF_ID>
<StartDate>12/05/2022</StartDate>
<EndDate/>
<RoleCode>Principal Investigator</RoleCode>
</Investigator>
<Investigator>
<FirstName>Camille</FirstName>
<LastName>Mulligan</LastName>
<PI_MID_INIT/>
<PI_SUFX_NAME/>
<PI_FULL_NAME>Camille Mulligan</PI_FULL_NAME>
<EmailAddress><![CDATA[camille@usenix.org]]></EmailAddress>
<NSF_ID>000638474</NSF_ID>
<StartDate>12/05/2022</StartDate>
<EndDate/>
<RoleCode>Co-Principal Investigator</RoleCode>
</Investigator>
<Institution>
<Name>USENIX Association</Name>
<CityName>LONG BEACH</CityName>
<ZipCode>986316410</ZipCode>
<PhoneNumber>5105288649</PhoneNumber>
<StreetAddress>16415 M ST</StreetAddress>
<StreetAddress2/>
<CountryName>United States</CountryName>
<StateName>Washington</StateName>
<StateCode>WA</StateCode>
<CONGRESSDISTRICT>03</CONGRESSDISTRICT>
<CONGRESS_DISTRICT_ORG>WA03</CONGRESS_DISTRICT_ORG>
<ORG_UEI_NUM>QJK1RVEY72A6</ORG_UEI_NUM>
<ORG_LGL_BUS_NAME>USENIX ASSOCIATION</ORG_LGL_BUS_NAME>
<ORG_PRNT_UEI_NUM/>
</Institution>
<Performance_Institution>
<Name><![CDATA[USENIX Association]]></Name>
<CityName>LONG BEACH</CityName>
<StateCode>WA</StateCode>
<ZipCode>986316410</ZipCode>
<StreetAddress><![CDATA[16415 M ST]]></StreetAddress>
<CountryCode>US</CountryCode>
<CountryName>United States</CountryName>
<StateName>Washington</StateName>
<CountryFlag>1</CountryFlag>
<CONGRESSDISTRICT>03</CONGRESSDISTRICT>
<CONGRESS_DISTRICT_PERF>WA03</CONGRESS_DISTRICT_PERF>
</Performance_Institution>
<ProgramElement>
<Code>7354</Code>
<Text>CSR-Computer Systems Research</Text>
</ProgramElement>
<ProgramReference>
<Code>7556</Code>
<Text>CONFERENCE AND WORKSHOPS</Text>
</ProgramReference>
<Appropriation>
<Code/>
<Name/>
<APP_SYMB_ID/>
</Appropriation>
<Fund>
<Code>01002324DB</Code>
<Name><![CDATA[NSF RESEARCH & RELATED ACTIVIT]]></Name>
<FUND_SYMB_ID>040100</FUND_SYMB_ID>
</Fund>
<FUND_OBLG>2023~50000</FUND_OBLG>
<POR>
<DRECONTENT><![CDATA[<div class="porColContainerWBG"> <div class="porContentCol"><p><span id="docs-internal-guid-47977e7a-7fff-7c17-90db-d2ac9424d01b"> </span></p> <p dir="ltr"><span>Outcomes Report, FAST '23 and NSDI '23</span></p> <p dir="ltr"><span>This grant provided travel funding to assist US-based students to attend two USENIX events in early 2023, specifically the 21st USENIX Conference on File and Storage Technologies (FAST '23) and the 20th Symposium on Networked Systems Design and Implementation (NSDI '23).&nbsp;</span></p> <p dir="ltr"><span>FAST '23 occurred February 21-23, 2023, in Santa Clara, California. FAST '23 brought together storage-system researchers and practitioners to explore new directions in the design, implementation, evaluation, and deployment of storage systems. NSDI '23 took place April 17-19, 2023, in Boston, Massachusetts. NSDI '23 focused on the design principles, implementation, and practical evaluation of networked and distributed systems. Both events consisted of technical presentations, including refereed papers and poster sessions.&nbsp;</span></p> <p dir="ltr"><span>Participation in these and similar conferences is a valuable and important part of the graduate school experience. It provides students with the opportunity to interact with more senior researchers in the field, and exposes students to leading edge work in the field. This grant made possible the participation of graduate level students who would otherwise be unable to attend the conferences, and extended the impact of research presented to a broad audience of young researchers. Students at each event were offered activities to enhance their interactions with senior researchers and organizers, including a student meetup, poster sessions, and receptions.&nbsp;</span></p> <p dir="ltr"><span>Any student enrolled full-time at an accredited US university or college was eligible to apply for a grant. Grants had two components: 1) registration costs and 2) expenses. USENIX covered registration costs by providing grant recipients with a code providing full student registration. For the expense portion, USENIX provided payment to assist with costs related to travel and lodging. Variations in the rates offered depended on how far a student needed to travel and the amount they requested. We confirmed that grant recipients registered and attended the relevant event before completing payments.&nbsp;</span></p> <p dir="ltr"><span>The criteria we used in selecting grant recipients included:</span></p> <ul> <li dir="ltr"> <p dir="ltr"><span>Areas of study that significantly overlapped with the conference topics,</span></p> </li> <li dir="ltr"> <p dir="ltr"><span>Conference participation (e.g., presenting a poster),</span></p> </li> <li dir="ltr"> <p dir="ltr"><span>Pertinence of supporting statement outlining the applicant's research,</span></p> </li> <li dir="ltr"> <p dir="ltr"><span>Application history, prioritizing first time applicants and those not receiving a grant in the previous twelve months,</span></p> </li> <li dir="ltr"> <p dir="ltr"><span>Students from institutions not traditionally represented at USENIX events,</span></p> </li> <li dir="ltr"> <p dir="ltr"><span>Students from historically underrepresented communities and minorities,</span></p> </li> <li dir="ltr"> <p dir="ltr"><span>Class level and financial need.</span></p> </li> </ul> <p dir="ltr"><span>The NSF funding provided under this award allowed us to substantially increase the number of students we could support with grants for FAST '23 and NSDI '23. NSF funding supported a total of 39 grants for students to participate in FAST '23 and NSDI '23.</span></p> <ul> <li dir="ltr"> <p dir="ltr"><span>For FAST '23, USENIX received 42 grant applications from students and awarded 27 grants. The NSF funds of $25,100 covered 18 of these grants. Each grantee receiving an NSF-supported grant was enrolled at a US university and those who flew to the venue traveled on a US carrier. There were 221 attendees at FAST '23, which included 65 students. FAST '23 was held entirely in-person, with no virtual attendance options.&nbsp;</span></p> </li> </ul> <ul> <li dir="ltr"> <p dir="ltr"><span>For NSDI '23, USENIX received 91 grant applications from students and awarded 34 student grants.&nbsp; The NSF funds of $24,900 covered 21 of these grants. Each grantee receiving an NSF-supported grant was enrolled at a U.S. university. The recipients who were not local traveled on a US carrier. There were 350 attendees at NSDI '23, which included 142 students. NSDI '23 was held entirely in-person, with no virtual attendance options.</span></p> </li> </ul> <p>&nbsp;</p> <p>&nbsp;</p><br> <p>            Last Modified: 09/07/2023<br>      Modified by: Catherine&nbsp;Bergman</p> </div> <div class="porSideCol"> <div class="each-gallery"> <div class="galContent" id="gallery0"> <div class="photoCount" id="photoCount0">          Images (<span id="selectedPhoto0">1</span> of <span class="totalNumber"></span>)           </div> <div class="galControls" id="controls0"></div> <div class="galSlideshow" id="slideshow0"></div> <div class="galEmbox" id="embox"> <div class="image-title"></div> </div> </div> <div class="galNavigation" id="navigation0"> <ul class="thumbs" id="thumbs0"> <li> <a href="/por/images/Reports/POR/2023/2301297/2301297_10839752_1694112077157_NSDI23-Grants-2--rgov-214x142.jpg" original="/por/images/Reports/POR/2023/2301297/2301297_10839752_1694112077157_NSDI23-Grants-2--rgov-800width.jpg" title="NSDI '23 Grants Photo"><img src="/por/images/Reports/POR/2023/2301297/2301297_10839752_1694112077157_NSDI23-Grants-2--rgov-66x44.jpg" alt="NSDI '23 Grants Photo"></a> <div class="imageCaptionContainer"> <div class="imageCaption">A portion of NSDI '23 grant recipients. Participation in the grantee photo was optional.</div> <div class="imageCredit">USENIX Association</div> <div class="imagePermisssions">Copyrighted</div> <div class="imageSubmitted">Catherine&nbsp;Bergman</div> <div class="imageTitle">NSDI '23 Grants Photo</div> </div> </li> <li> <a href="/por/images/Reports/POR/2023/2301297/2301297_10839752_1694112324490_IMG_3185--rgov-214x142.jpg" original="/por/images/Reports/POR/2023/2301297/2301297_10839752_1694112324490_IMG_3185--rgov-800width.jpg" title="FAST '23"><img src="/por/images/Reports/POR/2023/2301297/2301297_10839752_1694112324490_IMG_3185--rgov-66x44.jpg" alt="FAST '23"></a> <div class="imageCaptionContainer"> <div class="imageCaption">A portion of FAST '23 grant recipients. Participation in the grantee photo was optional.</div> <div class="imageCredit">USENIX Association</div> <div class="imagePermisssions">Copyrighted</div> <div class="imageSubmitted">Catherine&nbsp;Bergman</div> <div class="imageTitle">FAST '23</div> </div> </li> <li> <a href="/por/images/Reports/POR/2023/2301297/2301297_10839752_1694112401646_IMG_3176--rgov-214x142.jpg" original="/por/images/Reports/POR/2023/2301297/2301297_10839752_1694112401646_IMG_3176--rgov-800width.jpg" title="FAST '23"><img src="/por/images/Reports/POR/2023/2301297/2301297_10839752_1694112401646_IMG_3176--rgov-66x44.jpg" alt="FAST '23"></a> <div class="imageCaptionContainer"> <div class="imageCaption">A portion of FAST '23 grant recipients. Participation in the grantee photo was optional.</div> <div class="imageCredit">USENIX Association</div> <div class="imagePermisssions">Copyrighted</div> <div class="imageSubmitted">Catherine&nbsp;Bergman</div> <div class="imageTitle">FAST '23</div> </div> </li> </ul> </div> </div> </div> </div>]]></DRECONTENT>
<POR_COPY_TXT><![CDATA[   Outcomes Report, FAST '23 and NSDI '23 This grant provided travel funding to assist US-based students to attend two USENIX events in early 2023, specifically the 21st USENIX Conference on File and Storage Technologies (FAST '23) and the 20th Symposium on Networked Systems Design and Implementation (NSDI '23).  FAST '23 occurred February 21-23, 2023, in Santa Clara, California. FAST '23 brought together storage-system researchers and practitioners to explore new directions in the design, implementation, evaluation, and deployment of storage systems. NSDI '23 took place April 17-19, 2023, in Boston, Massachusetts. NSDI '23 focused on the design principles, implementation, and practical evaluation of networked and distributed systems. Both events consisted of technical presentations, including refereed papers and poster sessions.  Participation in these and similar conferences is a valuable and important part of the graduate school experience. It provides students with the opportunity to interact with more senior researchers in the field, and exposes students to leading edge work in the field. This grant made possible the participation of graduate level students who would otherwise be unable to attend the conferences, and extended the impact of research presented to a broad audience of young researchers. Students at each event were offered activities to enhance their interactions with senior researchers and organizers, including a student meetup, poster sessions, and receptions.  Any student enrolled full-time at an accredited US university or college was eligible to apply for a grant. Grants had two components: 1) registration costs and 2) expenses. USENIX covered registration costs by providing grant recipients with a code providing full student registration. For the expense portion, USENIX provided payment to assist with costs related to travel and lodging. Variations in the rates offered depended on how far a student needed to travel and the amount they requested. We confirmed that grant recipients registered and attended the relevant event before completing payments.  The criteria we used in selecting grant recipients included:   Areas of study that significantly overlapped with the conference topics,   Conference participation (e.g., presenting a poster),   Pertinence of supporting statement outlining the applicant's research,   Application history, prioritizing first time applicants and those not receiving a grant in the previous twelve months,   Students from institutions not traditionally represented at USENIX events,   Students from historically underrepresented communities and minorities,   Class level and financial need.   The NSF funding provided under this award allowed us to substantially increase the number of students we could support with grants for FAST '23 and NSDI '23. NSF funding supported a total of 39 grants for students to participate in FAST '23 and NSDI '23.   For FAST '23, USENIX received 42 grant applications from students and awarded 27 grants. The NSF funds of $25,100 covered 18 of these grants. Each grantee receiving an NSF-supported grant was enrolled at a US university and those who flew to the venue traveled on a US carrier. There were 221 attendees at FAST '23, which included 65 students. FAST '23 was held entirely in-person, with no virtual attendance options.      For NSDI '23, USENIX received 91 grant applications from students and awarded 34 student grants.  The NSF funds of $24,900 covered 21 of these grants. Each grantee receiving an NSF-supported grant was enrolled at a U.S. university. The recipients who were not local traveled on a US carrier. There were 350 attendees at NSDI '23, which included 142 students. NSDI '23 was held entirely in-person, with no virtual attendance options.               Last Modified: 09/07/2023       Submitted by: Catherine Bergman]]></POR_COPY_TXT>
</POR>
</Award>
</rootTag>
