<?xml version="1.0" encoding="UTF-8"?>
<rootTag>
<Award>
<AwardTitle><![CDATA[SBIR Phase II:  Scalable Production of Platform Chemicals from Inedible Biomass and Carbon Dioxide]]></AwardTitle>
<AGENCY>NSF</AGENCY>
<AwardEffectiveDate>09/15/2023</AwardEffectiveDate>
<AwardExpirationDate>08/31/2025</AwardExpirationDate>
<AwardTotalIntnAmount>1000000.00</AwardTotalIntnAmount>
<AwardAmount>1000000</AwardAmount>
<AwardInstrument>
<Value>Cooperative Agreement</Value>
</AwardInstrument>
<Organization>
<Code>15030000</Code>
<Directorate>
<Abbreviation>TIP</Abbreviation>
<LongName>Dir for Tech, Innovation, &amp; Partnerships</LongName>
</Directorate>
<Division>
<Abbreviation>TI</Abbreviation>
<LongName>Translational Impacts</LongName>
</Division>
</Organization>
<ProgramOfficer>
<SignBlockName>Benaiah Schrag</SignBlockName>
<PO_EMAI>bschrag@nsf.gov</PO_EMAI>
<PO_PHON>7032928323</PO_PHON>
</ProgramOfficer>
<AbstractNarration>The broader impact/commercial potential of this Small Business Innovation Research (SBIR) Phase II project is to enable cost-competitive, high-volume production of useful chemicals and materials from abundant and sustainable feedstocks. This project is developing a process to manufacture a chemical known as FDCA (furan-2,5-dicarboxylic acid) from carbon dioxide and a commodity feedstock made from inedible biomass. FDCA is a naturally occurring substance and is used to make polymers (i.e., plastics) that have superior performance compared to analogous polymers produced today from fossil fuel feedstocks. The obstacle to producing these polymers is that it has been complicated and prohibitively expensive to produce FDCA. The competing technologies for making FDCA require edible sugar as the feedstock and a very large number of process steps, resulting in high manufacturing costs. This project proposes to produce this chemical using a dramatically simplified process, which enables cost-competitive production. By advancing the technology toward commercial application, this project will have a far-reaching impact on US economic competitiveness and innovation in the chemical industry. With a secure FDCA supply, US chemical and materials companies can develop manufacturing capacity for polymers with an ultimate market opportunity of &gt;&gt;$100 billion. In addition, replacing energy- and emissions-intensive fossil fuel-derived polymers with these more environmentally friendly polymers will reduce emissions of multiple economic sectors. Finally, these polymers have favorable end-of-use options that will reduce plastic waste and its accumulation in the environment.&lt;br/&gt;&lt;br/&gt;This SBIR Phase II project proposes to advance the technology for a key step of the FDCA production process to a level that enables its implementation in a pilot-scale demonstration. The reaction under investigation is the aerobic oxidation of furfural to furan-2-carboxylate (furoate) under aqueous alkaline conditions. Oxidizing furfural under industrially relevant conditions (high concentration and high rates) is fundamentally challenging because furfural is prone to rapid degradation processes. Studies of the process in the earlier Phase I project provided key insights into the reaction mechanism and identified two potential reactor designs for continuous operation. The Phase II project will compare performance in these two reactor designs, scale up the preferred design, validate catalyst lifetime, and demonstrate integration of the reaction product into the downstream steps of this FDCA process. Successful completion of the project will finalize the reactor design for the oxidation unit operation in a pilot demonstration. In addition to advancing this technology toward commercialization, the project will create new knowledge to enable broader utilization of renewable feedstocks for chemical production by providing insights into catalyst selection, process conditions, and reactor designs for aqueous aerobic oxidation reactions.&lt;br/&gt;&lt;br/&gt;This award reflects NSF's statutory mission and has been deemed worthy of support through evaluation using the Foundation's intellectual merit and broader impacts review criteria.</AbstractNarration>
<MinAmdLetterDate>09/07/2023</MinAmdLetterDate>
<MaxAmdLetterDate>09/07/2023</MaxAmdLetterDate>
<ARRAAmount/>
<TRAN_TYPE>CoopAgrmnt</TRAN_TYPE>
<CFDA_NUM>47.084</CFDA_NUM>
<NSF_PAR_USE_FLAG>1</NSF_PAR_USE_FLAG>
<FUND_AGCY_CODE>4900</FUND_AGCY_CODE>
<AWDG_AGCY_CODE>4900</AWDG_AGCY_CODE>
<AwardID>2301417</AwardID>
<Investigator>
<FirstName>Aanindeeta</FirstName>
<LastName>Banerjee</LastName>
<PI_MID_INIT/>
<PI_SUFX_NAME/>
<PI_FULL_NAME>Aanindeeta Banerjee</PI_FULL_NAME>
<EmailAddress><![CDATA[banerjee.guddie@gmail.com]]></EmailAddress>
<NSF_ID>000816035</NSF_ID>
<StartDate>09/07/2023</StartDate>
<EndDate/>
<RoleCode>Principal Investigator</RoleCode>
</Investigator>
<Institution>
<Name><![CDATA[RESOURCE CHEMICAL CORP.]]></Name>
<CityName>PALO ALTO</CityName>
<ZipCode>943041135</ZipCode>
<PhoneNumber>6174618271</PhoneNumber>
<StreetAddress><![CDATA[1450 COLUMBIA CT]]></StreetAddress>
<StreetAddress2/>
<CountryName>United States</CountryName>
<StateName>California</StateName>
<StateCode>CA</StateCode>
<CONGRESSDISTRICT>16</CONGRESSDISTRICT>
<CONGRESS_DISTRICT_ORG>CA16</CONGRESS_DISTRICT_ORG>
<ORG_UEI_NUM>QN9FQ2DMNRJ5</ORG_UEI_NUM>
<ORG_LGL_BUS_NAME>RESOURCE CHEMICAL CORP</ORG_LGL_BUS_NAME>
<ORG_PRNT_UEI_NUM/>
</Institution>
<Performance_Institution>
<Name><![CDATA[ReSource Chemical Corp.]]></Name>
<CityName>Berkeley</CityName>
<StateCode>CA</StateCode>
<ZipCode>947102722</ZipCode>
<StreetAddress><![CDATA[717 Potter St]]></StreetAddress>
<CountryCode>US</CountryCode>
<CountryName>United States</CountryName>
<StateName>California</StateName>
<CountryFlag>1</CountryFlag>
<CONGRESSDISTRICT>12</CONGRESSDISTRICT>
<CONGRESS_DISTRICT_PERF>CA12</CONGRESS_DISTRICT_PERF>
</Performance_Institution>
<ProgramElement>
<Code>537300</Code>
<Text>SBIR Phase II</Text>
</ProgramElement>
<ProgramReference>
<Code>9223</Code>
<Text>ENVIRON BENIGN CHEMICAL SYNTH &amp; PROCESS</Text>
</ProgramReference>
<Appropriation>
<Code/>
<Name/>
<APP_SYMB_ID/>
</Appropriation>
<Fund>
<Code>01AB2324DB</Code>
<Name><![CDATA[R&RA DRSA DEFC AAB]]></Name>
<FUND_SYMB_ID>040100</FUND_SYMB_ID>
</Fund>
<FUND_OBLG>2023~1000000</FUND_OBLG>
</Award>
</rootTag>
