<?xml version="1.0" encoding="UTF-8"?>
<rootTag>
<Award>
<AwardTitle><![CDATA[Conference: Conservation Paleobiology Symposium]]></AwardTitle>
<AGENCY>NSF</AGENCY>
<AwardEffectiveDate>12/01/2022</AwardEffectiveDate>
<AwardExpirationDate>11/30/2023</AwardExpirationDate>
<AwardTotalIntnAmount>21000.00</AwardTotalIntnAmount>
<AwardAmount>21000</AwardAmount>
<AwardInstrument>
<Value>Standard Grant</Value>
</AwardInstrument>
<Organization>
<Code>06030000</Code>
<Directorate>
<Abbreviation>GEO</Abbreviation>
<LongName>Directorate For Geosciences</LongName>
</Directorate>
<Division>
<Abbreviation>EAR</Abbreviation>
<LongName>Division Of Earth Sciences</LongName>
</Division>
</Organization>
<ProgramOfficer>
<SignBlockName>Alberto Perez-Huerta</SignBlockName>
<PO_EMAI>aperezhu@nsf.gov</PO_EMAI>
<PO_PHON>7032920000</PO_PHON>
</ProgramOfficer>
<AbstractNarration>Non-Technical Description: &lt;br/&gt;This proposal covers the cost of student registration fees for the Conservation Paleobiology Symposium in Gainesville, Florida in February 2023. This academic conference is run by the Conservation Paleobiology Network, an NSF-funded network with over 650 members from 44 countries based out of the Florida Museum, University of Florida. The potential conference attendees come from all over the world and specialize in a variety of topics such as paleontology, archaeology, conservation science, and historical geology. Participants will include people from universities, government agencies, and non-profit organizations. This conference will provide a way of connecting specialists who would not otherwise have a chance to meet and exchange ideas. By funding student registration fees, this proposal will help to attract and engage students, particularly those from historically underrepresented groups, thus nurturing the next generation of scholars and educators. The participation of students is important for science and society. Not only will these individuals be the future of the growing discipline of conservation paleobiology, but they often have new approaches and apply the science in new and important ways. Fees for conferences are often expensive and difficult for many students to afford. By covering their registration fees, the conference is made more accessible to students.&lt;br/&gt;&lt;br/&gt;Technical Description:&lt;br/&gt;This proposal covers the cost of student registration fees for the Conservation Paleobiology Symposium in Gainesville, Florida from February 16 to February 19, 2023. This academic conference is organized by the Conservation Paleobiology Network, an NSF-funded network with over 650 members from 44 countries based out of the Florida Museum, University of Florida. The potential conference attendees are geographically, disciplinarily, and professionally diverse, and include people from academic institutions, state and federal governmental institutions, and non-profit organizations. The sub-disciplines of potential attendees include, but are not limited to, paleontology, archaeology, conservation science, and historical geology. This conference will provide a venue for cross-disciplinary specialists who would not otherwise have opportunities to meet and exchange ideas. By funding student registration fees, this proposal will facilitate our efforts to attract and engage students, particularly those from historically underrepresented groups, thus nurturing the next generation of scholars and educators. The participation of these individuals is critical to the health of the field, which directly impacts and benefits the shared future of our society. Not only will students and individuals from underrepresented groups be the future of the growing discipline of conservation paleobiology, but they commonly have new approaches and use novel applications. Registration fees for conferences are often expensive and difficult for many students to afford. By covering their registration fees, the conference is made more accessible to students.&lt;br/&gt;&lt;br/&gt;This award reflects NSF's statutory mission and has been deemed worthy of support through evaluation using the Foundation's intellectual merit and broader impacts review criteria.</AbstractNarration>
<MinAmdLetterDate>11/29/2022</MinAmdLetterDate>
<MaxAmdLetterDate>11/29/2022</MaxAmdLetterDate>
<ARRAAmount/>
<TRAN_TYPE>Grant</TRAN_TYPE>
<CFDA_NUM>47.050</CFDA_NUM>
<NSF_PAR_USE_FLAG>1</NSF_PAR_USE_FLAG>
<FUND_AGCY_CODE>4900</FUND_AGCY_CODE>
<AWDG_AGCY_CODE>4900</AWDG_AGCY_CODE>
<AwardID>2301597</AwardID>
<Investigator>
<FirstName>Michal</FirstName>
<LastName>Kowalewski</LastName>
<PI_MID_INIT>J</PI_MID_INIT>
<PI_SUFX_NAME/>
<PI_FULL_NAME>Michal J Kowalewski</PI_FULL_NAME>
<EmailAddress><![CDATA[mkowalewski@flmnh.ufl.edu]]></EmailAddress>
<NSF_ID>000485045</NSF_ID>
<StartDate>11/29/2022</StartDate>
<EndDate/>
<RoleCode>Principal Investigator</RoleCode>
</Investigator>
<Institution>
<Name><![CDATA[University of Florida]]></Name>
<CityName>GAINESVILLE</CityName>
<ZipCode>326111941</ZipCode>
<PhoneNumber>3523923516</PhoneNumber>
<StreetAddress><![CDATA[1523 UNION RD RM 207]]></StreetAddress>
<StreetAddress2/>
<CountryName>United States</CountryName>
<StateName>Florida</StateName>
<StateCode>FL</StateCode>
<CONGRESSDISTRICT>03</CONGRESSDISTRICT>
<CONGRESS_DISTRICT_ORG>FL03</CONGRESS_DISTRICT_ORG>
<ORG_UEI_NUM>NNFQH1JAPEP3</ORG_UEI_NUM>
<ORG_LGL_BUS_NAME>UNIVERSITY OF FLORIDA</ORG_LGL_BUS_NAME>
<ORG_PRNT_UEI_NUM/>
</Institution>
<Performance_Institution>
<Name><![CDATA[University of Florida]]></Name>
<CityName>GAINESVILLE</CityName>
<StateCode>FL</StateCode>
<ZipCode>326111941</ZipCode>
<StreetAddress><![CDATA[1523 UNION RD RM 207]]></StreetAddress>
<CountryCode>US</CountryCode>
<CountryName>United States</CountryName>
<StateName>Florida</StateName>
<CountryFlag>1</CountryFlag>
<CONGRESSDISTRICT>03</CONGRESSDISTRICT>
<CONGRESS_DISTRICT_PERF>FL03</CONGRESS_DISTRICT_PERF>
</Performance_Institution>
<ProgramElement>
<Code>745900</Code>
<Text>Sedimentary Geo &amp; Paleobiology</Text>
</ProgramElement>
<Appropriation>
<Code/>
<Name/>
<APP_SYMB_ID/>
</Appropriation>
<Fund>
<Code>01002324DB</Code>
<Name><![CDATA[NSF RESEARCH & RELATED ACTIVIT]]></Name>
<FUND_SYMB_ID>040100</FUND_SYMB_ID>
</Fund>
<FUND_OBLG>2023~21000</FUND_OBLG>
<POR>
<DRECONTENT><![CDATA[<div class="porColContainerWBG"> <div class="porContentCol"><p>The Conservation Paleobiology Symposium was a conference that occured in  Gainesville, Florida from February 16 to February 19, 2023. The  conference was sponsored by the Conservation Paleobiology Network, an  NSF-funded Research Coordination Network at the Florida Museum that  includes over 800 members from more than 40 countries.</p> <p>The major goals of the conference were 1) to provide opportunities for the dissemination of new research results within conservation paleobiology, 2) to provide educational and networking opportunities for students, academics, and other conservation professionals (&ldquo;practitioners&rdquo;), and 3) emphasize and encourage the translation of paleobiological and historical approaches into conservation practice, which is a core goal of the Conservation Paleobiology Network.</p> <p>At the conference there were 67 research presentations (50 talks, and 17 posters), covering a broad range of topics within conservation paleobiology, including areas of research such as conservation of Pacific coastal ecosystems, conservation of Arctic mammals, conservation paleobiology in urban landscapes, and conservation of Florida corals and mangrove habitats, among others. In addition to the research presentation, there were five keynote speakers, three field trips, a workshop, and multiple networking events. The conference provided educational and networking opportunities for students, academics, and other conservation professionals, and it encouraged the translation of paleobiological and historical approaches into conservation practice.</p><br> <p>  Last Modified: 02/09/2024<br> Modified by: Michal&nbsp;J&nbsp;Kowalewski</p></div> <div class="porSideCol" ></div> </div>]]></DRECONTENT>
<POR_COPY_TXT><![CDATA[  The Conservation Paleobiology Symposium was a conference that occured in  Gainesville, Florida from February 16 to February 19, 2023. The  conference was sponsored by the Conservation Paleobiology Network, an  NSF-funded Research Coordination Network at the Florida Museum that  includes over 800 members from more than 40 countries.   The major goals of the conference were 1) to provide opportunities for the dissemination of new research results within conservation paleobiology, 2) to provide educational and networking opportunities for students, academics, and other conservation professionals (practitioners), and 3) emphasize and encourage the translation of paleobiological and historical approaches into conservation practice, which is a core goal of the Conservation Paleobiology Network.   At the conference there were 67 research presentations (50 talks, and 17 posters), covering a broad range of topics within conservation paleobiology, including areas of research such as conservation of Pacific coastal ecosystems, conservation of Arctic mammals, conservation paleobiology in urban landscapes, and conservation of Florida corals and mangrove habitats, among others. In addition to the research presentation, there were five keynote speakers, three field trips, a workshop, and multiple networking events. The conference provided educational and networking opportunities for students, academics, and other conservation professionals, and it encouraged the translation of paleobiological and historical approaches into conservation practice.     Last Modified: 02/09/2024       Submitted by: MichalJKowalewski]]></POR_COPY_TXT>
</POR>
</Award>
</rootTag>
