<?xml version="1.0" encoding="UTF-8"?>
<rootTag>
<Award>
<AwardTitle><![CDATA[Collaborative Research: The Smart Playground: Computational Thinking through Robotics in Early Childhood]]></AwardTitle>
<AGENCY>NSF</AGENCY>
<AwardEffectiveDate>08/01/2023</AwardEffectiveDate>
<AwardExpirationDate>07/31/2027</AwardExpirationDate>
<AwardTotalIntnAmount>699960.00</AwardTotalIntnAmount>
<AwardAmount>524970</AwardAmount>
<AwardInstrument>
<Value>Continuing Grant</Value>
</AwardInstrument>
<Organization>
<Code>11090000</Code>
<Directorate>
<Abbreviation>EDU</Abbreviation>
<LongName>Directorate for STEM Education</LongName>
</Directorate>
<Division>
<Abbreviation>DRL</Abbreviation>
<LongName>Division Of Research On Learning</LongName>
</Division>
</Organization>
<ProgramOfficer>
<SignBlockName>Fengfeng Ke</SignBlockName>
<PO_EMAI>fke@nsf.gov</PO_EMAI>
<PO_PHON>7032922411</PO_PHON>
</ProgramOfficer>
<AbstractNarration>Technology and computing are increasingly central in the lives of children, and building foundational skills in computational thinking in the early years is a national imperative. Young children can learn best through play and in educational environments that sustain their cultural practices and identities. This Discovery Research preK-12 program (DRK-12) project will co-create and study an outdoor robotic-augmented playground called the “Smart Playground” and a corresponding series of classroom lessons. The Smart Playground will be co-designed with Latinx families and educators to engage young children (kindergarten) in developing computational thinking skills and learning about robotics in a physical environment using a culturally sustaining approach. The project will retrofit existing playgrounds in a low-income, predominantly Latinx school district with circuit boards, sensors, and actuators. These boards will allow young children to program their playground to interact with them in different ways. By programming activities that use the playground structures, children will learn foundational computational thinking skills. Further, through co-designing with Latinx families and educators the project will center the technology and activities in families’ routines, values, and cultural funds of knowledge. Research and evaluation will examine whether exposure to the Smart Playground and corresponding classroom activities have an impact on the development of computational thinking in young children. This project will contribute to the emerging field of robotics in early childhood education by addressing the need for new approaches to teach with and about technology in a developmentally appropriate and culturally sustaining way. This work will increase awareness of early robotics, develop children’s computational thinking skills and STEM identities, and integrate learning opportunities throughout children’s experiences in playgrounds, classrooms, and public spaces. The Discovery Research preK-12 program (DRK-12) seeks to significantly enhance the learning and teaching of science, technology, engineering and mathematics (STEM) by preK-12 students and teachers, through research and development of innovative resources, models and tools. Projects in the DRK-12 program build on fundamental research in STEM education and prior research and development efforts that provide theoretical and empirical justification for proposed projects.&lt;br/&gt;&lt;br/&gt;This project aims to create and test an innovative educational approach for bringing STEM learning experiences to underserved youth. Using a culturally sustaining approach, this project will co-design, augment, and evaluate the Smart Playground to promote computational thinking with approximately 500 Latinx kindergarten students and their teachers and families from Santa Ana, CA. Using a Design Based Implementation Research approach and a variety of participatory design techniques, this project will create several prototypes of the Smart Playground and corresponding classroom activities. This work is guided by the following research questions: 1.) What is the impact of engaging with the Smart Playground on children’s computational thinking? 2.) How do varied design elements in the Smart Playground support the development of different aspects of computational thinking among children? 3.) In what ways do Latinx children, teachers, and families in Santa Ana propose to integrate local, cultural, and learning practices into the Smart Playground during co-design activities? A wide range of quantitative and qualitative data governing student gains in computational thinking during baseline, implementation, and follow-up phases will inform the iterative process of design-test-redesign. The project will also collect, transcribe, and analyze observations, interviews, and meeting records to develop thematic insights into culturally sustaining designs and re-design of the Smart Playground elements. Ultimately, this project will result in an evidenced based set of prototypes and lessons that promote computational thinking and build from the cultural strengths of Latinx children. Designs and lessons will prioritize usable and scalable materials to create playful computational thinking opportunities in classrooms and playgrounds across the country and the world.&lt;br/&gt;&lt;br/&gt;This award reflects NSF's statutory mission and has been deemed worthy of support through evaluation using the Foundation's intellectual merit and broader impacts review criteria.</AbstractNarration>
<MinAmdLetterDate>05/16/2023</MinAmdLetterDate>
<MaxAmdLetterDate>09/12/2024</MaxAmdLetterDate>
<ARRAAmount/>
<TRAN_TYPE>Grant</TRAN_TYPE>
<CFDA_NUM>47.076</CFDA_NUM>
<NSF_PAR_USE_FLAG>1</NSF_PAR_USE_FLAG>
<FUND_AGCY_CODE>4900</FUND_AGCY_CODE>
<AWDG_AGCY_CODE>4900</AWDG_AGCY_CODE>
<AwardID>2301249</AwardID>
<Investigator>
<FirstName>Chris</FirstName>
<LastName>Rogers</LastName>
<PI_MID_INIT/>
<PI_SUFX_NAME/>
<PI_FULL_NAME>Chris Rogers</PI_FULL_NAME>
<EmailAddress><![CDATA[Crogers@tufts.edu]]></EmailAddress>
<NSF_ID>000440364</NSF_ID>
<StartDate>05/16/2023</StartDate>
<EndDate/>
<RoleCode>Principal Investigator</RoleCode>
</Investigator>
<Investigator>
<FirstName>Jennifer</FirstName>
<LastName>Cross</LastName>
<PI_MID_INIT>L</PI_MID_INIT>
<PI_SUFX_NAME/>
<PI_FULL_NAME>Jennifer L Cross</PI_FULL_NAME>
<EmailAddress><![CDATA[jennifer.cross@tufts.edu]]></EmailAddress>
<NSF_ID>000837317</NSF_ID>
<StartDate>05/16/2023</StartDate>
<EndDate/>
<RoleCode>Co-Principal Investigator</RoleCode>
</Investigator>
<Institution>
<Name><![CDATA[Tufts University]]></Name>
<CityName>SOMERVILLE</CityName>
<ZipCode>021442401</ZipCode>
<PhoneNumber>6176273696</PhoneNumber>
<StreetAddress><![CDATA[169 HOLLAND ST]]></StreetAddress>
<StreetAddress2/>
<CountryName>United States</CountryName>
<StateName>Massachusetts</StateName>
<StateCode>MA</StateCode>
<CONGRESSDISTRICT>07</CONGRESSDISTRICT>
<CONGRESS_DISTRICT_ORG>MA07</CONGRESS_DISTRICT_ORG>
<ORG_UEI_NUM>WL9FLBRVPJJ7</ORG_UEI_NUM>
<ORG_LGL_BUS_NAME>TRUSTEES OF TUFTS COLLEGE</ORG_LGL_BUS_NAME>
<ORG_PRNT_UEI_NUM>WL9FLBRVPJJ7</ORG_PRNT_UEI_NUM>
</Institution>
<Performance_Institution>
<Name><![CDATA[Tufts University]]></Name>
<CityName>SOMERVILLE</CityName>
<StateCode>MA</StateCode>
<ZipCode>021442401</ZipCode>
<StreetAddress><![CDATA[169 HOLLAND ST FL 3]]></StreetAddress>
<CountryCode>US</CountryCode>
<CountryName>United States</CountryName>
<StateName>Massachusetts</StateName>
<CountryFlag>1</CountryFlag>
<CONGRESSDISTRICT>07</CONGRESSDISTRICT>
<CONGRESS_DISTRICT_PERF>MA07</CONGRESS_DISTRICT_PERF>
</Performance_Institution>
<ProgramElement>
<Code>764500</Code>
<Text>Discovery Research K-12</Text>
</ProgramElement>
<Appropriation>
<Code/>
<Name/>
<APP_SYMB_ID/>
</Appropriation>
<Appropriation>
<Code/>
<Name/>
<APP_SYMB_ID/>
</Appropriation>
<Fund>
<Code>04002425DB</Code>
<Name><![CDATA[NSF STEM Education]]></Name>
<FUND_SYMB_ID>040106</FUND_SYMB_ID>
</Fund>
<Fund>
<Code>04002324DB</Code>
<Name><![CDATA[NSF STEM Education]]></Name>
<FUND_SYMB_ID>040106</FUND_SYMB_ID>
</Fund>
<FUND_OBLG>2023~349980</FUND_OBLG>
<FUND_OBLG>2024~174990</FUND_OBLG>
</Award>
</rootTag>
