<?xml version="1.0" encoding="UTF-8"?>
<rootTag>
<Award>
<AwardTitle><![CDATA[ERI: Dielectric Mixing Models for Coarse Aggregate]]></AwardTitle>
<AGENCY>NSF</AGENCY>
<AwardEffectiveDate>09/01/2023</AwardEffectiveDate>
<AwardExpirationDate>08/31/2025</AwardExpirationDate>
<AwardTotalIntnAmount>149330.00</AwardTotalIntnAmount>
<AwardAmount>149330</AwardAmount>
<AwardInstrument>
<Value>Standard Grant</Value>
</AwardInstrument>
<Organization>
<Code>07030000</Code>
<Directorate>
<Abbreviation>ENG</Abbreviation>
<LongName>Directorate For Engineering</LongName>
</Directorate>
<Division>
<Abbreviation>CMMI</Abbreviation>
<LongName>Div Of Civil, Mechanical, &amp; Manufact Inn</LongName>
</Division>
</Organization>
<ProgramOfficer>
<SignBlockName>Giovanna Biscontin</SignBlockName>
<PO_EMAI>gibiscon@nsf.gov</PO_EMAI>
<PO_PHON>7032922339</PO_PHON>
</ProgramOfficer>
<AbstractNarration>This Engineering Research Initiation (ERI) award supports research that will focus on improving dielectric mixing models used to estimate the relative permittivity of coarse aggregate mixes. Dielectric mixing models relate the physical characteristics of soil or aggregate (the water, air, and solid particles) to the bulk relative permittivity (bulk electrical material property) captured by  ground penetrating radar (GPR). These dielectric mixing models in turn are what allow engineers to estimate properties such as water content, saturation, density, or object depth from GPR data. The research will investigate the effect of particle gradation on relative permittivity measurements by creating a high-quality open data set of relative permittivity measurements on gradations ranging from smaller particles to larger particles which will close an existing gap in the literature. From these data a new dielectric mixing model suitable for coarse aggregate will be created. In addition, the funding will allow for Smith College students to work with the Girls Inc Eureka! program which will have the synergistic benefit of putting Smith College students in a mentoring role to middle school and high school girls in engineering and STEM. Simultaneously, it is anticipated that the Eureka! program students will be inspired by the college-aged women in engineering. &lt;br/&gt;&lt;br/&gt;In order to achieve the goal of producing an improved dielectric mixing model for coarse aggregates, large box tests (approximately 1 cubic meter in scale) will be conducted to produce a data set to develop a new dielectric mixing model. These box tests will consider a variety of materials with particle sizes ranging from sand-silt mixtures (which existing models should model well) up to cobble-gravel mixtures (which existing models are anticipated to model poorly). Specimens will be tested under dry, saturated, and partially saturated conditions. The work has three main objectives. The first objective is to establish the repeatability of common practices for specimen preparation and methods that produce the highest quality specimens. The second objective will be to create the data set of relative permittivity values covering a wide range of aggregate gradations, density, and water content. The third objective is to create and verify the dielectric mixing model suitable for coarse aggregates.&lt;br/&gt;&lt;br/&gt;This award reflects NSF's statutory mission and has been deemed worthy of support through evaluation using the Foundation's intellectual merit and broader impacts review criteria.</AbstractNarration>
<MinAmdLetterDate>09/06/2023</MinAmdLetterDate>
<MaxAmdLetterDate>09/06/2023</MaxAmdLetterDate>
<ARRAAmount/>
<TRAN_TYPE>Grant</TRAN_TYPE>
<CFDA_NUM>47.041</CFDA_NUM>
<NSF_PAR_USE_FLAG>1</NSF_PAR_USE_FLAG>
<FUND_AGCY_CODE>4900</FUND_AGCY_CODE>
<AWDG_AGCY_CODE>4900</AWDG_AGCY_CODE>
<AwardID>2301588</AwardID>
<Investigator>
<FirstName>Aaron</FirstName>
<LastName>Rubin</LastName>
<PI_MID_INIT>J</PI_MID_INIT>
<PI_SUFX_NAME/>
<PI_FULL_NAME>Aaron J Rubin</PI_FULL_NAME>
<EmailAddress><![CDATA[arubin@smith.edu]]></EmailAddress>
<NSF_ID>000788759</NSF_ID>
<StartDate>09/06/2023</StartDate>
<EndDate/>
<RoleCode>Principal Investigator</RoleCode>
</Investigator>
<Institution>
<Name><![CDATA[Smith College]]></Name>
<CityName>NORTHAMPTON</CityName>
<ZipCode>010636304</ZipCode>
<PhoneNumber>4135842700</PhoneNumber>
<StreetAddress><![CDATA[10 ELM ST]]></StreetAddress>
<StreetAddress2/>
<CountryName>United States</CountryName>
<StateName>Massachusetts</StateName>
<StateCode>MA</StateCode>
<CONGRESSDISTRICT>02</CONGRESSDISTRICT>
<CONGRESS_DISTRICT_ORG>MA02</CONGRESS_DISTRICT_ORG>
<ORG_UEI_NUM>KRDJLRA9X6F3</ORG_UEI_NUM>
<ORG_LGL_BUS_NAME>THE TRUSTEES OF THE SMITH COLLEGE</ORG_LGL_BUS_NAME>
<ORG_PRNT_UEI_NUM/>
</Institution>
<Performance_Institution>
<Name><![CDATA[Smith College]]></Name>
<CityName>NORTHAMPTON</CityName>
<StateCode>MA</StateCode>
<ZipCode>010636302</ZipCode>
<StreetAddress><![CDATA[1 CHAPIN WAY]]></StreetAddress>
<CountryCode>US</CountryCode>
<CountryName>United States</CountryName>
<StateName>Massachusetts</StateName>
<CountryFlag>1</CountryFlag>
<CONGRESSDISTRICT>02</CONGRESSDISTRICT>
<CONGRESS_DISTRICT_PERF>MA02</CONGRESS_DISTRICT_PERF>
</Performance_Institution>
<ProgramElement>
<Code>073Y00</Code>
<Text>ECI-Engineering for Civil Infr</Text>
</ProgramElement>
<ProgramElement>
<Code>180Y00</Code>
<Text>ERI-Eng. Research Initiation</Text>
</ProgramElement>
<ProgramReference>
<Code>036E</Code>
<Text>CIVIL INFRASTRUCTURE</Text>
</ProgramReference>
<ProgramReference>
<Code>037E</Code>
<Text>GEOTECHNICAL ENGINEERING</Text>
</ProgramReference>
<ProgramReference>
<Code>172E</Code>
<Text>Geomechanics</Text>
</ProgramReference>
<ProgramReference>
<Code>9102</Code>
<Text>WOMEN, MINORITY, DISABLED, NEC</Text>
</ProgramReference>
<ProgramReference>
<Code>9264</Code>
<Text>RESEARCH INITIATION AWARD</Text>
</ProgramReference>
<ProgramReference>
<Code>CVIS</Code>
<Text>CIVIL INFRASTRUCTURE</Text>
</ProgramReference>
<Appropriation>
<Code/>
<Name/>
<APP_SYMB_ID/>
</Appropriation>
<Fund>
<Code>01002324DB</Code>
<Name><![CDATA[NSF RESEARCH & RELATED ACTIVIT]]></Name>
<FUND_SYMB_ID>040100</FUND_SYMB_ID>
</Fund>
<FUND_OBLG>2023~149330</FUND_OBLG>
</Award>
</rootTag>
