<?xml version="1.0" encoding="UTF-8"?>
<rootTag>
<Award>
<AwardTitle><![CDATA[Collaborative Research: RI: AF: Small: Long-Term Impact of Fair Machine Learning under Strategic Individual Behavior]]></AwardTitle>
<AGENCY>NSF</AGENCY>
<AwardEffectiveDate>11/01/2022</AwardEffectiveDate>
<AwardExpirationDate>09/30/2025</AwardExpirationDate>
<AwardTotalIntnAmount>253472.00</AwardTotalIntnAmount>
<AwardAmount>253472</AwardAmount>
<AwardInstrument>
<Value>Standard Grant</Value>
</AwardInstrument>
<Organization>
<Code>05020000</Code>
<Directorate>
<Abbreviation>CSE</Abbreviation>
<LongName>Direct For Computer &amp; Info Scie &amp; Enginr</LongName>
</Directorate>
<Division>
<Abbreviation>IIS</Abbreviation>
<LongName>Div Of Information &amp; Intelligent Systems</LongName>
</Division>
</Organization>
<ProgramOfficer>
<SignBlockName>Vladimir Pavlovic</SignBlockName>
<PO_EMAI>vpavlovi@nsf.gov</PO_EMAI>
<PO_PHON>7032928318</PO_PHON>
</ProgramOfficer>
<AbstractNarration>The development of Machine learning (ML) techniques have revolutionized society and enabled breakthroughs in various scientific fields. Despite the enormous social benefits, ML techniques have also caused ethical concerns when used to make decisions about humans. It has been evident that in many high-stakes applications, such as hiring, lending, criminal justice, and college admission, ML techniques may exhibit bias against disadvantaged or marginalized social groups or be vulnerable to individual strategic behavior. Recent studies have largely examined these as two separate issues in a static framework. However, the long-term impacts of ML techniques on the well-being of the population remain unclear. Since ML algorithms are deployed in a dynamic environment (i.e., individuals adapt their behaviors strategically and repeatedly as they interact with ML algorithms), ML developed in a static framework without considering human feedback effects may behave in an unanticipated and potentially harmful way. This project moves beyond static settings and aims to understand the long-term impacts of fair ML under dynamic human-ML interactions. Such an understanding is critical to ensure the trustworthiness of ML techniques and can be leveraged for designing effective interventions that promote long-term social welfare and equity; it may further help guide policymakers to design policies that better serve society. &lt;br/&gt;&lt;br/&gt;This project studies fairness problems in a sequential framework with humans repeatedly interacting with ML systems. Three key research questions will be addressed when investigating the long-term impacts of fair ML: (1) how to rigorously model individual strategic behavior and its impact on ML development; (2) how to validate and analyze the human behavioral model; and (3) what approaches can be taken to improve long-term human well-being? Integrating the knowledge from machine learning, stochastic control, game theory, and social sciences, this project will first establish an analytical framework that characterizes the complex sequential interactions between strategic individuals and ML. This framework could enable the rigorous analysis of the evolution of population dynamics and be further leveraged for developing effective interventions that improve social welfare and long-term equity. Finally, this project will conduct different analyses and experiments to examine the robustness and accuracy of the proposed framework and results.&lt;br/&gt;&lt;br/&gt;This award reflects NSF's statutory mission and has been deemed worthy of support through evaluation using the Foundation's intellectual merit and broader impacts review criteria.</AbstractNarration>
<MinAmdLetterDate>10/21/2022</MinAmdLetterDate>
<MaxAmdLetterDate>10/21/2022</MaxAmdLetterDate>
<ARRAAmount/>
<TRAN_TYPE>Grant</TRAN_TYPE>
<CFDA_NUM>47.070</CFDA_NUM>
<NSF_PAR_USE_FLAG>1</NSF_PAR_USE_FLAG>
<FUND_AGCY_CODE>4900</FUND_AGCY_CODE>
<AWDG_AGCY_CODE>4900</AWDG_AGCY_CODE>
<AwardID>2301599</AwardID>
<Investigator>
<FirstName>Mohammadmahdi</FirstName>
<LastName>Khaliligarekani</LastName>
<PI_MID_INIT/>
<PI_SUFX_NAME/>
<PI_FULL_NAME>Mohammadmahdi Khaliligarekani</PI_FULL_NAME>
<EmailAddress><![CDATA[khaliligarekani.1@osu.edu]]></EmailAddress>
<NSF_ID>000828264</NSF_ID>
<StartDate>10/21/2022</StartDate>
<EndDate/>
<RoleCode>Principal Investigator</RoleCode>
</Investigator>
<Institution>
<Name><![CDATA[Ohio State University]]></Name>
<CityName>COLUMBUS</CityName>
<ZipCode>432101016</ZipCode>
<PhoneNumber>6146888735</PhoneNumber>
<StreetAddress><![CDATA[1960 KENNY RD]]></StreetAddress>
<StreetAddress2/>
<CountryName>United States</CountryName>
<StateName>Ohio</StateName>
<StateCode>OH</StateCode>
<CONGRESSDISTRICT>03</CONGRESSDISTRICT>
<CONGRESS_DISTRICT_ORG>OH03</CONGRESS_DISTRICT_ORG>
<ORG_UEI_NUM>DLWBSLWAJWR1</ORG_UEI_NUM>
<ORG_LGL_BUS_NAME>OHIO STATE UNIVERSITY, THE</ORG_LGL_BUS_NAME>
<ORG_PRNT_UEI_NUM>MN4MDDMN8529</ORG_PRNT_UEI_NUM>
</Institution>
<Performance_Institution>
<Name><![CDATA[Ohio State University]]></Name>
<CityName>COLUMBUS</CityName>
<StateCode>OH</StateCode>
<ZipCode>432101016</ZipCode>
<StreetAddress><![CDATA[1960 KENNY RD]]></StreetAddress>
<CountryCode>US</CountryCode>
<CountryName>United States</CountryName>
<StateName>Ohio</StateName>
<CountryFlag>1</CountryFlag>
<CONGRESSDISTRICT>03</CONGRESSDISTRICT>
<CONGRESS_DISTRICT_PERF>OH03</CONGRESS_DISTRICT_PERF>
</Performance_Institution>
<ProgramElement>
<Code>749500</Code>
<Text>Robust Intelligence</Text>
</ProgramElement>
<ProgramReference>
<Code>7495</Code>
<Text>ROBUST INTELLIGENCE</Text>
</ProgramReference>
<ProgramReference>
<Code>7923</Code>
<Text>SMALL PROJECT</Text>
</ProgramReference>
<Appropriation>
<Code/>
<Name/>
<APP_SYMB_ID/>
</Appropriation>
<Fund>
<Code>01002223DB</Code>
<Name><![CDATA[NSF RESEARCH & RELATED ACTIVIT]]></Name>
<FUND_SYMB_ID>040100</FUND_SYMB_ID>
</Fund>
<FUND_OBLG>2022~253472</FUND_OBLG>
</Award>
</rootTag>
