<?xml version="1.0" encoding="UTF-8"?>
<rootTag>
<Award>
<AwardTitle><![CDATA[ERI: Developing a Trust-supporting Design Framework with Affect for Human-AI Collaboration]]></AwardTitle>
<AGENCY>NSF</AGENCY>
<AwardEffectiveDate>07/01/2023</AwardEffectiveDate>
<AwardExpirationDate>06/30/2025</AwardExpirationDate>
<AwardTotalIntnAmount>200000.00</AwardTotalIntnAmount>
<AwardAmount>200000</AwardAmount>
<AwardInstrument>
<Value>Standard Grant</Value>
</AwardInstrument>
<Organization>
<Code>07030000</Code>
<Directorate>
<Abbreviation>ENG</Abbreviation>
<LongName>Directorate For Engineering</LongName>
</Directorate>
<Division>
<Abbreviation>CMMI</Abbreviation>
<LongName>Div Of Civil, Mechanical, &amp; Manufact Inn</LongName>
</Division>
</Organization>
<ProgramOfficer>
<SignBlockName>Georgia-Ann Klutke</SignBlockName>
<PO_EMAI>gaklutke@nsf.gov</PO_EMAI>
<PO_PHON>7032922443</PO_PHON>
</ProgramOfficer>
<AbstractNarration>This Engineering Research Initiation (ERI) project aims to understand the role of affect in developing trust during collaborations between users and Artificial Intelligence (AI) system for engineering design, which will then inform design guidelines for improving trust and collaboration outcomes. Modern AI systems have become more interactive and sophisticated than legacy automated systems. However, trust between humans and AI systems is in a potential crisis. While affect is an essential element of trust development and can significantly influence people’s tendency to collaborate, it has not been studied quantitatively in human-AI collaboration or modeled holistically with respect to system design attributes. To address this gap, this research will: (1) examine the influence of affect in user trust during interactions with an AI-powered conversational agent; (2) investigate how trust in AI influences human-AI collaboration; and (3) develop a value model that considers affect and system attributes comprehensively. This research will advance knowledge of trust development with an emphasis on affect and the design of AI systems. The knowledge will inform a design framework that enables AI systems to be trusted, accepted, and utilized more to augment human capabilities in completing complex tasks. Improved human-AI collaboration will enhance the quality of human life and potentially benefit disadvantaged populations, such as senior citizens, who are not early technology adopters, as well as telehealth applications, where trust can be tenuous. &lt;br/&gt;&lt;br/&gt;The overarching goal of this project is to advance knowledge about the nature of trust development in human-Artificial Intelligence (AI) collaboration and how engineering designers can enhance trust in the design of AI systems to improve collaboration outcomes. The research examines the effect of affect, system performance, and system characteristics on user trust in an AI-powered conversational agent for a collaborative design task, and investigates how human-AI trust influences design outcomes. The research will holistically model users’ value judgments using a modified conjoint analysis of both affect and system-related attributes. The results will inform an innovative design framework that indicates the relative importance of the attributes and favorable design directions for human-AI collaboration. The research has the potential for broad societal impact by providing tangible guidelines for how to improve and maintain trustworthy human-AI collaborations, which augment the human capability of completing cognitively demanding tasks and may particularly benefit disadvantaged populations. The research serves as the basis for a broader range of design applications beyond web interfaces and dialogues, and will provide transformative knowledge of human-AI interactions in virtual environments and for complex systems.&lt;br/&gt;&lt;br/&gt;This award reflects NSF's statutory mission and has been deemed worthy of support through evaluation using the Foundation's intellectual merit and broader impacts review criteria.</AbstractNarration>
<MinAmdLetterDate>05/31/2023</MinAmdLetterDate>
<MaxAmdLetterDate>05/31/2023</MaxAmdLetterDate>
<ARRAAmount/>
<TRAN_TYPE>Grant</TRAN_TYPE>
<CFDA_NUM>47.041</CFDA_NUM>
<NSF_PAR_USE_FLAG>1</NSF_PAR_USE_FLAG>
<FUND_AGCY_CODE>4900</FUND_AGCY_CODE>
<AWDG_AGCY_CODE>4900</AWDG_AGCY_CODE>
<AwardID>2301846</AwardID>
<Investigator>
<FirstName>Ting</FirstName>
<LastName>Liao</LastName>
<PI_MID_INIT/>
<PI_SUFX_NAME/>
<PI_FULL_NAME>Ting Liao</PI_FULL_NAME>
<EmailAddress><![CDATA[tliao@stevens.edu]]></EmailAddress>
<NSF_ID>000851659</NSF_ID>
<StartDate>05/31/2023</StartDate>
<EndDate/>
<RoleCode>Principal Investigator</RoleCode>
</Investigator>
<Institution>
<Name><![CDATA[Stevens Institute of Technology]]></Name>
<CityName>HOBOKEN</CityName>
<ZipCode>070305906</ZipCode>
<PhoneNumber>2012168762</PhoneNumber>
<StreetAddress><![CDATA[ONE CASTLE POINT ON HUDSON]]></StreetAddress>
<StreetAddress2/>
<CountryName>United States</CountryName>
<StateName>New Jersey</StateName>
<StateCode>NJ</StateCode>
<CONGRESSDISTRICT>08</CONGRESSDISTRICT>
<CONGRESS_DISTRICT_ORG>NJ08</CONGRESS_DISTRICT_ORG>
<ORG_UEI_NUM>JJ6CN5Y5A2R5</ORG_UEI_NUM>
<ORG_LGL_BUS_NAME>THE TRUSTEES OF THE STEVENS INSTITUTE OF TECHNOLOGY</ORG_LGL_BUS_NAME>
<ORG_PRNT_UEI_NUM/>
</Institution>
<Performance_Institution>
<Name><![CDATA[Stevens Institute of Technology]]></Name>
<CityName>HOBOKEN</CityName>
<StateCode>NJ</StateCode>
<ZipCode>070305906</ZipCode>
<StreetAddress><![CDATA[1 CASTLE POINT ON HUDSON]]></StreetAddress>
<CountryCode>US</CountryCode>
<CountryName>United States</CountryName>
<StateName>New Jersey</StateName>
<CountryFlag>1</CountryFlag>
<CONGRESSDISTRICT>08</CONGRESSDISTRICT>
<CONGRESS_DISTRICT_PERF>NJ08</CONGRESS_DISTRICT_PERF>
</Performance_Institution>
<ProgramElement>
<Code>072Y00</Code>
<Text>EDSE-Engineering Design and Sy</Text>
</ProgramElement>
<ProgramElement>
<Code>180Y00</Code>
<Text>ERI-Eng. Research Initiation</Text>
</ProgramElement>
<ProgramReference>
<Code>067E</Code>
<Text>DESIGN TOOLS</Text>
</ProgramReference>
<ProgramReference>
<Code>068E</Code>
<Text>DESIGN THEORY</Text>
</ProgramReference>
<ProgramReference>
<Code>075Z</Code>
<Text>Artificial Intelligence (AI)</Text>
</ProgramReference>
<ProgramReference>
<Code>9102</Code>
<Text>WOMEN, MINORITY, DISABLED, NEC</Text>
</ProgramReference>
<ProgramReference>
<Code>9264</Code>
<Text>RESEARCH INITIATION AWARD</Text>
</ProgramReference>
<Appropriation>
<Code/>
<Name/>
<APP_SYMB_ID/>
</Appropriation>
<Fund>
<Code>01002324DB</Code>
<Name><![CDATA[NSF RESEARCH & RELATED ACTIVIT]]></Name>
<FUND_SYMB_ID>040100</FUND_SYMB_ID>
</Fund>
<FUND_OBLG>2023~200000</FUND_OBLG>
</Award>
</rootTag>
