<?xml version="1.0" encoding="UTF-8"?>
<rootTag>
<Award>
<AwardTitle><![CDATA[ERI: Increasing the Fundamental Understanding of the Auxetic Behavior of  Graphene Oxide Membranes]]></AwardTitle>
<AGENCY>NSF</AGENCY>
<AwardEffectiveDate>07/01/2023</AwardEffectiveDate>
<AwardExpirationDate>06/30/2025</AwardExpirationDate>
<AwardTotalIntnAmount>199994.00</AwardTotalIntnAmount>
<AwardAmount>199994</AwardAmount>
<AwardInstrument>
<Value>Standard Grant</Value>
</AwardInstrument>
<Organization>
<Code>07030000</Code>
<Directorate>
<Abbreviation>ENG</Abbreviation>
<LongName>Directorate For Engineering</LongName>
</Directorate>
<Division>
<Abbreviation>CMMI</Abbreviation>
<LongName>Div Of Civil, Mechanical, &amp; Manufact Inn</LongName>
</Division>
</Organization>
<ProgramOfficer>
<SignBlockName>Ashfaq Adnan</SignBlockName>
<PO_EMAI>aadnan@nsf.gov</PO_EMAI>
<PO_PHON>7032927386</PO_PHON>
</ProgramOfficer>
<AbstractNarration>When materials are stretched in one direction, it is typical that the dimensions in the other directions tend to decrease. However, some advanced materials, known as auxetic materials, exhibit a cross-sectional expansion that is perpendicular to the force applied during stretching. Auxetic materials are currently used in applications such as body armor, packing materials, knee and elbow pads, and sponge mops. Graphene oxide membranes are identified with auxetic behavior, which make them excellent candidate for a wide range of promising separation and filtration applications in the biomedical, automobile, and defense industries, and for clean energy. However, there is still a limited understanding of the underlying mechanism in their auxetic behavior. In this Engineering Research Initiation (ERI) project, a series of experiments will be carried out to gain a deeper understanding of the structure of graphene oxide membranes that causes its auxetic behavior. This project will provide research experiences for undergraduate students at Union College, especially those from traditionally underrepresented backgrounds. These research experiences will prepare students for scientific and technical careers, and/or graduate studies in nanotechnology-based industries. In addition, the research will be integrated into Union’s mechanical engineering curriculum to improve engineering education. &lt;br/&gt;&lt;br/&gt;The objectives of this project are two-fold: 1) to achieve a fundamental understanding of the auxetic behavior of graphene oxide membranes by conducting experiments based on two hypotheses - the “wrinkle” and/or the “auxetic framework” are responsible for the behavior, and 2) to investigate how negative Poisson ratio customization affects the mechanical properties, stability, permeability, and potential applications of the membranes. Specifically, this experimental research will explore the relationship between the negative Poisson ratio and the size, orientation, and deformation of wrinkles, as per the "wrinkle" hypothesis. It will also investigate the correlation between the negative Poisson ratio and the oxygen/carbon atomic ratio of the "auxetic framework" hypothesis. By combining experimental studies and dynamic analyses, this project aims to not only identify the structural basis of graphene oxide membrane's auxetic behavior but also devise techniques for customizing this behavior to address a range of engineering challenges. This research project is also expected to lay the groundwork for the PI’s future research endeavors in the short and long term.&lt;br/&gt;&lt;br/&gt;This award reflects NSF's statutory mission and has been deemed worthy of support through evaluation using the Foundation's intellectual merit and broader impacts review criteria.</AbstractNarration>
<MinAmdLetterDate>05/17/2023</MinAmdLetterDate>
<MaxAmdLetterDate>05/17/2023</MaxAmdLetterDate>
<ARRAAmount/>
<TRAN_TYPE>Grant</TRAN_TYPE>
<CFDA_NUM>47.041</CFDA_NUM>
<NSF_PAR_USE_FLAG>1</NSF_PAR_USE_FLAG>
<FUND_AGCY_CODE>4900</FUND_AGCY_CODE>
<AWDG_AGCY_CODE>4900</AWDG_AGCY_CODE>
<AwardID>2301838</AwardID>
<Investigator>
<FirstName>Yijing</FirstName>
<LastName>Stehle</LastName>
<PI_MID_INIT>Y</PI_MID_INIT>
<PI_SUFX_NAME/>
<PI_FULL_NAME>Yijing Y Stehle</PI_FULL_NAME>
<EmailAddress><![CDATA[stehley@union.edu]]></EmailAddress>
<NSF_ID>000811340</NSF_ID>
<StartDate>05/17/2023</StartDate>
<EndDate/>
<RoleCode>Principal Investigator</RoleCode>
</Investigator>
<Institution>
<Name><![CDATA[Union College]]></Name>
<CityName>SCHENECTADY</CityName>
<ZipCode>123083256</ZipCode>
<PhoneNumber>5183886101</PhoneNumber>
<StreetAddress><![CDATA[807 UNION ST]]></StreetAddress>
<StreetAddress2/>
<CountryName>United States</CountryName>
<StateName>New York</StateName>
<StateCode>NY</StateCode>
<CONGRESSDISTRICT>20</CONGRESSDISTRICT>
<CONGRESS_DISTRICT_ORG>NY20</CONGRESS_DISTRICT_ORG>
<ORG_UEI_NUM>HE9HQBNZHHB5</ORG_UEI_NUM>
<ORG_LGL_BUS_NAME>TRUSTEES OF UNION COLLEGE IN THE TOWN OF SCHENECTADY IN THE STATE OF NEW YORK</ORG_LGL_BUS_NAME>
<ORG_PRNT_UEI_NUM/>
</Institution>
<Performance_Institution>
<Name><![CDATA[Union College]]></Name>
<CityName>SCHENECTADY</CityName>
<StateCode>NY</StateCode>
<ZipCode>123083256</ZipCode>
<StreetAddress><![CDATA[807 UNION ST]]></StreetAddress>
<CountryCode>US</CountryCode>
<CountryName>United States</CountryName>
<StateName>New York</StateName>
<CountryFlag>1</CountryFlag>
<CONGRESSDISTRICT>20</CONGRESSDISTRICT>
<CONGRESS_DISTRICT_PERF>NY20</CONGRESS_DISTRICT_PERF>
</Performance_Institution>
<ProgramElement>
<Code>163000</Code>
<Text>Mechanics of Materials and Str</Text>
</ProgramElement>
<ProgramElement>
<Code>180Y00</Code>
<Text>ERI-Eng. Research Initiation</Text>
</ProgramElement>
<ProgramReference>
<Code>024E</Code>
<Text>MATERIALS DESIGN</Text>
</ProgramReference>
<ProgramReference>
<Code>026E</Code>
<Text>STRUCTURAL MECHANICS</Text>
</ProgramReference>
<ProgramReference>
<Code>9102</Code>
<Text>WOMEN, MINORITY, DISABLED, NEC</Text>
</ProgramReference>
<ProgramReference>
<Code>9178</Code>
<Text>UNDERGRADUATE EDUCATION</Text>
</ProgramReference>
<ProgramReference>
<Code>9264</Code>
<Text>RESEARCH INITIATION AWARD</Text>
</ProgramReference>
<Appropriation>
<Code/>
<Name/>
<APP_SYMB_ID/>
</Appropriation>
<Fund>
<Code>01002324DB</Code>
<Name><![CDATA[NSF RESEARCH & RELATED ACTIVIT]]></Name>
<FUND_SYMB_ID>040100</FUND_SYMB_ID>
</Fund>
<FUND_OBLG>2023~199994</FUND_OBLG>
</Award>
</rootTag>
