<?xml version="1.0" encoding="UTF-8"?>
<rootTag>
<Award>
<AwardTitle><![CDATA[Center: DeafTEC Resource Center Renewal Grant]]></AwardTitle>
<AGENCY>NSF</AGENCY>
<AwardEffectiveDate>08/01/2023</AwardEffectiveDate>
<AwardExpirationDate>07/31/2026</AwardExpirationDate>
<AwardTotalIntnAmount>1649965.00</AwardTotalIntnAmount>
<AwardAmount>1784153</AwardAmount>
<AwardInstrument>
<Value>Standard Grant</Value>
</AwardInstrument>
<Organization>
<Code>11040100</Code>
<Directorate>
<Abbreviation>EDU</Abbreviation>
<LongName>Directorate for STEM Education</LongName>
</Directorate>
<Division>
<Abbreviation>DUE</Abbreviation>
<LongName>Division Of Undergraduate Education</LongName>
</Division>
</Organization>
<ProgramOfficer>
<SignBlockName>Virginia Carter</SignBlockName>
<PO_EMAI>vccarter@nsf.gov</PO_EMAI>
<PO_PHON>7032924651</PO_PHON>
</ProgramOfficer>
<AbstractNarration>Although progress has been made, people with disabilities continue to be employed at rates much lower than the rest of the population. This lower employment rate is especially true of Americans who are deaf or hard of hearing (D/HH). The most recent available data from 2019 shows 44% of deaf and hard-of-hearing (D/HH) people have opted out of the labor force, at more than double the rate for the general population (21%). College graduation can provide major economic benefits for D/HH individuals who have the potential to earn 67% more than non-college graduates. Being employed in STEM provides an even greater benefit, since D/HH individuals in STEM occupations earn 24% more than their peers in non-STEM fields. The ATE Technological Education Center for D/HH Students, DeafTEC, works to increase the access of D/HH individuals to career information, to technician education, and to gainful employment. The goal of DeafTEC is to increase the number of D/HH individuals in highly skilled technician jobs in which there continues to be underrepresentation and underutilization of these individuals in the workplace.&lt;br/&gt;&lt;br/&gt;The DeafTEC Resource Center will continue to build on and utilize the exemplary materials and network that have been developed as well as achieve sustainability and institutionalization of our key functions. The Center will: (1) leverage partnerships to broaden professional development opportunities onsite and online for high school teachers, community college faculty, and employers to improve access to learning and technician employment for D/HH students; (2) expand, enhance, and broadly distribute DeafTEC’s innovative online resources available through its website that serves as a national resources for teaching D/HH students and military student veterans with hearing loss in technician education programs; and (3) collaborate with PIs of current ATE projects and centers on creating inclusive environments for D/HH students and student veterans with hearing loss. This project is funded by the Advanced Technological Education program that focuses on the education of technicians for the advanced-technology fields that drive the nation's economy.&lt;br/&gt;&lt;br/&gt;This award reflects NSF's statutory mission and has been deemed worthy of support through evaluation using the Foundation's intellectual merit and broader impacts review criteria.</AbstractNarration>
<MinAmdLetterDate>05/02/2023</MinAmdLetterDate>
<MaxAmdLetterDate>05/31/2024</MaxAmdLetterDate>
<ARRAAmount/>
<TRAN_TYPE>Grant</TRAN_TYPE>
<CFDA_NUM>47.076</CFDA_NUM>
<NSF_PAR_USE_FLAG>1</NSF_PAR_USE_FLAG>
<FUND_AGCY_CODE>4900</FUND_AGCY_CODE>
<AWDG_AGCY_CODE>4900</AWDG_AGCY_CODE>
<AwardID>2301149</AwardID>
<Investigator>
<FirstName>Donna</FirstName>
<LastName>Lange</LastName>
<PI_MID_INIT/>
<PI_SUFX_NAME/>
<PI_FULL_NAME>Donna Lange</PI_FULL_NAME>
<EmailAddress><![CDATA[dalndp@rit.edu]]></EmailAddress>
<NSF_ID>000157672</NSF_ID>
<StartDate>05/02/2023</StartDate>
<EndDate/>
<RoleCode>Principal Investigator</RoleCode>
</Investigator>
<Investigator>
<FirstName>Brian</FirstName>
<LastName>Trager</LastName>
<PI_MID_INIT/>
<PI_SUFX_NAME/>
<PI_FULL_NAME>Brian Trager</PI_FULL_NAME>
<EmailAddress><![CDATA[bptnbs@rit.edu]]></EmailAddress>
<NSF_ID>000624320</NSF_ID>
<StartDate>05/02/2023</StartDate>
<EndDate/>
<RoleCode>Co-Principal Investigator</RoleCode>
</Investigator>
<Investigator>
<FirstName>Keith</FirstName>
<LastName>Mousley</LastName>
<PI_MID_INIT/>
<PI_SUFX_NAME/>
<PI_FULL_NAME>Keith Mousley</PI_FULL_NAME>
<EmailAddress><![CDATA[kxmntm@rit.edu]]></EmailAddress>
<NSF_ID>000666066</NSF_ID>
<StartDate>05/02/2023</StartDate>
<EndDate/>
<RoleCode>Co-Principal Investigator</RoleCode>
</Investigator>
<Investigator>
<FirstName>Linda</FirstName>
<LastName>Bryant</LastName>
<PI_MID_INIT>M</PI_MID_INIT>
<PI_SUFX_NAME/>
<PI_FULL_NAME>Linda M Bryant</PI_FULL_NAME>
<EmailAddress><![CDATA[lmbnca@rit.edu]]></EmailAddress>
<NSF_ID>000838583</NSF_ID>
<StartDate>05/02/2023</StartDate>
<EndDate/>
<RoleCode>Co-Principal Investigator</RoleCode>
</Investigator>
<Institution>
<Name><![CDATA[Rochester Institute of Tech]]></Name>
<CityName>ROCHESTER</CityName>
<ZipCode>146235603</ZipCode>
<PhoneNumber>5854757987</PhoneNumber>
<StreetAddress><![CDATA[1 LOMB MEMORIAL DR]]></StreetAddress>
<StreetAddress2/>
<CountryName>United States</CountryName>
<StateName>New York</StateName>
<StateCode>NY</StateCode>
<CONGRESSDISTRICT>25</CONGRESSDISTRICT>
<CONGRESS_DISTRICT_ORG>NY25</CONGRESS_DISTRICT_ORG>
<ORG_UEI_NUM>J6TWTRKC1X14</ORG_UEI_NUM>
<ORG_LGL_BUS_NAME>ROCHESTER INSTITUTE OF TECHNOLOGY</ORG_LGL_BUS_NAME>
<ORG_PRNT_UEI_NUM/>
</Institution>
<Performance_Institution>
<Name><![CDATA[Rochester Institute of Technology]]></Name>
<CityName>ROCHESTER</CityName>
<StateCode>NY</StateCode>
<ZipCode>146235603</ZipCode>
<StreetAddress><![CDATA[1 LOMB MEMORIAL DR]]></StreetAddress>
<CountryCode>US</CountryCode>
<CountryName>United States</CountryName>
<StateName>New York</StateName>
<CountryFlag>1</CountryFlag>
<CONGRESSDISTRICT>25</CONGRESSDISTRICT>
<CONGRESS_DISTRICT_PERF>NY25</CONGRESS_DISTRICT_PERF>
</Performance_Institution>
<ProgramElement>
<Code>741200</Code>
<Text>Advanced Tech Education Prog</Text>
</ProgramElement>
<ProgramReference>
<Code>1032</Code>
<Text>ADVANCED TECHNOLOGY EDUCATION</Text>
</ProgramReference>
<ProgramReference>
<Code>9178</Code>
<Text>UNDERGRADUATE EDUCATION</Text>
</ProgramReference>
<ProgramReference>
<Code>SMET</Code>
<Text>SCIENCE, MATH, ENG &amp; TECH EDUCATION</Text>
</ProgramReference>
<Appropriation>
<Code/>
<Name/>
<APP_SYMB_ID/>
</Appropriation>
<Appropriation>
<Code/>
<Name/>
<APP_SYMB_ID/>
</Appropriation>
<Fund>
<Code>04002425DB</Code>
<Name><![CDATA[NSF STEM Education]]></Name>
<FUND_SYMB_ID>040106</FUND_SYMB_ID>
</Fund>
<Fund>
<Code>04002324DB</Code>
<Name><![CDATA[NSF STEM Education]]></Name>
<FUND_SYMB_ID>040106</FUND_SYMB_ID>
</Fund>
<FUND_OBLG>2023~1649965</FUND_OBLG>
<FUND_OBLG>2024~134188</FUND_OBLG>
</Award>
</rootTag>
