<?xml version="1.0" encoding="UTF-8"?>
<rootTag>
<Award>
<AwardTitle><![CDATA[ERI: Reconfigurable Highly-Ordered Microlayers Between Liquid Interfaces]]></AwardTitle>
<AGENCY>NSF</AGENCY>
<AwardEffectiveDate>06/01/2023</AwardEffectiveDate>
<AwardExpirationDate>05/31/2025</AwardExpirationDate>
<AwardTotalIntnAmount>200000.00</AwardTotalIntnAmount>
<AwardAmount>200000</AwardAmount>
<AwardInstrument>
<Value>Standard Grant</Value>
</AwardInstrument>
<Organization>
<Code>07020000</Code>
<Directorate>
<Abbreviation>ENG</Abbreviation>
<LongName>Directorate For Engineering</LongName>
</Directorate>
<Division>
<Abbreviation>CBET</Abbreviation>
<LongName>Div Of Chem, Bioeng, Env, &amp; Transp Sys</LongName>
</Division>
</Organization>
<ProgramOfficer>
<SignBlockName>Shahab Shojaei-Zadeh</SignBlockName>
<PO_EMAI>sshojaei@nsf.gov</PO_EMAI>
<PO_PHON>7032928045</PO_PHON>
</ProgramOfficer>
<AbstractNarration>Creating semi-solid structures between water-oil interfaces is critical in many fields, including drug delivery, tissue bio-mimicking, and energy applications. Amphiphiles, comprising water-loving and water-hating parts, could be used to construct organized microlayers between liquid-liquid interfaces. The interfacial microlayer in such systems forms instantaneously at the interface yet continues to grow gradually, making it challenging to create a well-controlled thickness at the interface. The current award aims to address this challenge by investigating and understanding the underlying mechanisms that control interface growth and dynamics experimentally. The interdisciplinary nature of this award will provide opportunities to develop undergraduate and graduate curriculum, design educational outreach activities for the general public, and expose high school students with STEM subjects.&lt;br/&gt;&lt;br/&gt;Stabilizing oil-water interfaces to create hierarchical functional structures between fluidic interfaces has been a significant area of study in various material sciences and engineering fields. However, stabilizing and structuring fluidic interfaces by surfactant self-assembly has not been extensively explored. Creating a smart complex is advantageous and unique compared to the other relevant systems and can revolutionize many fields. First, surfactants are inexpensive and commercially available; thus, no special and time-consuming synthesis is needed. Furthermore, no other “all-liquid systems” can create meso-architectural morphologies, such as lamellar or hexagonal, except surfactant self-assembled systems. This award aims to investigate an aqueous surfactant system with oil cosurfactant to 1) identify spontaneous emulsification mechanism and control its kinetics rate; 2) control the microlayer growth and tune its viscoelasticity; 3) to integrate associative components to create reconfigurable interfaces, and 4) enhance the accessibility of STEM education for local underprivileged high school students. To accomplish these goals, experimental methods including interfacial tension measurement, shear and dilatational rheology, and microscopies will be utilized.&lt;br/&gt;&lt;br/&gt;This award reflects NSF's statutory mission and has been deemed worthy of support through evaluation using the Foundation's intellectual merit and broader impacts review criteria.</AbstractNarration>
<MinAmdLetterDate>03/21/2023</MinAmdLetterDate>
<MaxAmdLetterDate>03/21/2023</MaxAmdLetterDate>
<ARRAAmount/>
<TRAN_TYPE>Grant</TRAN_TYPE>
<CFDA_NUM>47.041</CFDA_NUM>
<NSF_PAR_USE_FLAG>1</NSF_PAR_USE_FLAG>
<FUND_AGCY_CODE>4900</FUND_AGCY_CODE>
<AWDG_AGCY_CODE>4900</AWDG_AGCY_CODE>
<AwardID>2301605</AwardID>
<Investigator>
<FirstName>Zahra</FirstName>
<LastName>Niroobakhsh</LastName>
<PI_MID_INIT/>
<PI_SUFX_NAME/>
<PI_FULL_NAME>Zahra Niroobakhsh</PI_FULL_NAME>
<EmailAddress><![CDATA[niroobakhshz@umkc.edu]]></EmailAddress>
<NSF_ID>000792884</NSF_ID>
<StartDate>03/21/2023</StartDate>
<EndDate/>
<RoleCode>Principal Investigator</RoleCode>
</Investigator>
<Institution>
<Name><![CDATA[University of Missouri-Kansas City]]></Name>
<CityName>COLUMBIA</CityName>
<ZipCode>652113020</ZipCode>
<PhoneNumber>8162355839</PhoneNumber>
<StreetAddress><![CDATA[118 UNIVERSITY HALL]]></StreetAddress>
<StreetAddress2/>
<CountryName>United States</CountryName>
<StateName>Missouri</StateName>
<StateCode>MO</StateCode>
<CONGRESSDISTRICT>03</CONGRESSDISTRICT>
<CONGRESS_DISTRICT_ORG>MO03</CONGRESS_DISTRICT_ORG>
<ORG_UEI_NUM>J9CDGR596MN3</ORG_UEI_NUM>
<ORG_LGL_BUS_NAME>THE CURATORS OF THE UNIVERSITY OF MISSOURI</ORG_LGL_BUS_NAME>
<ORG_PRNT_UEI_NUM/>
</Institution>
<Performance_Institution>
<Name><![CDATA[University of Missouri-Kansas City]]></Name>
<CityName>KANSAS CITY</CityName>
<StateCode>MO</StateCode>
<ZipCode>641102446</ZipCode>
<StreetAddress><![CDATA[5100 ROCKHILL RD]]></StreetAddress>
<CountryCode>US</CountryCode>
<CountryName>United States</CountryName>
<StateName>Missouri</StateName>
<CountryFlag>1</CountryFlag>
<CONGRESSDISTRICT>05</CONGRESSDISTRICT>
<CONGRESS_DISTRICT_PERF>MO05</CONGRESS_DISTRICT_PERF>
</Performance_Institution>
<ProgramElement>
<Code>164200</Code>
<Text>Special Initiatives</Text>
</ProgramElement>
<Appropriation>
<Code/>
<Name/>
<APP_SYMB_ID/>
</Appropriation>
<Fund>
<Code>01002324DB</Code>
<Name><![CDATA[NSF RESEARCH & RELATED ACTIVIT]]></Name>
<FUND_SYMB_ID>040100</FUND_SYMB_ID>
</Fund>
<FUND_OBLG>2023~200000</FUND_OBLG>
</Award>
</rootTag>
