<?xml version="1.0" encoding="UTF-8"?>
<rootTag>
<Award>
<AwardTitle><![CDATA[Connecting the Coast to the Cloud]]></AwardTitle>
<AGENCY>NSF</AGENCY>
<AwardEffectiveDate>06/01/2023</AwardEffectiveDate>
<AwardExpirationDate>05/31/2026</AwardExpirationDate>
<AwardTotalIntnAmount>649120.00</AwardTotalIntnAmount>
<AwardAmount>649120</AwardAmount>
<AwardInstrument>
<Value>Standard Grant</Value>
</AwardInstrument>
<Organization>
<Code>11040100</Code>
<Directorate>
<Abbreviation>EDU</Abbreviation>
<LongName>Directorate for STEM Education</LongName>
</Directorate>
<Division>
<Abbreviation>DUE</Abbreviation>
<LongName>Division Of Undergraduate Education</LongName>
</Division>
</Organization>
<ProgramOfficer>
<SignBlockName>Paul Tymann</SignBlockName>
<PO_EMAI>ptymann@nsf.gov</PO_EMAI>
<PO_PHON>7032922832</PO_PHON>
</ProgramOfficer>
<AbstractNarration>As local industries implement cloud-based solutions, there is an increasing need of skilled technicians to implement, maintain, and troubleshoot cloud services. This project team plans to design the curricula for a degree in Cloud Administration Technology with the input from local industry representatives to meet industry workforce needs. Students will get training related to networking, Internet of Things (IoT), programming, virtualization, and cloud computing. The project will take an interdisciplinary approach to prepare students to transfer their knowledge and skills to the workforce. The proposed project has the potential to grow the local talent-pool of cloud service technicians and provide a model curriculum informed by industry's needs for other community colleges to use.&lt;br/&gt;&lt;br/&gt;The three main goals of this project are: (1) to design a new curriculum leading to an AAS degree and/or a certificate in Cloud Administration Technology, (2) to increase the supply and diversity of the IT workforce in the Mississippi Gulf Coast region by increasing the enrollment of military veterans, removing obstacles for attendance of other students, and incorporating devices specific to students with special needs, and (3) to improve curriculum for the existing certificate in IoT and Smart Technology. The project team intends to work with local industry and high schools to enhance existing courses and develop new courses, while making the program more accessible to all students. The proposed curricula will be disseminated on the ATE Central website and outcomes will be shared locally at the biannual advisory committee meetings. The project team will attend and present at the annual ATE PI conference, as well other professional development conferences and workshops. This project is funded by the Advanced Technological Education program that focuses on the education of technicians for the advanced-technology fields that drive the Nation's economy.&lt;br/&gt;&lt;br/&gt;This award reflects NSF's statutory mission and has been deemed worthy of support through evaluation using the Foundation's intellectual merit and broader impacts review criteria.</AbstractNarration>
<MinAmdLetterDate>05/04/2023</MinAmdLetterDate>
<MaxAmdLetterDate>05/04/2023</MaxAmdLetterDate>
<ARRAAmount/>
<TRAN_TYPE>Grant</TRAN_TYPE>
<CFDA_NUM>47.076</CFDA_NUM>
<NSF_PAR_USE_FLAG>1</NSF_PAR_USE_FLAG>
<FUND_AGCY_CODE>4900</FUND_AGCY_CODE>
<AWDG_AGCY_CODE>4900</AWDG_AGCY_CODE>
<AwardID>2301179</AwardID>
<Investigator>
<FirstName>Melissa</FirstName>
<LastName>Hayes</LastName>
<PI_MID_INIT>R</PI_MID_INIT>
<PI_SUFX_NAME/>
<PI_FULL_NAME>Melissa R Hayes</PI_FULL_NAME>
<EmailAddress><![CDATA[robin.hayes@mgccc.edu]]></EmailAddress>
<NSF_ID>000631494</NSF_ID>
<StartDate>05/04/2023</StartDate>
<EndDate/>
<RoleCode>Principal Investigator</RoleCode>
</Investigator>
<Investigator>
<FirstName>Brian</FirstName>
<LastName>Donegan</LastName>
<PI_MID_INIT>T</PI_MID_INIT>
<PI_SUFX_NAME/>
<PI_FULL_NAME>Brian T Donegan</PI_FULL_NAME>
<EmailAddress><![CDATA[brian.donegan@mgccc.edu]]></EmailAddress>
<NSF_ID>000810726</NSF_ID>
<StartDate>05/04/2023</StartDate>
<EndDate/>
<RoleCode>Co-Principal Investigator</RoleCode>
</Investigator>
<Investigator>
<FirstName>Jamie</FirstName>
<LastName>Gruich</LastName>
<PI_MID_INIT>J</PI_MID_INIT>
<PI_SUFX_NAME/>
<PI_FULL_NAME>Jamie J Gruich</PI_FULL_NAME>
<EmailAddress><![CDATA[james.gruich@mgccc.edu]]></EmailAddress>
<NSF_ID>000810728</NSF_ID>
<StartDate>05/04/2023</StartDate>
<EndDate/>
<RoleCode>Co-Principal Investigator</RoleCode>
</Investigator>
<Investigator>
<FirstName>Vick</FirstName>
<LastName>Gauthreaux</LastName>
<PI_MID_INIT>A</PI_MID_INIT>
<PI_SUFX_NAME>Jr</PI_SUFX_NAME>
<PI_FULL_NAME>Vick A Gauthreaux</PI_FULL_NAME>
<EmailAddress><![CDATA[vic.gauthreaux@mgccc.edu]]></EmailAddress>
<NSF_ID>000901310</NSF_ID>
<StartDate>05/04/2023</StartDate>
<EndDate/>
<RoleCode>Co-Principal Investigator</RoleCode>
</Investigator>
<Investigator>
<FirstName>Jamie</FirstName>
<LastName>Olson</LastName>
<PI_MID_INIT>L</PI_MID_INIT>
<PI_SUFX_NAME/>
<PI_FULL_NAME>Jamie L Olson</PI_FULL_NAME>
<EmailAddress><![CDATA[Jamie.Olson@mgccc.edu]]></EmailAddress>
<NSF_ID>000906296</NSF_ID>
<StartDate>05/04/2023</StartDate>
<EndDate/>
<RoleCode>Co-Principal Investigator</RoleCode>
</Investigator>
<Institution>
<Name><![CDATA[Mississippi Gulf Coast Community College]]></Name>
<CityName>PERKINSTON</CityName>
<ZipCode>395733374</ZipCode>
<PhoneNumber>6019286278</PhoneNumber>
<StreetAddress><![CDATA[51 MAIN ST]]></StreetAddress>
<StreetAddress2/>
<CountryName>United States</CountryName>
<StateName>Mississippi</StateName>
<StateCode>MS</StateCode>
<CONGRESSDISTRICT>04</CONGRESSDISTRICT>
<CONGRESS_DISTRICT_ORG>MS04</CONGRESS_DISTRICT_ORG>
<ORG_UEI_NUM>F7BAGMPLN697</ORG_UEI_NUM>
<ORG_LGL_BUS_NAME>MISSISSIPPI GULF COAST COMMUNITY COLLEGE</ORG_LGL_BUS_NAME>
<ORG_PRNT_UEI_NUM>ZQAQCG122WQ4</ORG_PRNT_UEI_NUM>
</Institution>
<Performance_Institution>
<Name><![CDATA[Mississippi Gulf Coast Community College]]></Name>
<CityName>PERKINSTON</CityName>
<StateCode>MS</StateCode>
<ZipCode>395733374</ZipCode>
<StreetAddress><![CDATA[51 MAIN ST DARBY HALL]]></StreetAddress>
<CountryCode>US</CountryCode>
<CountryName>United States</CountryName>
<StateName>Mississippi</StateName>
<CountryFlag>1</CountryFlag>
<CONGRESSDISTRICT>04</CONGRESSDISTRICT>
<CONGRESS_DISTRICT_PERF>MS04</CONGRESS_DISTRICT_PERF>
</Performance_Institution>
<ProgramElement>
<Code>741200</Code>
<Text>Advanced Tech Education Prog</Text>
</ProgramElement>
<ProgramReference>
<Code>1032</Code>
<Text>ADVANCED TECHNOLOGY EDUCATION</Text>
</ProgramReference>
<ProgramReference>
<Code>9178</Code>
<Text>UNDERGRADUATE EDUCATION</Text>
</ProgramReference>
<ProgramReference>
<Code>SMET</Code>
<Text>SCIENCE, MATH, ENG &amp; TECH EDUCATION</Text>
</ProgramReference>
<Appropriation>
<Code/>
<Name/>
<APP_SYMB_ID/>
</Appropriation>
<Fund>
<Code>04002324DB</Code>
<Name><![CDATA[NSF STEM Education]]></Name>
<FUND_SYMB_ID>040106</FUND_SYMB_ID>
</Fund>
<FUND_OBLG>2023~649120</FUND_OBLG>
</Award>
</rootTag>
