<?xml version="1.0" encoding="UTF-8"?>
<rootTag>
<Award>
<AwardTitle><![CDATA[Implementing Game-Based Learning to Enhance Training for Cybersecurity Technicians and Recruit a Diverse Cybersecurity Workforce]]></AwardTitle>
<AGENCY>NSF</AGENCY>
<AwardEffectiveDate>10/01/2023</AwardEffectiveDate>
<AwardExpirationDate>09/30/2026</AwardExpirationDate>
<AwardTotalIntnAmount>646713.00</AwardTotalIntnAmount>
<AwardAmount>646713</AwardAmount>
<AwardInstrument>
<Value>Standard Grant</Value>
</AwardInstrument>
<Organization>
<Code>11040100</Code>
<Directorate>
<Abbreviation>EDU</Abbreviation>
<LongName>Directorate for STEM Education</LongName>
</Directorate>
<Division>
<Abbreviation>DUE</Abbreviation>
<LongName>Division Of Undergraduate Education</LongName>
</Division>
</Organization>
<ProgramOfficer>
<SignBlockName>R. Corby Hovis</SignBlockName>
<PO_EMAI>chovis@nsf.gov</PO_EMAI>
<PO_PHON>7032924625</PO_PHON>
</ProgramOfficer>
<AbstractNarration>This project aims to serve the national interest by producing more qualified technicians to meet workforce demands in cybersecurity. Keeping computers and information systems secure is a critical need and a major challenge in business, industry, and government. The growth of cyber-threats has created a need for many more workers who have the knowledge and skills to protect both existing and emerging technologies. The use of challenges, competitions, games, puzzles, and similar highly interactive and team-oriented activities has proved to be an effective means of exciting students about cybersecurity and improving their understanding of cybersecurity concepts. These tools can supplement traditional pedagogical approaches, and they can sometimes engage students that the traditional approaches do not. In this project, educators from Sinclair Community College and Moraine Valley Community College will refine, test, and disseminate a hands-on, minds-on learning game called "Sticker Heist," in which teams of students solve cybersecurity puzzles to complete the shared quest of opening a locked box to retrieve "stickers." This quest is supported by an immersive story that locates the players in an alternate time and identity. This cybersecurity simulation game encourages teamwork, communication, and leadership while it teaches principles and skills in the cybersecurity curriculum. Role-playing and simulation games, especially escape games like "Sticker Heist," are broadly appealing to people of various ages, educational backgrounds, races, and genders and can be used to expose people of all ages to new career fields, especially cybersecurity and other areas of STEM. The learning activities in this project will increase students' engagement, promote learning outcomes, support recruitment into the cybersecurity profession by encouraging participants to picture themselves in a cybersecurity career, and address the critical need to attract more students from underrepresented populations into the cybersecurity workforce.&lt;br/&gt;&lt;br/&gt;"Sticker Heist" is a hands-on learning game that consists of a self-contained, portable security system protecting a locked box of laptop stickers. The interior box is a simple, locked container containing a number of laptop stickers related to Defcon, hacking events, etc., which are often collectibles to enthusiasts. The surrounding box contains the systems that secure the first -- currently a Raspberry Pi 4, Arduino Uno, network, and other components (RFID, keypad, buzzer, lights). However, the box is not 100% secure; several common security flaws and vulnerabilities have been built in. This allows teams of high school and college students to work together to gather information (reconnaissance) on the system and then use free, open-source tools to expose and exploit the security flaws to access the system, open the box, and collect the prize. In this challenge, students work together as a team and think critically and creatively while learning the basics of cybersecurity. In the project, the investigators will pursue four related goals. First, is to refine the "Sticker Heist" learning tool, ensuring its alignment with the National Initiative for Cybersecurity Education (NICE) Cybersecurity Workforce Framework as well as industry-recognized cybersecurity credentials. Second, is to deliver professional development training on the tool to high school and college faculty so that they can effectively implement the tool in their classrooms. Third, is to promote use of the tool as a means to attract underrepresented students into cybersecurity through demonstrations, recruitment events, and clubs. Fourth, and finally, is to assess the effectiveness of the tool for improving engagement and attracting a broader and more diverse population of students to cybersecurity careers. This project is funded by the Advanced Technological Education (ATE) program, which focuses on the education of technicians for the advanced technology fields that drive the nation's economy.&lt;br/&gt;&lt;br/&gt;This award reflects NSF's statutory mission and has been deemed worthy of support through evaluation using the Foundation's intellectual merit and broader impacts review criteria.</AbstractNarration>
<MinAmdLetterDate>09/13/2023</MinAmdLetterDate>
<MaxAmdLetterDate>09/13/2023</MaxAmdLetterDate>
<ARRAAmount/>
<TRAN_TYPE>Grant</TRAN_TYPE>
<CFDA_NUM>47.076</CFDA_NUM>
<NSF_PAR_USE_FLAG>1</NSF_PAR_USE_FLAG>
<FUND_AGCY_CODE>4900</FUND_AGCY_CODE>
<AWDG_AGCY_CODE>4900</AWDG_AGCY_CODE>
<AwardID>2301202</AwardID>
<Investigator>
<FirstName>Kyle</FirstName>
<LastName>Jones</LastName>
<PI_MID_INIT/>
<PI_SUFX_NAME/>
<PI_FULL_NAME>Kyle Jones</PI_FULL_NAME>
<EmailAddress><![CDATA[kyle.jones4990@sinclair.edu]]></EmailAddress>
<NSF_ID>000731888</NSF_ID>
<StartDate>09/13/2023</StartDate>
<EndDate/>
<RoleCode>Co-Principal Investigator</RoleCode>
</Investigator>
<Investigator>
<FirstName>Eric</FirstName>
<LastName>Renegar</LastName>
<PI_MID_INIT>B</PI_MID_INIT>
<PI_SUFX_NAME/>
<PI_FULL_NAME>Eric B Renegar</PI_FULL_NAME>
<EmailAddress><![CDATA[eric.renegar@sinclair.edu]]></EmailAddress>
<NSF_ID>000754190</NSF_ID>
<StartDate>09/13/2023</StartDate>
<EndDate/>
<RoleCode>Co-Principal Investigator</RoleCode>
</Investigator>
<Investigator>
<FirstName>Mike</FirstName>
<LastName>Libassi</LastName>
<PI_MID_INIT/>
<PI_SUFX_NAME/>
<PI_FULL_NAME>Mike Libassi</PI_FULL_NAME>
<EmailAddress><![CDATA[mike.libassi@sinclair.edu]]></EmailAddress>
<NSF_ID>000757639</NSF_ID>
<StartDate>09/13/2023</StartDate>
<EndDate/>
<RoleCode>Principal Investigator</RoleCode>
</Investigator>
<Institution>
<Name><![CDATA[Sinclair Community College]]></Name>
<CityName>DAYTON</CityName>
<ZipCode>454021453</ZipCode>
<PhoneNumber>9375124573</PhoneNumber>
<StreetAddress><![CDATA[444 W 3RD ST # 12]]></StreetAddress>
<StreetAddress2/>
<CountryName>United States</CountryName>
<StateName>Ohio</StateName>
<StateCode>OH</StateCode>
<CONGRESSDISTRICT>10</CONGRESSDISTRICT>
<CONGRESS_DISTRICT_ORG>OH10</CONGRESS_DISTRICT_ORG>
<ORG_UEI_NUM>JKB8Q2AGCDD4</ORG_UEI_NUM>
<ORG_LGL_BUS_NAME>SINCLAIR COMMUNITY COLLEGE</ORG_LGL_BUS_NAME>
<ORG_PRNT_UEI_NUM>JKB8Q2AGCDD4</ORG_PRNT_UEI_NUM>
</Institution>
<Performance_Institution>
<Name><![CDATA[Sinclair Community College]]></Name>
<CityName>DAYTON</CityName>
<StateCode>OH</StateCode>
<ZipCode>454021421</ZipCode>
<StreetAddress><![CDATA[444 W 3RD ST]]></StreetAddress>
<CountryCode>US</CountryCode>
<CountryName>United States</CountryName>
<StateName>Ohio</StateName>
<CountryFlag>1</CountryFlag>
<CONGRESSDISTRICT>10</CONGRESSDISTRICT>
<CONGRESS_DISTRICT_PERF>OH10</CONGRESS_DISTRICT_PERF>
</Performance_Institution>
<ProgramElement>
<Code>741200</Code>
<Text>Advanced Tech Education Prog</Text>
</ProgramElement>
<ProgramReference>
<Code>1032</Code>
<Text>ADVANCED TECHNOLOGY EDUCATION</Text>
</ProgramReference>
<ProgramReference>
<Code>9178</Code>
<Text>UNDERGRADUATE EDUCATION</Text>
</ProgramReference>
<Appropriation>
<Code/>
<Name/>
<APP_SYMB_ID/>
</Appropriation>
<Fund>
<Code>04002324DB</Code>
<Name><![CDATA[NSF STEM Education]]></Name>
<FUND_SYMB_ID>040106</FUND_SYMB_ID>
</Fund>
<FUND_OBLG>2023~646713</FUND_OBLG>
</Award>
</rootTag>
