<?xml version="1.0" encoding="UTF-8"?>
<rootTag>
<Award>
<AwardTitle><![CDATA[Cultivating Career Pathways for Advanced Manufacturing Technicians]]></AwardTitle>
<AGENCY>NSF</AGENCY>
<AwardEffectiveDate>10/01/2023</AwardEffectiveDate>
<AwardExpirationDate>09/30/2026</AwardExpirationDate>
<AwardTotalIntnAmount>342504.00</AwardTotalIntnAmount>
<AwardAmount>342504</AwardAmount>
<AwardInstrument>
<Value>Standard Grant</Value>
</AwardInstrument>
<Organization>
<Code>11040100</Code>
<Directorate>
<Abbreviation>EDU</Abbreviation>
<LongName>Directorate for STEM Education</LongName>
</Directorate>
<Division>
<Abbreviation>DUE</Abbreviation>
<LongName>Division Of Undergraduate Education</LongName>
</Division>
</Organization>
<ProgramOfficer>
<SignBlockName>Michael Davis</SignBlockName>
<PO_EMAI>mdavis@nsf.gov</PO_EMAI>
<PO_PHON>7032920000</PO_PHON>
</ProgramOfficer>
<AbstractNarration>The South Dakota Department of Labor &amp; Regulation recently reported nearly 3,000 manufacturing job openings and the industry is projected to add 3,500 jobs by 2030. This report and other indicators highlight the significant need for skilled technicians to fill the state’s high-demand, high-wage Advanced Manufacturing jobs. Lake Area Technical College’s three-year effort will encourage learning and career pathways at an earlier age, provide regional manufacturers with an expanded and diversified talent pipeline, and strengthen relationships between education and industry. The project was developed with the support of secondary education, workforce development, and industry partners who share LATC’s vision for expanded employability and earning potential for workers and a growing state economy.&lt;br/&gt;&lt;br/&gt;The overall goal of the project is to recruit larger classes of college-ready students into the college’s Advanced Manufacturing programs and increase the number of technicians entering the workforce. The project will provide the opportunity for middle and high school students to explore careers and technical education options not often emphasized in South Dakota’s secondary schools. Teachers, administrators and other influencers will also learn the importance of these careers and find resources for improving secondary technical education programs and supporting students in their career and education decisions. Over the course of the three-year project, STEM-related recruiting events will reach 1,050 students. In addition, 30 secondary educators will join LATC’s STEM learning community and 60 incumbent workers will receive additional technical training through the college. This project will help break the manufacturing industry stigma in the region; introduce students, parents, educators and incumbent workers to new career opportunities; and share examples of how individuals with a variety of STEM-related aptitudes can succeed in today’s manufacturing industry. This project is funded by the Advanced Technological Education program that focuses on the education of technicians for the advanced-technology fields that drive the nation’s economy.&lt;br/&gt;&lt;br/&gt;This award reflects NSF's statutory mission and has been deemed worthy of support through evaluation using the Foundation's intellectual merit and broader impacts review criteria.</AbstractNarration>
<MinAmdLetterDate>09/14/2023</MinAmdLetterDate>
<MaxAmdLetterDate>09/14/2023</MaxAmdLetterDate>
<ARRAAmount/>
<TRAN_TYPE>Grant</TRAN_TYPE>
<CFDA_NUM>47.076</CFDA_NUM>
<NSF_PAR_USE_FLAG>1</NSF_PAR_USE_FLAG>
<FUND_AGCY_CODE>4900</FUND_AGCY_CODE>
<AWDG_AGCY_CODE>4900</AWDG_AGCY_CODE>
<AwardID>2301165</AwardID>
<Investigator>
<FirstName>Brooks</FirstName>
<LastName>Jacobsen</LastName>
<PI_MID_INIT/>
<PI_SUFX_NAME/>
<PI_FULL_NAME>Brooks Jacobsen</PI_FULL_NAME>
<EmailAddress><![CDATA[jacobsbr@lakeareatech.edu]]></EmailAddress>
<NSF_ID>000704962</NSF_ID>
<StartDate>09/14/2023</StartDate>
<EndDate/>
<RoleCode>Principal Investigator</RoleCode>
</Investigator>
<Investigator>
<FirstName>Steven</FirstName>
<LastName>Trautner</LastName>
<PI_MID_INIT/>
<PI_SUFX_NAME/>
<PI_FULL_NAME>Steven Trautner</PI_FULL_NAME>
<EmailAddress><![CDATA[steven.trautner@lakeareatech.edu]]></EmailAddress>
<NSF_ID>000902123</NSF_ID>
<StartDate>09/14/2023</StartDate>
<EndDate/>
<RoleCode>Co-Principal Investigator</RoleCode>
</Investigator>
<Institution>
<Name><![CDATA[Lake Area Technical College]]></Name>
<CityName>WATERTOWN</CityName>
<ZipCode>572012869</ZipCode>
<PhoneNumber/>
<StreetAddress><![CDATA[230 11TH ST NE]]></StreetAddress>
<StreetAddress2/>
<CountryName>United States</CountryName>
<StateName>South Dakota</StateName>
<StateCode>SD</StateCode>
<CONGRESSDISTRICT>00</CONGRESSDISTRICT>
<CONGRESS_DISTRICT_ORG>SD00</CONGRESS_DISTRICT_ORG>
<ORG_UEI_NUM>EJVELQN9EW37</ORG_UEI_NUM>
<ORG_LGL_BUS_NAME>LAKE AREA TECHNICAL COLLEGE</ORG_LGL_BUS_NAME>
<ORG_PRNT_UEI_NUM>EJVELQN9EW37</ORG_PRNT_UEI_NUM>
</Institution>
<Performance_Institution>
<Name><![CDATA[Lake Area Technical College]]></Name>
<CityName>WATERTOWN</CityName>
<StateCode>SD</StateCode>
<ZipCode>572012869</ZipCode>
<StreetAddress><![CDATA[230 11th Street NE]]></StreetAddress>
<CountryCode>US</CountryCode>
<CountryName>United States</CountryName>
<StateName>South Dakota</StateName>
<CountryFlag>1</CountryFlag>
<CONGRESSDISTRICT>00</CONGRESSDISTRICT>
<CONGRESS_DISTRICT_PERF>SD00</CONGRESS_DISTRICT_PERF>
</Performance_Institution>
<ProgramElement>
<Code>741200</Code>
<Text>Advanced Tech Education Prog</Text>
</ProgramElement>
<ProgramReference>
<Code>1032</Code>
<Text>ADVANCED TECHNOLOGY EDUCATION</Text>
</ProgramReference>
<ProgramReference>
<Code>9150</Code>
<Text>EXP PROG TO STIM COMP RES</Text>
</ProgramReference>
<ProgramReference>
<Code>9178</Code>
<Text>UNDERGRADUATE EDUCATION</Text>
</ProgramReference>
<ProgramReference>
<Code>SMET</Code>
<Text>SCIENCE, MATH, ENG &amp; TECH EDUCATION</Text>
</ProgramReference>
<Appropriation>
<Code/>
<Name/>
<APP_SYMB_ID/>
</Appropriation>
<Fund>
<Code>04002324DB</Code>
<Name><![CDATA[NSF STEM Education]]></Name>
<FUND_SYMB_ID>040106</FUND_SYMB_ID>
</Fund>
<FUND_OBLG>2023~342504</FUND_OBLG>
</Award>
</rootTag>
