<?xml version="1.0" encoding="UTF-8"?>
<rootTag>
<Award>
<AwardTitle><![CDATA[Research Initiation: Facilitating Knowledge Transfer within Engineering Curricula]]></AwardTitle>
<AGENCY>NSF</AGENCY>
<AwardEffectiveDate>10/01/2022</AwardEffectiveDate>
<AwardExpirationDate>08/31/2025</AwardExpirationDate>
<AwardTotalIntnAmount>199998.00</AwardTotalIntnAmount>
<AwardAmount>199998</AwardAmount>
<AwardInstrument>
<Value>Standard Grant</Value>
</AwardInstrument>
<Organization>
<Code>07050000</Code>
<Directorate>
<Abbreviation>ENG</Abbreviation>
<LongName>Directorate For Engineering</LongName>
</Directorate>
<Division>
<Abbreviation>EEC</Abbreviation>
<LongName>Div Of Engineering Education and Centers</LongName>
</Division>
</Organization>
<ProgramOfficer>
<SignBlockName>Matthew A. Verleger</SignBlockName>
<PO_EMAI>mverlege@nsf.gov</PO_EMAI>
<PO_PHON>7032922961</PO_PHON>
</ProgramOfficer>
<AbstractNarration>Engineering students often have difficulty applying ideas from one course to another and using their learning in new ways. The students do not see the same links between their classes that their teachers see. This difficulty becomes a problem when these students go into the workplace and need to use their knowledge and learning in new ways for their career. We need to better understand why students face these problems and to find ways to help students transfer their learning to new settings. In this research, we will first seek to understand why students have problems applying their knowledge. We will then develop new ways to teach students that help them better transfer their learning. These new ways of teaching will be tested in order to show their effectiveness before being used to help teach future students. This work will increase our understanding of how to better prepare engineering students to apply their knowledge in their career.&lt;br/&gt;&lt;br/&gt;Although it is well-established that students have difficulty transferring theory and skills between courses in their undergraduate curriculum, many college-level courses only concern material relating to the course itself and do not cover how this material might be used elsewhere. It is unsurprising, then, that students struggle to transfer and integrate knowledge from multiple areas into new problems as part of capstone design courses, for example, or in their careers. The proposed investigation builds on work in the field of knowledge transfer which has noted the problems students often face in applying their understanding in new and unfamiliar situations. Various authors in both cognitive and disciplinary sciences have discussed these difficulties and noted the need to develop tools and techniques for promoting knowledge transfer, as well as to help students develop cross-course connections. This work will address the barriers to knowledge transfer, and crucially develop the needed activities and practices for promoting transfer by answering the following research questions: (1) What are the primary challenges experienced by students when tasked with transferring theory and skills from prior courses, specifically mathematics and physics? (2) What methods of prior knowledge activation are most effective in enabling students to apply this prior knowledge in new areas of study? In this investigation, the prior knowledge and motivation of students will be assessed using concept maps, concept inventories, and motivational surveys. Various in-class activities developed to support and enable knowledge transfer will then be piloted and assessed. The effectiveness of these activities will be assessed by examining student ability to transfer the knowledge required to solve these specially designed problems and by using surveys. Overall, this study will help to improve our understanding of the barriers to knowledge transfer, as well as developing promising practices that promote transfer. The activities, teaching practices, and techniques developed in this study will address the need for these tools identified in the literature. These promising practices can then be used to better inform teaching methods that aid the formation of engineers who are better equipped to transfer their knowledge across a broad range of applications.&lt;br/&gt;&lt;br/&gt;This award reflects NSF's statutory mission and has been deemed worthy of support through evaluation using the Foundation's intellectual merit and broader impacts review criteria.</AbstractNarration>
<MinAmdLetterDate>10/25/2022</MinAmdLetterDate>
<MaxAmdLetterDate>10/20/2023</MaxAmdLetterDate>
<ARRAAmount/>
<TRAN_TYPE>Grant</TRAN_TYPE>
<CFDA_NUM>47.041</CFDA_NUM>
<NSF_PAR_USE_FLAG>1</NSF_PAR_USE_FLAG>
<FUND_AGCY_CODE>4900</FUND_AGCY_CODE>
<AWDG_AGCY_CODE>4900</AWDG_AGCY_CODE>
<AwardID>2301341</AwardID>
<Investigator>
<FirstName>Alexander</FirstName>
<LastName>De Rosa</LastName>
<PI_MID_INIT>J</PI_MID_INIT>
<PI_SUFX_NAME/>
<PI_FULL_NAME>Alexander J De Rosa</PI_FULL_NAME>
<EmailAddress><![CDATA[derosa@udel.edu]]></EmailAddress>
<NSF_ID>000800012</NSF_ID>
<StartDate>10/25/2022</StartDate>
<EndDate/>
<RoleCode>Principal Investigator</RoleCode>
</Investigator>
<Institution>
<Name><![CDATA[University of Delaware]]></Name>
<CityName>NEWARK</CityName>
<ZipCode>197131324</ZipCode>
<PhoneNumber>3028312136</PhoneNumber>
<StreetAddress><![CDATA[550 S COLLEGE AVE]]></StreetAddress>
<StreetAddress2/>
<CountryName>United States</CountryName>
<StateName>Delaware</StateName>
<StateCode>DE</StateCode>
<CONGRESSDISTRICT>00</CONGRESSDISTRICT>
<CONGRESS_DISTRICT_ORG>DE00</CONGRESS_DISTRICT_ORG>
<ORG_UEI_NUM>T72NHKM259N3</ORG_UEI_NUM>
<ORG_LGL_BUS_NAME>UNIVERSITY OF DELAWARE</ORG_LGL_BUS_NAME>
<ORG_PRNT_UEI_NUM/>
</Institution>
<Performance_Institution>
<Name><![CDATA[University of Delaware]]></Name>
<CityName>NEWARK</CityName>
<StateCode>DE</StateCode>
<ZipCode>197160099</ZipCode>
<StreetAddress><![CDATA[220 HULLIHEN HALL]]></StreetAddress>
<CountryCode>US</CountryCode>
<CountryName>United States</CountryName>
<StateName>Delaware</StateName>
<CountryFlag>1</CountryFlag>
<CONGRESSDISTRICT>00</CONGRESSDISTRICT>
<CONGRESS_DISTRICT_PERF>DE00</CONGRESS_DISTRICT_PERF>
</Performance_Institution>
<ProgramElement>
<Code>134000</Code>
<Text>EngEd-Engineering Education</Text>
</ProgramElement>
<ProgramReference>
<Code>110E</Code>
<Text>EDUCATION RESEARCH</Text>
</ProgramReference>
<ProgramReference>
<Code>1340</Code>
<Text>ENGINEERING EDUCATION</Text>
</ProgramReference>
<Appropriation>
<Code/>
<Name/>
<APP_SYMB_ID/>
</Appropriation>
<Fund>
<Code>01002223DB</Code>
<Name><![CDATA[NSF RESEARCH & RELATED ACTIVIT]]></Name>
<FUND_SYMB_ID>040100</FUND_SYMB_ID>
</Fund>
<FUND_OBLG>2022~199998</FUND_OBLG>
</Award>
</rootTag>
