<?xml version="1.0" encoding="UTF-8"?>
<rootTag>
<Award>
<AwardTitle><![CDATA[Indigenous language database project]]></AwardTitle>
<AGENCY>NSF</AGENCY>
<AwardEffectiveDate>09/01/2023</AwardEffectiveDate>
<AwardExpirationDate>08/31/2026</AwardExpirationDate>
<AwardTotalIntnAmount>251929.00</AwardTotalIntnAmount>
<AwardAmount>251929</AwardAmount>
<AwardInstrument>
<Value>Standard Grant</Value>
</AwardInstrument>
<Organization>
<Code>04040000</Code>
<Directorate>
<Abbreviation>SBE</Abbreviation>
<LongName>Direct For Social, Behav &amp; Economic Scie</LongName>
</Directorate>
<Division>
<Abbreviation>BCS</Abbreviation>
<LongName>Division Of Behavioral and Cognitive Sci</LongName>
</Division>
</Organization>
<ProgramOfficer>
<SignBlockName>Wilson De Lima Silva</SignBlockName>
<PO_EMAI>widelima@nsf.gov</PO_EMAI>
<PO_PHON>7032927096</PO_PHON>
</ProgramOfficer>
<AbstractNarration>For about 12,000 years, numerous small foraging communities lived in equilibrium in a region of what is now the US. Using resources created in this project, linguists are reconstructing their relationships and history, and community members are regaining language and culture, a vital gesture of restorative justice and healing of generational trauma. The project compiles, elucidates, and makes accessible invaluable language resources that are in danger of being lost both to scientists and to the communities. The scientific results of the study contribute significantly to our understanding of human prehistory and to theories of language contact and change, while the broader impacts include training and transfer of data stewardship to community members, advancing US efforts to build relationships with Indigenous communities based on respect for Tribal sovereignty and self-governance.&lt;br/&gt;&lt;br/&gt;This project delivers a linguistic database to the Indigenous community, with a grammar, dictionary, collection of oral literature (translated, analyzed, and annotated), and a range of materials and processes created by project staff for the people to make each of their homes a 'language nest' in which the language is used and nurtured. For several other languages in the area, it provides the example and explicit instruction for Indigenous language activists and researchers to create a database of the same sort for their respective languages. These databases together enable researchers to reconstruct the linguistic history of the earliest inhabitants of the region with specificity, completeness, and confidence that have until now been impossible. This award is made as part of a funding partnership between the National Science Foundation and the National Endowment for the Humanities for the NSF Dynamic Language Infrastructure – NEH Documenting Endangered Languages Program.&lt;br/&gt;&lt;br/&gt;This award reflects NSF's statutory mission and has been deemed worthy of support through evaluation using the Foundation's intellectual merit and broader impacts review criteria.</AbstractNarration>
<MinAmdLetterDate>05/25/2023</MinAmdLetterDate>
<MaxAmdLetterDate>05/25/2023</MaxAmdLetterDate>
<ARRAAmount/>
<TRAN_TYPE>Grant</TRAN_TYPE>
<CFDA_NUM>47.075</CFDA_NUM>
<NSF_PAR_USE_FLAG>1</NSF_PAR_USE_FLAG>
<FUND_AGCY_CODE>4900</FUND_AGCY_CODE>
<AWDG_AGCY_CODE>4900</AWDG_AGCY_CODE>
<AwardID>2301936</AwardID>
<Investigator>
<FirstName>Bruce</FirstName>
<LastName>Nevin</LastName>
<PI_MID_INIT>E</PI_MID_INIT>
<PI_SUFX_NAME/>
<PI_FULL_NAME>Bruce E Nevin</PI_FULL_NAME>
<EmailAddress><![CDATA[bruce.nevin@gmail.com]]></EmailAddress>
<NSF_ID>000626927</NSF_ID>
<StartDate>05/25/2023</StartDate>
<EndDate/>
<RoleCode>Principal Investigator</RoleCode>
</Investigator>
<Institution>
<Name><![CDATA[Endangered Language Fund, Inc.]]></Name>
<CityName>NEW HAVEN</CityName>
<ZipCode>065116660</ZipCode>
<PhoneNumber>2038656163</PhoneNumber>
<StreetAddress><![CDATA[300 GEORGE ST STE 900]]></StreetAddress>
<StreetAddress2/>
<CountryName>United States</CountryName>
<StateName>Connecticut</StateName>
<StateCode>CT</StateCode>
<CONGRESSDISTRICT>03</CONGRESSDISTRICT>
<CONGRESS_DISTRICT_ORG>CT03</CONGRESS_DISTRICT_ORG>
<ORG_UEI_NUM>L4M8KPZS7JM5</ORG_UEI_NUM>
<ORG_LGL_BUS_NAME>ENDANGERED LANGUAGE FUND, INC.</ORG_LGL_BUS_NAME>
<ORG_PRNT_UEI_NUM/>
</Institution>
<Performance_Institution>
<Name><![CDATA[Endangered Language Fund, Inc.]]></Name>
<CityName>Edgartown</CityName>
<StateCode>MA</StateCode>
<ZipCode>025397401</ZipCode>
<StreetAddress><![CDATA[101 Chase Road]]></StreetAddress>
<CountryCode>US</CountryCode>
<CountryName>United States</CountryName>
<StateName>Massachusetts</StateName>
<CountryFlag>1</CountryFlag>
<CONGRESSDISTRICT>09</CONGRESSDISTRICT>
<CONGRESS_DISTRICT_PERF>MA09</CONGRESS_DISTRICT_PERF>
</Performance_Institution>
<ProgramElement>
<Code>122Y00</Code>
<Text>DLI-Dyn Language Infrastructur</Text>
</ProgramElement>
<ProgramReference>
<Code>7719</Code>
<Text>DEL</Text>
</ProgramReference>
<Appropriation>
<Code/>
<Name/>
<APP_SYMB_ID/>
</Appropriation>
<Fund>
<Code>01002324DB</Code>
<Name><![CDATA[NSF RESEARCH & RELATED ACTIVIT]]></Name>
<FUND_SYMB_ID>040100</FUND_SYMB_ID>
</Fund>
<FUND_OBLG>2023~251929</FUND_OBLG>
</Award>
</rootTag>
