<?xml version="1.0" encoding="UTF-8"?>
<rootTag>
<Award>
<AwardTitle><![CDATA[SHINE: Understanding the Impact of Solar Energetic Particles and Forbush Decreases on the Global Electric Circuit]]></AwardTitle>
<AGENCY>NSF</AGENCY>
<AwardEffectiveDate>06/01/2023</AwardEffectiveDate>
<AwardExpirationDate>05/31/2027</AwardExpirationDate>
<AwardTotalIntnAmount>710547.00</AwardTotalIntnAmount>
<AwardAmount>353707</AwardAmount>
<AwardInstrument>
<Value>Continuing Grant</Value>
</AwardInstrument>
<Organization>
<Code>06020000</Code>
<Directorate>
<Abbreviation>GEO</Abbreviation>
<LongName>Directorate For Geosciences</LongName>
</Directorate>
<Division>
<Abbreviation>AGS</Abbreviation>
<LongName>Div Atmospheric &amp; Geospace Sciences</LongName>
</Division>
</Organization>
<ProgramOfficer>
<SignBlockName>Andreas Keiling</SignBlockName>
<PO_EMAI>akeiling@nsf.gov</PO_EMAI>
<PO_PHON>7032927834</PO_PHON>
</ProgramOfficer>
<AbstractNarration>Solar Energetic Particle (SEP) are identified as the top space weather hazard. These particles, when propagating to the Earth, create risks to astronauts, electronics onboard satellites, and to other human-built infrastructure and technology. Previous studies have suggested that SEPs can even influence Earth’s climate. As these particles precipitate down in the Earth’s atmosphere, they deposit their energy through ionization, modify atmospheric chemistry, and lead to cloud formation. The coupling between SEP-related space weather phenomena and tropospheric climate can be essential for the human environment, and this coupling exists, in part, through the Global Electric Circuit (GEC). A thorough understanding of this coupling requires a thorough understanding of how the GEC responds to SEPs and Forbush Decreases (FDs), and requires collaborative efforts from researchers from heliospheric physics, cosmic ray physics, and atmospheric physics. This project is an interdisciplinary study to increase understanding on how SEPs affect the GEC and terrestrial weather or climate. This proposal will support one postdoc and a summer graduate student, therefore helping to train the next generation of space plasma and atmospheric scientists. &lt;br/&gt;&lt;br/&gt;This work aims to understand the effect of SEPs and FDs on the Global Electric Circuit. It will focus on how the measured potential gradient (PG) in fair weather conditions responds to SEPs and FDs across the globe and how lightning respond to SEPs and FDs. The methodology will involve both data analysis and numerical simulation. To achieve the science goals the team will, 1) Examine the correlation between PG increases in fair weather conditions and station altitude and magnetic latitude; 2) Identify the possible relationship between the characteristics of SEPs and solar wind and the PG increases in fair weather condition; 3) Identify the possible relationship between Forbush Decrease characteristics and PG increases in fair weather conditions; 4) Understand the global ionization profiles during SEP events by comparing observations of PG increases with Monte-Carlo simulations; and 5) Investigate the relationship between SEP events and lightning.&lt;br/&gt;&lt;br/&gt;This award reflects NSF's statutory mission and has been deemed worthy of support through evaluation using the Foundation's intellectual merit and broader impacts review criteria.</AbstractNarration>
<MinAmdLetterDate>02/15/2023</MinAmdLetterDate>
<MaxAmdLetterDate>02/15/2023</MaxAmdLetterDate>
<ARRAAmount/>
<TRAN_TYPE>Grant</TRAN_TYPE>
<CFDA_NUM>47.050</CFDA_NUM>
<NSF_PAR_USE_FLAG>1</NSF_PAR_USE_FLAG>
<FUND_AGCY_CODE>4900</FUND_AGCY_CODE>
<AWDG_AGCY_CODE>4900</AWDG_AGCY_CODE>
<AwardID>2301365</AwardID>
<Investigator>
<FirstName>Gang</FirstName>
<LastName>Li</LastName>
<PI_MID_INIT/>
<PI_SUFX_NAME/>
<PI_FULL_NAME>Gang Li</PI_FULL_NAME>
<EmailAddress><![CDATA[gang.li@uah.edu]]></EmailAddress>
<NSF_ID>000061155</NSF_ID>
<StartDate>02/15/2023</StartDate>
<EndDate/>
<RoleCode>Principal Investigator</RoleCode>
</Investigator>
<Investigator>
<FirstName>Phillip</FirstName>
<LastName>Bitzer</LastName>
<PI_MID_INIT>M</PI_MID_INIT>
<PI_SUFX_NAME/>
<PI_FULL_NAME>Phillip M Bitzer</PI_FULL_NAME>
<EmailAddress><![CDATA[bitzerp@uah.edu]]></EmailAddress>
<NSF_ID>000635358</NSF_ID>
<StartDate>02/15/2023</StartDate>
<EndDate/>
<RoleCode>Co-Principal Investigator</RoleCode>
</Investigator>
<Institution>
<Name><![CDATA[University of Alabama in Huntsville]]></Name>
<CityName>HUNTSVILLE</CityName>
<ZipCode>358051911</ZipCode>
<PhoneNumber>2568242657</PhoneNumber>
<StreetAddress><![CDATA[301 SPARKMAN DR NW]]></StreetAddress>
<StreetAddress2/>
<CountryName>United States</CountryName>
<StateName>Alabama</StateName>
<StateCode>AL</StateCode>
<CONGRESSDISTRICT>05</CONGRESSDISTRICT>
<CONGRESS_DISTRICT_ORG>AL05</CONGRESS_DISTRICT_ORG>
<ORG_UEI_NUM>HB6KNGVNJRU1</ORG_UEI_NUM>
<ORG_LGL_BUS_NAME>THE UNIVERSITY OF ALABAMA IN HUNTSVILLE</ORG_LGL_BUS_NAME>
<ORG_PRNT_UEI_NUM/>
</Institution>
<Performance_Institution>
<Name><![CDATA[University of Alabama in Huntsville]]></Name>
<CityName>HUNTSVILLE</CityName>
<StateCode>AL</StateCode>
<ZipCode>358051911</ZipCode>
<StreetAddress><![CDATA[301 SPARKMAN DR NW]]></StreetAddress>
<CountryCode>US</CountryCode>
<CountryName>United States</CountryName>
<StateName>Alabama</StateName>
<CountryFlag>1</CountryFlag>
<CONGRESSDISTRICT>05</CONGRESSDISTRICT>
<CONGRESS_DISTRICT_PERF>AL05</CONGRESS_DISTRICT_PERF>
</Performance_Institution>
<ProgramElement>
<Code>152100</Code>
<Text>AERONOMY</Text>
</ProgramElement>
<ProgramElement>
<Code>152300</Code>
<Text>SOLAR-TERRESTRIAL</Text>
</ProgramElement>
<ProgramElement>
<Code>152500</Code>
<Text>Physical &amp; Dynamic Meteorology</Text>
</ProgramElement>
<ProgramReference>
<Code>1521</Code>
<Text>AERONOMY</Text>
</ProgramReference>
<ProgramReference>
<Code>1523</Code>
<Text>SOLAR-TERRESTRIAL</Text>
</ProgramReference>
<ProgramReference>
<Code>1525</Code>
<Text>PHYSICAL &amp; DYNAMIC METEOROLOGY</Text>
</ProgramReference>
<ProgramReference>
<Code>4444</Code>
<Text>INTERDISCIPLINARY PROPOSALS</Text>
</ProgramReference>
<ProgramReference>
<Code>9150</Code>
<Text>EXP PROG TO STIM COMP RES</Text>
</ProgramReference>
<Appropriation>
<Code/>
<Name/>
<APP_SYMB_ID/>
</Appropriation>
<Fund>
<Code>01002324DB</Code>
<Name><![CDATA[NSF RESEARCH & RELATED ACTIVIT]]></Name>
<FUND_SYMB_ID>040100</FUND_SYMB_ID>
</Fund>
<FUND_OBLG>2023~353707</FUND_OBLG>
</Award>
</rootTag>
