<?xml version="1.0" encoding="UTF-8"?>
<rootTag>
<Award>
<AwardTitle><![CDATA[D-modules and invariants of singularities]]></AwardTitle>
<AGENCY>NSF</AGENCY>
<AwardEffectiveDate>06/01/2023</AwardEffectiveDate>
<AwardExpirationDate>05/31/2026</AwardExpirationDate>
<AwardTotalIntnAmount>350000.00</AwardTotalIntnAmount>
<AwardAmount>350000</AwardAmount>
<AwardInstrument>
<Value>Standard Grant</Value>
</AwardInstrument>
<Organization>
<Code>03040000</Code>
<Directorate>
<Abbreviation>MPS</Abbreviation>
<LongName>Direct For Mathematical &amp; Physical Scien</LongName>
</Directorate>
<Division>
<Abbreviation>DMS</Abbreviation>
<LongName>Division Of Mathematical Sciences</LongName>
</Division>
</Organization>
<ProgramOfficer>
<SignBlockName>James Matthew Douglass</SignBlockName>
<PO_EMAI>mdouglas@nsf.gov</PO_EMAI>
<PO_PHON>7032922467</PO_PHON>
</ProgramOfficer>
<AbstractNarration>Singularities are points where a geometric object degenerates in some way. They play an important role in the study of algebraic geometry. This project is concerned with the use of certain novel techniques to study invariants of singularities. This theory provides an algebraic approach to the study of linear partial differential equations, but it has found many applications in algebraic geometry and related subjects. The goal of this project is, on one hand, to further study some recently introduced classes of singularities and, on the other hand, to explore new connections with zeta functions and invariants. The proposal provides ample opportunity for the PI to collaborate with graduate students and post-docs. He will also write a research monograph on this subject.&lt;br/&gt;&lt;br/&gt;This project will involve several different research directions. First, the PI will expand the study of k-rational and k-Du Bois singularities beyond the case of hypersurfaces, using the recently defined version of minimal exponent for locally complete intersections. In a different direction, he will investigate D-module theoretic invariants of singularities modulo powers of a given prime, that refine the test ideals and F-pure thresholds from positive characteristic, and that might provide an arithmetic counterpart to characteristic zero invariants, such as Hodge ideals and minimal exponents. A third direction concerns exploring connections between the motivic zeta function and the minimal exponent on one side, and between the topological zeta function and D-modules on the other side (with possible applications to the Strong Monodromy Conjecture).&lt;br/&gt;&lt;br/&gt;This award reflects NSF's statutory mission and has been deemed worthy of support through evaluation using the Foundation's intellectual merit and broader impacts review criteria.</AbstractNarration>
<MinAmdLetterDate>04/07/2023</MinAmdLetterDate>
<MaxAmdLetterDate>04/07/2023</MaxAmdLetterDate>
<ARRAAmount/>
<TRAN_TYPE>Grant</TRAN_TYPE>
<CFDA_NUM>47.049</CFDA_NUM>
<NSF_PAR_USE_FLAG>1</NSF_PAR_USE_FLAG>
<FUND_AGCY_CODE>4900</FUND_AGCY_CODE>
<AWDG_AGCY_CODE>4900</AWDG_AGCY_CODE>
<AwardID>2301463</AwardID>
<Investigator>
<FirstName>Mircea</FirstName>
<LastName>Mustata</LastName>
<PI_MID_INIT/>
<PI_SUFX_NAME/>
<PI_FULL_NAME>Mircea Mustata</PI_FULL_NAME>
<EmailAddress><![CDATA[mmustata@umich.edu]]></EmailAddress>
<NSF_ID>000095275</NSF_ID>
<StartDate>04/07/2023</StartDate>
<EndDate/>
<RoleCode>Principal Investigator</RoleCode>
</Investigator>
<Institution>
<Name><![CDATA[Regents of the University of Michigan - Ann Arbor]]></Name>
<CityName>ANN ARBOR</CityName>
<ZipCode>481091079</ZipCode>
<PhoneNumber>7347636438</PhoneNumber>
<StreetAddress><![CDATA[1109 GEDDES AVE, SUITE 3300]]></StreetAddress>
<StreetAddress2/>
<CountryName>United States</CountryName>
<StateName>Michigan</StateName>
<StateCode>MI</StateCode>
<CONGRESSDISTRICT>06</CONGRESSDISTRICT>
<CONGRESS_DISTRICT_ORG>MI06</CONGRESS_DISTRICT_ORG>
<ORG_UEI_NUM>GNJ7BBP73WE9</ORG_UEI_NUM>
<ORG_LGL_BUS_NAME>REGENTS OF THE UNIVERSITY OF MICHIGAN</ORG_LGL_BUS_NAME>
<ORG_PRNT_UEI_NUM/>
</Institution>
<Performance_Institution>
<Name><![CDATA[Regents of the University of Michigan - Ann Arbor]]></Name>
<CityName>ANN ARBOR</CityName>
<StateCode>MI</StateCode>
<ZipCode>481091340</ZipCode>
<StreetAddress><![CDATA[503 THOMPSON ST]]></StreetAddress>
<CountryCode>US</CountryCode>
<CountryName>United States</CountryName>
<StateName>Michigan</StateName>
<CountryFlag>1</CountryFlag>
<CONGRESSDISTRICT>06</CONGRESSDISTRICT>
<CONGRESS_DISTRICT_PERF>MI06</CONGRESS_DISTRICT_PERF>
</Performance_Institution>
<ProgramElement>
<Code>126400</Code>
<Text>ALGEBRA,NUMBER THEORY,AND COM</Text>
</ProgramElement>
<Appropriation>
<Code/>
<Name/>
<APP_SYMB_ID/>
</Appropriation>
<Fund>
<Code>01002324DB</Code>
<Name><![CDATA[NSF RESEARCH & RELATED ACTIVIT]]></Name>
<FUND_SYMB_ID>040100</FUND_SYMB_ID>
</Fund>
<FUND_OBLG>2023~350000</FUND_OBLG>
</Award>
</rootTag>
