<?xml version="1.0" encoding="UTF-8"?>
<rootTag>
<Award>
<AwardTitle><![CDATA[ERI: Enabling tunable electronic device fabrication on flexible substrates using Barium Strontium Titanate (BST) printable ink development]]></AwardTitle>
<AGENCY>NSF</AGENCY>
<AwardEffectiveDate>06/01/2023</AwardEffectiveDate>
<AwardExpirationDate>05/31/2025</AwardExpirationDate>
<AwardTotalIntnAmount>197500.00</AwardTotalIntnAmount>
<AwardAmount>197500</AwardAmount>
<AwardInstrument>
<Value>Standard Grant</Value>
</AwardInstrument>
<Organization>
<Code>07010000</Code>
<Directorate>
<Abbreviation>ENG</Abbreviation>
<LongName>Directorate For Engineering</LongName>
</Directorate>
<Division>
<Abbreviation>ECCS</Abbreviation>
<LongName>Div Of Electrical, Commun &amp; Cyber Sys</LongName>
</Division>
</Organization>
<ProgramOfficer>
<SignBlockName>Prem Chahal</SignBlockName>
<PO_EMAI>pchahal@nsf.gov</PO_EMAI>
<PO_PHON>7032920000</PO_PHON>
</ProgramOfficer>
<AbstractNarration>Printed or additive manufacturing has application potential as a low-cost, high-resolution, fast prototyping of a range of complex circuits. Printed tunable devices proposed in this work will allow the electrical tuning of circuit functions, drastically reducing the cost, footprint, and weight of the overall circuitry compared to mechanically tunable electrical devices. These printed tunable electrical devices are critical to national security, especially radio communications. In addition, low-cost Internet of Things (IoT) and wearable devices will significantly benefit from the proposed tunable flexible electrical devices. However, currently, there are no tunable printable inks to fabricate tunable electrical devices on flexible substrates. In addition, existing printable materials need high-temperature processing (greater than 800 °C) to achieve the required tunability, which will damage most types of flexible substrates, such as plastics, paper, and fabrics. Multiple challenges and unique bottlenecks are associated with printable inks, and there are limited ongoing research efforts to solve these issues. This project will cover novel tunable materials syntheses, printable ink development, and the design, simulation, and fabrication of tunable electrical devices. This project will open a new paradigm of tunable flexible electronic devices. Both undergraduate and graduate students will directly benefit from this project, and the proposed educational outreach projects will enhance middle school students' interest and awareness of science and engineering careers. In addition, the proposed project's novel findings will be integrated into graduate-level printed electronics-related teaching.&lt;br/&gt;&lt;br/&gt;This project will comprehensively advance the fundamental understanding of the utilization of sinterless Barium Strontium Titanate (BST) nanoparticles as a tunable material for flexible electronics. The composition of BST nanoparticles to achieve the highest possible dielectric constant and tunability at room temperature (without sintering) will be identified. An in depth investigation will be carried out to determine the effects of the Ba:Sr molar fraction, the size, and the packing density of BST nanoparticles on dielectric tunability. High-resolution X-Ray diffraction patterns of sinterless BST nanoparticles under an applied electric field will be used to investigate the correlation between the variation of lattice parameters and the dielectric tunability. This will give a greater insight into the dielectric tunability of sinterless BST nanoparticles, which have not been experimentally reported yet. Lowering the required bias voltage to less than 25 Volts is a significant achievement that enables the usage of printed tunable flexible devices in real-world applications, such as phase shifters, frequency-selective surfaces, and phased array antennas. These devices are not currently feasible for real-world applications. The proposed work will significantly advance the knowledge of sinterless BST nanoparticles as a tunable material, nanoparticle ink formulation for direct-write printing technologies, and fully printed tunable radio and microwave frequency devices on flexible substrates.&lt;br/&gt;&lt;br/&gt;This award reflects NSF's statutory mission and has been deemed worthy of support through evaluation using the Foundation's intellectual merit and broader impacts review criteria.</AbstractNarration>
<MinAmdLetterDate>05/16/2023</MinAmdLetterDate>
<MaxAmdLetterDate>05/16/2023</MaxAmdLetterDate>
<ARRAAmount/>
<TRAN_TYPE>Grant</TRAN_TYPE>
<CFDA_NUM>47.041</CFDA_NUM>
<NSF_PAR_USE_FLAG>1</NSF_PAR_USE_FLAG>
<FUND_AGCY_CODE>4900</FUND_AGCY_CODE>
<AWDG_AGCY_CODE>4900</AWDG_AGCY_CODE>
<AwardID>2301693</AwardID>
<Investigator>
<FirstName>Oshadha</FirstName>
<LastName>Ranasingha</LastName>
<PI_MID_INIT>K</PI_MID_INIT>
<PI_SUFX_NAME/>
<PI_FULL_NAME>Oshadha K Ranasingha</PI_FULL_NAME>
<EmailAddress><![CDATA[oshadha_ranasingha@uml.edu]]></EmailAddress>
<NSF_ID>000856834</NSF_ID>
<StartDate>05/16/2023</StartDate>
<EndDate/>
<RoleCode>Principal Investigator</RoleCode>
</Investigator>
<Institution>
<Name><![CDATA[University of Massachusetts Lowell]]></Name>
<CityName>LOWELL</CityName>
<ZipCode>018543629</ZipCode>
<PhoneNumber>9789344170</PhoneNumber>
<StreetAddress><![CDATA[600 SUFFOLK ST STE 450]]></StreetAddress>
<StreetAddress2/>
<CountryName>United States</CountryName>
<StateName>Massachusetts</StateName>
<StateCode>MA</StateCode>
<CONGRESSDISTRICT>03</CONGRESSDISTRICT>
<CONGRESS_DISTRICT_ORG>MA03</CONGRESS_DISTRICT_ORG>
<ORG_UEI_NUM>LTNVSTJ3R6D5</ORG_UEI_NUM>
<ORG_LGL_BUS_NAME>UNIVERSITY OF MASSACHUSETTS LOWELL</ORG_LGL_BUS_NAME>
<ORG_PRNT_UEI_NUM/>
</Institution>
<Performance_Institution>
<Name><![CDATA[University of Massachusetts Lowell]]></Name>
<CityName>LOWELL</CityName>
<StateCode>MA</StateCode>
<ZipCode>018543643</ZipCode>
<StreetAddress><![CDATA[600 SUFFOLK ST STE 415]]></StreetAddress>
<CountryCode>US</CountryCode>
<CountryName>United States</CountryName>
<StateName>Massachusetts</StateName>
<CountryFlag>1</CountryFlag>
<CONGRESSDISTRICT>03</CONGRESSDISTRICT>
<CONGRESS_DISTRICT_PERF>MA03</CONGRESS_DISTRICT_PERF>
</Performance_Institution>
<ProgramElement>
<Code>180Y00</Code>
<Text>ERI-Eng. Research Initiation</Text>
</ProgramElement>
<ProgramReference>
<Code>097E</Code>
<Text>High Freq Devices &amp; Circuits</Text>
</ProgramReference>
<ProgramReference>
<Code>101E</Code>
<Text>Printed and flexible electronics</Text>
</ProgramReference>
<ProgramReference>
<Code>8615</Code>
<Text>Nanoscale Devices and Systems</Text>
</ProgramReference>
<Appropriation>
<Code/>
<Name/>
<APP_SYMB_ID/>
</Appropriation>
<Fund>
<Code>01002324DB</Code>
<Name><![CDATA[NSF RESEARCH & RELATED ACTIVIT]]></Name>
<FUND_SYMB_ID>040100</FUND_SYMB_ID>
</Fund>
<FUND_OBLG>2023~197500</FUND_OBLG>
</Award>
</rootTag>
