<?xml version="1.0" encoding="UTF-8"?>
<rootTag>
<Award>
<AwardTitle><![CDATA[Enhancing cellulase activity through single-molecule imaging and protein engineering as a testbed for understanding and improving enzymatic deconstruction of insoluble substrates]]></AwardTitle>
<AGENCY>NSF</AGENCY>
<AwardEffectiveDate>04/15/2023</AwardEffectiveDate>
<AwardExpirationDate>03/31/2026</AwardExpirationDate>
<AwardTotalIntnAmount>629976.00</AwardTotalIntnAmount>
<AwardAmount>629976</AwardAmount>
<AwardInstrument>
<Value>Standard Grant</Value>
</AwardInstrument>
<Organization>
<Code>07020000</Code>
<Directorate>
<Abbreviation>ENG</Abbreviation>
<LongName>Directorate For Engineering</LongName>
</Directorate>
<Division>
<Abbreviation>CBET</Abbreviation>
<LongName>Div Of Chem, Bioeng, Env, &amp; Transp Sys</LongName>
</Division>
</Organization>
<ProgramOfficer>
<SignBlockName>Steven Peretti</SignBlockName>
<PO_EMAI>speretti@nsf.gov</PO_EMAI>
<PO_PHON>7032924201</PO_PHON>
</ProgramOfficer>
<AbstractNarration>Plant-derived cellulose is the most abundant biopolymer on Earth. Cellulose is used to make paper, clothing, and building materials. It is composed of chains of glucose molecules.  Cellulases are enzymes that cut these chains into their sugar building blocks. One approach for reducing our reliance on fossil fuels is to digest abundant, non-food plant materials like switchgrass and discarded corn stalks into sugar molecules. These can be fermented into renewable biofuels. The objective of this project is to use cutting-edge light microscopy to better understand how cellulases work.  The knowledge generated would be used to design and test enzymes that may be more efficient, lowering the cost and increasing the availability of renewable energy. In parallel with research, educational materials to expose plant biology students to single-molecule biophysics and biophysics students to plant biology will be developed and delivered. To strengthen and increase the diversity of the bioeconomy workforce, students from underrepresented populations will be actively recruited to participate in the research project.&lt;br/&gt;&lt;br/&gt;&lt;br/&gt;The ability of cellulases to break down plant cell walls is hindered by the crystallinity of cellulose.  The presence of other polymers such as lignin and xylans are thought to coat cellulose and thus block access by cellulase enzymes. This project will combine single-molecule fluorescence tracking, computational modeling, and protein engineering to investigate cellulase mechanisms. The proposed experiments build on ongoing work in which the investigators constructed a custom multimodal microscope and used it to track cellulases moving along cellulose with nanometer-scale precision. The work is divided into three Aims that explore specific aspects of cellulase activity. The goal of Aim 1 is to uncover the key principles that regulate substrate binding and threading of the cellulose polymer strand into the catalytic tunnel of the cellulase enzyme to initiate cellulose deconstruction. The goal of Aim 2 is to uncover how the substrate affinity and turnover rate of cellulases are tuned to maximize the enzyme’s catalytic activity while minimizing product inhibition and premature substrate release. The goal of Aim 3 is to identify mechanisms by which cellulases navigate complex mixtures of biopolymers, while achieving specific digestion of their cellulase substrate, avoiding off-target binding, and overcoming roadblocks imposed by cell wall complexity that hamper cellulose degradation.&lt;br/&gt;&lt;br/&gt;This award reflects NSF's statutory mission and has been deemed worthy of support through evaluation using the Foundation's intellectual merit and broader impacts review criteria.</AbstractNarration>
<MinAmdLetterDate>04/11/2023</MinAmdLetterDate>
<MaxAmdLetterDate>04/11/2023</MaxAmdLetterDate>
<ARRAAmount/>
<TRAN_TYPE>Grant</TRAN_TYPE>
<CFDA_NUM>47.041</CFDA_NUM>
<NSF_PAR_USE_FLAG>1</NSF_PAR_USE_FLAG>
<FUND_AGCY_CODE>4900</FUND_AGCY_CODE>
<AWDG_AGCY_CODE>4900</AWDG_AGCY_CODE>
<AwardID>2301377</AwardID>
<Investigator>
<FirstName>William</FirstName>
<LastName>Hancock</LastName>
<PI_MID_INIT>O</PI_MID_INIT>
<PI_SUFX_NAME/>
<PI_FULL_NAME>William O Hancock</PI_FULL_NAME>
<EmailAddress><![CDATA[wohbio@engr.psu.edu]]></EmailAddress>
<NSF_ID>000468007</NSF_ID>
<StartDate>04/11/2023</StartDate>
<EndDate/>
<RoleCode>Principal Investigator</RoleCode>
</Investigator>
<Investigator>
<FirstName>Charles</FirstName>
<LastName>Anderson</LastName>
<PI_MID_INIT>T</PI_MID_INIT>
<PI_SUFX_NAME/>
<PI_FULL_NAME>Charles T Anderson</PI_FULL_NAME>
<EmailAddress><![CDATA[cta3@psu.edu]]></EmailAddress>
<NSF_ID>000612738</NSF_ID>
<StartDate>04/11/2023</StartDate>
<EndDate/>
<RoleCode>Co-Principal Investigator</RoleCode>
</Investigator>
<Institution>
<Name><![CDATA[Pennsylvania State Univ University Park]]></Name>
<CityName>UNIVERSITY PARK</CityName>
<ZipCode>168021503</ZipCode>
<PhoneNumber>8148651372</PhoneNumber>
<StreetAddress><![CDATA[201 OLD MAIN]]></StreetAddress>
<StreetAddress2/>
<CountryName>United States</CountryName>
<StateName>Pennsylvania</StateName>
<StateCode>PA</StateCode>
<CONGRESSDISTRICT>15</CONGRESSDISTRICT>
<CONGRESS_DISTRICT_ORG>PA15</CONGRESS_DISTRICT_ORG>
<ORG_UEI_NUM>NPM2J7MSCF61</ORG_UEI_NUM>
<ORG_LGL_BUS_NAME>THE PENNSYLVANIA STATE UNIVERSITY</ORG_LGL_BUS_NAME>
<ORG_PRNT_UEI_NUM/>
</Institution>
<Performance_Institution>
<Name><![CDATA[Pennsylvania State Univ University Park]]></Name>
<CityName>University Park</CityName>
<StateCode>PA</StateCode>
<ZipCode>168021503</ZipCode>
<StreetAddress><![CDATA[201 Old Main]]></StreetAddress>
<CountryCode>US</CountryCode>
<CountryName>United States</CountryName>
<StateName>Pennsylvania</StateName>
<CountryFlag>1</CountryFlag>
<CONGRESSDISTRICT>15</CONGRESSDISTRICT>
<CONGRESS_DISTRICT_PERF>PA15</CONGRESS_DISTRICT_PERF>
</Performance_Institution>
<ProgramElement>
<Code>149100</Code>
<Text>Cellular &amp; Biochem Engineering</Text>
</ProgramElement>
<ProgramReference>
<Code>1757</Code>
<Text>Quantitative sys bio and biotech</Text>
</ProgramReference>
<Appropriation>
<Code/>
<Name/>
<APP_SYMB_ID/>
</Appropriation>
<Fund>
<Code>01002324DB</Code>
<Name><![CDATA[NSF RESEARCH & RELATED ACTIVIT]]></Name>
<FUND_SYMB_ID>040100</FUND_SYMB_ID>
</Fund>
<FUND_OBLG>2023~629976</FUND_OBLG>
</Award>
</rootTag>
