<?xml version="1.0" encoding="UTF-8"?>
<rootTag>
<Award>
<AwardTitle><![CDATA[Development and application of innovative tools to mitigate White Nose Syndrome, a lethal fungal disease decimating North American bat populations]]></AwardTitle>
<AGENCY>NSF</AGENCY>
<AwardEffectiveDate>05/01/2023</AwardEffectiveDate>
<AwardExpirationDate>04/30/2026</AwardExpirationDate>
<AwardTotalIntnAmount>1782334.00</AwardTotalIntnAmount>
<AwardAmount>1782334</AwardAmount>
<AwardInstrument>
<Value>Standard Grant</Value>
</AwardInstrument>
<Organization>
<Code>08010000</Code>
<Directorate>
<Abbreviation>BIO</Abbreviation>
<LongName>Direct For Biological Sciences</LongName>
</Directorate>
<Division>
<Abbreviation>DEB</Abbreviation>
<LongName>Division Of Environmental Biology</LongName>
</Division>
</Organization>
<ProgramOfficer>
<SignBlockName>Kari Segraves</SignBlockName>
<PO_EMAI>ksegrave@nsf.gov</PO_EMAI>
<PO_PHON>7032928935</PO_PHON>
</ProgramOfficer>
<AbstractNarration>This project focuses on developing an immune-based strategy to prevent White Nose Syndrome (WNS), a lethal fungal infection of hibernating bats that is spreading across North America. This research will develop a deeper understanding of how the fungal pathogen attacks, and guide management strategies for protecting bats against the devastating impact of WNS. Specifically, the research team will interrogate how a fungal pathogen invades skin through the role of the epidermal growth factor receptor in bats, possibly resulting in a broader understanding of such processes in mammals in general. Additionally, the team will attempt a novel approach of combining vaccination with topical drugs that block infection – with the goals to advance the conservation of several bat species, maintain biodiversity and support ecosystem health. In addition, this project features the training and teaching of early career scientists and wildlife biology trainees and is based on the collaboration of an academic institution and federal agencies – USGS and USFWS.&lt;br/&gt;&lt;br/&gt;The fundamental research associated with this project is to further understand how the fungus Pseudogymnoascus destructans (Pd for short) initiates infection by adhering to bat skin. It is known that Pd makes contact with keratinocytes (e.g. epithelial cells).  This project makes use of a first-of-its-kind keratinocyte cell line from Myotis lucifugus, a bat species that is highly susceptible to WNS. The keratinocyte cell line has provided an ideal model to study how Pd invades bat skin and initiates infection. Preliminary data reveal: (i) the identity of a receptor – epidermal growth factor receptor (EGFR) – that mediates keratinocyte “stealth” invasion by Pd and (ii) the utility of the FDA approved drug gefitinib® that blocks Pd invasion of the cells. Experiments are designed to formally test the role of EGFR in Pd invasion via CRISPR editing of keratinocytes. Because EGFR differs in its structure in susceptible and resistant bats, EGFR from resistant bats will be used to complement the knockout cell line to assess the role of EGFR in explaining WNS susceptibility. Conservation biology is an important aspect of the work. WNS prevention strategies will be implemented in collaboration with the U.S. Geological Survey at the National Wildlife Health Center in partnership with the U.S. Fish and Wildlife Service. Field studies will thus be performed in several U.S. states to investigate the use of gefitinib together with a protective vaccine created by these investigators against Pd infection.&lt;br/&gt;&lt;br/&gt;This project is being supported via a joint program involving the Divisions of Environmental Biology and Integrative Organismal Systems and the Paul G. Allen Family Foundation.&lt;br/&gt;&lt;br/&gt;This award reflects NSF's statutory mission and has been deemed worthy of support through evaluation using the Foundation's intellectual merit and broader impacts review criteria.</AbstractNarration>
<MinAmdLetterDate>03/21/2023</MinAmdLetterDate>
<MaxAmdLetterDate>03/21/2023</MaxAmdLetterDate>
<ARRAAmount/>
<TRAN_TYPE>Grant</TRAN_TYPE>
<CFDA_NUM>47.074</CFDA_NUM>
<NSF_PAR_USE_FLAG>1</NSF_PAR_USE_FLAG>
<FUND_AGCY_CODE>4900</FUND_AGCY_CODE>
<AWDG_AGCY_CODE>4900</AWDG_AGCY_CODE>
<AwardID>2301729</AwardID>
<Investigator>
<FirstName>Tonie</FirstName>
<LastName>Rocke</LastName>
<PI_MID_INIT>E</PI_MID_INIT>
<PI_SUFX_NAME/>
<PI_FULL_NAME>Tonie E Rocke</PI_FULL_NAME>
<EmailAddress><![CDATA[trocke@usgs.gov]]></EmailAddress>
<NSF_ID>000875196</NSF_ID>
<StartDate>03/21/2023</StartDate>
<EndDate/>
<RoleCode>Co-Principal Investigator</RoleCode>
</Investigator>
<Investigator>
<FirstName>Bruce</FirstName>
<LastName>Klein</LastName>
<PI_MID_INIT>S</PI_MID_INIT>
<PI_SUFX_NAME/>
<PI_FULL_NAME>Bruce S Klein</PI_FULL_NAME>
<EmailAddress><![CDATA[bsklein@wisc.edu]]></EmailAddress>
<NSF_ID>000900678</NSF_ID>
<StartDate>03/21/2023</StartDate>
<EndDate/>
<RoleCode>Principal Investigator</RoleCode>
</Investigator>
<Institution>
<Name><![CDATA[University of Wisconsin-Madison]]></Name>
<CityName>MADISON</CityName>
<ZipCode>537151218</ZipCode>
<PhoneNumber>6082623822</PhoneNumber>
<StreetAddress><![CDATA[21 N PARK ST STE 6301]]></StreetAddress>
<StreetAddress2/>
<CountryName>United States</CountryName>
<StateName>Wisconsin</StateName>
<StateCode>WI</StateCode>
<CONGRESSDISTRICT>02</CONGRESSDISTRICT>
<CONGRESS_DISTRICT_ORG>WI02</CONGRESS_DISTRICT_ORG>
<ORG_UEI_NUM>LCLSJAGTNZQ7</ORG_UEI_NUM>
<ORG_LGL_BUS_NAME>UNIVERSITY OF WISCONSIN SYSTEM</ORG_LGL_BUS_NAME>
<ORG_PRNT_UEI_NUM/>
</Institution>
<Performance_Institution>
<Name><![CDATA[University of Wisconsin-Madison]]></Name>
<CityName>MADISON</CityName>
<StateCode>WI</StateCode>
<ZipCode>537151218</ZipCode>
<StreetAddress><![CDATA[21 N PARK ST STE 6301]]></StreetAddress>
<CountryCode>US</CountryCode>
<CountryName>United States</CountryName>
<StateName>Wisconsin</StateName>
<CountryFlag>1</CountryFlag>
<CONGRESSDISTRICT>02</CONGRESSDISTRICT>
<CONGRESS_DISTRICT_PERF>WI02</CONGRESS_DISTRICT_PERF>
</Performance_Institution>
<ProgramElement>
<Code>727500</Code>
<Text>Cross-BIO Activities</Text>
</ProgramElement>
<Appropriation>
<Code/>
<Name/>
<APP_SYMB_ID/>
</Appropriation>
<Fund>
<Code>01002324DB</Code>
<Name><![CDATA[NSF RESEARCH & RELATED ACTIVIT]]></Name>
<FUND_SYMB_ID>040100</FUND_SYMB_ID>
</Fund>
<FUND_OBLG>2023~1782334</FUND_OBLG>
</Award>
</rootTag>
