<?xml version="1.0" encoding="UTF-8"?>
<rootTag>
<Award>
<AwardTitle><![CDATA[Connectivity for a complex life cycle: Conserving the Crystal skipper butterfly in a coastal urban environment]]></AwardTitle>
<AGENCY>NSF</AGENCY>
<AwardEffectiveDate>05/01/2023</AwardEffectiveDate>
<AwardExpirationDate>04/30/2026</AwardExpirationDate>
<AwardTotalIntnAmount>429687.00</AwardTotalIntnAmount>
<AwardAmount>429687</AwardAmount>
<AwardInstrument>
<Value>Standard Grant</Value>
</AwardInstrument>
<Organization>
<Code>08010000</Code>
<Directorate>
<Abbreviation>BIO</Abbreviation>
<LongName>Direct For Biological Sciences</LongName>
</Directorate>
<Division>
<Abbreviation>DEB</Abbreviation>
<LongName>Division Of Environmental Biology</LongName>
</Division>
</Organization>
<ProgramOfficer>
<SignBlockName>Kari Segraves</SignBlockName>
<PO_EMAI>ksegrave@nsf.gov</PO_EMAI>
<PO_PHON>7032928935</PO_PHON>
</ProgramOfficer>
<AbstractNarration><![CDATA[Species around the globe increasingly face multiple threats from disturbances such as urbanization and climate change. Not all threats can be directly addressed through local conservation actions. Instead, conservation may attempt to reduce or offset the effects of a larger threat (such as climate change) by managing local conditions (such as food availability). We still know very little about whether and when these approaches should succeed. To address this problem, this research and conservation project investigates effects of urbanization, climate change, and habitat management on a rare butterfly, the Crystal skipper (Atrytonopsis quinteri). This small insect is endemic to 50 km of North Carolina barrier islands, where larvae and adults require distinct resources—host plants and nectar—that may be disconnected in an urban landscape. All life stages also face risks from weather and climate stressors. This project aims to improve monitoring and management approaches for the Crystal skipper. In doing so, it provides broader insights into how conservation management may interact with climate in organisms with complex life cycles. This project also provides integrative research and conservation training for a graduate student, undergraduate students, and early-career conservation professionals, and involves local stakeholders in monitoring and outreach. &lt;br/&gt;&lt;br/&gt;The specific objectives of this project are to: (1) develop a rigorous, sustainable, and unbiased survey methodology to estimate skipper population size and trends, (2) evaluate the role of connectivity (ease of movement) between host plants and nectar plants in limiting skipper populations, (3) assess whether management can increase Crystal skipper populations and offset effects of climate change, and (4) implement adaptive, robust, and strategic improvements to the existing Crystal skipper conservation plan. This research combines modern technologies (unmanned aerial systems to detect patchy nectar resources), field surveys, and circuit theory to quantify how mobile organisms use resources in an urban matrix. It also relates demographic rates to environmental and climate variables and constructs a mechanistic population model to test the effects of management interventions and weather/climate variation on skipper population growth. Finally, it combines results of research, monitoring, and stakeholder input to prioritize management actions and develop an adaptive monitoring program that will resolve critical uncertainties impeding Crystal skipper management.&lt;br/&gt;&lt;br/&gt;This project is being supported via a joint program involving the Divisions of Environmental Biology and Integrative Organismal Systems and the Paul G. Allen Family Foundation.&lt;br/&gt;&lt;br/&gt;This award reflects NSF's statutory mission and has been deemed worthy of support through evaluation using the Foundation's intellectual merit and broader impacts review criteria.]]></AbstractNarration>
<MinAmdLetterDate>03/21/2023</MinAmdLetterDate>
<MaxAmdLetterDate>03/21/2023</MaxAmdLetterDate>
<ARRAAmount/>
<TRAN_TYPE>Grant</TRAN_TYPE>
<CFDA_NUM>47.074</CFDA_NUM>
<NSF_PAR_USE_FLAG>1</NSF_PAR_USE_FLAG>
<FUND_AGCY_CODE>4900</FUND_AGCY_CODE>
<AWDG_AGCY_CODE>4900</AWDG_AGCY_CODE>
<AwardID>2301831</AwardID>
<Investigator>
<FirstName>Elsa</FirstName>
<LastName>Youngsteadt</LastName>
<PI_MID_INIT/>
<PI_SUFX_NAME/>
<PI_FULL_NAME>Elsa Youngsteadt</PI_FULL_NAME>
<EmailAddress><![CDATA[ekyoungs@ncsu.edu]]></EmailAddress>
<NSF_ID>000838085</NSF_ID>
<StartDate>03/21/2023</StartDate>
<EndDate/>
<RoleCode>Principal Investigator</RoleCode>
</Investigator>
<Investigator>
<FirstName>Nathan</FirstName>
<LastName>Hostetter</LastName>
<PI_MID_INIT>J</PI_MID_INIT>
<PI_SUFX_NAME/>
<PI_FULL_NAME>Nathan J Hostetter</PI_FULL_NAME>
<EmailAddress><![CDATA[njhostet@ncsu.edu]]></EmailAddress>
<NSF_ID>000910577</NSF_ID>
<StartDate>03/21/2023</StartDate>
<EndDate/>
<RoleCode>Co-Principal Investigator</RoleCode>
</Investigator>
<Investigator>
<FirstName>Justyna</FirstName>
<LastName>Jeziorska</LastName>
<PI_MID_INIT>A</PI_MID_INIT>
<PI_SUFX_NAME/>
<PI_FULL_NAME>Justyna A Jeziorska</PI_FULL_NAME>
<EmailAddress><![CDATA[jajezior@ncsu.edu]]></EmailAddress>
<NSF_ID>000909496</NSF_ID>
<StartDate>03/21/2023</StartDate>
<EndDate/>
<RoleCode>Co-Principal Investigator</RoleCode>
</Investigator>
<Institution>
<Name>North Carolina State University</Name>
<CityName>RALEIGH</CityName>
<ZipCode>276950001</ZipCode>
<PhoneNumber>9195152444</PhoneNumber>
<StreetAddress>2601 WOLF VILLAGE WAY</StreetAddress>
<StreetAddress2/>
<CountryName>United States</CountryName>
<StateName>North Carolina</StateName>
<StateCode>NC</StateCode>
<CONGRESSDISTRICT>02</CONGRESSDISTRICT>
<CONGRESS_DISTRICT_ORG>NC02</CONGRESS_DISTRICT_ORG>
<ORG_UEI_NUM>U3NVH931QJJ3</ORG_UEI_NUM>
<ORG_LGL_BUS_NAME>NORTH CAROLINA STATE UNIVERSITY</ORG_LGL_BUS_NAME>
<ORG_PRNT_UEI_NUM/>
</Institution>
<Performance_Institution>
<Name><![CDATA[North Carolina State University]]></Name>
<CityName>RALEIGH</CityName>
<StateCode>NC</StateCode>
<ZipCode>27607</ZipCode>
<StreetAddress><![CDATA[2601 WOLF VILLAGE WAY]]></StreetAddress>
<CountryCode>US</CountryCode>
<CountryName>United States</CountryName>
<StateName>North Carolina</StateName>
<CountryFlag>1</CountryFlag>
<CONGRESSDISTRICT>02</CONGRESSDISTRICT>
<CONGRESS_DISTRICT_PERF>NC02</CONGRESS_DISTRICT_PERF>
</Performance_Institution>
<ProgramElement>
<Code>7275</Code>
<Text>Cross-BIO Activities</Text>
</ProgramElement>
<Appropriation>
<Code/>
<Name/>
<APP_SYMB_ID/>
</Appropriation>
<Fund>
<Code>01002324DB</Code>
<Name><![CDATA[NSF RESEARCH & RELATED ACTIVIT]]></Name>
<FUND_SYMB_ID>040100</FUND_SYMB_ID>
</Fund>
<FUND_OBLG>2023~429687</FUND_OBLG>
</Award>
</rootTag>
