<?xml version="1.0" encoding="UTF-8"?>
<rootTag>
<Award>
<AwardTitle><![CDATA[The refined Arthur--Langlands conjectures beyond the supercuspidal case]]></AwardTitle>
<AGENCY>NSF</AGENCY>
<AwardEffectiveDate>06/01/2023</AwardEffectiveDate>
<AwardExpirationDate>05/31/2026</AwardExpirationDate>
<AwardTotalIntnAmount>337221.00</AwardTotalIntnAmount>
<AwardAmount>232182</AwardAmount>
<AwardInstrument>
<Value>Continuing Grant</Value>
</AwardInstrument>
<Organization>
<Code>03040000</Code>
<Directorate>
<Abbreviation>MPS</Abbreviation>
<LongName>Direct For Mathematical &amp; Physical Scien</LongName>
</Directorate>
<Division>
<Abbreviation>DMS</Abbreviation>
<LongName>Division Of Mathematical Sciences</LongName>
</Division>
</Organization>
<ProgramOfficer>
<SignBlockName>Andrew Pollington</SignBlockName>
<PO_EMAI>adpollin@nsf.gov</PO_EMAI>
<PO_PHON>7032924878</PO_PHON>
</ProgramOfficer>
<AbstractNarration>This project investigates facets of the Langlands program -- a fundamental area of Mathematics bridging number theory, geometry, and analysis, and examining in a systematic way the symmetries inherent in solutions of algebraic equations. By relating these symmetries to geometry, the program creates a powerful way of obtaining arithmetic information. The project is particularly concerned with obtaining such information in an algorithmically computable way. Deep and explicit knowledge of the arithmetic of numbers is essential for many technological advances over the last decades that we take for granted today, including encryption and digital security. Part of this work involves mentoring of young scientists.&lt;br/&gt;&lt;br/&gt;More precisely, the project aims at deepening our understanding of the refined Arthur-Langlands conjectures for general connected and disconnected reductive groups, in particular the internal structure of local and global packets and the character identities satisfied by them. The study of disconnected groups, while of interest in its own right, is also essential for the study of connected groups. The special case of disconnected groups over the real numbers will serve as a first step. An important role in obtaining the refined conjectures beyond the case of discrete parameters is played by self-intertwining operators acting on parabolically induced representations, and the project seeks to obtain natural normalizations of these and a precise statement of the intertwining relation. The project will also construct non-generic Arthur packets for local and global unitary groups, and obtain a description of the full discrete automorphic spectrum of global unitary groups.&lt;br/&gt;&lt;br/&gt;This award reflects NSF's statutory mission and has been deemed worthy of support through evaluation using the Foundation's intellectual merit and broader impacts review criteria.</AbstractNarration>
<MinAmdLetterDate>04/13/2023</MinAmdLetterDate>
<MaxAmdLetterDate>06/11/2024</MaxAmdLetterDate>
<ARRAAmount/>
<TRAN_TYPE>Grant</TRAN_TYPE>
<CFDA_NUM>47.049</CFDA_NUM>
<NSF_PAR_USE_FLAG>1</NSF_PAR_USE_FLAG>
<FUND_AGCY_CODE>4900</FUND_AGCY_CODE>
<AWDG_AGCY_CODE>4900</AWDG_AGCY_CODE>
<AwardID>2301507</AwardID>
<Investigator>
<FirstName>Tasho</FirstName>
<LastName>Kaletha</LastName>
<PI_MID_INIT/>
<PI_SUFX_NAME/>
<PI_FULL_NAME>Tasho Kaletha</PI_FULL_NAME>
<EmailAddress><![CDATA[kaletha@umich.edu]]></EmailAddress>
<NSF_ID>000601160</NSF_ID>
<StartDate>04/13/2023</StartDate>
<EndDate/>
<RoleCode>Principal Investigator</RoleCode>
</Investigator>
<Institution>
<Name><![CDATA[Regents of the University of Michigan - Ann Arbor]]></Name>
<CityName>ANN ARBOR</CityName>
<ZipCode>481091079</ZipCode>
<PhoneNumber>7347636438</PhoneNumber>
<StreetAddress><![CDATA[1109 GEDDES AVE, SUITE 3300]]></StreetAddress>
<StreetAddress2/>
<CountryName>United States</CountryName>
<StateName>Michigan</StateName>
<StateCode>MI</StateCode>
<CONGRESSDISTRICT>06</CONGRESSDISTRICT>
<CONGRESS_DISTRICT_ORG>MI06</CONGRESS_DISTRICT_ORG>
<ORG_UEI_NUM>GNJ7BBP73WE9</ORG_UEI_NUM>
<ORG_LGL_BUS_NAME>REGENTS OF THE UNIVERSITY OF MICHIGAN</ORG_LGL_BUS_NAME>
<ORG_PRNT_UEI_NUM/>
</Institution>
<Performance_Institution>
<Name><![CDATA[Regents of the University of Michigan - Ann Arbor]]></Name>
<CityName>ANN ARBOR</CityName>
<StateCode>MI</StateCode>
<ZipCode>481091340</ZipCode>
<StreetAddress><![CDATA[503 THOMPSON ST]]></StreetAddress>
<CountryCode>US</CountryCode>
<CountryName>United States</CountryName>
<StateName>Michigan</StateName>
<CountryFlag>1</CountryFlag>
<CONGRESSDISTRICT>06</CONGRESSDISTRICT>
<CONGRESS_DISTRICT_PERF>MI06</CONGRESS_DISTRICT_PERF>
</Performance_Institution>
<ProgramElement>
<Code>126400</Code>
<Text>ALGEBRA,NUMBER THEORY,AND COM</Text>
</ProgramElement>
<ProgramReference>
<Code>9251</Code>
<Text>REU SUPP-Res Exp for Ugrd Supp</Text>
</ProgramReference>
<Appropriation>
<Code/>
<Name/>
<APP_SYMB_ID/>
</Appropriation>
<Appropriation>
<Code/>
<Name/>
<APP_SYMB_ID/>
</Appropriation>
<Fund>
<Code>01002324DB</Code>
<Name><![CDATA[NSF RESEARCH & RELATED ACTIVIT]]></Name>
<FUND_SYMB_ID>040100</FUND_SYMB_ID>
</Fund>
<Fund>
<Code>01002425DB</Code>
<Name><![CDATA[NSF RESEARCH & RELATED ACTIVIT]]></Name>
<FUND_SYMB_ID>040100</FUND_SYMB_ID>
</Fund>
<FUND_OBLG>2023~112126</FUND_OBLG>
<FUND_OBLG>2024~120056</FUND_OBLG>
</Award>
</rootTag>
