<?xml version="1.0" encoding="UTF-8"?>
<rootTag>
<Award>
<AwardTitle><![CDATA[SBIR Phase I:  Terahertz Imaging Radar for Law Enforcement]]></AwardTitle>
<AGENCY>NSF</AGENCY>
<AwardEffectiveDate>08/01/2023</AwardEffectiveDate>
<AwardExpirationDate>01/31/2025</AwardExpirationDate>
<AwardTotalIntnAmount>274927.00</AwardTotalIntnAmount>
<AwardAmount>274927</AwardAmount>
<AwardInstrument>
<Value>Standard Grant</Value>
</AwardInstrument>
<Organization>
<Code>15030000</Code>
<Directorate>
<Abbreviation>TIP</Abbreviation>
<LongName>Dir for Tech, Innovation, &amp; Partnerships</LongName>
</Directorate>
<Division>
<Abbreviation>TI</Abbreviation>
<LongName>Translational Impacts</LongName>
</Division>
</Organization>
<ProgramOfficer>
<SignBlockName>Benaiah Schrag</SignBlockName>
<PO_EMAI>bschrag@nsf.gov</PO_EMAI>
<PO_PHON>7032928323</PO_PHON>
</ProgramOfficer>
<AbstractNarration>This broader impact/commercial potential of this Small Business Innovation Research (SBIR) Phase I project will improve public safety by furthering terahertz radar imaging technology for concealed threat detection. With increasing cases of weapons violence and mass casualty events across the nation, and an increase in the difficulty of detecting non-metallic weapons such as 3D-printed firearms and ceramic knives, a significant gap exists in threat detection technologies. This solution addresses a recognized need in an approximately $2 billion market which includes law enforcement and event venue security. Existing approaches (such as airport scanners and walkthrough metal detectors) are expensive, intrusive, and inconvenient or leave large gaps in detection capability.  Terahertz radar imaging promises the performance of gold-standard airport scanners in a consumer grade, portable, and discreet device. By demonstrating a terahertz radar transceiver, this Phase I effort will de-risk a key technical element of this technology, which is critical for security applications and beyond. If successful, this project represents a significant step forward in addressing society’s concealed threat detection issues.&lt;br/&gt;&lt;br/&gt;The intellectual merit of this project revolves around the design, implementation, fabrication and testing of a terahertz radar transceiver, a key component in the approach used in a personnel screening device. No such transceiver is currently available to purchase on the open market, let alone at the costs and volumes required for the proposed commercial applications. When paired with other elements of the imaging system, the result will be a three-dimensional radar imager which is capable of “seeing through” dielectric materials such as fabrics and detecting concealed weapons and contraband, both metallic and non-metallic. The transceiver design effort will feature development of components such as frequency multipliers, amplifiers and mixers, and their electrical, mechanical, and thermal integration into a larger imaging system.  This design phase will prioritize achieving cost, yield, and scalability metrics compatible with mass manufacture and widespread deployment. Key considerations involved in this effort are the signal-to-noise ratio (SNR) and Dynamic Range (DR) of the system, both important metrics in imaging performance and therefore weapons detection capability. The project leverages recent advances in terahertz integrated circuit technology.  The anticipated result is the experimental demonstration of such a component for integration into the fully functional imaging systems.&lt;br/&gt;&lt;br/&gt;This award reflects NSF's statutory mission and has been deemed worthy of support through evaluation using the Foundation's intellectual merit and broader impacts review criteria.</AbstractNarration>
<MinAmdLetterDate>07/25/2023</MinAmdLetterDate>
<MaxAmdLetterDate>07/25/2023</MaxAmdLetterDate>
<ARRAAmount/>
<TRAN_TYPE>Grant</TRAN_TYPE>
<CFDA_NUM>47.084</CFDA_NUM>
<NSF_PAR_USE_FLAG>1</NSF_PAR_USE_FLAG>
<FUND_AGCY_CODE>4900</FUND_AGCY_CODE>
<AWDG_AGCY_CODE>4900</AWDG_AGCY_CODE>
<AwardID>2301538</AwardID>
<Investigator>
<FirstName>Nathan</FirstName>
<LastName>Monroe</LastName>
<PI_MID_INIT>M</PI_MID_INIT>
<PI_SUFX_NAME/>
<PI_FULL_NAME>Nathan M Monroe</PI_FULL_NAME>
<EmailAddress><![CDATA[nathan@thzcorp.com]]></EmailAddress>
<NSF_ID>000879257</NSF_ID>
<StartDate>07/25/2023</StartDate>
<EndDate/>
<RoleCode>Principal Investigator</RoleCode>
</Investigator>
<Institution>
<Name><![CDATA[CAMBRIDGE TERAHERTZ INC]]></Name>
<CityName>CAMBRIDGE</CityName>
<ZipCode>021394540</ZipCode>
<PhoneNumber>6176168327</PhoneNumber>
<StreetAddress><![CDATA[162 BROOKLINE ST]]></StreetAddress>
<StreetAddress2><![CDATA[NUM 2]]></StreetAddress2>
<CountryName>United States</CountryName>
<StateName>Massachusetts</StateName>
<StateCode>MA</StateCode>
<CONGRESSDISTRICT>07</CONGRESSDISTRICT>
<CONGRESS_DISTRICT_ORG>MA07</CONGRESS_DISTRICT_ORG>
<ORG_UEI_NUM>Z8A4DLQMWKL1</ORG_UEI_NUM>
<ORG_LGL_BUS_NAME>CAMBRIDGE TERAHERTZ INC</ORG_LGL_BUS_NAME>
<ORG_PRNT_UEI_NUM/>
</Institution>
<Performance_Institution>
<Name><![CDATA[Cambridge Terahertz Inc]]></Name>
<CityName>Cambridge</CityName>
<StateCode>MA</StateCode>
<ZipCode>021421187</ZipCode>
<StreetAddress><![CDATA[One Broadway, 14th floor CIC]]></StreetAddress>
<CountryCode>US</CountryCode>
<CountryName>United States</CountryName>
<StateName>Massachusetts</StateName>
<CountryFlag>1</CountryFlag>
<CONGRESSDISTRICT>07</CONGRESSDISTRICT>
<CONGRESS_DISTRICT_PERF>MA07</CONGRESS_DISTRICT_PERF>
</Performance_Institution>
<ProgramElement>
<Code>537100</Code>
<Text>SBIR Phase I</Text>
</ProgramElement>
<ProgramReference>
<Code>8616</Code>
<Text>Instr Rsrch,Metro&amp;Std NanTech</Text>
</ProgramReference>
<Appropriation>
<Code/>
<Name/>
<APP_SYMB_ID/>
</Appropriation>
<Fund>
<Code>01AB2324DB</Code>
<Name><![CDATA[R&RA DRSA DEFC AAB]]></Name>
<FUND_SYMB_ID>040100</FUND_SYMB_ID>
</Fund>
<FUND_OBLG>2023~274927</FUND_OBLG>
</Award>
</rootTag>
