<?xml version="1.0" encoding="UTF-8"?>
<rootTag>
<Award>
<AwardTitle><![CDATA[AccelNet-Implementation: SZNet - A Coordinated Global Effort to Understand Subduction Geohazards]]></AwardTitle>
<AGENCY>NSF</AGENCY>
<AwardEffectiveDate>06/01/2023</AwardEffectiveDate>
<AwardExpirationDate>05/31/2027</AwardExpirationDate>
<AwardTotalIntnAmount>1999834.00</AwardTotalIntnAmount>
<AwardAmount>1999834</AwardAmount>
<AwardInstrument>
<Value>Standard Grant</Value>
</AwardInstrument>
<Organization>
<Code>01090000</Code>
<Directorate>
<Abbreviation>O/D</Abbreviation>
<LongName>Office Of The Director</LongName>
</Directorate>
<Division>
<Abbreviation>OISE</Abbreviation>
<LongName>Office Of Internatl Science &amp;Engineering</LongName>
</Division>
</Organization>
<ProgramOfficer>
<SignBlockName>Kara C. Hoover</SignBlockName>
<PO_EMAI>kchoover@nsf.gov</PO_EMAI>
<PO_PHON>7032922235</PO_PHON>
</ProgramOfficer>
<AbstractNarration>Our limited understanding of the fundamental drivers behind earthquakes, tsunamis, volcanic eruptions, and landslides hinders our ability to anticipate these globally significant hazards. Subduction zones provide the opportunity to systematically investigate multiple hazards simultaneously in locations that generate some of the largest risk from geological events. In addition, the geometry of subduction zones permits unusually well-controlled natural experiments that can be used to isolate and study key factors driving geohazards. The study of subduction zones is intrinsically an international enterprise because:  (1) Comparison across regions allows for insights about the controlling factors of the tectonic, volcanic and landscape systems. (2) Large geohazards are inherently rare events that require a portfolio approach globally to guarantee the correct observations are made systematically.  Significant investments in subduction zone geohazards are now being made internationally. Active networks in Latin America, Europe, North America, Oceania and Asia are currently pursuing complementary science agendas and building large-scale deployments. Coordination between activities is needed to ensure that the maximum science is obtained from these efforts. SZNet would combine 14 networks across 5 continents with a particular emphasis on improving observations in Chile, which hosts one of the world’s most geologically active and accessible subduction zones. Multiple projects on and offshore are working to establish the large-scale data collection and research effort required to study this exemplary system and coordination is needed to optimize the scientific output both here and globally. &lt;br/&gt;   &lt;br/&gt;The goal of SZNet is to develop an intellectual community with  three missions:&lt;br/&gt;1. to compare observations of subduction zones around the globe with a common dataset and understanding,&lt;br/&gt;2. to cooperate to consistently instrument critical subduction zones that can provide key and transferrable insights, and&lt;br/&gt;3. to develop and nurture an international and diverse cadre of early career scientists that is equipped to make the necessary breakthroughs.&lt;br/&gt;These missions will be supported through a combination of workshops, webinars, data exchanges, field schools, pilot projects and student exchanges. We anticipate that these activities will allow a portfolio approach to observations to enable geographical coverage that will both create the necessary baseline data and maximize the chances of capturing earthquakes, volcanic eruptions and landslides. In addition, the exchange of ideas will benefit partner networks while stimulating coordinated deployment and research strategies. Understanding geohazards has direct societal significance for the inhabitants of the Pacific Rim and other subduction zones around the world. The lack of understanding of the fundamental controls on when and where impactful earthquakes, eruptions and landslides can happen is a major impediment to focussing resources and mitigation efforts. Developing this understanding through an international network would connect the disparate experiences and expertise of experts in each subduction zone to provide a unified framework through missions 1 and 2. Mission 3 would broaden the geoscience community by supporting  international early career scientists with a program of field schools, pilot projects and student exchanges.&lt;br/&gt;&lt;br/&gt;This award reflects NSF's statutory mission and has been deemed worthy of support through evaluation using the Foundation's intellectual merit and broader impacts review criteria.</AbstractNarration>
<MinAmdLetterDate>05/23/2023</MinAmdLetterDate>
<MaxAmdLetterDate>05/23/2023</MaxAmdLetterDate>
<ARRAAmount/>
<TRAN_TYPE>Grant</TRAN_TYPE>
<CFDA_NUM>47.050, 47.079</CFDA_NUM>
<NSF_PAR_USE_FLAG>1</NSF_PAR_USE_FLAG>
<FUND_AGCY_CODE>4900</FUND_AGCY_CODE>
<AWDG_AGCY_CODE>4900</AWDG_AGCY_CODE>
<AwardID>2301732</AwardID>
<Investigator>
<FirstName>Emily</FirstName>
<LastName>Brodsky</LastName>
<PI_MID_INIT>E</PI_MID_INIT>
<PI_SUFX_NAME/>
<PI_FULL_NAME>Emily E Brodsky</PI_FULL_NAME>
<EmailAddress><![CDATA[brodsky@pmc.ucsc.edu]]></EmailAddress>
<NSF_ID>000167909</NSF_ID>
<StartDate>05/23/2023</StartDate>
<EndDate/>
<RoleCode>Principal Investigator</RoleCode>
</Investigator>
<Investigator>
<FirstName>Jerry</FirstName>
<LastName>Carter</LastName>
<PI_MID_INIT>A</PI_MID_INIT>
<PI_SUFX_NAME/>
<PI_FULL_NAME>Jerry A Carter</PI_FULL_NAME>
<EmailAddress><![CDATA[jerry@iris.washington.edu]]></EmailAddress>
<NSF_ID>000799985</NSF_ID>
<StartDate>05/23/2023</StartDate>
<EndDate/>
<RoleCode>Co-Principal Investigator</RoleCode>
</Investigator>
<Institution>
<Name><![CDATA[University of California-Santa Cruz]]></Name>
<CityName>SANTA CRUZ</CityName>
<ZipCode>950641077</ZipCode>
<PhoneNumber>8314595278</PhoneNumber>
<StreetAddress><![CDATA[1156 HIGH ST]]></StreetAddress>
<StreetAddress2/>
<CountryName>United States</CountryName>
<StateName>California</StateName>
<StateCode>CA</StateCode>
<CONGRESSDISTRICT>19</CONGRESSDISTRICT>
<CONGRESS_DISTRICT_ORG>CA19</CONGRESS_DISTRICT_ORG>
<ORG_UEI_NUM>VXUFPE4MCZH5</ORG_UEI_NUM>
<ORG_LGL_BUS_NAME>UNIVERSITY OF CALIFORNIA SANTA CRUZ</ORG_LGL_BUS_NAME>
<ORG_PRNT_UEI_NUM/>
</Institution>
<Performance_Institution>
<Name><![CDATA[University of California-Santa Cruz]]></Name>
<CityName>SANTA CRUZ</CityName>
<StateCode>CA</StateCode>
<ZipCode>950641077</ZipCode>
<StreetAddress><![CDATA[1156 HIGH ST]]></StreetAddress>
<CountryCode>US</CountryCode>
<CountryName>United States</CountryName>
<StateName>California</StateName>
<CountryFlag>1</CountryFlag>
<CONGRESSDISTRICT>19</CONGRESSDISTRICT>
<CONGRESS_DISTRICT_PERF>CA19</CONGRESS_DISTRICT_PERF>
</Performance_Institution>
<ProgramElement>
<Code>069Y00</Code>
<Text>AccelNet - Accelerating Resear</Text>
</ProgramElement>
<ProgramElement>
<Code>162000</Code>
<Text>Marine Geology and Geophysics</Text>
</ProgramElement>
<ProgramElement>
<Code>689800</Code>
<Text>EAR-Earth Sciences Research</Text>
</ProgramElement>
<ProgramElement>
<Code>722200</Code>
<Text>XC-Crosscutting Activities Pro</Text>
</ProgramElement>
<ProgramReference>
<Code>5918</Code>
<Text>FRANCE</Text>
</ProgramReference>
<ProgramReference>
<Code>5941</Code>
<Text>NEW ZEALAND</Text>
</ProgramReference>
<ProgramReference>
<Code>5974</Code>
<Text>CHILE</Text>
</ProgramReference>
<ProgramReference>
<Code>5983</Code>
<Text>JAPAN AND KOREA PROGRAM</Text>
</ProgramReference>
<ProgramReference>
<Code>7521</Code>
<Text>GAMBIA</Text>
</ProgramReference>
<ProgramReference>
<Code>9102</Code>
<Text>WOMEN, MINORITY, DISABLED, NEC</Text>
</ProgramReference>
<Appropriation>
<Code/>
<Name/>
<APP_SYMB_ID/>
</Appropriation>
<Fund>
<Code>01002324DB</Code>
<Name><![CDATA[NSF RESEARCH & RELATED ACTIVIT]]></Name>
<FUND_SYMB_ID>040100</FUND_SYMB_ID>
</Fund>
<FUND_OBLG>2023~1999834</FUND_OBLG>
</Award>
</rootTag>
