<?xml version="1.0" encoding="UTF-8"?>
<rootTag>
<Award>
<AwardTitle><![CDATA[ERI: Development of light-emitting devices having intensive quantum-optical properties using a low-dimensional semiconducting material]]></AwardTitle>
<AGENCY>NSF</AGENCY>
<AwardEffectiveDate>06/01/2023</AwardEffectiveDate>
<AwardExpirationDate>05/31/2025</AwardExpirationDate>
<AwardTotalIntnAmount>199875.00</AwardTotalIntnAmount>
<AwardAmount>199875</AwardAmount>
<AwardInstrument>
<Value>Standard Grant</Value>
</AwardInstrument>
<Organization>
<Code>07010000</Code>
<Directorate>
<Abbreviation>ENG</Abbreviation>
<LongName>Directorate For Engineering</LongName>
</Directorate>
<Division>
<Abbreviation>ECCS</Abbreviation>
<LongName>Div Of Electrical, Commun &amp; Cyber Sys</LongName>
</Division>
</Organization>
<ProgramOfficer>
<SignBlockName>Prem Chahal</SignBlockName>
<PO_EMAI>pchahal@nsf.gov</PO_EMAI>
<PO_PHON>7032920000</PO_PHON>
</ProgramOfficer>
<AbstractNarration>The last few decades have seen significant technological advances in fabricating nanometer-scale structures and performing ultrafast laser spectroscopies. Physical or chemical phenomena occurring in extremely small distances (less than one micrometer) for extremely short time durations (less than one nanosecond) can be analyzed and understood with such advanced nanofabrication tools and methodologies. Superfluorescence (SF), collective light generations from an ensemble of interacting emitters in a nanometer-sized dimension, is one of the fascinating quantum phenomena. SF occurs when the light emitters synchronously behave under a single-mode electromagnetic field as they generate intensive short pulses. As a new type of bright light source, SF may find rich applications in quantum sensing, ultranarrow laser, and photonic-based quantum computation. The realization of SF, however, is challenging because it usually requires very low temperatures and stringent excitation conditions. This project uses a low-dimensional compound semiconductor called quasi-two-dimensional (2D) perovskites in thin film form. Indeed, a room-temperature SF has been observed in quasi-2D perovskite thin films, demonstrating that a room-temperature SF is feasible, but still, the quantum-optical properties of this SF akin to traditional SFs of gaseous phases have yet to be explored. Because of the potential inherent in a room temperature SF, it is of pressing importance that SFs from solid-state quasi-2D perovskites are refined and their exquisite quantum states measured. The proposed work will advance our understanding of the collective optical effects from a robust solid-state material and show the practical way to engineer and control the output properties of the quantum lights. &lt;br/&gt;&lt;br/&gt;This proposal aims to develop optical devices that control SF-lasing phase transitions by incorporating quasi-2D perovskite onto distributed feedback (DFB) resonators. Engineering monolithic resonant cavities with quasi-2D perovskites will provide optical controllability over the phase diagrams of SF-lasing transitions. Besides reproducing the existing results, the proposed project will perform (1) time-resolved photoluminescence spectroscopy on a femtosecond time scale to examine the dynamical characteristics of the SF emission from quasi-2D perovskite DFB resonators. This experiment will measure the SF build-up time required for the phase-synchronization of interacting emitters and the characteristic Rabi-type oscillations of photoluminescence decay curves, implying a strong light-matter coupling. Moreover, this project will perform (2) measurements of wavelength-dependent second-order correlation functions that will reveal the photon statistics and bunching characteristics of SFs. Finally, using homodyne detection tomography, the research team will (3) search for their non-classical photon states, such as displaced squeezed states. The pulsed and quantum nature of SF at room temperature may open a route toward realizing an ultrafast quantum light source. Photonic device fabrication and femtosecond time-resolved spectroscopy are the major experimental tasks of the project, which will also allow the exploitation of other emerging photoluminescent materials beyond perovskites. In addition, this project involves the development of a quantum optics lab course at Michigan Tech.&lt;br/&gt;&lt;br/&gt;This award reflects NSF's statutory mission and has been deemed worthy of support through evaluation using the Foundation's intellectual merit and broader impacts review criteria.</AbstractNarration>
<MinAmdLetterDate>05/16/2023</MinAmdLetterDate>
<MaxAmdLetterDate>05/16/2023</MaxAmdLetterDate>
<ARRAAmount/>
<TRAN_TYPE>Grant</TRAN_TYPE>
<CFDA_NUM>47.041</CFDA_NUM>
<NSF_PAR_USE_FLAG>1</NSF_PAR_USE_FLAG>
<FUND_AGCY_CODE>4900</FUND_AGCY_CODE>
<AWDG_AGCY_CODE>4900</AWDG_AGCY_CODE>
<AwardID>2301580</AwardID>
<Investigator>
<FirstName>Jae Yong</FirstName>
<LastName>Suh</LastName>
<PI_MID_INIT/>
<PI_SUFX_NAME/>
<PI_FULL_NAME>Jae Yong Suh</PI_FULL_NAME>
<EmailAddress><![CDATA[jsuh@mtu.edu]]></EmailAddress>
<NSF_ID>000707034</NSF_ID>
<StartDate>05/16/2023</StartDate>
<EndDate/>
<RoleCode>Principal Investigator</RoleCode>
</Investigator>
<Institution>
<Name><![CDATA[Michigan Technological University]]></Name>
<CityName>HOUGHTON</CityName>
<ZipCode>499311200</ZipCode>
<PhoneNumber>9064871885</PhoneNumber>
<StreetAddress><![CDATA[1400 TOWNSEND DR]]></StreetAddress>
<StreetAddress2/>
<CountryName>United States</CountryName>
<StateName>Michigan</StateName>
<StateCode>MI</StateCode>
<CONGRESSDISTRICT>01</CONGRESSDISTRICT>
<CONGRESS_DISTRICT_ORG>MI01</CONGRESS_DISTRICT_ORG>
<ORG_UEI_NUM>GKMSN3DA6P91</ORG_UEI_NUM>
<ORG_LGL_BUS_NAME>MICHIGAN TECHNOLOGICAL UNIVERSITY</ORG_LGL_BUS_NAME>
<ORG_PRNT_UEI_NUM>GKMSN3DA6P91</ORG_PRNT_UEI_NUM>
</Institution>
<Performance_Institution>
<Name><![CDATA[Michigan Technological University]]></Name>
<CityName>HOUGHTON</CityName>
<StateCode>MI</StateCode>
<ZipCode>499311200</ZipCode>
<StreetAddress><![CDATA[1400 TOWNSEND DR]]></StreetAddress>
<CountryCode>US</CountryCode>
<CountryName>United States</CountryName>
<StateName>Michigan</StateName>
<CountryFlag>1</CountryFlag>
<CONGRESSDISTRICT>01</CONGRESSDISTRICT>
<CONGRESS_DISTRICT_PERF>MI01</CONGRESS_DISTRICT_PERF>
</Performance_Institution>
<ProgramElement>
<Code>180Y00</Code>
<Text>ERI-Eng. Research Initiation</Text>
</ProgramElement>
<ProgramReference>
<Code>091E</Code>
<Text>Light generation &amp; detection</Text>
</ProgramReference>
<ProgramReference>
<Code>094E</Code>
<Text>Optoelectronic devices</Text>
</ProgramReference>
<ProgramReference>
<Code>095E</Code>
<Text>Photonic integration</Text>
</ProgramReference>
<Appropriation>
<Code/>
<Name/>
<APP_SYMB_ID/>
</Appropriation>
<Fund>
<Code>01002324DB</Code>
<Name><![CDATA[NSF RESEARCH & RELATED ACTIVIT]]></Name>
<FUND_SYMB_ID>040100</FUND_SYMB_ID>
</Fund>
<FUND_OBLG>2023~199875</FUND_OBLG>
</Award>
</rootTag>
