<?xml version="1.0" encoding="UTF-8"?>
<rootTag>
<Award>
<AwardTitle><![CDATA[Understanding electrochemical hydrogenation reactions over post-transition metal electrodes: the role of incidental mediators and metastable phases]]></AwardTitle>
<AGENCY>NSF</AGENCY>
<AwardEffectiveDate>08/01/2023</AwardEffectiveDate>
<AwardExpirationDate>07/31/2026</AwardExpirationDate>
<AwardTotalIntnAmount>599434.00</AwardTotalIntnAmount>
<AwardAmount>599434</AwardAmount>
<AwardInstrument>
<Value>Standard Grant</Value>
</AwardInstrument>
<Organization>
<Code>07020000</Code>
<Directorate>
<Abbreviation>ENG</Abbreviation>
<LongName>Directorate For Engineering</LongName>
</Directorate>
<Division>
<Abbreviation>CBET</Abbreviation>
<LongName>Div Of Chem, Bioeng, Env, &amp; Transp Sys</LongName>
</Division>
</Organization>
<ProgramOfficer>
<SignBlockName>Carole Read</SignBlockName>
<PO_EMAI>cread@nsf.gov</PO_EMAI>
<PO_PHON>7032922418</PO_PHON>
</ProgramOfficer>
<AbstractNarration>Electrochemistry enables the use of electrical energy to drive chemical reactions. These types of reactions are increasingly interesting due to their compatibility with renewable electricity infrastructure. The reactions occur by interaction of molecules with materials known as electrodes, which are held at an applied voltage and can exhibit catalytic properties when the molecules contact their surfaces. This project will investigate a phenomenon where the electrode material is not static, but instead generates corrosion products that mediate the catalytic reactions. In many cases, corrosion is seen as a detrimental process; however, in this project the investigators aim to use corrosion products purposefully and productively. The mechanism is not yet well understood, and gaining the ability to control and exploit it could have consequences for the design of electrochemical systems for a wide array of chemical production. Specific reactions to be studied in this project relate to the conversion of biomass-derived molecules to make green fuels and chemical precursors to biodegradable plastics. In addition to the expected benefits of Ph.D. training for workforce development, the PIs will establish research opportunities for undergraduates as well as educational materials for larger groups of students, scientists, and non-expert community members. Several of the initiatives to be supported are ongoing, while the project will add a new research experience opportunity for local community college instructors to help in shaping future curriculum and guiding students in continuing from two-year to four-year degree programs.&lt;br/&gt;&lt;br/&gt;The goal of this project is to understand the extent to which reduced metal species, generated by cathodic corrosion processes such as the formation of dissolved metal hydrides or anions, may mediate reduction of molecules. While traditionally viewed as detrimental side reactions, the project explores the hypothesis that these cathodic corrosion products can mediate homogeneous reduction, even as the primary mechanism in some cases. This hypothesis will be evaluated against possible mechanisms with heterogeneous charge transfer from either the native electrode material or from metastable in-situ phases such as solid metal hydrides or alkali alloys. Specific reactivity studies will involve reduction of levulinic acid (LA) as a testbed. This molecule is derived from renewable biomass and can be electro-reduced to several valuable products. The PIs have obtained preliminary evidence that corrosion-product mediation may be involved on materials that are highly selective to making hydroxyvaleric acid (a monomer for biodegradable plastics) and gamma-valerolactone (a green solvent and biofuel) from LA. The plan is to combine rigorous kinetic measurement tools, quantum chemical calculations, in-situ vibrational and electronic spectroscopy, and a suite of other advanced materials characterization techniques to understand and ultimately leverage the phenomena more broadly into better-controlled electrolysis systems.&lt;br/&gt;&lt;br/&gt;This award reflects NSF's statutory mission and has been deemed worthy of support through evaluation using the Foundation's intellectual merit and broader impacts review criteria.</AbstractNarration>
<MinAmdLetterDate>07/20/2023</MinAmdLetterDate>
<MaxAmdLetterDate>07/20/2023</MaxAmdLetterDate>
<ARRAAmount/>
<TRAN_TYPE>Grant</TRAN_TYPE>
<CFDA_NUM>47.041</CFDA_NUM>
<NSF_PAR_USE_FLAG>1</NSF_PAR_USE_FLAG>
<FUND_AGCY_CODE>4900</FUND_AGCY_CODE>
<AWDG_AGCY_CODE>4900</AWDG_AGCY_CODE>
<AwardID>2301381</AwardID>
<Investigator>
<FirstName>Charles</FirstName>
<LastName>Musgrave</LastName>
<PI_MID_INIT>B</PI_MID_INIT>
<PI_SUFX_NAME/>
<PI_FULL_NAME>Charles B Musgrave</PI_FULL_NAME>
<EmailAddress><![CDATA[charles.musgrave@utah.edu]]></EmailAddress>
<NSF_ID>000469825</NSF_ID>
<StartDate>07/20/2023</StartDate>
<EndDate/>
<RoleCode>Co-Principal Investigator</RoleCode>
</Investigator>
<Investigator>
<FirstName>Adam</FirstName>
<LastName>Holewinski</LastName>
<PI_MID_INIT>P</PI_MID_INIT>
<PI_SUFX_NAME/>
<PI_FULL_NAME>Adam P Holewinski</PI_FULL_NAME>
<EmailAddress><![CDATA[Adam.Holewinski@colorado.edu]]></EmailAddress>
<NSF_ID>000707936</NSF_ID>
<StartDate>07/20/2023</StartDate>
<EndDate/>
<RoleCode>Principal Investigator</RoleCode>
</Investigator>
<Institution>
<Name><![CDATA[University of Colorado at Boulder]]></Name>
<CityName>Boulder</CityName>
<ZipCode>803090001</ZipCode>
<PhoneNumber>3034926221</PhoneNumber>
<StreetAddress><![CDATA[3100 MARINE ST]]></StreetAddress>
<StreetAddress2><![CDATA[STE 481 572 UCB]]></StreetAddress2>
<CountryName>United States</CountryName>
<StateName>Colorado</StateName>
<StateCode>CO</StateCode>
<CONGRESSDISTRICT>02</CONGRESSDISTRICT>
<CONGRESS_DISTRICT_ORG>CO02</CONGRESS_DISTRICT_ORG>
<ORG_UEI_NUM>SPVKK1RC2MZ3</ORG_UEI_NUM>
<ORG_LGL_BUS_NAME>THE REGENTS OF THE UNIVERSITY OF COLORADO</ORG_LGL_BUS_NAME>
<ORG_PRNT_UEI_NUM/>
</Institution>
<Performance_Institution>
<Name><![CDATA[University of Colorado at Boulder]]></Name>
<CityName>BOULDER</CityName>
<StateCode>CO</StateCode>
<ZipCode>803090001</ZipCode>
<StreetAddress><![CDATA[3100 MARINE ST STE 481 572 UCB]]></StreetAddress>
<CountryCode>US</CountryCode>
<CountryName>United States</CountryName>
<StateName>Colorado</StateName>
<CountryFlag>1</CountryFlag>
<CONGRESSDISTRICT>02</CONGRESSDISTRICT>
<CONGRESS_DISTRICT_PERF>CO02</CONGRESS_DISTRICT_PERF>
</Performance_Institution>
<ProgramElement>
<Code>764400</Code>
<Text>EchemS-Electrochemical Systems</Text>
</ProgramElement>
<Appropriation>
<Code/>
<Name/>
<APP_SYMB_ID/>
</Appropriation>
<Fund>
<Code>01002324DB</Code>
<Name><![CDATA[NSF RESEARCH & RELATED ACTIVIT]]></Name>
<FUND_SYMB_ID>040100</FUND_SYMB_ID>
</Fund>
<FUND_OBLG>2023~599434</FUND_OBLG>
</Award>
</rootTag>
