<?xml version="1.0" encoding="UTF-8"?>
<rootTag>
<Award>
<AwardTitle><![CDATA[Modular Multiphase Interleaved High Current Conversion for Distributed Energy Resources]]></AwardTitle>
<AGENCY>NSF</AGENCY>
<AwardEffectiveDate>06/01/2023</AwardEffectiveDate>
<AwardExpirationDate>05/31/2025</AwardExpirationDate>
<AwardTotalIntnAmount>200000.00</AwardTotalIntnAmount>
<AwardAmount>200000</AwardAmount>
<AwardInstrument>
<Value>Standard Grant</Value>
</AwardInstrument>
<Organization>
<Code>07010000</Code>
<Directorate>
<Abbreviation>ENG</Abbreviation>
<LongName>Directorate For Engineering</LongName>
</Directorate>
<Division>
<Abbreviation>ECCS</Abbreviation>
<LongName>Div Of Electrical, Commun &amp; Cyber Sys</LongName>
</Division>
</Organization>
<ProgramOfficer>
<SignBlockName>Eyad Abed</SignBlockName>
<PO_EMAI>eabed@nsf.gov</PO_EMAI>
<PO_PHON>7032922303</PO_PHON>
</ProgramOfficer>
<AbstractNarration>This project will investigate a novel high-current conversion technology to promote various distributed energy resources (DERs)-related applications, including battery energy storage, electric vehicle fast charging, hydrogen production from solar and wind power, and data centers. With the rapid growth of energy demand from DERs, there is a significant challenge to directly supply a huge DC current, up to a few kiloamperes or even higher. From the power systems perspective, this project aims to provide capability to support high-power demand response with high efficiency and fast speed. From the power electronics perspective, it suggests a solution to satisfy the high-current requirements with high power density and low cost. This project aims to alleviate the existing technical gaps and contribute to the development of the next-generation high efficiency, compact, and low-cost high current conversion technology. The project is expected to benefit the renewable energy and transportation electrification industry and contribute to the advancements of the US both technically and economically.&lt;br/&gt;&lt;br/&gt;This project will leverage the state-of-the-art wide bandgap (WBG) semiconductor devices to develop a modular multiphase interleaved high current conversion technology for various DERs and loads. To satisfy the high current needs and overcome existing challenges, the project proposes to study high-efficiency resonant circuits, integrated magnetic coupling, and modeling and control of power converters. A key technology is the compensation circuit topology design, including inductors, capacitors, and their interconnections to create resonance. A unique innovation of this project will be the development of novel compensation topologies to achieve a high-current source output property, which is different from a conventional voltage-source output. In this way, the expected high-current capability could be realized to satisfy many DER applications. The developed high frequency soft-switching strategy would significantly reduce the size of passive components and contribute to high power density in practical use. Meanwhile, education efforts will also be integrated into the research to ensure that the research achievements in this project will benefit students.&lt;br/&gt;&lt;br/&gt;This award reflects NSF's statutory mission and has been deemed worthy of support through evaluation using the Foundation's intellectual merit and broader impacts review criteria.</AbstractNarration>
<MinAmdLetterDate>06/01/2023</MinAmdLetterDate>
<MaxAmdLetterDate>06/01/2023</MaxAmdLetterDate>
<ARRAAmount/>
<TRAN_TYPE>Grant</TRAN_TYPE>
<CFDA_NUM>47.041</CFDA_NUM>
<NSF_PAR_USE_FLAG>1</NSF_PAR_USE_FLAG>
<FUND_AGCY_CODE>4900</FUND_AGCY_CODE>
<AWDG_AGCY_CODE>4900</AWDG_AGCY_CODE>
<AwardID>2301637</AwardID>
<Investigator>
<FirstName>Hua</FirstName>
<LastName>Zhang</LastName>
<PI_MID_INIT/>
<PI_SUFX_NAME/>
<PI_FULL_NAME>Hua Zhang</PI_FULL_NAME>
<EmailAddress><![CDATA[zhangh@rowan.edu]]></EmailAddress>
<NSF_ID>000846139</NSF_ID>
<StartDate>06/01/2023</StartDate>
<EndDate/>
<RoleCode>Principal Investigator</RoleCode>
</Investigator>
<Institution>
<Name><![CDATA[Rowan University]]></Name>
<CityName>GLASSBORO</CityName>
<ZipCode>080281700</ZipCode>
<PhoneNumber>8562564057</PhoneNumber>
<StreetAddress><![CDATA[201 MULLICA HILL RD]]></StreetAddress>
<StreetAddress2/>
<CountryName>United States</CountryName>
<StateName>New Jersey</StateName>
<StateCode>NJ</StateCode>
<CONGRESSDISTRICT>01</CONGRESSDISTRICT>
<CONGRESS_DISTRICT_ORG>NJ01</CONGRESS_DISTRICT_ORG>
<ORG_UEI_NUM>DMDEQP66JL85</ORG_UEI_NUM>
<ORG_LGL_BUS_NAME>ROWAN UNIVERSITY</ORG_LGL_BUS_NAME>
<ORG_PRNT_UEI_NUM/>
</Institution>
<Performance_Institution>
<Name><![CDATA[Rowan University]]></Name>
<CityName>GLASSBORO</CityName>
<StateCode>NJ</StateCode>
<ZipCode>080281700</ZipCode>
<StreetAddress><![CDATA[201 MULLICA HILL RD RT 322]]></StreetAddress>
<CountryCode>US</CountryCode>
<CountryName>United States</CountryName>
<StateName>New Jersey</StateName>
<CountryFlag>1</CountryFlag>
<CONGRESSDISTRICT>01</CONGRESSDISTRICT>
<CONGRESS_DISTRICT_PERF>NJ01</CONGRESS_DISTRICT_PERF>
</Performance_Institution>
<ProgramElement>
<Code>180Y00</Code>
<Text>ERI-Eng. Research Initiation</Text>
</ProgramElement>
<ProgramReference>
<Code>155E</Code>
<Text>Electric power networks</Text>
</ProgramReference>
<Appropriation>
<Code/>
<Name/>
<APP_SYMB_ID/>
</Appropriation>
<Fund>
<Code>01002324DB</Code>
<Name><![CDATA[NSF RESEARCH & RELATED ACTIVIT]]></Name>
<FUND_SYMB_ID>040100</FUND_SYMB_ID>
</Fund>
<FUND_OBLG>2023~200000</FUND_OBLG>
</Award>
</rootTag>
