<?xml version="1.0" encoding="UTF-8"?>
<rootTag>
<Award>
<AwardTitle><![CDATA[Collaborative Research: Examining Elementary Mathematics Teachers' Behaviors and Learning with an Online Professional Development Platform]]></AwardTitle>
<AGENCY>NSF</AGENCY>
<AwardEffectiveDate>08/01/2023</AwardEffectiveDate>
<AwardExpirationDate>07/31/2026</AwardExpirationDate>
<AwardTotalIntnAmount>113003.00</AwardTotalIntnAmount>
<AwardAmount>43087</AwardAmount>
<AwardInstrument>
<Value>Continuing Grant</Value>
</AwardInstrument>
<Organization>
<Code>11090000</Code>
<Directorate>
<Abbreviation>EDU</Abbreviation>
<LongName>Directorate for STEM Education</LongName>
</Directorate>
<Division>
<Abbreviation>DRL</Abbreviation>
<LongName>Division Of Research On Learning</LongName>
</Division>
</Organization>
<ProgramOfficer>
<SignBlockName>Margret Hjalmarson</SignBlockName>
<PO_EMAI>mhjalmar@nsf.gov</PO_EMAI>
<PO_PHON>7032925186</PO_PHON>
</ProgramOfficer>
<AbstractNarration>Elementary mathematics teachers have a growing need for professional learning opportunities. Online resources can provide essential support, especially for teachers from low-resourced schools, in which there is often limited funding for professional development. Online professional learning also allows teachers to work at their own pace and seek out the resources they find most useful. In this project, the investigators will explore different ways that elementary school teachers participate in online learning in a platform that includes videos, discussions, and other resources for mathematics teaching. Knowing that teachers may use the platform to different degrees depending on their interest and time available, the study will investigate how different profiles of participation influence teachers' learning. The nation-wide study will also examine how to design different types of learning experiences within the platform. Given the current reliance on online resources, it is crucial to know how teachers perceive what they learn when their learning is self-directed and self-paced.&lt;br/&gt;&lt;br/&gt;The project will use a large-scale virtual learning community for elementary teachers to investigate how different participation profiles influence teachers' professional learning. First, the project will identify how teachers understand their own learning when interacting with an online, asynchronous, professional-learning website. The nationwide study will develop profiles of teachers who engage with the site in different ways. Some teachers may be seeking specific information for an upcoming lesson and others may be browsing for their own curiosity.  Early phases of the project will use web analytics, measures of math anxiety, surveys, and interviews to develop profiles and understand how teachers perceive their learning. Second, using an experimental design, the project will test whether the perceived learning strategies identified by data mining, teacher surveys, and interviews affect teacher behaviors, which have been identified as being related to positive teaching and student-learning outcomes. The final phase will add assessments of teacher learning to test the design of interventions grounded in the analysis from the early phases.&lt;br/&gt;&lt;br/&gt;This project is supported by NSF's EDU Core Research (ECR) program and the Discovery Research preK-12 Program. The ECR program emphasizes fundamental STEM education research that generates foundational knowledge in the field. Investments are made in critical areas that are essential, broad and enduring: STEM learning and STEM learning environments, broadening participation in STEM, and STEM workforce development. The Discovery Research preK-12 program (DRK-12) seeks to significantly enhance the learning and teaching of science, technology, engineering, and mathematics (STEM) by preK-12 students and teachers, through research and development of innovative resources, models, and tools. Projects in the DRK-12 program build on fundamental research in STEM education and prior research and development efforts that provide theoretical and empirical justification for proposed projects. &lt;br/&gt;&lt;br/&gt;This award reflects NSF's statutory mission and has been deemed worthy of support through evaluation using the Foundation's intellectual merit and broader impacts review criteria.</AbstractNarration>
<MinAmdLetterDate>06/15/2023</MinAmdLetterDate>
<MaxAmdLetterDate>06/15/2023</MaxAmdLetterDate>
<ARRAAmount/>
<TRAN_TYPE>Grant</TRAN_TYPE>
<CFDA_NUM>47.076</CFDA_NUM>
<NSF_PAR_USE_FLAG>1</NSF_PAR_USE_FLAG>
<FUND_AGCY_CODE>4900</FUND_AGCY_CODE>
<AWDG_AGCY_CODE>4900</AWDG_AGCY_CODE>
<AwardID>2301273</AwardID>
<Investigator>
<FirstName>Joseph</FirstName>
<LastName>Cimpian</LastName>
<PI_MID_INIT>R</PI_MID_INIT>
<PI_SUFX_NAME/>
<PI_FULL_NAME>Joseph R Cimpian</PI_FULL_NAME>
<EmailAddress><![CDATA[joseph.cimpian@nyu.edu]]></EmailAddress>
<NSF_ID>000730907</NSF_ID>
<StartDate>06/15/2023</StartDate>
<EndDate/>
<RoleCode>Principal Investigator</RoleCode>
</Investigator>
<Institution>
<Name><![CDATA[New York University]]></Name>
<CityName>NEW YORK</CityName>
<ZipCode>100121019</ZipCode>
<PhoneNumber>2129982121</PhoneNumber>
<StreetAddress><![CDATA[70 WASHINGTON SQ S]]></StreetAddress>
<StreetAddress2/>
<CountryName>United States</CountryName>
<StateName>New York</StateName>
<StateCode>NY</StateCode>
<CONGRESSDISTRICT>10</CONGRESSDISTRICT>
<CONGRESS_DISTRICT_ORG>NY10</CONGRESS_DISTRICT_ORG>
<ORG_UEI_NUM>NX9PXMKW5KW8</ORG_UEI_NUM>
<ORG_LGL_BUS_NAME>NEW YORK UNIVERSITY</ORG_LGL_BUS_NAME>
<ORG_PRNT_UEI_NUM/>
</Institution>
<Performance_Institution>
<Name><![CDATA[New York University]]></Name>
<CityName>NEW YORK</CityName>
<StateCode>NY</StateCode>
<ZipCode>100121019</ZipCode>
<StreetAddress><![CDATA[70 WASHINGTON SQ S]]></StreetAddress>
<CountryCode>US</CountryCode>
<CountryName>United States</CountryName>
<StateName>New York</StateName>
<CountryFlag>1</CountryFlag>
<CONGRESSDISTRICT>10</CONGRESSDISTRICT>
<CONGRESS_DISTRICT_PERF>NY10</CONGRESS_DISTRICT_PERF>
</Performance_Institution>
<ProgramElement>
<Code>764500</Code>
<Text>Discovery Research K-12</Text>
</ProgramElement>
<ProgramElement>
<Code>798000</Code>
<Text>ECR-EDU Core Research</Text>
</ProgramElement>
<Appropriation>
<Code/>
<Name/>
<APP_SYMB_ID/>
</Appropriation>
<Fund>
<Code>04002324DB</Code>
<Name><![CDATA[NSF STEM Education]]></Name>
<FUND_SYMB_ID>040106</FUND_SYMB_ID>
</Fund>
<FUND_OBLG>2023~43087</FUND_OBLG>
</Award>
</rootTag>
