<?xml version="1.0" encoding="UTF-8"?>
<rootTag>
<Award>
<AwardTitle><![CDATA[ERI: Dynamic membranes in anaerobic wastewater treatment systems: Enhancing mitigation of emerging microbial threats to promote safe water reuse]]></AwardTitle>
<AGENCY>NSF</AGENCY>
<AwardEffectiveDate>08/01/2023</AwardEffectiveDate>
<AwardExpirationDate>07/31/2025</AwardExpirationDate>
<AwardTotalIntnAmount>199795.00</AwardTotalIntnAmount>
<AwardAmount>199795</AwardAmount>
<AwardInstrument>
<Value>Standard Grant</Value>
</AwardInstrument>
<Organization>
<Code>07020000</Code>
<Directorate>
<Abbreviation>ENG</Abbreviation>
<LongName>Directorate For Engineering</LongName>
</Directorate>
<Division>
<Abbreviation>CBET</Abbreviation>
<LongName>Div Of Chem, Bioeng, Env, &amp; Transp Sys</LongName>
</Division>
</Organization>
<ProgramOfficer>
<SignBlockName>Karl Rockne</SignBlockName>
<PO_EMAI>krockne@nsf.gov</PO_EMAI>
<PO_PHON>7032927293</PO_PHON>
</ProgramOfficer>
<AbstractNarration>Anerobic membrane bioreactors (AnMBRs) are providing new opportunities to design, build, and deploy a new generation of treatment processes that can recover clean water from wastewater while generating energy (biogas) and/or valuable products such as medium-carboxylic acids. AnMBRs combine  membrane filtration (microfiltration or ultrafiltration) with anaerobic digestion in specially designed bioreactors. Anaerobic dynamic membrane bioreactors (AnDMBRs) have emerged as promising alternatives to address the shortcomings of current AnMBRs including low flux, high capital and operating costs, and high propensity for membrane fouling. In AnDMBRs,  in-situ formed biofilms on stainless-steel meshes (or  woven/nonwoven fabrics) with pore sizes ranging from 5-200 microns provide the filtration media thereby circumventing the need to use commercial microfiltration or ultrafiltration membranes. The overarching goal of this ERI project is to evaluate the effectiveness of AnDMBRs to remove pathogenic bacteria, genes, and other biomarkers associated with the spread of antibiotic resistance with the goal of producing water effluents that are safe for agricultural reuse. The successful completion of this project will benefit society by advancing fundamental knowledge on the use of AnDMBRs to enable the sustainable and safe reuse of rural wastewater for crop irrigation. Additional benefits to society will be achieved through student education and training including the mentoring of one graduate student and two undergraduate students at the New Mexico Institute of Mining and Technology.&lt;br/&gt;&lt;br/&gt;Anaerobic membrane bioreactors (AnMBRs) combine membrane separation with anaerobic digestion to produce a high-quality effluent suitable for agricultural reuse. In anerobic dynamic membrane bioreactors (AnDMBRs), in-situ formed biofilms on low-cost porous substrates (e.g., stainless-steel meshes or  woven/nonwoven fabrics) serve as dynamic membranes and filtration media. Recent studies have shown that the biofilms that form on membrane surfaces in AnMBRs can enhance effluent water quality and aid in the removal of pathogenic bacteria and emerging biological contaminants. However, it is still unclear if the biofilms of AnDMBRs can maintain similar benefits for the  removal of pathogenic bacteria, genes or other markers associated with antibiotic resistance. This ERI project will address this critical knowledge gap. The specific objectives of the research are to 1) Quantify the concentration and abundance of antibiotic-resistant bacteria (ARBs), antibiotic resistance genes (ARGs), and other relevant gene transfer elements in AnMBR system effluents; 2) Establish a baseline for assessing the abundances of both intracellular and extracellular ARGs in AnMBR system effluents during the treatment of real and representative rural wastewaters; and 3) Evaluate the effectiveness of AnDMBRs to remove ARBs and ARGs during the treatment of rural wastewaters. The successful completion of this project has the potential for transformative impact through the development of new fundamental knowledge to advance the design and deployment of more efficient and cost-effective technologies for the sustainable and safe reuse of wastewater for agriculture and farming in rural communities. To implement the education and outreach activities of the project, the Principal Investigator (PI) plans to leverage existing programs at the New Mexico Institute of Mining and Technology such as the K-12 outreach program, the STE2M summer experience for high school students, and the Upward Bound Math and Science program for local high school students to communicate the outcomes of the proposed research and engage the local community on water management and reuse.&lt;br/&gt;&lt;br/&gt;This project is jointly funded by the CBET Environmental Engineering program and the Established Program to Stimulate Competitive Research (EPSCoR).&lt;br/&gt;&lt;br/&gt;This award reflects NSF's statutory mission and has been deemed worthy of support through evaluation using the Foundation's intellectual merit and broader impacts review criteria.</AbstractNarration>
<MinAmdLetterDate>07/05/2023</MinAmdLetterDate>
<MaxAmdLetterDate>07/05/2023</MaxAmdLetterDate>
<ARRAAmount/>
<TRAN_TYPE>Grant</TRAN_TYPE>
<CFDA_NUM>47.041, 47.083</CFDA_NUM>
<NSF_PAR_USE_FLAG>1</NSF_PAR_USE_FLAG>
<FUND_AGCY_CODE>4900</FUND_AGCY_CODE>
<AWDG_AGCY_CODE>4900</AWDG_AGCY_CODE>
<AwardID>2301545</AwardID>
<Investigator>
<FirstName>Moustapha</FirstName>
<LastName>Harb</LastName>
<PI_MID_INIT/>
<PI_SUFX_NAME/>
<PI_FULL_NAME>Moustapha Harb</PI_FULL_NAME>
<EmailAddress><![CDATA[moustapha.harb@nmt.edu]]></EmailAddress>
<NSF_ID>000900176</NSF_ID>
<StartDate>07/05/2023</StartDate>
<EndDate/>
<RoleCode>Principal Investigator</RoleCode>
</Investigator>
<Institution>
<Name><![CDATA[New Mexico Institute of Mining and Technology]]></Name>
<CityName>SOCORRO</CityName>
<ZipCode>878014681</ZipCode>
<PhoneNumber>5758355496</PhoneNumber>
<StreetAddress><![CDATA[801 LEROY PL]]></StreetAddress>
<StreetAddress2/>
<CountryName>United States</CountryName>
<StateName>New Mexico</StateName>
<StateCode>NM</StateCode>
<CONGRESSDISTRICT>02</CONGRESSDISTRICT>
<CONGRESS_DISTRICT_ORG>NM02</CONGRESS_DISTRICT_ORG>
<ORG_UEI_NUM>HZJ2JZUALWN4</ORG_UEI_NUM>
<ORG_LGL_BUS_NAME>NEW MEXICO INSTITUTE OF MINING AND TECHNOLOGY</ORG_LGL_BUS_NAME>
<ORG_PRNT_UEI_NUM/>
</Institution>
<Performance_Institution>
<Name><![CDATA[New Mexico Institute of Mining and Technology]]></Name>
<CityName>SOCORRO</CityName>
<StateCode>NM</StateCode>
<ZipCode>878014681</ZipCode>
<StreetAddress><![CDATA[801 LEROY PL]]></StreetAddress>
<CountryCode>US</CountryCode>
<CountryName>United States</CountryName>
<StateName>New Mexico</StateName>
<CountryFlag>1</CountryFlag>
<CONGRESSDISTRICT>02</CONGRESSDISTRICT>
<CONGRESS_DISTRICT_PERF>NM02</CONGRESS_DISTRICT_PERF>
</Performance_Institution>
<ProgramElement>
<Code>144000</Code>
<Text>EnvE-Environmental Engineering</Text>
</ProgramElement>
<ProgramElement>
<Code>915000</Code>
<Text>EPSCoR Co-Funding</Text>
</ProgramElement>
<ProgramReference>
<Code>090Z</Code>
<Text>CAS-Critical Aspects of Sustainability</Text>
</ProgramReference>
<ProgramReference>
<Code>9150</Code>
<Text>EXP PROG TO STIM COMP RES</Text>
</ProgramReference>
<Appropriation>
<Code/>
<Name/>
<APP_SYMB_ID/>
</Appropriation>
<Fund>
<Code>01002324DB</Code>
<Name><![CDATA[NSF RESEARCH & RELATED ACTIVIT]]></Name>
<FUND_SYMB_ID>040100</FUND_SYMB_ID>
</Fund>
<FUND_OBLG>2023~199795</FUND_OBLG>
</Award>
</rootTag>
