<?xml version="1.0" encoding="UTF-8"?>
<rootTag>
<Award>
<AwardTitle><![CDATA[Collaborative Proposal: MRA: Local- to continental-scale drivers of biodiversity across the National Ecological Observatory Network (NEON)]]></AwardTitle>
<AGENCY>NSF</AGENCY>
<AwardEffectiveDate>10/15/2022</AwardEffectiveDate>
<AwardExpirationDate>11/30/2025</AwardExpirationDate>
<AwardTotalIntnAmount>368331.00</AwardTotalIntnAmount>
<AwardAmount>338447</AwardAmount>
<AwardInstrument>
<Value>Standard Grant</Value>
</AwardInstrument>
<Organization>
<Code>08010000</Code>
<Directorate>
<Abbreviation>BIO</Abbreviation>
<LongName>Direct For Biological Sciences</LongName>
</Directorate>
<Division>
<Abbreviation>DEB</Abbreviation>
<LongName>Division Of Environmental Biology</LongName>
</Division>
</Organization>
<ProgramOfficer>
<SignBlockName>Matthew Kane</SignBlockName>
<PO_EMAI>mkane@nsf.gov</PO_EMAI>
<PO_PHON>7032927186</PO_PHON>
</ProgramOfficer>
<AbstractNarration>Understanding how natural and human-made factors affect geographic patterns of biodiversity is essential for planning conservation efforts, especially in the face of rapid global changes. Geographic patterns of biodiversity are expected to be influenced by a combination of local biological factors, like competition among species, and by regional to continental physical factors, such as climate. However, this expectation has not been evaluated from local to continental scales across diverse species lineages. In addition, natural and human-made disturbances are likely to alter this expectation. This study uses the geographic design of the National Ecological Observatory Network (NEON) across the USA to test this idea, by quantifying multiple biological and physical factors affecting biodiversity patterns of small mammals, fish, and ground beetles at nested spatial scales. The study will add new, publicly available data to NEON including measures of animal body sizes, species diversity, and geospatial layers for disturbance and land use histories, climate, geology, and topography. Teaching modules will highlight data science skills needed to work with NEON data. Undergraduates, graduate students, and postdocs will engage directly with the research. The study will also engage the public and increase awareness of the biosphere and environmental change with an interactive exhibit for Science on a Sphere developed with computer science students, a natural history museum, and a large science festival.&lt;br/&gt;&lt;br/&gt;The proposed research will advance the field of ecology by connecting fine-grained measurements of individual organism traits, like body size, to cross-scale drivers of biodiversity from plot to continental scales. This research develops a conceptual framework that describes relationships among intraspecific trait variation (ITV) in body size, biodiversity, and drivers related to disturbance, past land use, and their interactions. This framework will advance basic theory and prediction of spatial biodiversity patterns by linking ITV to drivers of biodiversity across scales. Three main questions include: (1) How does spatial scale influence body size ITV and its relationship with biodiversity across taxa within NEON? (2) How is disturbance regime explained by different scales of climate, geodiversity and land cover, and past land use across NEON? (3) How do relationships among climate, geodiversity and land cover, past land use, disturbance regime, and body size ITV explain variation in biodiversity across taxa from local to continental scales? The proposed research will meet a major research need within NEON, to quantify disturbance and land use history data from the plot to the domain scale. Such data are essential to interpretation of observational ecological data and will be publicly disseminated as a geospatial and tabular database containing code for linking other NEON plot, site, and domain data products. These new data and biodiversity analyses will serve to establish a baseline for future spatiotemporal NEON data products that concern ecological communities and ITV.&lt;br/&gt;&lt;br/&gt;This award reflects NSF's statutory mission and has been deemed worthy of support through evaluation using the Foundation's intellectual merit and broader impacts review criteria.</AbstractNarration>
<MinAmdLetterDate>11/01/2022</MinAmdLetterDate>
<MaxAmdLetterDate>07/14/2023</MaxAmdLetterDate>
<ARRAAmount/>
<TRAN_TYPE>Grant</TRAN_TYPE>
<CFDA_NUM>47.074, 47.079</CFDA_NUM>
<NSF_PAR_USE_FLAG>1</NSF_PAR_USE_FLAG>
<FUND_AGCY_CODE>4900</FUND_AGCY_CODE>
<AWDG_AGCY_CODE>4900</AWDG_AGCY_CODE>
<AwardID>2301322</AwardID>
<Investigator>
<FirstName>Sydne</FirstName>
<LastName>Record</LastName>
<PI_MID_INIT/>
<PI_SUFX_NAME/>
<PI_FULL_NAME>Sydne Record</PI_FULL_NAME>
<EmailAddress><![CDATA[sydne.record@maine.edu]]></EmailAddress>
<NSF_ID>000674481</NSF_ID>
<StartDate>11/01/2022</StartDate>
<EndDate/>
<RoleCode>Principal Investigator</RoleCode>
</Investigator>
<Institution>
<Name><![CDATA[University of Maine]]></Name>
<CityName>ORONO</CityName>
<ZipCode>044695717</ZipCode>
<PhoneNumber>2075811484</PhoneNumber>
<StreetAddress><![CDATA[5717 CORBETT HALL]]></StreetAddress>
<StreetAddress2/>
<CountryName>United States</CountryName>
<StateName>Maine</StateName>
<StateCode>ME</StateCode>
<CONGRESSDISTRICT>02</CONGRESSDISTRICT>
<CONGRESS_DISTRICT_ORG>ME02</CONGRESS_DISTRICT_ORG>
<ORG_UEI_NUM>PB3AJE5ZEJ59</ORG_UEI_NUM>
<ORG_LGL_BUS_NAME>UNIVERSITY OF MAINE SYSTEM</ORG_LGL_BUS_NAME>
<ORG_PRNT_UEI_NUM/>
</Institution>
<Performance_Institution>
<Name><![CDATA[University of Maine]]></Name>
<CityName>ORONO</CityName>
<StateCode>ME</StateCode>
<ZipCode>044695717</ZipCode>
<StreetAddress><![CDATA[5717 CORBETT HALL RM 422]]></StreetAddress>
<CountryCode>US</CountryCode>
<CountryName>United States</CountryName>
<StateName>Maine</StateName>
<CountryFlag>1</CountryFlag>
<CONGRESSDISTRICT>02</CONGRESSDISTRICT>
<CONGRESS_DISTRICT_PERF>ME02</CONGRESS_DISTRICT_PERF>
</Performance_Institution>
<ProgramElement>
<Code>054Y00</Code>
<Text>GVF - Global Venture Fund</Text>
</ProgramElement>
<ProgramElement>
<Code>112800</Code>
<Text>Population &amp; Community Ecology</Text>
</ProgramElement>
<ProgramElement>
<Code>727500</Code>
<Text>Cross-BIO Activities</Text>
</ProgramElement>
<ProgramElement>
<Code>795900</Code>
<Text>MacroSysBIO &amp; NEON-Enabled Sci</Text>
</ProgramElement>
<ProgramReference>
<Code>102Z</Code>
<Text>COVID-Disproportionate Impcts Inst-Indiv</Text>
</ProgramReference>
<ProgramReference>
<Code>108Z</Code>
<Text>Post-baccalaureate Involvement</Text>
</ProgramReference>
<ProgramReference>
<Code>1228</Code>
<Text>MINORITY INVOLVEMENT -- BIO</Text>
</ProgramReference>
<ProgramReference>
<Code>5937</Code>
<Text>SWEDEN</Text>
</ProgramReference>
<ProgramReference>
<Code>7959</Code>
<Text>MACROSYSTEM BIOLOGY</Text>
</ProgramReference>
<ProgramReference>
<Code>9150</Code>
<Text>EXP PROG TO STIM COMP RES</Text>
</ProgramReference>
<ProgramReference>
<Code>9251</Code>
<Text>REU SUPP-Res Exp for Ugrd Supp</Text>
</ProgramReference>
<Appropriation>
<Code/>
<Name/>
<APP_SYMB_ID/>
</Appropriation>
<Appropriation>
<Code/>
<Name/>
<APP_SYMB_ID/>
</Appropriation>
<Appropriation>
<Code/>
<Name/>
<APP_SYMB_ID/>
</Appropriation>
<Fund>
<Code>01002324DB</Code>
<Name><![CDATA[NSF RESEARCH & RELATED ACTIVIT]]></Name>
<FUND_SYMB_ID>040100</FUND_SYMB_ID>
</Fund>
<Fund>
<Code>01002122DB</Code>
<Name><![CDATA[NSF RESEARCH & RELATED ACTIVIT]]></Name>
<FUND_SYMB_ID>040100</FUND_SYMB_ID>
</Fund>
<Fund>
<Code>01001920DB</Code>
<Name><![CDATA[NSF RESEARCH & RELATED ACTIVIT]]></Name>
<FUND_SYMB_ID>040100</FUND_SYMB_ID>
</Fund>
<FUND_OBLG>2019~273881</FUND_OBLG>
<FUND_OBLG>2021~59270</FUND_OBLG>
<FUND_OBLG>2023~5294</FUND_OBLG>
</Award>
</rootTag>
