<?xml version="1.0" encoding="UTF-8"?>
<rootTag>
<Award>
<AwardTitle><![CDATA[Geometry of analytic and algebraic varieties]]></AwardTitle>
<AGENCY>NSF</AGENCY>
<AwardEffectiveDate>07/01/2023</AwardEffectiveDate>
<AwardExpirationDate>06/30/2026</AwardExpirationDate>
<AwardTotalIntnAmount>330000.00</AwardTotalIntnAmount>
<AwardAmount>330000</AwardAmount>
<AwardInstrument>
<Value>Standard Grant</Value>
</AwardInstrument>
<Organization>
<Code>03040000</Code>
<Directorate>
<Abbreviation>MPS</Abbreviation>
<LongName>Direct For Mathematical &amp; Physical Scien</LongName>
</Directorate>
<Division>
<Abbreviation>DMS</Abbreviation>
<LongName>Division Of Mathematical Sciences</LongName>
</Division>
</Organization>
<ProgramOfficer>
<SignBlockName>James Matthew Douglass</SignBlockName>
<PO_EMAI>mdouglas@nsf.gov</PO_EMAI>
<PO_PHON>7032922467</PO_PHON>
</ProgramOfficer>
<AbstractNarration>This research project is in the field of algebraic geometry, one of the core areas of pure mathematics whose roots date back to the ancient Greeks. At its heart, algebraic geometry studies the geometry of the solution of polynomial equations. These are the simplest possible equations and so, not surprisingly, they play an important role in almost any scientific discipline. In particular algebraic geometry has close ties with differential and analytic geometry, commutative algebra, topology, number theory, physics, theoretical computer science, cryptography, and many areas of applied mathematics. The most fundamental problem in algebraic geometry is to classify all geometric objects defined by polynomial equations. The minimal model program is the most successful approach to this classification program and has recently had extraordinary success in classifying complex varieties, i.e. solution sets consisting of complex numbers. It is hoped that these techniques will extend to other contexts such as varieties defined over fields of positive characteristics and to complex analytic varieties. The PI will involve graduate students and post-docs in various aspects of this project.&lt;br/&gt;&lt;br/&gt;This project will generalize the results of the minimal model program over the complex numbers to the case of varieties over algebraically closed fields of positive characteristic (and to the case of mixed characteristics) as well as the case of Kahler varieties. In particular, the PI will show that the minimal model program holds for compact Kahler klt threefolds and fourfolds and will develop the theory of generalized klt Kahler varieties. The PI will investigate the minimal model program for threefolds in characteristic 3 and the pluricanonical maps of projective 3-folds over algebraically closed fields of large characteristics. The minimal model program in mixed characteristic will also be developed.&lt;br/&gt;&lt;br/&gt;This award reflects NSF's statutory mission and has been deemed worthy of support through evaluation using the Foundation's intellectual merit and broader impacts review criteria.</AbstractNarration>
<MinAmdLetterDate>05/15/2023</MinAmdLetterDate>
<MaxAmdLetterDate>05/15/2023</MaxAmdLetterDate>
<ARRAAmount/>
<TRAN_TYPE>Grant</TRAN_TYPE>
<CFDA_NUM>47.049</CFDA_NUM>
<NSF_PAR_USE_FLAG>1</NSF_PAR_USE_FLAG>
<FUND_AGCY_CODE>4900</FUND_AGCY_CODE>
<AWDG_AGCY_CODE>4900</AWDG_AGCY_CODE>
<AwardID>2301374</AwardID>
<Investigator>
<FirstName>Christopher</FirstName>
<LastName>Hacon</LastName>
<PI_MID_INIT>D</PI_MID_INIT>
<PI_SUFX_NAME/>
<PI_FULL_NAME>Christopher D Hacon</PI_FULL_NAME>
<EmailAddress><![CDATA[hacon@math.utah.edu]]></EmailAddress>
<NSF_ID>000486582</NSF_ID>
<StartDate>05/15/2023</StartDate>
<EndDate/>
<RoleCode>Principal Investigator</RoleCode>
</Investigator>
<Institution>
<Name><![CDATA[University of Utah]]></Name>
<CityName>SALT LAKE CITY</CityName>
<ZipCode>841129049</ZipCode>
<PhoneNumber>8015816903</PhoneNumber>
<StreetAddress><![CDATA[201 PRESIDENTS CIR]]></StreetAddress>
<StreetAddress2/>
<CountryName>United States</CountryName>
<StateName>Utah</StateName>
<StateCode>UT</StateCode>
<CONGRESSDISTRICT>01</CONGRESSDISTRICT>
<CONGRESS_DISTRICT_ORG>UT01</CONGRESS_DISTRICT_ORG>
<ORG_UEI_NUM>LL8GLEVH6MG3</ORG_UEI_NUM>
<ORG_LGL_BUS_NAME>UNIVERSITY OF UTAH</ORG_LGL_BUS_NAME>
<ORG_PRNT_UEI_NUM/>
</Institution>
<Performance_Institution>
<Name><![CDATA[University of Utah]]></Name>
<CityName>SALT LAKE CITY</CityName>
<StateCode>UT</StateCode>
<ZipCode>841129049</ZipCode>
<StreetAddress><![CDATA[201 PRESIDENTS CIR]]></StreetAddress>
<CountryCode>US</CountryCode>
<CountryName>United States</CountryName>
<StateName>Utah</StateName>
<CountryFlag>1</CountryFlag>
<CONGRESSDISTRICT>01</CONGRESSDISTRICT>
<CONGRESS_DISTRICT_PERF>UT01</CONGRESS_DISTRICT_PERF>
</Performance_Institution>
<ProgramElement>
<Code>126400</Code>
<Text>ALGEBRA,NUMBER THEORY,AND COM</Text>
</ProgramElement>
<Appropriation>
<Code/>
<Name/>
<APP_SYMB_ID/>
</Appropriation>
<Fund>
<Code>01002324DB</Code>
<Name><![CDATA[NSF RESEARCH & RELATED ACTIVIT]]></Name>
<FUND_SYMB_ID>040100</FUND_SYMB_ID>
</Fund>
<FUND_OBLG>2023~330000</FUND_OBLG>
</Award>
</rootTag>
