<?xml version="1.0" encoding="UTF-8"?>
<rootTag>
<Award>
<AwardTitle><![CDATA[Cognitive Mechanisms of Guided Instruction in the Early Elementary Years]]></AwardTitle>
<AGENCY>NSF</AGENCY>
<AwardEffectiveDate>08/01/2023</AwardEffectiveDate>
<AwardExpirationDate>07/31/2028</AwardExpirationDate>
<AwardTotalIntnAmount>1500000.00</AwardTotalIntnAmount>
<AwardAmount>1031634</AwardAmount>
<AwardInstrument>
<Value>Continuing Grant</Value>
</AwardInstrument>
<Organization>
<Code>11090000</Code>
<Directorate>
<Abbreviation>EDU</Abbreviation>
<LongName>Directorate for STEM Education</LongName>
</Directorate>
<Division>
<Abbreviation>DRL</Abbreviation>
<LongName>Division Of Research On Learning</LongName>
</Division>
</Organization>
<ProgramOfficer>
<SignBlockName>Michael Ford</SignBlockName>
<PO_EMAI>miford@nsf.gov</PO_EMAI>
<PO_PHON>7032925153</PO_PHON>
</ProgramOfficer>
<AbstractNarration>The purpose of this study is to compare the results of two teaching styles: direct instruction and guided query, for early elementary students in science. Guided queries -- when teachers ask questions that engage the learner in prediction, explanation, and reflection -- have been shown to support knowledge building and motivation in brief lab settings. However, there is disagreement among scholars about how the learning outcomes of guided query teaching styles compare to those of direct instruction in more traditional education settings, and it is unknown how the learning processes involved unfold over longer times, and among children embedded in different communities. This project addresses these gaps in our understanding by conducting a longitudinal study with early elementary school students to investigate the short- and long-term effects of direct and guided query instruction about a foundational physical concept: properties of matter. The sample includes children embedded in families and communities with diverse backgrounds, which allows observations on the effects of the different teaching styles on children with different prior experiences. This project informs the decision-making process about which teaching styles are best suited for teaching science to early elementary school children across different communities and also is developing an inexpensive, easy-to-scale-up, and ready-to-deploy curriculum that could be implemented in schools or families. The curriculum will address young children's known misconceptions about matter earlier than typical curricula. &lt;br/&gt;&lt;br/&gt;Cognitive and motivational mechanisms may be differently impacted by diverse teaching styles. To shed light on the mechanisms underlying learning from direct and guided instruction, this project involves longitudinal assessment of children's knowledge about matter and its interactions, as well as of  their motivation and attitudes toward science before and after receiving training. A sample of 300 early elementary school children, drawn from communities with diverse backgrounds, will be randomly assigned to three conditions: (i) Direct Instruction, (ii) Guided Query; and (iii) Baseline condition.  Children in all three conditions will be assessed in five different data collection waves over a period of 3.5 years. In addition to assessing cognitive mechanisms through children's a) factual, b) causal-explanatory, and c) conceptual knowledge about matter and its interactions, the project also assesses motivational mechanisms through measures of children’s d) curiosity, e) perseverance on science  related tasks, and f) attitudes toward self and learning. After Wave 1 of data collection, children in the Direct Instruction and Guided Query conditions will receive supplemental training that is delivered across six different teaching modules. Children in the Baseline condition will not receive any training (outside their typical school curricula). The difference between the Direct and Guided Query Instruction conditions is in terms of how the training content is delivered to children. In the Direct Instruction condition, the content will be delivered directly via providing facts and explanations, whereas in the Guided Query condition it will be delivered after guiding children with questions, asking them to execute thought experiments, generate predictions, and produce explanations. The results of this study will illuminate the mechanisms by which direct and guided query instruction shape the process of knowledge construction and children's attitudes toward self and learning.&lt;br/&gt;&lt;br/&gt;This project is supported by NSF's EDU Core Research (ECR) program. The ECR program emphasizes fundamental STEM education research that generates foundational knowledge in the field. Investments are made in critical areas that are essential, broad and enduring: STEM learning and STEM learning environments, broadening participation in STEM, and STEM workforce development.&lt;br/&gt;&lt;br/&gt;This award reflects NSF's statutory mission and has been deemed worthy of support through evaluation using the Foundation's intellectual merit and broader impacts review criteria.</AbstractNarration>
<MinAmdLetterDate>07/16/2023</MinAmdLetterDate>
<MaxAmdLetterDate>09/18/2024</MaxAmdLetterDate>
<ARRAAmount/>
<TRAN_TYPE>Grant</TRAN_TYPE>
<CFDA_NUM>47.076</CFDA_NUM>
<NSF_PAR_USE_FLAG>1</NSF_PAR_USE_FLAG>
<FUND_AGCY_CODE>4900</FUND_AGCY_CODE>
<AWDG_AGCY_CODE>4900</AWDG_AGCY_CODE>
<AwardID>2301180</AwardID>
<Investigator>
<FirstName>Caren</FirstName>
<LastName>Walker</LastName>
<PI_MID_INIT>M</PI_MID_INIT>
<PI_SUFX_NAME/>
<PI_FULL_NAME>Caren M Walker</PI_FULL_NAME>
<EmailAddress><![CDATA[carenwalker@ucsd.edu]]></EmailAddress>
<NSF_ID>000729975</NSF_ID>
<StartDate>07/16/2023</StartDate>
<EndDate/>
<RoleCode>Co-Principal Investigator</RoleCode>
</Investigator>
<Investigator>
<FirstName>Igor</FirstName>
<LastName>Bascandziev</LastName>
<PI_MID_INIT/>
<PI_SUFX_NAME/>
<PI_FULL_NAME>Igor Bascandziev</PI_FULL_NAME>
<EmailAddress><![CDATA[igb078@mail.harvard.edu]]></EmailAddress>
<NSF_ID>000865696</NSF_ID>
<StartDate>07/16/2023</StartDate>
<EndDate/>
<RoleCode>Co-Principal Investigator</RoleCode>
</Investigator>
<Investigator>
<FirstName>Elizabeth</FirstName>
<LastName>Bonawitz</LastName>
<PI_MID_INIT/>
<PI_SUFX_NAME/>
<PI_FULL_NAME>Elizabeth Bonawitz</PI_FULL_NAME>
<EmailAddress><![CDATA[elizabeth_bonawitz@gse.harvard.edu]]></EmailAddress>
<NSF_ID>000662374</NSF_ID>
<StartDate>07/16/2023</StartDate>
<EndDate/>
<RoleCode>Principal Investigator</RoleCode>
</Investigator>
<Investigator>
<FirstName>Patrick</FirstName>
<LastName>Shafto</LastName>
<PI_MID_INIT/>
<PI_SUFX_NAME/>
<PI_FULL_NAME>Patrick Shafto</PI_FULL_NAME>
<EmailAddress><![CDATA[patrick.shafto@gmail.com]]></EmailAddress>
<NSF_ID>000504025</NSF_ID>
<StartDate>07/16/2023</StartDate>
<EndDate/>
<RoleCode>Co-Principal Investigator</RoleCode>
</Investigator>
<Institution>
<Name><![CDATA[Harvard University]]></Name>
<CityName>CAMBRIDGE</CityName>
<ZipCode>021385366</ZipCode>
<PhoneNumber>6174955501</PhoneNumber>
<StreetAddress><![CDATA[1033 MASSACHUSETTS AVE STE 3]]></StreetAddress>
<StreetAddress2/>
<CountryName>United States</CountryName>
<StateName>Massachusetts</StateName>
<StateCode>MA</StateCode>
<CONGRESSDISTRICT>05</CONGRESSDISTRICT>
<CONGRESS_DISTRICT_ORG>MA05</CONGRESS_DISTRICT_ORG>
<ORG_UEI_NUM>LN53LCFJFL45</ORG_UEI_NUM>
<ORG_LGL_BUS_NAME>PRESIDENT AND FELLOWS OF HARVARD COLLEGE</ORG_LGL_BUS_NAME>
<ORG_PRNT_UEI_NUM/>
</Institution>
<Performance_Institution>
<Name><![CDATA[Harvard Graduate School of Education]]></Name>
<CityName>CAMBRIDGE</CityName>
<StateCode>MA</StateCode>
<ZipCode>021383763</ZipCode>
<StreetAddress><![CDATA[14 Appian Way]]></StreetAddress>
<CountryCode>US</CountryCode>
<CountryName>United States</CountryName>
<StateName>Massachusetts</StateName>
<CountryFlag>1</CountryFlag>
<CONGRESSDISTRICT>05</CONGRESSDISTRICT>
<CONGRESS_DISTRICT_PERF>MA05</CONGRESS_DISTRICT_PERF>
</Performance_Institution>
<ProgramElement>
<Code>798000</Code>
<Text>ECR-EDU Core Research</Text>
</ProgramElement>
<ProgramReference>
<Code>8817</Code>
<Text>STEM Learning &amp; Learning Environments</Text>
</ProgramReference>
<Appropriation>
<Code/>
<Name/>
<APP_SYMB_ID/>
</Appropriation>
<Appropriation>
<Code/>
<Name/>
<APP_SYMB_ID/>
</Appropriation>
<Fund>
<Code>04002425DB</Code>
<Name><![CDATA[NSF STEM Education]]></Name>
<FUND_SYMB_ID>040106</FUND_SYMB_ID>
</Fund>
<Fund>
<Code>04002324DB</Code>
<Name><![CDATA[NSF STEM Education]]></Name>
<FUND_SYMB_ID>040106</FUND_SYMB_ID>
</Fund>
<FUND_OBLG>2023~655096</FUND_OBLG>
<FUND_OBLG>2024~376538</FUND_OBLG>
</Award>
</rootTag>
