<?xml version="1.0" encoding="UTF-8"?>
<rootTag>
<Award>
<AwardTitle><![CDATA[Collaborative Research: A Solar and Wind Innovation and Technology Collaborative for Hawaii (SWITCH)]]></AwardTitle>
<AGENCY>NSF</AGENCY>
<AwardEffectiveDate>07/01/2023</AwardEffectiveDate>
<AwardExpirationDate>06/30/2026</AwardExpirationDate>
<AwardTotalIntnAmount>299993.00</AwardTotalIntnAmount>
<AwardAmount>299993</AwardAmount>
<AwardInstrument>
<Value>Standard Grant</Value>
</AwardInstrument>
<Organization>
<Code>11040100</Code>
<Directorate>
<Abbreviation>EDU</Abbreviation>
<LongName>Directorate for STEM Education</LongName>
</Directorate>
<Division>
<Abbreviation>DUE</Abbreviation>
<LongName>Division Of Undergraduate Education</LongName>
</Division>
</Organization>
<ProgramOfficer>
<SignBlockName>Keith Sverdrup</SignBlockName>
<PO_EMAI>ksverdru@nsf.gov</PO_EMAI>
<PO_PHON>7032924671</PO_PHON>
</ProgramOfficer>
<AbstractNarration>This Track 2 ATE project aims to serve the national interest by cultivating the next generation workforce to lead Hawaii’s transition to 100% renewable energy by 2045. A central challenge in renewable energy generation is it often confronts other basic needs such as food, water, and culture, as its distributed nature demands a lot of space. As such, large-scale deployments of renewable energy generators in our country would be unthinkable without establishing wide social acceptance. Studies have suggested that greater public participation in planning and designing of renewable energy solutions can increase their transparency and gain more public trust and community support. However, the current paradigm of technical education in the field of renewable energy lacks essential elements for teaching students how to address public concerns with technological solutions and then communicate the engineering results to stakeholders. This project will supplement these elements to existing courses in community colleges and use the social environments of public schools as testbeds for students to learn and practice those “soft skills.”&lt;br/&gt;&lt;br/&gt;In partnership with five high schools in Hawaii, Kapiolani Community College (KCC) and the Institute for Future Intelligence (IFI) will develop innovative educational programs that engage community college and high school students to learn the knowledge and skills needed to take on the renewable energy challenge. These programs will use students’ own homes, schools, and communities as the application scenarios for designing hypothetical solar and wind energy solutions. Students will learn how to meet the diverse needs of their families and communities while minimizing adverse effects on local ecosystems, cultures, and economies. To consolidate the pathway of career and technical education from the secondary level to the tertiary level, the project will designate KCC students who have successfully completed these programs as teaching assistants to teachers and design tutors to students in collaborating high schools to help them implement customized versions of the programs. The project will be empowered by Aladdin, an open-source, Web-based computer-aided design tool developed by IFI as a citizen science platform that supports public participation in renewable energy engineering and planning. Aladdin allows anyone to design their own renewable energy solutions for their communities, share the proposed solutions via social networks, and draw public interest in crowdfunding their construction. KCC will run annual professional development workshops to introduce the curricular and technological innovations of this project to secondary teachers in Hawaii. Interested teachers will then partner with KCC to implement these innovations in their schools. This project will be overseen by an Advisory Board consisting of experts in the fields of renewable energy, technical education, and policy making. This project is funded by the Advanced Technological Education program that focuses on the education of technicians for the advanced-technology fields that drive the nation’s economy.&lt;br/&gt;&lt;br/&gt;This award reflects NSF's statutory mission and has been deemed worthy of support through evaluation using the Foundation's intellectual merit and broader impacts review criteria.</AbstractNarration>
<MinAmdLetterDate>06/26/2023</MinAmdLetterDate>
<MaxAmdLetterDate>06/26/2023</MaxAmdLetterDate>
<ARRAAmount/>
<TRAN_TYPE>Grant</TRAN_TYPE>
<CFDA_NUM>47.076</CFDA_NUM>
<NSF_PAR_USE_FLAG>1</NSF_PAR_USE_FLAG>
<FUND_AGCY_CODE>4900</FUND_AGCY_CODE>
<AWDG_AGCY_CODE>4900</AWDG_AGCY_CODE>
<AwardID>2301164</AwardID>
<Investigator>
<FirstName>Charles</FirstName>
<LastName>Xie</LastName>
<PI_MID_INIT/>
<PI_SUFX_NAME/>
<PI_FULL_NAME>Charles Xie</PI_FULL_NAME>
<EmailAddress><![CDATA[charles@intofuture.org]]></EmailAddress>
<NSF_ID>000075350</NSF_ID>
<StartDate>06/26/2023</StartDate>
<EndDate/>
<RoleCode>Principal Investigator</RoleCode>
</Investigator>
<Institution>
<Name><![CDATA[INSTITUTE FOR FUTURE INTELLIGENCE, INC.]]></Name>
<CityName>NATICK</CityName>
<ZipCode>017605852</ZipCode>
<PhoneNumber>5083977021</PhoneNumber>
<StreetAddress><![CDATA[26 ROCKLAND ST]]></StreetAddress>
<StreetAddress2/>
<CountryName>United States</CountryName>
<StateName>Massachusetts</StateName>
<StateCode>MA</StateCode>
<CONGRESSDISTRICT>05</CONGRESSDISTRICT>
<CONGRESS_DISTRICT_ORG>MA05</CONGRESS_DISTRICT_ORG>
<ORG_UEI_NUM>T8LKNJC8D5R3</ORG_UEI_NUM>
<ORG_LGL_BUS_NAME>INSTITUTE FOR FUTURE INTELLIGENCE INC</ORG_LGL_BUS_NAME>
<ORG_PRNT_UEI_NUM/>
</Institution>
<Performance_Institution>
<Name><![CDATA[INSTITUTE FOR FUTURE INTELLIGENCE, INC.]]></Name>
<CityName>NATICK</CityName>
<StateCode>MA</StateCode>
<ZipCode>017605852</ZipCode>
<StreetAddress><![CDATA[26 ROCKLAND ST]]></StreetAddress>
<CountryCode>US</CountryCode>
<CountryName>United States</CountryName>
<StateName>Massachusetts</StateName>
<CountryFlag>1</CountryFlag>
<CONGRESSDISTRICT>05</CONGRESSDISTRICT>
<CONGRESS_DISTRICT_PERF>MA05</CONGRESS_DISTRICT_PERF>
</Performance_Institution>
<ProgramElement>
<Code>741200</Code>
<Text>Advanced Tech Education Prog</Text>
</ProgramElement>
<ProgramReference>
<Code>1032</Code>
<Text>ADVANCED TECHNOLOGY EDUCATION</Text>
</ProgramReference>
<ProgramReference>
<Code>9178</Code>
<Text>UNDERGRADUATE EDUCATION</Text>
</ProgramReference>
<ProgramReference>
<Code>SMET</Code>
<Text>SCIENCE, MATH, ENG &amp; TECH EDUCATION</Text>
</ProgramReference>
<Appropriation>
<Code/>
<Name/>
<APP_SYMB_ID/>
</Appropriation>
<Fund>
<Code>04002324DB</Code>
<Name><![CDATA[NSF STEM Education]]></Name>
<FUND_SYMB_ID>040106</FUND_SYMB_ID>
</Fund>
<FUND_OBLG>2023~299993</FUND_OBLG>
</Award>
</rootTag>
