<?xml version="1.0" encoding="UTF-8"?>
<rootTag>
<Award>
<AwardTitle><![CDATA[ERI: Rethinking Traffic Flow in the Era of Electric Vehicles with Driver Assistance and Automation]]></AwardTitle>
<AGENCY>NSF</AGENCY>
<AwardEffectiveDate>06/01/2023</AwardEffectiveDate>
<AwardExpirationDate>05/31/2025</AwardExpirationDate>
<AwardTotalIntnAmount>195079.00</AwardTotalIntnAmount>
<AwardAmount>195079</AwardAmount>
<AwardInstrument>
<Value>Standard Grant</Value>
</AwardInstrument>
<Organization>
<Code>07030000</Code>
<Directorate>
<Abbreviation>ENG</Abbreviation>
<LongName>Directorate For Engineering</LongName>
</Directorate>
<Division>
<Abbreviation>CMMI</Abbreviation>
<LongName>Div Of Civil, Mechanical, &amp; Manufact Inn</LongName>
</Division>
</Organization>
<ProgramOfficer>
<SignBlockName>Siqian Shen</SignBlockName>
<PO_EMAI>siqshen@nsf.gov</PO_EMAI>
<PO_PHON>7032927048</PO_PHON>
</ProgramOfficer>
<AbstractNarration>This Engineering Research Initiation (ERI) project will support fundamental research to help understand electric vehicles’ potential benefit to traffic flow and operations, and to provide valuable insights on the important implications in transportation planning, traffic management, and transportation infrastructure design in an era of increasing electric vehicle adoption. Unlike vehicles with internal combustion engines, electric vehicles offer responsive and easily accessible performance because electric powertrain can deliver peak torque and swift acceleration almost immediately and decelerate immediately via regenerative braking unique to electric motors. These powertrain advantages can enable today’s advanced driver assistance systems (ADAS) and future vehicle automation technologies to operate more efficiently, and potentially reduce traffic congestion, improve safety, and reduce overall energy consumption and emissions of the entire vehicle fleet. Ultimately, these benefits to the transportation sector could improve productivity, enhance economic vitality and quality of life, mitigate environmental impact, and reduce energy dependence.&lt;br/&gt;&lt;br/&gt;This award focuses on electric vehicles equipped with today’s commercially available Advanced Driver Assistance Systems such as Adaptive Cruise Control. The research will (i) develop standardized procedures to collect empirical data at the trajectory level, (ii) analyze the comprehensive car following behavior of electric vehicles with Adaptive Cruise Control by conducting field experiments using production vehicles from different manufacturers, (iii) develop new microscopic level models to capture the car following behavior that encompasses the full speed range, and (iv) implement the microscopic models in simulation to perform prospective analysis, develop macroscopic models such as the fundamental diagram, and explore possible implications for traffic control and management as well as other aspects such as traffic safety and emissions impacts. The research will prepare transportation practitioners and future graduates for emerging technologies in vehicle automation and electrification to ultimately accelerate the adoption of knowledge gained from this research into real world transportation engineering practice. This research will provide invaluable empirical datasets, models, and initial insights to the community of transportation researchers and practitioners.&lt;br/&gt;&lt;br/&gt;This award reflects NSF's statutory mission and has been deemed worthy of support through evaluation using the Foundation's intellectual merit and broader impacts review criteria.</AbstractNarration>
<MinAmdLetterDate>06/12/2023</MinAmdLetterDate>
<MaxAmdLetterDate>06/12/2023</MaxAmdLetterDate>
<ARRAAmount/>
<TRAN_TYPE>Grant</TRAN_TYPE>
<CFDA_NUM>47.041</CFDA_NUM>
<NSF_PAR_USE_FLAG>1</NSF_PAR_USE_FLAG>
<FUND_AGCY_CODE>4900</FUND_AGCY_CODE>
<AWDG_AGCY_CODE>4900</AWDG_AGCY_CODE>
<AwardID>2301446</AwardID>
<Investigator>
<FirstName>Xingan</FirstName>
<LastName>Kan</LastName>
<PI_MID_INIT>D</PI_MID_INIT>
<PI_SUFX_NAME/>
<PI_FULL_NAME>Xingan D Kan</PI_FULL_NAME>
<EmailAddress><![CDATA[kanx@fau.edu]]></EmailAddress>
<NSF_ID>000846116</NSF_ID>
<StartDate>06/12/2023</StartDate>
<EndDate/>
<RoleCode>Principal Investigator</RoleCode>
</Investigator>
<Institution>
<Name><![CDATA[Florida Atlantic University]]></Name>
<CityName>BOCA RATON</CityName>
<ZipCode>334316424</ZipCode>
<PhoneNumber>5612970777</PhoneNumber>
<StreetAddress><![CDATA[777 GLADES RD]]></StreetAddress>
<StreetAddress2/>
<CountryName>United States</CountryName>
<StateName>Florida</StateName>
<StateCode>FL</StateCode>
<CONGRESSDISTRICT>23</CONGRESSDISTRICT>
<CONGRESS_DISTRICT_ORG>FL23</CONGRESS_DISTRICT_ORG>
<ORG_UEI_NUM>Q266L2NDAVP1</ORG_UEI_NUM>
<ORG_LGL_BUS_NAME>FLORIDA ATLANTIC UNIVERSITY</ORG_LGL_BUS_NAME>
<ORG_PRNT_UEI_NUM/>
</Institution>
<Performance_Institution>
<Name><![CDATA[Florida Atlantic University]]></Name>
<CityName>BOCA RATON</CityName>
<StateCode>FL</StateCode>
<ZipCode>334316424</ZipCode>
<StreetAddress><![CDATA[777 GLADES RD]]></StreetAddress>
<CountryCode>US</CountryCode>
<CountryName>United States</CountryName>
<StateName>Florida</StateName>
<CountryFlag>1</CountryFlag>
<CONGRESSDISTRICT>23</CONGRESSDISTRICT>
<CONGRESS_DISTRICT_PERF>FL23</CONGRESS_DISTRICT_PERF>
</Performance_Institution>
<ProgramElement>
<Code>163100</Code>
<Text>CIS-Civil Infrastructure Syst</Text>
</ProgramElement>
<ProgramElement>
<Code>180Y00</Code>
<Text>ERI-Eng. Research Initiation</Text>
</ProgramElement>
<ProgramReference>
<Code>029E</Code>
<Text>INFRASTRUCTURE SYSTEMS MGT</Text>
</ProgramReference>
<ProgramReference>
<Code>9264</Code>
<Text>RESEARCH INITIATION AWARD</Text>
</ProgramReference>
<Appropriation>
<Code/>
<Name/>
<APP_SYMB_ID/>
</Appropriation>
<Fund>
<Code>01002324DB</Code>
<Name><![CDATA[NSF RESEARCH & RELATED ACTIVIT]]></Name>
<FUND_SYMB_ID>040100</FUND_SYMB_ID>
</Fund>
<FUND_OBLG>2023~195079</FUND_OBLG>
</Award>
</rootTag>
