<?xml version="1.0" encoding="UTF-8"?>
<rootTag>
<Award>
<AwardTitle><![CDATA[ERI:Interference-Aware Constellation Design]]></AwardTitle>
<AGENCY>NSF</AGENCY>
<AwardEffectiveDate>09/01/2023</AwardEffectiveDate>
<AwardExpirationDate>08/31/2025</AwardExpirationDate>
<AwardTotalIntnAmount>196230.00</AwardTotalIntnAmount>
<AwardAmount>196230</AwardAmount>
<AwardInstrument>
<Value>Standard Grant</Value>
</AwardInstrument>
<Organization>
<Code>07010000</Code>
<Directorate>
<Abbreviation>ENG</Abbreviation>
<LongName>Directorate For Engineering</LongName>
</Directorate>
<Division>
<Abbreviation>ECCS</Abbreviation>
<LongName>Div Of Electrical, Commun &amp; Cyber Sys</LongName>
</Division>
</Organization>
<ProgramOfficer>
<SignBlockName>Huaiyu Dai</SignBlockName>
<PO_EMAI>hdai@nsf.gov</PO_EMAI>
<PO_PHON>7032924568</PO_PHON>
</ProgramOfficer>
<AbstractNarration>Wireless networks have seen an exponential increase in the number of users requiring access, making it impractical to allocate a dedicated spectrum to each user. To address this issue, non-orthogonal transmission has been proposed as a potential solution. By sharing spectrum among multiple users, more devices can access the spectrum or more bandwidth can be committed to each transceiver, achieving higher data transmission rates. However, non-orthogonal transmission suffers from interference among users, and effective transmission and decoding methods are needed for its successful deployment.  The primary goal of this research is to develop such methods and advance the field, which has significant value for next-generation wireless networks and applications like the Internet of Things (IoT). In addition, the project will provide education opportunities, including involving undergraduate students in research on deep learning for communications and designing graduate-level course material. The findings of this research will be shared with both academic and industrial communities.&lt;br/&gt; &lt;br/&gt;This project aims to address inter-user interference by proposing a novel end-to-end learning-based digital modulation design. Digital modulation techniques are used to achieve a balance between high bit rates and low bit-error rates for information transmission. A particular focus of this research is on designing new superimposed constellations for non-orthogonal multiple access (NOMA) that take into account both noise and interference during the design phase. Unlike traditional constellations such as quadrature amplitude modulation, the proposed transform results in non-uniform constellations that can adapt to different interference levels and work effectively in their presence. This approach provides new insights and tools for multi-user constellation design, which has the potential to improve spectral efficiency, reduce bit-error rate, and decrease latency in communication for next-generation wireless networks.&lt;br/&gt;&lt;br/&gt;This award reflects NSF's statutory mission and has been deemed worthy of support through evaluation using the Foundation's intellectual merit and broader impacts review criteria.</AbstractNarration>
<MinAmdLetterDate>05/16/2023</MinAmdLetterDate>
<MaxAmdLetterDate>05/16/2023</MaxAmdLetterDate>
<ARRAAmount/>
<TRAN_TYPE>Grant</TRAN_TYPE>
<CFDA_NUM>47.041</CFDA_NUM>
<NSF_PAR_USE_FLAG>1</NSF_PAR_USE_FLAG>
<FUND_AGCY_CODE>4900</FUND_AGCY_CODE>
<AWDG_AGCY_CODE>4900</AWDG_AGCY_CODE>
<AwardID>2301778</AwardID>
<Investigator>
<FirstName>Mojtaba</FirstName>
<LastName>Vaezi</LastName>
<PI_MID_INIT/>
<PI_SUFX_NAME/>
<PI_FULL_NAME>Mojtaba Vaezi</PI_FULL_NAME>
<EmailAddress><![CDATA[mojtaba.vaezi@villanova.edu]]></EmailAddress>
<NSF_ID>000761873</NSF_ID>
<StartDate>05/16/2023</StartDate>
<EndDate/>
<RoleCode>Principal Investigator</RoleCode>
</Investigator>
<Institution>
<Name><![CDATA[Villanova University]]></Name>
<CityName>VILLANOVA</CityName>
<ZipCode>190851603</ZipCode>
<PhoneNumber>6105194220</PhoneNumber>
<StreetAddress><![CDATA[800 E LANCASTER AVE]]></StreetAddress>
<StreetAddress2/>
<CountryName>United States</CountryName>
<StateName>Pennsylvania</StateName>
<StateCode>PA</StateCode>
<CONGRESSDISTRICT>05</CONGRESSDISTRICT>
<CONGRESS_DISTRICT_ORG>PA05</CONGRESS_DISTRICT_ORG>
<ORG_UEI_NUM>EYNYSU6L8ZX6</ORG_UEI_NUM>
<ORG_LGL_BUS_NAME>VILLANOVA UNIVERSITY IN THE STATE OF PENNSYLVANIA</ORG_LGL_BUS_NAME>
<ORG_PRNT_UEI_NUM>HJEPRMTQMMR4</ORG_PRNT_UEI_NUM>
</Institution>
<Performance_Institution>
<Name><![CDATA[Villanova University]]></Name>
<CityName>VILLANOVA</CityName>
<StateCode>PA</StateCode>
<ZipCode>190851603</ZipCode>
<StreetAddress><![CDATA[800 LANCASTER AVE]]></StreetAddress>
<CountryCode>US</CountryCode>
<CountryName>United States</CountryName>
<StateName>Pennsylvania</StateName>
<CountryFlag>1</CountryFlag>
<CONGRESSDISTRICT>05</CONGRESSDISTRICT>
<CONGRESS_DISTRICT_PERF>PA05</CONGRESS_DISTRICT_PERF>
</Performance_Institution>
<ProgramElement>
<Code>180y00</Code>
<Text>ERI-Eng. Research Initiation</Text>
</ProgramElement>
<ProgramReference>
<Code>153E</Code>
<Text>Wireless comm &amp; sig processing</Text>
</ProgramReference>
<Appropriation>
<Code/>
<Name/>
<APP_SYMB_ID/>
</Appropriation>
<Fund>
<Code>01002324DB</Code>
<Name><![CDATA[NSF RESEARCH & RELATED ACTIVIT]]></Name>
<FUND_SYMB_ID>040100</FUND_SYMB_ID>
</Fund>
<FUND_OBLG>2023~196230</FUND_OBLG>
</Award>
</rootTag>
