<?xml version="1.0" encoding="UTF-8"?>
<rootTag>
<Award>
<AwardTitle><![CDATA[Collaborative Research: Research Infrastructure: MorphoCloud: A Cloud Powered, Open-Source Platform For Research, Teaching And Collaboration In 3d Digital Morphology And Beyond]]></AwardTitle>
<AGENCY>NSF</AGENCY>
<AwardEffectiveDate>03/01/2024</AwardEffectiveDate>
<AwardExpirationDate>02/29/2028</AwardExpirationDate>
<AwardTotalIntnAmount>92470.00</AwardTotalIntnAmount>
<AwardAmount>59802</AwardAmount>
<AwardInstrument>
<Value>Continuing Grant</Value>
</AwardInstrument>
<Organization>
<Code>08080000</Code>
<Directorate>
<Abbreviation>BIO</Abbreviation>
<LongName>Direct For Biological Sciences</LongName>
</Directorate>
<Division>
<Abbreviation>DBI</Abbreviation>
<LongName>Div Of Biological Infrastructure</LongName>
</Division>
</Organization>
<ProgramOfficer>
<SignBlockName>Reed Beaman</SignBlockName>
<PO_EMAI>rsbeaman@nsf.gov</PO_EMAI>
<PO_PHON>7032927163</PO_PHON>
</ProgramOfficer>
<AbstractNarration>Quantitative study of morphology is central to many fields within the biological sciences, as anatomical systems hold important clues on how organism move, feed, reproduce and interact with the environment in which they live in. Through these studies, biologists can understand what changes have happened through time; get a good glimpse of the variability within a species, and even predict whether they are likely to survive with global environmental challenges. Morphological data is best acquired using 3D imaging technologies. These technologies can range from surface scanners to high-resolution 3D microscopes that use UV or X-ray to collect data. Biologists then process and visualize these datasets in computers to either collect data for research or use them as visual aids in the classroom. However, some of these imaging modalities produces datasets that are much larger than typical personal computers can handle; or may require specialized software that may not be available to everyone due to licensing or cost issues. Both can have the potential to create sharing and usage obstacles for publicly funded data, impeding teaching, scientific exploration and collaboration. &lt;br/&gt;&lt;br/&gt;This project provides equitable and convenient access to publicly funded cyberinfrastructure (JetStream2) and data resources (MorphoSource) for biologists, who otherwise may not benefit from their availability; either because they lack the computational resources or the technical expertise to use them. The project team will also train hundreds of early career scientists, whose research and teaching will benefit from the easy manipulation and use of digital biological specimens. Additionally, bootcamp opportunities will transform motivated grad students and post-docs into future inventors of new analytical tools and functionalities, which will grow the community of morphologists working in digital environments.  MorphoCloud will make working with digital biological specimen data as routine as working with genomics data, so that biologists can focus on their scientific questions rather than get bogged down with complex workflows, technicalities, and limited resources. Proposed cloud services and analytical tools will also make wider-scale, multi-lab collaborations friction-free, via derived data exchange of 3D phenotypes.&lt;br/&gt;&lt;br/&gt;This award reflects NSF's statutory mission and has been deemed worthy of support through evaluation using the Foundation's intellectual merit and broader impacts review criteria.</AbstractNarration>
<MinAmdLetterDate>02/23/2024</MinAmdLetterDate>
<MaxAmdLetterDate>02/23/2024</MaxAmdLetterDate>
<ARRAAmount/>
<TRAN_TYPE>Grant</TRAN_TYPE>
<CFDA_NUM>47.074</CFDA_NUM>
<NSF_PAR_USE_FLAG>1</NSF_PAR_USE_FLAG>
<FUND_AGCY_CODE>4900</FUND_AGCY_CODE>
<AWDG_AGCY_CODE>4900</AWDG_AGCY_CODE>
<AwardID>2301409</AwardID>
<Investigator>
<FirstName>Paul</FirstName>
<LastName>Gignac</LastName>
<PI_MID_INIT>M</PI_MID_INIT>
<PI_SUFX_NAME/>
<PI_FULL_NAME>Paul M Gignac</PI_FULL_NAME>
<EmailAddress><![CDATA[pgignac@arizona.edu]]></EmailAddress>
<NSF_ID>000595529</NSF_ID>
<StartDate>02/23/2024</StartDate>
<EndDate/>
<RoleCode>Principal Investigator</RoleCode>
</Investigator>
<Institution>
<Name><![CDATA[University of Arizona]]></Name>
<CityName>TUCSON</CityName>
<ZipCode>85721</ZipCode>
<PhoneNumber>5206266000</PhoneNumber>
<StreetAddress><![CDATA[845 N PARK AVE RM 538]]></StreetAddress>
<StreetAddress2/>
<CountryName>United States</CountryName>
<StateName>Arizona</StateName>
<StateCode>AZ</StateCode>
<CONGRESSDISTRICT>07</CONGRESSDISTRICT>
<CONGRESS_DISTRICT_ORG>AZ07</CONGRESS_DISTRICT_ORG>
<ORG_UEI_NUM>ED44Y3W6P7B9</ORG_UEI_NUM>
<ORG_LGL_BUS_NAME>UNIVERSITY OF ARIZONA</ORG_LGL_BUS_NAME>
<ORG_PRNT_UEI_NUM/>
</Institution>
<Performance_Institution>
<Name><![CDATA[Arizona Board of Regents, University of Arizona]]></Name>
<CityName>Tucson</CityName>
<StateCode>AZ</StateCode>
<ZipCode>857245044</ZipCode>
<StreetAddress><![CDATA[1501 N. Campbell Avenue]]></StreetAddress>
<CountryCode>US</CountryCode>
<CountryName>United States</CountryName>
<StateName>Arizona</StateName>
<CountryFlag>1</CountryFlag>
<CONGRESSDISTRICT>07</CONGRESSDISTRICT>
<CONGRESS_DISTRICT_PERF>AZ07</CONGRESS_DISTRICT_PERF>
</Performance_Institution>
<ProgramElement>
<Code>168Y00</Code>
<Text>Capacity: Cyberinfrastructure</Text>
</ProgramElement>
<ProgramReference>
<Code>1165</Code>
<Text>ADVANCES IN BIO INFORMATICS</Text>
</ProgramReference>
<Appropriation>
<Code/>
<Name/>
<APP_SYMB_ID/>
</Appropriation>
<Fund>
<Code>01002425DB</Code>
<Name><![CDATA[NSF RESEARCH & RELATED ACTIVIT]]></Name>
<FUND_SYMB_ID>040100</FUND_SYMB_ID>
</Fund>
<FUND_OBLG>2024~59802</FUND_OBLG>
</Award>
</rootTag>
