<?xml version="1.0" encoding="UTF-8"?>
<rootTag>
<Award>
<AwardTitle><![CDATA[Real Gromov-Witten Theory and its Applications]]></AwardTitle>
<AGENCY>NSF</AGENCY>
<AwardEffectiveDate>08/01/2023</AwardEffectiveDate>
<AwardExpirationDate>07/31/2026</AwardExpirationDate>
<AwardTotalIntnAmount>239962.00</AwardTotalIntnAmount>
<AwardAmount>239962</AwardAmount>
<AwardInstrument>
<Value>Standard Grant</Value>
</AwardInstrument>
<Organization>
<Code>03040000</Code>
<Directorate>
<Abbreviation>MPS</Abbreviation>
<LongName>Direct For Mathematical &amp; Physical Scien</LongName>
</Directorate>
<Division>
<Abbreviation>DMS</Abbreviation>
<LongName>Division Of Mathematical Sciences</LongName>
</Division>
</Organization>
<ProgramOfficer>
<SignBlockName>Adriana Salerno</SignBlockName>
<PO_EMAI>asalerno@nsf.gov</PO_EMAI>
<PO_PHON>7032922271</PO_PHON>
</ProgramOfficer>
<AbstractNarration>String theory is a model that represents elementary particles by vibrating strings with the aim of unifying the four fundamental forces of nature. While string theory is one of the main paradigms in physics today, it has yet to make experimentally testable predictions. However, it has generated many mathematical predictions that have led to fundamental developments in algebraic geometry and symplectic topology, especially in relation to (pseudo-)holomorphic curves. This project’s two directions will further test string theory mathematically, aiming to verify its predictions for the behavior of holomorphic curves in various settings and to investigate the expected connections between different fields of mathematics, including enumerative algebraic geometry, knot theory, and representation theory. This award will also support the PI's graduate students. &lt;br/&gt;&lt;br/&gt;This project will build on the PI’s previous work, which established the mathematical foundations behind the real sector of string theory, to advance the mathematical understanding of the so-called mirror symmetry predictions arising from this sector. It will also utilize the PI’s decade-old work, which established the BCOV mirror symmetry prediction for counts of genus 1 curves in the renown quintic threefold and continue the recently completed work on the topology of Deligne-Mumford moduli spaces of stable real curves with conjugate pairs of marked points.&lt;br/&gt;&lt;br/&gt;This award reflects NSF's statutory mission and has been deemed worthy of support through evaluation using the Foundation's intellectual merit and broader impacts review criteria.</AbstractNarration>
<MinAmdLetterDate>07/24/2023</MinAmdLetterDate>
<MaxAmdLetterDate>07/24/2023</MaxAmdLetterDate>
<ARRAAmount/>
<TRAN_TYPE>Grant</TRAN_TYPE>
<CFDA_NUM>47.049</CFDA_NUM>
<NSF_PAR_USE_FLAG>1</NSF_PAR_USE_FLAG>
<FUND_AGCY_CODE>4900</FUND_AGCY_CODE>
<AWDG_AGCY_CODE>4900</AWDG_AGCY_CODE>
<AwardID>2301493</AwardID>
<Investigator>
<FirstName>Aleksey</FirstName>
<LastName>Zinger</LastName>
<PI_MID_INIT/>
<PI_SUFX_NAME/>
<PI_FULL_NAME>Aleksey Zinger</PI_FULL_NAME>
<EmailAddress><![CDATA[azinger@math.sunysb.edu]]></EmailAddress>
<NSF_ID>000492747</NSF_ID>
<StartDate>07/24/2023</StartDate>
<EndDate/>
<RoleCode>Principal Investigator</RoleCode>
</Investigator>
<Institution>
<Name><![CDATA[SUNY at Stony Brook]]></Name>
<CityName>STONY BROOK</CityName>
<ZipCode>117940001</ZipCode>
<PhoneNumber>6316329949</PhoneNumber>
<StreetAddress><![CDATA[W5510 FRANKS MELVILLE MEMORIAL L]]></StreetAddress>
<StreetAddress2/>
<CountryName>United States</CountryName>
<StateName>New York</StateName>
<StateCode>NY</StateCode>
<CONGRESSDISTRICT>01</CONGRESSDISTRICT>
<CONGRESS_DISTRICT_ORG>NY01</CONGRESS_DISTRICT_ORG>
<ORG_UEI_NUM>M746VC6XMNH9</ORG_UEI_NUM>
<ORG_LGL_BUS_NAME>THE RESEARCH FOUNDATION FOR THE STATE UNIVERSITY OF NEW YORK</ORG_LGL_BUS_NAME>
<ORG_PRNT_UEI_NUM/>
</Institution>
<Performance_Institution>
<Name><![CDATA[SUNY at Stony Brook]]></Name>
<CityName>STONY BROOK</CityName>
<StateCode>NY</StateCode>
<ZipCode>117940001</ZipCode>
<StreetAddress><![CDATA[WEST 5510 FRANKS MELVILLE MEMORIAL LIBRARY]]></StreetAddress>
<CountryCode>US</CountryCode>
<CountryName>United States</CountryName>
<StateName>New York</StateName>
<CountryFlag>1</CountryFlag>
<CONGRESSDISTRICT>01</CONGRESSDISTRICT>
<CONGRESS_DISTRICT_PERF>NY01</CONGRESS_DISTRICT_PERF>
</Performance_Institution>
<ProgramElement>
<Code>126400</Code>
<Text>ALGEBRA,NUMBER THEORY,AND COM</Text>
</ProgramElement>
<ProgramElement>
<Code>126500</Code>
<Text>GEOMETRIC ANALYSIS</Text>
</ProgramElement>
<Appropriation>
<Code/>
<Name/>
<APP_SYMB_ID/>
</Appropriation>
<Fund>
<Code>01002324DB</Code>
<Name><![CDATA[NSF RESEARCH & RELATED ACTIVIT]]></Name>
<FUND_SYMB_ID>040100</FUND_SYMB_ID>
</Fund>
<FUND_OBLG>2023~239962</FUND_OBLG>
</Award>
</rootTag>
