<?xml version="1.0" encoding="UTF-8"?>
<rootTag>
<Award>
<AwardTitle><![CDATA[Collaborative Research: The Automatic Weather Station Program: Antarctic Meteorological Sentinel Service 2024-2027]]></AwardTitle>
<AGENCY>NSF</AGENCY>
<AwardEffectiveDate>10/01/2023</AwardEffectiveDate>
<AwardExpirationDate>09/30/2026</AwardExpirationDate>
<AwardTotalIntnAmount>800000.00</AwardTotalIntnAmount>
<AwardAmount>800000</AwardAmount>
<AwardInstrument>
<Value>Standard Grant</Value>
</AwardInstrument>
<Organization>
<Code>06090300</Code>
<Directorate>
<Abbreviation>GEO</Abbreviation>
<LongName>Directorate For Geosciences</LongName>
</Directorate>
<Division>
<Abbreviation>OPP</Abbreviation>
<LongName>Office of Polar Programs (OPP)</LongName>
</Division>
</Organization>
<ProgramOfficer>
<SignBlockName>David Porter</SignBlockName>
<PO_EMAI>dporter@nsf.gov</PO_EMAI>
<PO_PHON>7032922930</PO_PHON>
</ProgramOfficer>
<AbstractNarration>The Antarctic Automatic Weather Station (AWS) program is a long-term automated surface weather observing network measuring key standard meteorological parameters, including temperature, humidity, wind speed and direction, barometric pressure, solar radiation, and snow accumulation. Observations from the network support weather forecasting, science research, and educational activities, and all data collected are made available to the public. This project will continue to maintain and operate the existing network. These data provide some of the only available weather observations in this very remote portion of the Earth. To ensure fidelity, observations are reviewed and checked for errors by a combination of automated methods and expert review, enabling the data to be used in a wide range of research areas. The project will be overseen by a team of scientists, researchers, and students, and a newly created AWS Advisory Board will provide independent input and guidance. &lt;br/&gt;&lt;br/&gt;The activities for this project will be focused on the continued operation of the AWS network, establishment of an AWS Advisory Board, student engagement and outreach activities. This project will continue to maintain the AWS systems while upgrading the real-time processing of meteorological data from the AWS network. The team will continue to adapt to changes communication methods to ensure that data is distributed widely and in a timely manner. Prior NSF investments in the Polar Climate and Weather Station (PCWS) are leveraged to develop a robust production version that can be reliably used year-round in Antarctica. AWS observations will be quality-controlled and placed into a database where the public will be able to search and select subsets of observations. To resolve conflicting radiation shield setups for temperature observations, the team plans to test different radiation shields (with and without aspiration) deployed for one year at South Pole Station. The project will be advised by an independent group of diverse peers through a newly developed AWS Advisory Board. The team will incorporate students from all levels in all aspects of the project, including in the research design, engineering and productions of the PCWS, and in field deployments. A concerted effort to engage the public will be undertaken via scaled-up interactions with television meteorologists from several states across the US to bring Antarctica to the public.&lt;br/&gt;&lt;br/&gt;This award reflects NSF's statutory mission and has been deemed worthy of support through evaluation using the Foundation's intellectual merit and broader impacts review criteria.</AbstractNarration>
<MinAmdLetterDate>08/29/2023</MinAmdLetterDate>
<MaxAmdLetterDate>08/29/2023</MaxAmdLetterDate>
<ARRAAmount/>
<TRAN_TYPE>Grant</TRAN_TYPE>
<CFDA_NUM>47.078</CFDA_NUM>
<NSF_PAR_USE_FLAG>1</NSF_PAR_USE_FLAG>
<FUND_AGCY_CODE>4900</FUND_AGCY_CODE>
<AWDG_AGCY_CODE>4900</AWDG_AGCY_CODE>
<AwardID>2301363</AwardID>
<Investigator>
<FirstName>Andrew</FirstName>
<LastName>Kurth</LastName>
<PI_MID_INIT>J</PI_MID_INIT>
<PI_SUFX_NAME/>
<PI_FULL_NAME>Andrew J Kurth</PI_FULL_NAME>
<EmailAddress><![CDATA[ajkurth1@madisoncollege.edu]]></EmailAddress>
<NSF_ID>000898414</NSF_ID>
<StartDate>08/29/2023</StartDate>
<EndDate/>
<RoleCode>Principal Investigator</RoleCode>
</Investigator>
<Institution>
<Name><![CDATA[Madison Area Technical College]]></Name>
<CityName>MADISON</CityName>
<ZipCode>537042599</ZipCode>
<PhoneNumber>6082466676</PhoneNumber>
<StreetAddress><![CDATA[1701 WRIGHT ST]]></StreetAddress>
<StreetAddress2/>
<CountryName>United States</CountryName>
<StateName>Wisconsin</StateName>
<StateCode>WI</StateCode>
<CONGRESSDISTRICT>02</CONGRESSDISTRICT>
<CONGRESS_DISTRICT_ORG>WI02</CONGRESS_DISTRICT_ORG>
<ORG_UEI_NUM>TK2SQD3B8M44</ORG_UEI_NUM>
<ORG_LGL_BUS_NAME>MADISON AREA TECHNICAL COLLEGE DISTRICT</ORG_LGL_BUS_NAME>
<ORG_PRNT_UEI_NUM>H9W3B71EFTM8</ORG_PRNT_UEI_NUM>
</Institution>
<Performance_Institution>
<Name><![CDATA[Madison Area Technical College]]></Name>
<CityName>MADISON</CityName>
<StateCode>WI</StateCode>
<ZipCode>537042599</ZipCode>
<StreetAddress><![CDATA[1701 WRIGHT ST]]></StreetAddress>
<CountryCode>US</CountryCode>
<CountryName>United States</CountryName>
<StateName>Wisconsin</StateName>
<CountryFlag>1</CountryFlag>
<CONGRESSDISTRICT>02</CONGRESSDISTRICT>
<CONGRESS_DISTRICT_PERF>WI02</CONGRESS_DISTRICT_PERF>
</Performance_Institution>
<ProgramElement>
<Code>511300</Code>
<Text>ANT Ocean &amp; Atmos Sciences</Text>
</ProgramElement>
<ProgramElement>
<Code>529200</Code>
<Text>ANT Integrated System Science</Text>
</ProgramElement>
<ProgramReference>
<Code>4444</Code>
<Text>INTERDISCIPLINARY PROPOSALS</Text>
</ProgramReference>
<ProgramReference>
<Code>5294</Code>
<Text>USGCRP</Text>
</ProgramReference>
<ProgramReference>
<Code>9179</Code>
<Text>GRADUATE INVOLVEMENT</Text>
</ProgramReference>
<Appropriation>
<Code/>
<Name/>
<APP_SYMB_ID/>
</Appropriation>
<Fund>
<Code>0100CYXXDB</Code>
<Name><![CDATA[NSF RESEARCH & RELATED ACTIVIT]]></Name>
<FUND_SYMB_ID>040100</FUND_SYMB_ID>
</Fund>
<FUND_OBLG>2023~800000</FUND_OBLG>
</Award>
</rootTag>
