<?xml version="1.0" encoding="UTF-8"?>
<rootTag>
<Award>
<AwardTitle><![CDATA[CNS Core: Small: Low-Power Wide-Area Networks for Industrial Automation]]></AwardTitle>
<AGENCY>NSF</AGENCY>
<AwardEffectiveDate>10/01/2022</AwardEffectiveDate>
<AwardExpirationDate>10/31/2025</AwardExpirationDate>
<AwardTotalIntnAmount>500000.00</AwardTotalIntnAmount>
<AwardAmount>440014</AwardAmount>
<AwardInstrument>
<Value>Standard Grant</Value>
</AwardInstrument>
<Organization>
<Code>05050000</Code>
<Directorate>
<Abbreviation>CSE</Abbreviation>
<LongName>Direct For Computer &amp; Info Scie &amp; Enginr</LongName>
</Directorate>
<Division>
<Abbreviation>CNS</Abbreviation>
<LongName>Division Of Computer and Network Systems</LongName>
</Division>
</Organization>
<ProgramOfficer>
<SignBlockName>Murat Torlak</SignBlockName>
<PO_EMAI>mtorlak@nsf.gov</PO_EMAI>
<PO_PHON>7032920000</PO_PHON>
</ProgramOfficer>
<AbstractNarration>The evolution of Internet of Things (IoT) is transforming the field of industrial automation including process control and smart manufacturing into an important class of Industrial IoT (IIoT). Today, wireless solutions for industrial automation are based on short-range wireless technologies (e.g., WirelessHART, ISA100). To cover a large area with numerous devices, they form multi-hop mesh networks at the expense of energy, cost, and complexity, posing a big challenge to support the scale and wide-area of today’s IIoT. For example, the East Texas oil-field extends over 74x8 square kilometers requiring tens of thousands of sensors for automated management. Also, in process industries, many silos, tanks, and plants are often positioned far from the center, at inconvenient locations in difficult terrain or offshore. Pipelines can be hundreds of miles long and pass through difficult terrains, making it difficult to monitor gas and chemical leaks in real-time. This project proposes to adopt the Low-Power Wide-Area Network (LPWAN) technologies for industrial automation. Due to long-range, LPWANs can be adopted without complex configuration and at a fraction of costs for wide-area IIoT applications, compared to multi-hop solutions. This project will develop theoretical foundations and systems for enabling industrial automation using LPWANs. Its important findings will be shared with the standards bodies and industries. The developed technologies will be made open-source.&lt;br/&gt;&lt;br/&gt;&lt;br/&gt;This project will particularly consider LoRa, a leading LPWAN technology. Adopting LoRa for industrial automation poses some evolutionary challenges. The fundamental building blocks of any industrial automation system are feedback control loops that largely rely on real-time communication. Due to severe energy-constraints, LoRa uses a simple media access control protocol that is unsuited for real-time communication. It needs to adopt low duty-cycling in several regions (e.g., Europe). In addition, to optimize performance, industrial automation needs a codesign of real-time scheduling and control. Such a codesign becomes specially challenging in LoRa because it is large-scale and has energy-limitations. This project will address these challenges and make the following contributions: (1) an autonomous real-time scheduling technique and analysis using the demand bound function theory for LoRa; (2) a scalable scheduling-control codesign that jointly and dynamically determines control input and sampling rates; (3) a highly energy-efficient codesign by maximizing the sleeping times of the devices through a combination of self-triggered and even-triggered control adopting state-aware communication; and (4) an evaluation of the results through experiments using industrial process control use-cases on a physical testbed.&lt;br/&gt;&lt;br/&gt;This award reflects NSF's statutory mission and has been deemed worthy of support through evaluation using the Foundation's intellectual merit and broader impacts review criteria.</AbstractNarration>
<MinAmdLetterDate>11/09/2022</MinAmdLetterDate>
<MaxAmdLetterDate>11/09/2022</MaxAmdLetterDate>
<ARRAAmount/>
<TRAN_TYPE>Grant</TRAN_TYPE>
<CFDA_NUM>47.070</CFDA_NUM>
<NSF_PAR_USE_FLAG>1</NSF_PAR_USE_FLAG>
<FUND_AGCY_CODE>4900</FUND_AGCY_CODE>
<AWDG_AGCY_CODE>4900</AWDG_AGCY_CODE>
<AwardID>2301757</AwardID>
<Investigator>
<FirstName>Abusayeed</FirstName>
<LastName>Saifullah</LastName>
<PI_MID_INIT>M</PI_MID_INIT>
<PI_SUFX_NAME/>
<PI_FULL_NAME>Abusayeed M Saifullah</PI_FULL_NAME>
<EmailAddress><![CDATA[saifullah@wayne.edu]]></EmailAddress>
<NSF_ID>000671582</NSF_ID>
<StartDate>11/09/2022</StartDate>
<EndDate/>
<RoleCode>Principal Investigator</RoleCode>
</Investigator>
<Institution>
<Name><![CDATA[Wayne State University]]></Name>
<CityName>DETROIT</CityName>
<ZipCode>482023692</ZipCode>
<PhoneNumber>3135772424</PhoneNumber>
<StreetAddress><![CDATA[5700 CASS AVE STE 4900]]></StreetAddress>
<StreetAddress2/>
<CountryName>United States</CountryName>
<StateName>Michigan</StateName>
<StateCode>MI</StateCode>
<CONGRESSDISTRICT>13</CONGRESSDISTRICT>
<CONGRESS_DISTRICT_ORG>MI13</CONGRESS_DISTRICT_ORG>
<ORG_UEI_NUM>M6K6NTJ2MNE5</ORG_UEI_NUM>
<ORG_LGL_BUS_NAME>WAYNE STATE UNIVERSITY</ORG_LGL_BUS_NAME>
<ORG_PRNT_UEI_NUM/>
</Institution>
<Performance_Institution>
<Name><![CDATA[Wayne State University]]></Name>
<CityName>DETROIT</CityName>
<StateCode>MI</StateCode>
<ZipCode>482024050</ZipCode>
<StreetAddress><![CDATA[5057 WOODWARD STE 13001]]></StreetAddress>
<CountryCode>US</CountryCode>
<CountryName>United States</CountryName>
<StateName>Michigan</StateName>
<CountryFlag>1</CountryFlag>
<CONGRESSDISTRICT>13</CONGRESSDISTRICT>
<CONGRESS_DISTRICT_PERF>MI13</CONGRESS_DISTRICT_PERF>
</Performance_Institution>
<ProgramElement>
<Code>736300</Code>
<Text>Networking Technology and Syst</Text>
</ProgramElement>
<ProgramReference>
<Code>7923</Code>
<Text>SMALL PROJECT</Text>
</ProgramReference>
<Appropriation>
<Code/>
<Name/>
<APP_SYMB_ID/>
</Appropriation>
<Fund>
<Code>01002021DB</Code>
<Name><![CDATA[NSF RESEARCH & RELATED ACTIVIT]]></Name>
<FUND_SYMB_ID>040100</FUND_SYMB_ID>
</Fund>
<FUND_OBLG>2020~440014</FUND_OBLG>
</Award>
</rootTag>
