<?xml version="1.0" encoding="UTF-8"?>
<rootTag>
<Award>
<AwardTitle><![CDATA[CAS: Spectroscopy and Unimolecular Dynamics of Reaction Intermediates in Atmospheric Chemistry]]></AwardTitle>
<AGENCY>NSF</AGENCY>
<AwardEffectiveDate>05/15/2023</AwardEffectiveDate>
<AwardExpirationDate>04/30/2026</AwardExpirationDate>
<AwardTotalIntnAmount>605000.00</AwardTotalIntnAmount>
<AwardAmount>605000</AwardAmount>
<AwardInstrument>
<Value>Standard Grant</Value>
</AwardInstrument>
<Organization>
<Code>03090000</Code>
<Directorate>
<Abbreviation>MPS</Abbreviation>
<LongName>Direct For Mathematical &amp; Physical Scien</LongName>
</Directorate>
<Division>
<Abbreviation>CHE</Abbreviation>
<LongName>Division Of Chemistry</LongName>
</Division>
</Organization>
<ProgramOfficer>
<SignBlockName>Samy El-Shall</SignBlockName>
<PO_EMAI>selshall@nsf.gov</PO_EMAI>
<PO_PHON>7032927416</PO_PHON>
</ProgramOfficer>
<AbstractNarration><![CDATA[With support from the Chemical Structure, Dynamics, and Mechanisms A (CSDM-A) program in the Division of Chemistry, Professor Marsha Lester of the University of Pennsylvania and her team are using molecular spectroscopic and theoretical methods to study the unimolecular decay dynamics of carbonyl oxide intermediates generated through ozonolysis of alkenes. These reaction intermediates are an important source of hydroxyl radicals, which result in the oxidation of most volatile organic compounds, and are precursors to new particle formation in the atmosphere. Professor Lester and her students will investigate novel rearrangement mechanisms of the carbonyl oxide intermediates that lead to different products. These studies could lead to a better understanding of the generation of hydroxyl radicals in the atmosphere and other products that may impact on new particle formation.  These studies will provide a stimulating environment for training and development of next generation scientists working at the interface between physical chemistry and atmospheric science.&lt;br/&gt;&lt;br/&gt;Professor Lester and her students will combine infrared laser activation of carbonyl oxide intermediates with time-resolved detection of hydroxyl radical products utilizing laser-induced fluorescence to measure unimolecular decay rates and provide direct insight on transition state barriers leading to products. The planned experimental studies and theoretical modeling will examine unimolecular decay processes of carbonyl oxide intermediates via 1,3 ring closure mechanisms. Extension to carbonyl oxides with greater carbon chain length and/or heteroatom substitution will be explored, which may lead to new low energy pathways with the potential for ring closure and secondary ozonide formation. Additional studies will implement various laser spectroscopic techniques to identify and characterize alternative products resulting from intra-fragment roaming reactions in the unimolecular decay of carbonyl oxide intermediates.  In this case, the separating hydroxyl radical can reorient and roam at long-range, potentially leading to a wide range of products via addition and/or abstraction reactions, which may impact the yield of hydroxyl radicals.&lt;br/&gt;&lt;br/&gt;This award reflects NSF's statutory mission and has been deemed worthy of support through evaluation using the Foundation's intellectual merit and broader impacts review criteria.]]></AbstractNarration>
<MinAmdLetterDate>04/21/2023</MinAmdLetterDate>
<MaxAmdLetterDate>04/21/2023</MaxAmdLetterDate>
<ARRAAmount/>
<TRAN_TYPE>Grant</TRAN_TYPE>
<CFDA_NUM>47.049</CFDA_NUM>
<NSF_PAR_USE_FLAG>1</NSF_PAR_USE_FLAG>
<FUND_AGCY_CODE>4900</FUND_AGCY_CODE>
<AWDG_AGCY_CODE>4900</AWDG_AGCY_CODE>
<AwardID>2301298</AwardID>
<Investigator>
<FirstName>Marsha</FirstName>
<LastName>Lester</LastName>
<PI_MID_INIT>I</PI_MID_INIT>
<PI_SUFX_NAME/>
<PI_FULL_NAME>Marsha I Lester</PI_FULL_NAME>
<EmailAddress><![CDATA[milester@sas.upenn.edu]]></EmailAddress>
<NSF_ID>000204460</NSF_ID>
<StartDate>04/21/2023</StartDate>
<EndDate/>
<RoleCode>Principal Investigator</RoleCode>
</Investigator>
<Institution>
<Name>University of Pennsylvania</Name>
<CityName>PHILADELPHIA</CityName>
<ZipCode>191046205</ZipCode>
<PhoneNumber>2158987293</PhoneNumber>
<StreetAddress>3451 WALNUT ST STE 440A</StreetAddress>
<StreetAddress2/>
<CountryName>United States</CountryName>
<StateName>Pennsylvania</StateName>
<StateCode>PA</StateCode>
<CONGRESSDISTRICT>03</CONGRESSDISTRICT>
<CONGRESS_DISTRICT_ORG>PA03</CONGRESS_DISTRICT_ORG>
<ORG_UEI_NUM>GM1XX56LEP58</ORG_UEI_NUM>
<ORG_LGL_BUS_NAME>TRUSTEES OF THE UNIVERSITY OF PENNSYLVANIA, THE</ORG_LGL_BUS_NAME>
<ORG_PRNT_UEI_NUM>GM1XX56LEP58</ORG_PRNT_UEI_NUM>
</Institution>
<Performance_Institution>
<Name><![CDATA[TRUSTEES OF THE UNIVERSITY OF PENNSYLVANIA, THE]]></Name>
<CityName>Philadelphia</CityName>
<StateCode>PA</StateCode>
<ZipCode>191046205</ZipCode>
<StreetAddress><![CDATA[Office of Research Services]]></StreetAddress>
<CountryCode>US</CountryCode>
<CountryName>United States</CountryName>
<StateName>Pennsylvania</StateName>
<CountryFlag>1</CountryFlag>
<CONGRESSDISTRICT>03</CONGRESSDISTRICT>
<CONGRESS_DISTRICT_PERF>PA03</CONGRESS_DISTRICT_PERF>
</Performance_Institution>
<ProgramElement>
<Code>9101</Code>
<Text>CSD-Chem Strcture and Dynamics</Text>
</ProgramElement>
<ProgramReference>
<Code>090Z</Code>
<Text>CAS-Critical Aspects of Sustainability</Text>
</ProgramReference>
<ProgramReference>
<Code>8084</Code>
<Text>CDS&amp;E</Text>
</ProgramReference>
<ProgramReference>
<Code>8248</Code>
<Text>SusChEM</Text>
</ProgramReference>
<ProgramReference>
<Code>9263</Code>
<Text>COMPUTATIONAL SCIENCE &amp; ENGING</Text>
</ProgramReference>
<Appropriation>
<Code/>
<Name/>
<APP_SYMB_ID/>
</Appropriation>
<Fund>
<Code>01002324DB</Code>
<Name><![CDATA[NSF RESEARCH & RELATED ACTIVIT]]></Name>
<FUND_SYMB_ID>040100</FUND_SYMB_ID>
</Fund>
<FUND_OBLG>2023~605000</FUND_OBLG>
</Award>
</rootTag>
