<?xml version="1.0" encoding="UTF-8"?>
<rootTag>
<Award>
<AwardTitle><![CDATA[The Role of Macroscopic Defects on Electromechanical Instability in Elastomer Dielectrics and Strategies for Mitigation]]></AwardTitle>
<AGENCY>NSF</AGENCY>
<AwardEffectiveDate>09/01/2023</AwardEffectiveDate>
<AwardExpirationDate>08/31/2026</AwardExpirationDate>
<AwardTotalIntnAmount>325555.00</AwardTotalIntnAmount>
<AwardAmount>325555</AwardAmount>
<AwardInstrument>
<Value>Standard Grant</Value>
</AwardInstrument>
<Organization>
<Code>07030000</Code>
<Directorate>
<Abbreviation>ENG</Abbreviation>
<LongName>Directorate For Engineering</LongName>
</Directorate>
<Division>
<Abbreviation>CMMI</Abbreviation>
<LongName>Div Of Civil, Mechanical, &amp; Manufact Inn</LongName>
</Division>
</Organization>
<ProgramOfficer>
<SignBlockName>Siddiq Qidwai</SignBlockName>
<PO_EMAI>sqidwai@nsf.gov</PO_EMAI>
<PO_PHON>7032922211</PO_PHON>
</ProgramOfficer>
<AbstractNarration>Polymer-based actuators provide new opportunities for emerging fields such as human machine interfaces due to their low cost and mechanical flexibility. Electrical actuation of soft elastomer achieves fast deformation, but the mechanism is limited by susceptibility to defects that can cause elastomer structures to fail prematurely. This award supports fundamental research into the role of defects in electrical actuation of elastomers (i.e, elastomer dielectrics) and explores mechanisms to overcome the negative impact of defects. The insights from this work could enable the adoption of low-cost polymer actuators for applications in medical devices, consumer electronics, and national defense, thus contributing to the benefit of society. The interdisciplinary nature of the work, spanning materials properties, mechanics of structures, and electronic properties, provides training opportunities for students in an emerging high-tech field. The award includes activities that leverage excitement about 3D printing and soft robotics to recruit students towards research. At the high school level, the award supports a course on 3D printing that includes content on the mechanics of polymers and their impact on the strength of structures. At the undergraduate level, a soft robotics club offers students the opportunity to get hands-on experience with the effect of polymer mechanics on robot performance.&lt;br/&gt;&lt;br/&gt;Electromechanical instability has been characterized for idealized elastomer dielectrics in a wide range of geometries. However, in manufactured systems, defects can reduce the critical electric field, which leads to the onset of instability, limiting the capability of the structure. The electromechanical deformation of many defects cannot be modeled analytically, motivating the use of a finite element approach. In this research, a finite element model will be validated through experimental monitoring of the electrically induced deformation in single-layer dielectrics with controlled sizes of defects. These devices will consist of silicone dielectrics to minimize non-idealities associated with viscoelasticity and dielectric dispersion. Finite element modeling over a range of defect sizes and geometries will provide computationally derived trends in the free energy associated with defects as a function of the defect size, geometry, and constitutive model of the elastomer. Multilayer dielectrics will be modeled to determine the influence of defects within one component of mechanically coupled structures. The introduction of discontinuous stiff electrodes in multilayer dielectrics will be investigated computationally and experimentally as a method to mitigate the effect of defects. Knowledge gained in this work will provide insights into the role of defects in field-coupled deformable structures.&lt;br/&gt;&lt;br/&gt;This award reflects NSF's statutory mission and has been deemed worthy of support through evaluation using the Foundation's intellectual merit and broader impacts review criteria.</AbstractNarration>
<MinAmdLetterDate>09/18/2023</MinAmdLetterDate>
<MaxAmdLetterDate>09/18/2023</MaxAmdLetterDate>
<ARRAAmount/>
<TRAN_TYPE>Grant</TRAN_TYPE>
<CFDA_NUM>47.041</CFDA_NUM>
<NSF_PAR_USE_FLAG>1</NSF_PAR_USE_FLAG>
<FUND_AGCY_CODE>4900</FUND_AGCY_CODE>
<AWDG_AGCY_CODE>4900</AWDG_AGCY_CODE>
<AwardID>2301509</AwardID>
<Investigator>
<FirstName>Alex</FirstName>
<LastName>Chortos</LastName>
<PI_MID_INIT/>
<PI_SUFX_NAME/>
<PI_FULL_NAME>Alex Chortos</PI_FULL_NAME>
<EmailAddress><![CDATA[achortos@purdue.edu]]></EmailAddress>
<NSF_ID>000841099</NSF_ID>
<StartDate>09/18/2023</StartDate>
<EndDate/>
<RoleCode>Principal Investigator</RoleCode>
</Investigator>
<Institution>
<Name><![CDATA[Purdue University]]></Name>
<CityName>WEST LAFAYETTE</CityName>
<ZipCode>479061332</ZipCode>
<PhoneNumber>7654941055</PhoneNumber>
<StreetAddress><![CDATA[2550 NORTHWESTERN AVE # 1100]]></StreetAddress>
<StreetAddress2/>
<CountryName>United States</CountryName>
<StateName>Indiana</StateName>
<StateCode>IN</StateCode>
<CONGRESSDISTRICT>04</CONGRESSDISTRICT>
<CONGRESS_DISTRICT_ORG>IN04</CONGRESS_DISTRICT_ORG>
<ORG_UEI_NUM>YRXVL4JYCEF5</ORG_UEI_NUM>
<ORG_LGL_BUS_NAME>PURDUE UNIVERSITY</ORG_LGL_BUS_NAME>
<ORG_PRNT_UEI_NUM>YRXVL4JYCEF5</ORG_PRNT_UEI_NUM>
</Institution>
<Performance_Institution>
<Name><![CDATA[Purdue University]]></Name>
<CityName>WEST LAFAYETTE</CityName>
<StateCode>IN</StateCode>
<ZipCode>479061332</ZipCode>
<StreetAddress><![CDATA[2550 NORTHWESTERN AVE STE 1900]]></StreetAddress>
<CountryCode>US</CountryCode>
<CountryName>United States</CountryName>
<StateName>Indiana</StateName>
<CountryFlag>1</CountryFlag>
<CONGRESSDISTRICT>04</CONGRESSDISTRICT>
<CONGRESS_DISTRICT_PERF>IN04</CONGRESS_DISTRICT_PERF>
</Performance_Institution>
<ProgramElement>
<Code>163000</Code>
<Text>Mechanics of Materials and Str</Text>
</ProgramElement>
<ProgramElement>
<Code>164200</Code>
<Text>Special Initiatives</Text>
</ProgramElement>
<ProgramReference>
<Code>022E</Code>
<Text>SOLID MECHANICS</Text>
</ProgramReference>
<ProgramReference>
<Code>024E</Code>
<Text>MATERIALS DESIGN</Text>
</ProgramReference>
<ProgramReference>
<Code>026E</Code>
<Text>STRUCTURAL MECHANICS</Text>
</ProgramReference>
<ProgramReference>
<Code>9161</Code>
<Text>SINGLE DIVISION/UNIVERSITY</Text>
</ProgramReference>
<Appropriation>
<Code/>
<Name/>
<APP_SYMB_ID/>
</Appropriation>
<Fund>
<Code>01002324DB</Code>
<Name><![CDATA[NSF RESEARCH & RELATED ACTIVIT]]></Name>
<FUND_SYMB_ID>040100</FUND_SYMB_ID>
</Fund>
<FUND_OBLG>2023~325555</FUND_OBLG>
</Award>
</rootTag>
