<?xml version="1.0" encoding="UTF-8"?>
<rootTag>
<Award>
<AwardTitle><![CDATA[Conference: Georgia Topology Conference]]></AwardTitle>
<AGENCY>NSF</AGENCY>
<AwardEffectiveDate>05/01/2023</AwardEffectiveDate>
<AwardExpirationDate>04/30/2025</AwardExpirationDate>
<AwardTotalIntnAmount>39400.00</AwardTotalIntnAmount>
<AwardAmount>59000</AwardAmount>
<AwardInstrument>
<Value>Standard Grant</Value>
</AwardInstrument>
<Organization>
<Code>03040000</Code>
<Directorate>
<Abbreviation>MPS</Abbreviation>
<LongName>Direct For Mathematical &amp; Physical Scien</LongName>
</Directorate>
<Division>
<Abbreviation>DMS</Abbreviation>
<LongName>Division Of Mathematical Sciences</LongName>
</Division>
</Organization>
<ProgramOfficer>
<SignBlockName>Swatee Naik</SignBlockName>
<PO_EMAI>snaik@nsf.gov</PO_EMAI>
<PO_PHON>7032924876</PO_PHON>
</ProgramOfficer>
<AbstractNarration>The award provides participant support for the next two Georgia Topology Conferences, held in late May each year in Athens, GA at the University of Georgia. The annual Georgia Topology Conference has been an important event for the topological community ever since the first such conference was held in 1961. The focus of the 2023 conference will be the study of spaces of diffeomorphisms, symplectomorphisms and contactomorphisms in dimensions three and four. The 2024 edition will focus on surfaces in smooth 4-dimensional space. In both settings, we are interested in studying the properties of spaces which locally look like the space, or space-time, that we live in, and in which we can combine the tools of calculus with combinatorial and diagrammatic tools. In the first case, we study these spaces by thinking about their symmetries, and in the second case we study these spaces by thinking about how simpler objects (surfaces) sit inside the spaces. These are both hot topics that have seen some dramatic recent results and the purpose of the conferences is to bring advanced and beginning researchers together to learn about the details of recent results, to understand the next questions that need to be solved, and to kick start collaborations to address these questions.&lt;br/&gt;&lt;br/&gt;The 2023 conference will focus on spaces of diffeomorphisms, symplectomorphisms and contactomorphisms in dimensions 3 and 4, and will be co-organized by co-PIs David Gay, Gordana Matic, Akram Alishahi and Michael Usher, with help from UGA postdocs Eduardo Fernandez Fuertes, Feride Ceren Kose and Lev Tovstopyat-Nelip. Much work in 4-dimensional topology has focused on classifying and distinguishing the objects, namely 4-manifolds, but an equally important project is to classify and distinguish the {morphisms, namely diffeomorphisms between 4-manifolds. To illustrate how little we know in the smooth setting, until very recently we had no idea whether the group of diffeomorphisms of the 4-ball which are the identity on the boundary was contractible. In a dramatic development, Watanabe showed in 2018 that this group is not contractible by showing that certain homotopy groups were nontrivial (thus disproving the smooth 4-dimensional Smale conjecture) but we still do not know if this group is even path connected. Given the importance of symplectic structures in dimension 4, it is interesting to compare this to Gromov's result that the space of symplectomorphisms of the 4-ball is contractible, along with similar results for contactomorphisms in dimension 3. The 2024 conference will focus on the smooth topology of surfaces embedded in 4-manifolds as a probe into smooth 4-dimensional topology in general. Numerous foundational open problems exist, such as the question of whether a smoothly embedded 2-sphere in the 4-sphere whose complement has cyclic fundamental group bounds a smoothly embedded 3-ball. At the same time there have been dramatic developments recently, such as Gabai's proof of the 4-dimensional lightbulb theorem, that in certain situations completely classifies smooth 2-spheres up to smooth isotopy in the presence of dual spheres. This is a very active area of study with contributions combining tools from gauge theory, Khovanov homology, higher dimensional Morse theory and explicit 4-dimensional visualization. More information can be found on the conference website: https://topology.franklinresearch.uga.edu/georgia-topology-conferences&lt;br/&gt;&lt;br/&gt;This award reflects NSF's statutory mission and has been deemed worthy of support through evaluation using the Foundation's intellectual merit and broader impacts review criteria.</AbstractNarration>
<MinAmdLetterDate>03/06/2023</MinAmdLetterDate>
<MaxAmdLetterDate>05/13/2024</MaxAmdLetterDate>
<ARRAAmount/>
<TRAN_TYPE>Grant</TRAN_TYPE>
<CFDA_NUM>47.049</CFDA_NUM>
<NSF_PAR_USE_FLAG>1</NSF_PAR_USE_FLAG>
<FUND_AGCY_CODE>4900</FUND_AGCY_CODE>
<AWDG_AGCY_CODE>4900</AWDG_AGCY_CODE>
<AwardID>2301632</AwardID>
<Investigator>
<FirstName>David</FirstName>
<LastName>Gay</LastName>
<PI_MID_INIT>T</PI_MID_INIT>
<PI_SUFX_NAME/>
<PI_FULL_NAME>David T Gay</PI_FULL_NAME>
<EmailAddress><![CDATA[dgay@uga.edu]]></EmailAddress>
<NSF_ID>000602412</NSF_ID>
<StartDate>03/06/2023</StartDate>
<EndDate/>
<RoleCode>Co-Principal Investigator</RoleCode>
</Investigator>
<Investigator>
<FirstName>Akram</FirstName>
<LastName>Alishahi</LastName>
<PI_MID_INIT/>
<PI_SUFX_NAME/>
<PI_FULL_NAME>Akram Alishahi</PI_FULL_NAME>
<EmailAddress><![CDATA[akram.alishahi@uga.edu]]></EmailAddress>
<NSF_ID>000706973</NSF_ID>
<StartDate>03/06/2023</StartDate>
<EndDate/>
<RoleCode>Co-Principal Investigator</RoleCode>
</Investigator>
<Investigator>
<FirstName>Peter</FirstName>
<LastName>Lambert-Cole</LastName>
<PI_MID_INIT/>
<PI_SUFX_NAME/>
<PI_FULL_NAME>Peter Lambert-Cole</PI_FULL_NAME>
<EmailAddress><![CDATA[plc@uga.edu]]></EmailAddress>
<NSF_ID>000789074</NSF_ID>
<StartDate>03/06/2023</StartDate>
<EndDate/>
<RoleCode>Co-Principal Investigator</RoleCode>
</Investigator>
<Investigator>
<FirstName>Gordana</FirstName>
<LastName>Matic</LastName>
<PI_MID_INIT/>
<PI_SUFX_NAME/>
<PI_FULL_NAME>Gordana Matic</PI_FULL_NAME>
<EmailAddress><![CDATA[gordana@math.uga.edu]]></EmailAddress>
<NSF_ID>000425138</NSF_ID>
<StartDate>03/06/2023</StartDate>
<EndDate/>
<RoleCode>Principal Investigator</RoleCode>
</Investigator>
<Investigator>
<FirstName>Michael</FirstName>
<LastName>Usher</LastName>
<PI_MID_INIT/>
<PI_SUFX_NAME/>
<PI_FULL_NAME>Michael Usher</PI_FULL_NAME>
<EmailAddress><![CDATA[usher@uga.edu]]></EmailAddress>
<NSF_ID>000516054</NSF_ID>
<StartDate>03/06/2023</StartDate>
<EndDate/>
<RoleCode>Co-Principal Investigator</RoleCode>
</Investigator>
<Institution>
<Name><![CDATA[University of Georgia Research Foundation Inc]]></Name>
<CityName>ATHENS</CityName>
<ZipCode>306021589</ZipCode>
<PhoneNumber>7065425939</PhoneNumber>
<StreetAddress><![CDATA[310 E CAMPUS RD RM 409]]></StreetAddress>
<StreetAddress2/>
<CountryName>United States</CountryName>
<StateName>Georgia</StateName>
<StateCode>GA</StateCode>
<CONGRESSDISTRICT>10</CONGRESSDISTRICT>
<CONGRESS_DISTRICT_ORG>GA10</CONGRESS_DISTRICT_ORG>
<ORG_UEI_NUM>NMJHD63STRC5</ORG_UEI_NUM>
<ORG_LGL_BUS_NAME>UNIVERSITY OF GEORGIA RESEARCH FOUNDATION, INC.</ORG_LGL_BUS_NAME>
<ORG_PRNT_UEI_NUM/>
</Institution>
<Performance_Institution>
<Name><![CDATA[University of Georgia Research Foundation Inc]]></Name>
<CityName>ATHENS</CityName>
<StateCode>GA</StateCode>
<ZipCode>306021589</ZipCode>
<StreetAddress><![CDATA[310 EAST CAMPUS RD TUCKER HALL ROOM 409]]></StreetAddress>
<CountryCode>US</CountryCode>
<CountryName>United States</CountryName>
<StateName>Georgia</StateName>
<CountryFlag>1</CountryFlag>
<CONGRESSDISTRICT>10</CONGRESSDISTRICT>
<CONGRESS_DISTRICT_PERF>GA10</CONGRESS_DISTRICT_PERF>
</Performance_Institution>
<ProgramElement>
<Code>126700</Code>
<Text>TOPOLOGY</Text>
</ProgramElement>
<ProgramReference>
<Code>7556</Code>
<Text>CONFERENCE AND WORKSHOPS</Text>
</ProgramReference>
<Appropriation>
<Code/>
<Name/>
<APP_SYMB_ID/>
</Appropriation>
<Appropriation>
<Code/>
<Name/>
<APP_SYMB_ID/>
</Appropriation>
<Fund>
<Code>01002425DB</Code>
<Name><![CDATA[NSF RESEARCH & RELATED ACTIVIT]]></Name>
<FUND_SYMB_ID>040100</FUND_SYMB_ID>
</Fund>
<Fund>
<Code>01002324DB</Code>
<Name><![CDATA[NSF RESEARCH & RELATED ACTIVIT]]></Name>
<FUND_SYMB_ID>040100</FUND_SYMB_ID>
</Fund>
<FUND_OBLG>2023~39400</FUND_OBLG>
<FUND_OBLG>2024~19600</FUND_OBLG>
</Award>
</rootTag>
