<?xml version="1.0" encoding="UTF-8"?>
<rootTag>
<Award>
<AwardTitle><![CDATA[Recruiting Rural Students and Veteran Populations into an Aviation Maintenance Associate Degree Program]]></AwardTitle>
<AGENCY>NSF</AGENCY>
<AwardEffectiveDate>07/01/2023</AwardEffectiveDate>
<AwardExpirationDate>06/30/2026</AwardExpirationDate>
<AwardTotalIntnAmount>344846.00</AwardTotalIntnAmount>
<AwardAmount>344846</AwardAmount>
<AwardInstrument>
<Value>Standard Grant</Value>
</AwardInstrument>
<Organization>
<Code>11040100</Code>
<Directorate>
<Abbreviation>EDU</Abbreviation>
<LongName>Directorate for STEM Education</LongName>
</Directorate>
<Division>
<Abbreviation>DUE</Abbreviation>
<LongName>Division Of Undergraduate Education</LongName>
</Division>
</Organization>
<ProgramOfficer>
<SignBlockName>Paul Tymann</SignBlockName>
<PO_EMAI>ptymann@nsf.gov</PO_EMAI>
<PO_PHON>7032922832</PO_PHON>
</ProgramOfficer>
<AbstractNarration>The goal of this project is to address a documented regional and national need for Aviation Maintenance Technicians. Maysville Community and Technical College (MCTC) will develop enrollment strategies and a certificate program designed to attract rural students and veteran populations into MCTC’s Aviation Maintenance associate degree program. MCTC will partner with area high schools offering Aircraft Owners and Pilots Association or STEM programs, airport boards, Experimental Aircraft Association chapters, and aviation maintenance employers to create an aviation maintenance educational pathway through outreach activities and by aligning existing high school programs to the MCTC Aviation Maintenance Technology associate degree program.&lt;br/&gt;&lt;br/&gt;This project has two goals: 1) Address the documented needs of the aviation industry for maintenance technicians by aligning and streamlining secondary, postsecondary, and adult education pathways into the workforce 2) Address the documented needs of rural populations matriculating to technician programs through the creation of engagement and outreach activities for regional community exposure to educational and career opportunities in the aviation maintenance industry. Program evaluation includes both formative evaluation for refinement of project activities and summative evaluation to establish outcomes that will be used to improve the recruitment of rural student and veteran populations into aviation maintenance technician programs. This project is funded by the Advanced Technological Education program that focuses on the education of technicians for the advanced-technology fields that drive the nation's economy.&lt;br/&gt;&lt;br/&gt;This award reflects NSF's statutory mission and has been deemed worthy of support through evaluation using the Foundation's intellectual merit and broader impacts review criteria.</AbstractNarration>
<MinAmdLetterDate>04/08/2023</MinAmdLetterDate>
<MaxAmdLetterDate>04/08/2023</MaxAmdLetterDate>
<ARRAAmount/>
<TRAN_TYPE>Grant</TRAN_TYPE>
<CFDA_NUM>47.076</CFDA_NUM>
<NSF_PAR_USE_FLAG>1</NSF_PAR_USE_FLAG>
<FUND_AGCY_CODE>4900</FUND_AGCY_CODE>
<AWDG_AGCY_CODE>4900</AWDG_AGCY_CODE>
<AwardID>2301188</AwardID>
<Investigator>
<FirstName>Dallas</FirstName>
<LastName>King</LastName>
<PI_MID_INIT/>
<PI_SUFX_NAME/>
<PI_FULL_NAME>Dallas King</PI_FULL_NAME>
<EmailAddress><![CDATA[dking0069@kctcs.edu]]></EmailAddress>
<NSF_ID>000731241</NSF_ID>
<StartDate>04/08/2023</StartDate>
<EndDate/>
<RoleCode>Co-Principal Investigator</RoleCode>
</Investigator>
<Investigator>
<FirstName>Perry</FirstName>
<LastName>Sloan</LastName>
<PI_MID_INIT>G</PI_MID_INIT>
<PI_SUFX_NAME/>
<PI_FULL_NAME>Perry G Sloan</PI_FULL_NAME>
<EmailAddress><![CDATA[perry.sloan@kctcs.edu]]></EmailAddress>
<NSF_ID>000902216</NSF_ID>
<StartDate>04/08/2023</StartDate>
<EndDate/>
<RoleCode>Principal Investigator</RoleCode>
</Investigator>
<Investigator>
<FirstName>Dana</FirstName>
<LastName>Calland</LastName>
<PI_MID_INIT/>
<PI_SUFX_NAME/>
<PI_FULL_NAME>Dana Calland</PI_FULL_NAME>
<EmailAddress><![CDATA[dana.calland@kctcs.edu]]></EmailAddress>
<NSF_ID>000342677</NSF_ID>
<StartDate>04/08/2023</StartDate>
<EndDate/>
<RoleCode>Co-Principal Investigator</RoleCode>
</Investigator>
<Institution>
<Name><![CDATA[Kentucky Community & Technical College System]]></Name>
<CityName>VERSAILLES</CityName>
<ZipCode>403831245</ZipCode>
<PhoneNumber>8592563397</PhoneNumber>
<StreetAddress><![CDATA[300 N MAIN ST]]></StreetAddress>
<StreetAddress2/>
<CountryName>United States</CountryName>
<StateName>Kentucky</StateName>
<StateCode>KY</StateCode>
<CONGRESSDISTRICT>06</CONGRESSDISTRICT>
<CONGRESS_DISTRICT_ORG>KY06</CONGRESS_DISTRICT_ORG>
<ORG_UEI_NUM>GWSXAJZALU69</ORG_UEI_NUM>
<ORG_LGL_BUS_NAME>KENTUCKY COMMUNITY &amp; TECHNICAL COLLEGE SYSTEM</ORG_LGL_BUS_NAME>
<ORG_PRNT_UEI_NUM>GWSXAJZALU69</ORG_PRNT_UEI_NUM>
</Institution>
<Performance_Institution>
<Name><![CDATA[Maysville Community & Technical College]]></Name>
<CityName>Maysville</CityName>
<StateCode>KY</StateCode>
<ZipCode>410568910</ZipCode>
<StreetAddress><![CDATA[1755 US Highway 68]]></StreetAddress>
<CountryCode>US</CountryCode>
<CountryName>United States</CountryName>
<StateName>Kentucky</StateName>
<CountryFlag>1</CountryFlag>
<CONGRESSDISTRICT>04</CONGRESSDISTRICT>
<CONGRESS_DISTRICT_PERF>KY04</CONGRESS_DISTRICT_PERF>
</Performance_Institution>
<ProgramElement>
<Code>741200</Code>
<Text>Advanced Tech Education Prog</Text>
</ProgramElement>
<ProgramReference>
<Code>1032</Code>
<Text>ADVANCED TECHNOLOGY EDUCATION</Text>
</ProgramReference>
<ProgramReference>
<Code>9150</Code>
<Text>EXP PROG TO STIM COMP RES</Text>
</ProgramReference>
<ProgramReference>
<Code>9178</Code>
<Text>UNDERGRADUATE EDUCATION</Text>
</ProgramReference>
<ProgramReference>
<Code>SMET</Code>
<Text>SCIENCE, MATH, ENG &amp; TECH EDUCATION</Text>
</ProgramReference>
<Appropriation>
<Code/>
<Name/>
<APP_SYMB_ID/>
</Appropriation>
<Fund>
<Code>04002324DB</Code>
<Name><![CDATA[NSF STEM Education]]></Name>
<FUND_SYMB_ID>040106</FUND_SYMB_ID>
</Fund>
<FUND_OBLG>2023~344846</FUND_OBLG>
</Award>
</rootTag>
