<?xml version="1.0" encoding="UTF-8"?>
<rootTag>
<Award>
<AwardTitle><![CDATA[Improving Access, Recruitment, Retention, and Attainment in IT]]></AwardTitle>
<AGENCY>NSF</AGENCY>
<AwardEffectiveDate>10/01/2023</AwardEffectiveDate>
<AwardExpirationDate>09/30/2026</AwardExpirationDate>
<AwardTotalIntnAmount>349851.00</AwardTotalIntnAmount>
<AwardAmount>349851</AwardAmount>
<AwardInstrument>
<Value>Standard Grant</Value>
</AwardInstrument>
<Organization>
<Code>11040100</Code>
<Directorate>
<Abbreviation>EDU</Abbreviation>
<LongName>Directorate for STEM Education</LongName>
</Directorate>
<Division>
<Abbreviation>DUE</Abbreviation>
<LongName>Division Of Undergraduate Education</LongName>
</Division>
</Organization>
<ProgramOfficer>
<SignBlockName>Paul Tymann</SignBlockName>
<PO_EMAI>ptymann@nsf.gov</PO_EMAI>
<PO_PHON>7032922832</PO_PHON>
</ProgramOfficer>
<AbstractNarration>The demand for Information Technology (IT) professionals in Wyoming (and nationally) continues to outpace many other technical and STEM fields. In Wyoming, the need for Computer User Support Specialists, Network and Computer Systems Administrators, Information Security Analysts, Computer Network Support Specialists, Datacenter Technicians and Data Analysts outpace all other IT positions in the state. Employment growth projections in the IT field demonstrate positional growth of nearly 14,000 positions in the Laramie County Community College (LCCC) region. This project will help address the demand for IT professionals by improving access, inclusion, and persistence in community college IT coursework. Through the proposed activities, the IT pathway will broaden its impact on underserved populations, while preparing qualified, skilled, and diverse professionals to benefit the regional workforce and assist with Wyoming’s goal of diversifying its economy.&lt;br/&gt;&lt;br/&gt;The goals of this project are to expand access for rural/remote students, engage and retain underserved populations and emphasize the advanced skills/certifications required to promote marketability in an increasingly competitive field. Specific activities include the deployment of a self-sustaining student resource model, that will ensure rural/remote students are equipped with computing equipment consistent to that of industry and can participate in practical lab exercises to prepare them for career expectations. Recruitment and experiential learning activities will focus on engaging and retaining women and career-changing adults in the IT Pathway. Summer bootcamps and a fully remotely accessible IT Professional Club will be utilized to increase student participation, collaboration, and success. Project deliverables will be communicated and shared with other Wyoming community colleges, as well as nationally and uploaded to ATE Central, including aggregated data on the assessment of recruitment of females and rural/remote students and their performance in the IT Pathway. This project is funded by the Advanced Technological Education program that focuses on the education of technicians for the advanced-technology fields that drive the Nation's economy.&lt;br/&gt;&lt;br/&gt;This award reflects NSF's statutory mission and has been deemed worthy of support through evaluation using the Foundation's intellectual merit and broader impacts review criteria.</AbstractNarration>
<MinAmdLetterDate>07/10/2023</MinAmdLetterDate>
<MaxAmdLetterDate>01/31/2024</MaxAmdLetterDate>
<ARRAAmount/>
<TRAN_TYPE>Grant</TRAN_TYPE>
<CFDA_NUM>47.076</CFDA_NUM>
<NSF_PAR_USE_FLAG>1</NSF_PAR_USE_FLAG>
<FUND_AGCY_CODE>4900</FUND_AGCY_CODE>
<AWDG_AGCY_CODE>4900</AWDG_AGCY_CODE>
<AwardID>2301265</AwardID>
<Investigator>
<FirstName>William</FirstName>
<LastName>Amick</LastName>
<PI_MID_INIT>T</PI_MID_INIT>
<PI_SUFX_NAME/>
<PI_FULL_NAME>William T Amick</PI_FULL_NAME>
<EmailAddress><![CDATA[tamick@lccc.wy.edu]]></EmailAddress>
<NSF_ID>000905183</NSF_ID>
<StartDate>07/10/2023</StartDate>
<EndDate/>
<RoleCode>Principal Investigator</RoleCode>
</Investigator>
<Investigator>
<FirstName>Richard</FirstName>
<LastName>Walsh</LastName>
<PI_MID_INIT/>
<PI_SUFX_NAME/>
<PI_FULL_NAME>Richard Walsh</PI_FULL_NAME>
<EmailAddress><![CDATA[rwalsh1@lccc.wy.edu]]></EmailAddress>
<NSF_ID>000882058</NSF_ID>
<StartDate>07/10/2023</StartDate>
<EndDate>01/31/2024</EndDate>
<RoleCode>Former Co-Principal Investigator</RoleCode>
</Investigator>
<Investigator>
<FirstName>Daniel</FirstName>
<LastName>McIntosh</LastName>
<PI_MID_INIT>s</PI_MID_INIT>
<PI_SUFX_NAME/>
<PI_FULL_NAME>Daniel s McIntosh</PI_FULL_NAME>
<EmailAddress><![CDATA[dmcintosh@lccc.wy.edu]]></EmailAddress>
<NSF_ID>000993548</NSF_ID>
<StartDate>01/31/2024</StartDate>
<EndDate/>
<RoleCode>Co-Principal Investigator</RoleCode>
</Investigator>
<Institution>
<Name><![CDATA[Laramie County Community College]]></Name>
<CityName>CHEYENNE</CityName>
<ZipCode>820073295</ZipCode>
<PhoneNumber>3077781245</PhoneNumber>
<StreetAddress><![CDATA[1400 E COLLEGE DR]]></StreetAddress>
<StreetAddress2/>
<CountryName>United States</CountryName>
<StateName>Wyoming</StateName>
<StateCode>WY</StateCode>
<CONGRESSDISTRICT>00</CONGRESSDISTRICT>
<CONGRESS_DISTRICT_ORG>WY00</CONGRESS_DISTRICT_ORG>
<ORG_UEI_NUM>HJ2LVM1L2JU7</ORG_UEI_NUM>
<ORG_LGL_BUS_NAME>LARAMIE COUNTY COMMUNITY COLLEGE</ORG_LGL_BUS_NAME>
<ORG_PRNT_UEI_NUM/>
</Institution>
<Performance_Institution>
<Name><![CDATA[Laramie County Community College]]></Name>
<CityName>CHEYENNE</CityName>
<StateCode>WY</StateCode>
<ZipCode>820073295</ZipCode>
<StreetAddress><![CDATA[1400 E COLLEGE DR]]></StreetAddress>
<CountryCode>US</CountryCode>
<CountryName>United States</CountryName>
<StateName>Wyoming</StateName>
<CountryFlag>1</CountryFlag>
<CONGRESSDISTRICT>00</CONGRESSDISTRICT>
<CONGRESS_DISTRICT_PERF>WY00</CONGRESS_DISTRICT_PERF>
</Performance_Institution>
<ProgramElement>
<Code>741200</Code>
<Text>Advanced Tech Education Prog</Text>
</ProgramElement>
<ProgramReference>
<Code>1032</Code>
<Text>ADVANCED TECHNOLOGY EDUCATION</Text>
</ProgramReference>
<ProgramReference>
<Code>9178</Code>
<Text>UNDERGRADUATE EDUCATION</Text>
</ProgramReference>
<ProgramReference>
<Code>SMET</Code>
<Text>SCIENCE, MATH, ENG &amp; TECH EDUCATION</Text>
</ProgramReference>
<Appropriation>
<Code/>
<Name/>
<APP_SYMB_ID/>
</Appropriation>
<Fund>
<Code>04002324DB</Code>
<Name><![CDATA[NSF STEM Education]]></Name>
<FUND_SYMB_ID>040106</FUND_SYMB_ID>
</Fund>
<FUND_OBLG>2023~349851</FUND_OBLG>
</Award>
</rootTag>
