<?xml version="1.0" encoding="UTF-8"?>
<rootTag>
<Award>
<AwardTitle><![CDATA[ERI: Impact of pore-scale heterogeneity on precipitation and transport in porous media]]></AwardTitle>
<AGENCY>NSF</AGENCY>
<AwardEffectiveDate>06/01/2023</AwardEffectiveDate>
<AwardExpirationDate>05/31/2025</AwardExpirationDate>
<AwardTotalIntnAmount>199955.00</AwardTotalIntnAmount>
<AwardAmount>199955</AwardAmount>
<AwardInstrument>
<Value>Standard Grant</Value>
</AwardInstrument>
<Organization>
<Code>07020000</Code>
<Directorate>
<Abbreviation>ENG</Abbreviation>
<LongName>Directorate For Engineering</LongName>
</Directorate>
<Division>
<Abbreviation>CBET</Abbreviation>
<LongName>Div Of Chem, Bioeng, Env, &amp; Transp Sys</LongName>
</Division>
</Organization>
<ProgramOfficer>
<SignBlockName>Shahab Shojaei-Zadeh</SignBlockName>
<PO_EMAI>sshojaei@nsf.gov</PO_EMAI>
<PO_PHON>7032928045</PO_PHON>
</ProgramOfficer>
<AbstractNarration>The precipitation of solutes in porous structures and subsurface systems can cause a cascade of unexpected issues, including clogging of pores, as in the salt precipitation upon injection of CO2 in a brine aquifer. This award aims to investigate the precipitation of water-soluble polymers in porous media and the impact of medium heterogeneity on precipitation and transport across the medium. Soft lithography will be used to fabricate two-dimensional porous environments with different heterogeneities. Using optical microscopy, the changes in network structure and flow distribution will be monitored upon injection of antisolvent to precipitate the polymer. These studies will reveal how precipitation and clogging regulate the flow distribution in the network of connected pores. The broader impacts of this award include training graduate students and undergraduates to study these timely problems and to develop a quantitative understanding of transport in porous media. It will also enable new demonstrations to inspire and engage K-12 students in the Science lessons delivered at the local Boys and Girls Club.&lt;br/&gt;&lt;br/&gt;This award will develop new experimental techniques and improved mathematical models to generate a fundamental understanding of reactive transport in porous media. The goal is to investigate how medium heterogeneity and dynamic network changes due to precipitation impact long-term advection and reaction processes in porous media. The following systematic aims are considered: 1) the study of the role of local medium heterogeneity in the transition between advection-dominated and reaction-dominated regimes, and 2) the self-limiting transport of solute due to precipitation. The correlation between advection and precipitation rates with the time scale of the response of the system to local changes will be used to predict clogging due to reactive transport. The results will provide foundational models of reactive transport based on bulk transport properties accessible in industrial operations to maintain percolation and avoid clogging. More broadly, this award will advance the understanding of self-regulating growth at the interface of two miscible fluids in a confined and heterogeneous environment.&lt;br/&gt;&lt;br/&gt;This award reflects NSF's statutory mission and has been deemed worthy of support through evaluation using the Foundation's intellectual merit and broader impacts review criteria.</AbstractNarration>
<MinAmdLetterDate>05/31/2023</MinAmdLetterDate>
<MaxAmdLetterDate>05/31/2023</MaxAmdLetterDate>
<ARRAAmount/>
<TRAN_TYPE>Grant</TRAN_TYPE>
<CFDA_NUM>47.041</CFDA_NUM>
<NSF_PAR_USE_FLAG>1</NSF_PAR_USE_FLAG>
<FUND_AGCY_CODE>4900</FUND_AGCY_CODE>
<AWDG_AGCY_CODE>4900</AWDG_AGCY_CODE>
<AwardID>2301243</AwardID>
<Investigator>
<FirstName>Shima</FirstName>
<LastName>Parsa</LastName>
<PI_MID_INIT/>
<PI_SUFX_NAME/>
<PI_FULL_NAME>Shima Parsa</PI_FULL_NAME>
<EmailAddress><![CDATA[shima.parsa@rit.edu]]></EmailAddress>
<NSF_ID>000827456</NSF_ID>
<StartDate>05/31/2023</StartDate>
<EndDate/>
<RoleCode>Principal Investigator</RoleCode>
</Investigator>
<Institution>
<Name><![CDATA[Rochester Institute of Tech]]></Name>
<CityName>ROCHESTER</CityName>
<ZipCode>146235603</ZipCode>
<PhoneNumber>5854757987</PhoneNumber>
<StreetAddress><![CDATA[1 LOMB MEMORIAL DR]]></StreetAddress>
<StreetAddress2/>
<CountryName>United States</CountryName>
<StateName>New York</StateName>
<StateCode>NY</StateCode>
<CONGRESSDISTRICT>25</CONGRESSDISTRICT>
<CONGRESS_DISTRICT_ORG>NY25</CONGRESS_DISTRICT_ORG>
<ORG_UEI_NUM>J6TWTRKC1X14</ORG_UEI_NUM>
<ORG_LGL_BUS_NAME>ROCHESTER INSTITUTE OF TECHNOLOGY</ORG_LGL_BUS_NAME>
<ORG_PRNT_UEI_NUM/>
</Institution>
<Performance_Institution>
<Name><![CDATA[Rochester Institute of Tech]]></Name>
<CityName>ROCHESTER</CityName>
<StateCode>NY</StateCode>
<ZipCode>146235603</ZipCode>
<StreetAddress><![CDATA[1 LOMB MEMORIAL DR]]></StreetAddress>
<CountryCode>US</CountryCode>
<CountryName>United States</CountryName>
<StateName>New York</StateName>
<CountryFlag>1</CountryFlag>
<CONGRESSDISTRICT>25</CONGRESSDISTRICT>
<CONGRESS_DISTRICT_PERF>NY25</CONGRESS_DISTRICT_PERF>
</Performance_Institution>
<ProgramElement>
<Code>141500</Code>
<Text>PMP-Particul&amp;MultiphaseProcess</Text>
</ProgramElement>
<ProgramElement>
<Code>144300</Code>
<Text>FD-Fluid Dynamics</Text>
</ProgramElement>
<Appropriation>
<Code/>
<Name/>
<APP_SYMB_ID/>
</Appropriation>
<Fund>
<Code>01002324DB</Code>
<Name><![CDATA[NSF RESEARCH & RELATED ACTIVIT]]></Name>
<FUND_SYMB_ID>040100</FUND_SYMB_ID>
</Fund>
<FUND_OBLG>2023~199955</FUND_OBLG>
</Award>
</rootTag>
