<?xml version="1.0" encoding="UTF-8"?>
<rootTag>
<Award>
<AwardTitle><![CDATA[Strengthening and Diversifying Engineering and Advanced Manufacturing Pathways]]></AwardTitle>
<AGENCY>NSF</AGENCY>
<AwardEffectiveDate>10/01/2023</AwardEffectiveDate>
<AwardExpirationDate>09/30/2026</AwardExpirationDate>
<AwardTotalIntnAmount>297792.00</AwardTotalIntnAmount>
<AwardAmount>297792</AwardAmount>
<AwardInstrument>
<Value>Standard Grant</Value>
</AwardInstrument>
<Organization>
<Code>11040100</Code>
<Directorate>
<Abbreviation>EDU</Abbreviation>
<LongName>Directorate for STEM Education</LongName>
</Directorate>
<Division>
<Abbreviation>DUE</Abbreviation>
<LongName>Division Of Undergraduate Education</LongName>
</Division>
</Organization>
<ProgramOfficer>
<SignBlockName>Michael Davis</SignBlockName>
<PO_EMAI>mdavis@nsf.gov</PO_EMAI>
<PO_PHON>7032920000</PO_PHON>
</ProgramOfficer>
<AbstractNarration>The Kansas region is facing a serious advanced manufacturing labor shortage that inhibits industry growth and economic development in low-income rural communities. This project from Northwest Kansas Technical College will establish an academic pathway with built-in micro-credentials that are aligned with the needs of industry to increase awareness of the industry to secondary students and potentially expedite employment in these high-demand fields. Over the 3-year project, 83 students from 5 regional secondary schools will be recruited to complete 3 courses in advanced manufacturing technology. The project will bring advanced manufacturing technology and equipment into the classrooms of the secondary schools for hands-on components of the courses. Educators at the secondary schools will receive professional development training on the equipment and technology in order to better serve students taking the courses and increase adaptation of the technology into other related courses and projects. Career opportunities in advanced manufacturing will be presented to students through regional industry partners that visit the secondary schools. Because the project will be focusing on reaching regional secondary students, there is a large focus to increase the diversity of students that complete the project, and continue their education with the goal of employment in a STEM field. &lt;br/&gt;&lt;br/&gt;The overall goal of the project is to increase the number of students entering the STEM workforce in the region with relevant classwork and industry experience. 83 students are expected to enroll over the 3 years of the project and 9 faculty members will be trained with a mixture of in-person, hands-on professional development and hybrid coursework. Students will take 3 courses that will introduce them to additive and subtractive manufacturing technology and processes, as well as the design principles used in both processes. Students will complete a capstone project to demonstrate skills learned and they will present their project to industry partners for review and feedback. College faculty members will work closely with members of the industry advisory committee to develop and integrate up-to-date industry-relevant material for students and proper professional development for faculty members. Advisory board members will send representatives to the secondary schools periodically throughout the timeline of the project to lead marketing efforts of the project and increase awareness of the industry. This project is funded by the Advanced Technological Education program that focuses on the education of technicians for the advanced technology fields that drive the nation's economy.&lt;br/&gt;&lt;br/&gt;This award reflects NSF's statutory mission and has been deemed worthy of support through evaluation using the Foundation's intellectual merit and broader impacts review criteria.</AbstractNarration>
<MinAmdLetterDate>09/14/2023</MinAmdLetterDate>
<MaxAmdLetterDate>09/14/2023</MaxAmdLetterDate>
<ARRAAmount/>
<TRAN_TYPE>Grant</TRAN_TYPE>
<CFDA_NUM>47.076</CFDA_NUM>
<NSF_PAR_USE_FLAG>1</NSF_PAR_USE_FLAG>
<FUND_AGCY_CODE>4900</FUND_AGCY_CODE>
<AWDG_AGCY_CODE>4900</AWDG_AGCY_CODE>
<AwardID>2301154</AwardID>
<Investigator>
<FirstName>Michael</FirstName>
<LastName>Zimmerman</LastName>
<PI_MID_INIT/>
<PI_SUFX_NAME/>
<PI_FULL_NAME>Michael Zimmerman</PI_FULL_NAME>
<EmailAddress><![CDATA[michael.zimmerman@nwktc.edu]]></EmailAddress>
<NSF_ID>000854403</NSF_ID>
<StartDate>09/14/2023</StartDate>
<EndDate/>
<RoleCode>Principal Investigator</RoleCode>
</Investigator>
<Institution>
<Name><![CDATA[NORTHWEST KANSAS TECHNICAL COLLEGE, INC.]]></Name>
<CityName>GOODLAND</CityName>
<ZipCode>677353441</ZipCode>
<PhoneNumber>7858903641</PhoneNumber>
<StreetAddress><![CDATA[1209 HARRISON AVE]]></StreetAddress>
<StreetAddress2/>
<CountryName>United States</CountryName>
<StateName>Kansas</StateName>
<StateCode>KS</StateCode>
<CONGRESSDISTRICT>01</CONGRESSDISTRICT>
<CONGRESS_DISTRICT_ORG>KS01</CONGRESS_DISTRICT_ORG>
<ORG_UEI_NUM>JJESPN5LJSX9</ORG_UEI_NUM>
<ORG_LGL_BUS_NAME>NORTHWEST KANSAS TECHNICAL COLLEGE, INC.</ORG_LGL_BUS_NAME>
<ORG_PRNT_UEI_NUM>JJESPN5LJSX9</ORG_PRNT_UEI_NUM>
</Institution>
<Performance_Institution>
<Name><![CDATA[NORTHWEST KANSAS TECHNICAL COLLEGE, INC.]]></Name>
<CityName>GOODLAND</CityName>
<StateCode>KS</StateCode>
<ZipCode>677353441</ZipCode>
<StreetAddress><![CDATA[1209 HARRISON ST]]></StreetAddress>
<CountryCode>US</CountryCode>
<CountryName>United States</CountryName>
<StateName>Kansas</StateName>
<CountryFlag>1</CountryFlag>
<CONGRESSDISTRICT>01</CONGRESSDISTRICT>
<CONGRESS_DISTRICT_PERF>KS01</CONGRESS_DISTRICT_PERF>
</Performance_Institution>
<ProgramElement>
<Code>741200</Code>
<Text>Advanced Tech Education Prog</Text>
</ProgramElement>
<ProgramReference>
<Code>1032</Code>
<Text>ADVANCED TECHNOLOGY EDUCATION</Text>
</ProgramReference>
<ProgramReference>
<Code>9150</Code>
<Text>EXP PROG TO STIM COMP RES</Text>
</ProgramReference>
<ProgramReference>
<Code>9178</Code>
<Text>UNDERGRADUATE EDUCATION</Text>
</ProgramReference>
<ProgramReference>
<Code>SMET</Code>
<Text>SCIENCE, MATH, ENG &amp; TECH EDUCATION</Text>
</ProgramReference>
<Appropriation>
<Code/>
<Name/>
<APP_SYMB_ID/>
</Appropriation>
<Fund>
<Code>04002324DB</Code>
<Name><![CDATA[NSF STEM Education]]></Name>
<FUND_SYMB_ID>040106</FUND_SYMB_ID>
</Fund>
<FUND_OBLG>2023~297792</FUND_OBLG>
</Award>
</rootTag>
