<?xml version="1.0" encoding="UTF-8"?>
<rootTag>
<Award>
<AwardTitle><![CDATA[ERI: Wind Field Estimation and Path Planning for Uncrewed Aerial Vehicles in Urban Environments]]></AwardTitle>
<AGENCY>NSF</AGENCY>
<AwardEffectiveDate>09/01/2023</AwardEffectiveDate>
<AwardExpirationDate>08/31/2025</AwardExpirationDate>
<AwardTotalIntnAmount>199904.00</AwardTotalIntnAmount>
<AwardAmount>199904</AwardAmount>
<AwardInstrument>
<Value>Standard Grant</Value>
</AwardInstrument>
<Organization>
<Code>07030000</Code>
<Directorate>
<Abbreviation>ENG</Abbreviation>
<LongName>Directorate For Engineering</LongName>
</Directorate>
<Division>
<Abbreviation>CMMI</Abbreviation>
<LongName>Div Of Civil, Mechanical, &amp; Manufact Inn</LongName>
</Division>
</Organization>
<ProgramOfficer>
<SignBlockName>Siddiq Qidwai</SignBlockName>
<PO_EMAI>sqidwai@nsf.gov</PO_EMAI>
<PO_PHON>7032922211</PO_PHON>
</ProgramOfficer>
<AbstractNarration>The use of uncrewed aerial vehicles in urban centers will benefit society and national security through applications such as commercial/medical package delivery, public safety, military surveillance, and infrastructure inspection. However, operating small, lightweight, aerial vehicles at building-level altitudes remains a challenge, especially in the presence of strong winds that exacerbate the risk of collision with people or property. Complex wind patterns around buildings and other structures can result in sudden unanticipated disturbances, increased power consumption, and degraded vehicle performance and stability. This Engineering Research Initiation (ERI) award aims to improve the fundamental understanding of how aerial robots with limited computational capabilities can collaboratively estimate and exploit a complex urban wind field to plan safer and more efficient flight paths. New algorithms will be designed and analyzed that combine information relating the layout of buildings with physics-based simulations of wind flows to create a realistic and computationally efficient wind field estimation algorithm. A path planning technique will also be established that uses the wind field estimate to more accurately predict vehicle motion to improve safety. The knowledge generated by this project can be adopted to enable future aerial vehicles to operate in urban wind fields that are prohibitive for existing systems. Additionally, this project will include outreach activities to inspire interest in STEM among middle-school-age children and will recruit undergraduate students in the research program with focus on underrepresented groups.&lt;br/&gt;&lt;br/&gt;The specific objective of this research is to establish and analyze novel algorithms that enable multiple aerial robots to collaboratively build spatial maps of complex urban wind fields and exploit them for path planning at building-level altitudes. First, a modern data-driven estimation approach, such as Gaussian process regression, will assimilate local along-path wind measurements to predict the global wind field and its associated spatial uncertainty. Each measurement will consist of a spatial position, wind velocity, and an environment feature vector that characterizes local building morphology. Hyper-parameters of the estimator will be trained utilizing computational fluid dynamics simulations of urban wind fields to produce a physics-informed wind estimator that is cognizant of the environment geometry. Second, a chance-constrained path planning algorithm will be established to minimize energy usage subject to collision-risk constraints that are quantified using the predicted wind-field, its uncertainty, and the closed-loop path following vehicle dynamics. The wind mapping accuracy, computational efficiency, and reduction in collision risk of the planned approach will be assessed through numerical simulations and small-scale outdoor flight experiments with anemometer-equipped quadrotors.&lt;br/&gt;&lt;br/&gt;This project is supported by the cross-directorate Foundational Research in Robotics program, jointly managed and funded by the Directorates for Engineering (ENG) and Computer and Information Science and Engineering (CISE).&lt;br/&gt;&lt;br/&gt;This award reflects NSF's statutory mission and has been deemed worthy of support through evaluation using the Foundation's intellectual merit and broader impacts review criteria.</AbstractNarration>
<MinAmdLetterDate>08/25/2023</MinAmdLetterDate>
<MaxAmdLetterDate>08/25/2023</MaxAmdLetterDate>
<ARRAAmount/>
<TRAN_TYPE>Grant</TRAN_TYPE>
<CFDA_NUM>47.041, 47.070</CFDA_NUM>
<NSF_PAR_USE_FLAG>1</NSF_PAR_USE_FLAG>
<FUND_AGCY_CODE>4900</FUND_AGCY_CODE>
<AWDG_AGCY_CODE>4900</AWDG_AGCY_CODE>
<AwardID>2301475</AwardID>
<Investigator>
<FirstName>Artur</FirstName>
<LastName>Wolek</LastName>
<PI_MID_INIT/>
<PI_SUFX_NAME/>
<PI_FULL_NAME>Artur Wolek</PI_FULL_NAME>
<EmailAddress><![CDATA[awolek@uncc.edu]]></EmailAddress>
<NSF_ID>000881588</NSF_ID>
<StartDate>08/25/2023</StartDate>
<EndDate/>
<RoleCode>Principal Investigator</RoleCode>
</Investigator>
<Institution>
<Name><![CDATA[University of North Carolina at Charlotte]]></Name>
<CityName>CHARLOTTE</CityName>
<ZipCode>282230001</ZipCode>
<PhoneNumber>7046871888</PhoneNumber>
<StreetAddress><![CDATA[9201 UNIVERSITY CITY BLVD]]></StreetAddress>
<StreetAddress2/>
<CountryName>United States</CountryName>
<StateName>North Carolina</StateName>
<StateCode>NC</StateCode>
<CONGRESSDISTRICT>12</CONGRESSDISTRICT>
<CONGRESS_DISTRICT_ORG>NC12</CONGRESS_DISTRICT_ORG>
<ORG_UEI_NUM>JB33DT84JNA5</ORG_UEI_NUM>
<ORG_LGL_BUS_NAME>UNIVERSITY OF NORTH CAROLINA AT CHARLOTTE</ORG_LGL_BUS_NAME>
<ORG_PRNT_UEI_NUM>NEYCH3CVBTR6</ORG_PRNT_UEI_NUM>
</Institution>
<Performance_Institution>
<Name><![CDATA[University of North Carolina at Charlotte]]></Name>
<CityName>CHARLOTTE</CityName>
<StateCode>NC</StateCode>
<ZipCode>282230001</ZipCode>
<StreetAddress><![CDATA[9201 UNIVERSITY CITY BLVD]]></StreetAddress>
<CountryCode>US</CountryCode>
<CountryName>United States</CountryName>
<StateName>North Carolina</StateName>
<CountryFlag>1</CountryFlag>
<CONGRESSDISTRICT>12</CONGRESSDISTRICT>
<CONGRESS_DISTRICT_PERF>NC12</CONGRESS_DISTRICT_PERF>
</Performance_Institution>
<ProgramElement>
<Code>144Y00</Code>
<Text>FRR-Foundationl Rsrch Robotics</Text>
</ProgramElement>
<ProgramElement>
<Code>180Y00</Code>
<Text>ERI-Eng. Research Initiation</Text>
</ProgramElement>
<ProgramReference>
<Code>6840</Code>
<Text>ROBOTICS</Text>
</ProgramReference>
<ProgramReference>
<Code>9264</Code>
<Text>RESEARCH INITIATION AWARD</Text>
</ProgramReference>
<Appropriation>
<Code/>
<Name/>
<APP_SYMB_ID/>
</Appropriation>
<Fund>
<Code>01002324DB</Code>
<Name><![CDATA[NSF RESEARCH & RELATED ACTIVIT]]></Name>
<FUND_SYMB_ID>040100</FUND_SYMB_ID>
</Fund>
<FUND_OBLG>2023~199904</FUND_OBLG>
</Award>
</rootTag>
