<?xml version="1.0" encoding="UTF-8"?>
<rootTag>
<Award>
<AwardTitle><![CDATA[Automotive Technician Education on Electrified, Automated, and Connected Vehicles]]></AwardTitle>
<AGENCY>NSF</AGENCY>
<AwardEffectiveDate>07/01/2023</AwardEffectiveDate>
<AwardExpirationDate>06/30/2026</AwardExpirationDate>
<AwardTotalIntnAmount>649999.00</AwardTotalIntnAmount>
<AwardAmount>649999</AwardAmount>
<AwardInstrument>
<Value>Standard Grant</Value>
</AwardInstrument>
<Organization>
<Code>11040100</Code>
<Directorate>
<Abbreviation>EDU</Abbreviation>
<LongName>Directorate for STEM Education</LongName>
</Directorate>
<Division>
<Abbreviation>DUE</Abbreviation>
<LongName>Division Of Undergraduate Education</LongName>
</Division>
</Organization>
<ProgramOfficer>
<SignBlockName>Virginia Carter</SignBlockName>
<PO_EMAI>vccarter@nsf.gov</PO_EMAI>
<PO_PHON>7032924651</PO_PHON>
</ProgramOfficer>
<AbstractNarration>Automakers are making increased investments in battery and Electric Vehicle (EV) manufacturing in North America and will need more workers trained in EV, Connected Automated Vehicles (CAV) and automated systems. However, there is a critical shortage of EV and CAV technicians, especially in the non-original equipment manufacturer (OEM), suppliers, and automotive shops. The workforce need will be detrimental to the industry without interventions to increase the applicant pool and retain employees. This project will leverage the EV certificate program previously developed by the NSF-ATE, Resource Center for Advanced Automotive Technology (RCAAT) to respond to the industry needs. Curricula will be adapted based on an annual review with the Michigan EV Jobs Academy, Employer-Led Collaborative (ELC) so that program changes align with the pace and transition of industry. The project will target underemployed adults and secondary students, in addition to women and minorities who are currently underrepresented in the advanced automotive industry. The project will also provide early exposure to careers for secondary students and expand relationships with four-year universities to develop clear career pathways allowing students to advance their education and careers.&lt;br/&gt;&lt;br/&gt;This project will establish a new associate degree program in EV technology, upgrade the current EV certificate program, and develop two new certificate programs in CAV and cybersecurity. The project creates a co-leadership model that requires administrators, faculty, industry, and educational partners to co-develop curricula that meets workplace standards. It will also break down traditional academic silos by requiring faculty from different disciplines (engineering and automotive technology, and business and information technology) to work together. This is crucial because cybersecurity and CAV technologies are increasingly being integrated into new EVs. It is also important as educational institutions shift from engineering technician education that is mechanically based to a curriculum that is software and computer and power electronics based. The project will collaborate with educators at high schools, industry, and universities to develop clearly defined technician career pathways to advanced education. The project will also develop and implement early exposure activities for high school students, introducing them to careers in the advanced automotive industry. The certificate programs in CAV and cybersecurity will be offered in a compressed short course format for on-demand workforce\technician education that will lead students quickly into sustainable wage employment. Pathways to advancement that allow existing workers to upskill at a rapid pace will also be available. Additionally, the curriculum will be shared and available via the hybrid/virtual delivery Educational Programs in Collaboration (EPiC) consortium platform through the Michigan Association of Community Colleges, which will provide convenience and flexibility for learners. The EPiC Consortium provides the ability to scale up training with potential talent pools throughout the state. In the long-term, the project will lead to a better prepared workforce that is more gender and racially diverse to address the technician skills gap leading to greater economic impact for the region. This project is funded by the Advanced Technological Education program that focuses on the education of technicians for the advanced-technology fields that drive the Nation's economy.&lt;br/&gt;&lt;br/&gt;This award reflects NSF's statutory mission and has been deemed worthy of support through evaluation using the Foundation's intellectual merit and broader impacts review criteria.</AbstractNarration>
<MinAmdLetterDate>06/29/2023</MinAmdLetterDate>
<MaxAmdLetterDate>06/29/2023</MaxAmdLetterDate>
<ARRAAmount/>
<TRAN_TYPE>Grant</TRAN_TYPE>
<CFDA_NUM>47.076</CFDA_NUM>
<NSF_PAR_USE_FLAG>1</NSF_PAR_USE_FLAG>
<FUND_AGCY_CODE>4900</FUND_AGCY_CODE>
<AWDG_AGCY_CODE>4900</AWDG_AGCY_CODE>
<AwardID>2301066</AwardID>
<Investigator>
<FirstName>Benigno</FirstName>
<LastName>Cruz</LastName>
<PI_MID_INIT/>
<PI_SUFX_NAME/>
<PI_FULL_NAME>Benigno Cruz</PI_FULL_NAME>
<EmailAddress><![CDATA[cruzb800@macomb.edu]]></EmailAddress>
<NSF_ID>000805669</NSF_ID>
<StartDate>06/29/2023</StartDate>
<EndDate/>
<RoleCode>Co-Principal Investigator</RoleCode>
</Investigator>
<Investigator>
<FirstName>Donald</FirstName>
<LastName>Hutchison</LastName>
<PI_MID_INIT>S</PI_MID_INIT>
<PI_SUFX_NAME>Jr</PI_SUFX_NAME>
<PI_FULL_NAME>Donald S Hutchison</PI_FULL_NAME>
<EmailAddress><![CDATA[hutchisond@macomb.edu]]></EmailAddress>
<NSF_ID>000778836</NSF_ID>
<StartDate>06/29/2023</StartDate>
<EndDate/>
<RoleCode>Principal Investigator</RoleCode>
</Investigator>
<Institution>
<Name><![CDATA[Macomb Community College]]></Name>
<CityName>WARREN</CityName>
<ZipCode>480883896</ZipCode>
<PhoneNumber>5864457241</PhoneNumber>
<StreetAddress><![CDATA[14500 E 12 MILE RD]]></StreetAddress>
<StreetAddress2/>
<CountryName>United States</CountryName>
<StateName>Michigan</StateName>
<StateCode>MI</StateCode>
<CONGRESSDISTRICT>10</CONGRESSDISTRICT>
<CONGRESS_DISTRICT_ORG>MI10</CONGRESS_DISTRICT_ORG>
<ORG_UEI_NUM>CLBAN68MDKP5</ORG_UEI_NUM>
<ORG_LGL_BUS_NAME>MACOMB COMMUNITY COLLEGE</ORG_LGL_BUS_NAME>
<ORG_PRNT_UEI_NUM/>
</Institution>
<Performance_Institution>
<Name><![CDATA[Macomb Community College]]></Name>
<CityName>WARREN</CityName>
<StateCode>MI</StateCode>
<ZipCode>480883870</ZipCode>
<StreetAddress><![CDATA[14500 E 12 MILE RD]]></StreetAddress>
<CountryCode>US</CountryCode>
<CountryName>United States</CountryName>
<StateName>Michigan</StateName>
<CountryFlag>1</CountryFlag>
<CONGRESSDISTRICT>10</CONGRESSDISTRICT>
<CONGRESS_DISTRICT_PERF>MI10</CONGRESS_DISTRICT_PERF>
</Performance_Institution>
<ProgramElement>
<Code>741200</Code>
<Text>Advanced Tech Education Prog</Text>
</ProgramElement>
<ProgramReference>
<Code>1032</Code>
<Text>ADVANCED TECHNOLOGY EDUCATION</Text>
</ProgramReference>
<ProgramReference>
<Code>9178</Code>
<Text>UNDERGRADUATE EDUCATION</Text>
</ProgramReference>
<ProgramReference>
<Code>SMET</Code>
<Text>SCIENCE, MATH, ENG &amp; TECH EDUCATION</Text>
</ProgramReference>
<Appropriation>
<Code/>
<Name/>
<APP_SYMB_ID/>
</Appropriation>
<Fund>
<Code>04002324DB</Code>
<Name><![CDATA[NSF STEM Education]]></Name>
<FUND_SYMB_ID>040106</FUND_SYMB_ID>
</Fund>
<FUND_OBLG>2023~649999</FUND_OBLG>
</Award>
</rootTag>
