<?xml version="1.0" encoding="UTF-8"?>
<rootTag>
<Award>
<AwardTitle><![CDATA[Northeast Consortia for Advanced Integrated Silicon Technologies]]></AwardTitle>
<AGENCY>NSF</AGENCY>
<AwardEffectiveDate>09/01/2023</AwardEffectiveDate>
<AwardExpirationDate>08/31/2026</AwardExpirationDate>
<AwardTotalIntnAmount>2790053.00</AwardTotalIntnAmount>
<AwardAmount>2790053</AwardAmount>
<AwardInstrument>
<Value>Standard Grant</Value>
</AwardInstrument>
<Organization>
<Code>11040100</Code>
<Directorate>
<Abbreviation>EDU</Abbreviation>
<LongName>Directorate for STEM Education</LongName>
</Directorate>
<Division>
<Abbreviation>DUE</Abbreviation>
<LongName>Division Of Undergraduate Education</LongName>
</Division>
</Organization>
<ProgramOfficer>
<SignBlockName>Virginia Carter</SignBlockName>
<PO_EMAI>vccarter@nsf.gov</PO_EMAI>
<PO_PHON>7032924651</PO_PHON>
</ProgramOfficer>
<AbstractNarration>The expansion of data networks and centers, safer autonomous driving vehicles, and more efficient food production cannot be sustainably met by electronic microchip technology alone. However, combining electrical devices with integrated photonics provides a more energy efficient way to increase the speed and capacity of data networks, reduce costs and meet an increasingly diverse range of needs across various industries. This transition is critically reliant on the incorporation of silicon photonic integrated circuits (PICs) for ultra-fast, low-loss optical data transmission. Silicon (Si) PIC fabrication has moved quickly from the laboratory to high-volume manufacturing. However, the U.S. skilled technical workforce (STW) is not currently positioned to support this expansion and risks losing domestic manufacturing capability and U.S. global leadership in this key technology area. This project aims to respond to this need and will establish the Northeast Consortium for Advanced Integrated Silicon Technologies (NCAIST) with a mission of educating the STW for advanced silicon-manufacturing with an emphasis on Si-based PIC technologies and electronic-photonic integrated circuits (EPICs).&lt;br/&gt;&lt;br/&gt;Working closely with AIM Photonics, a U.S. Manufacturing Innovation Institute (MII), NCAIST will coordinate and accelerate the transition of technician education content and teaching methodologies from key AIM-affiliated U.S. universities to community and technical colleges in the northeast U.S. This will include hands-on training of students and teachers from community and technical colleges in Si-PIC and EPIC fabrication, testing and packaging, incorporation of PIC/EPIC technician education content directly into existing for-credit courses and degree programs, and introduction of career pathways and PIC- education content to regional high school teachers. NCAIST is comprised of a network of 16 community colleges and technical colleges, and 4 universities across NY, MA, and PA with a common goal of rapidly developing and disseminating technician education content in PIC/EPIC technologies. In addition to working with AIM Photonics, NCAIST works with the NEATEC, NACK, LASER TEC and MNT-EC ATE centers to enable dissemination of content across the U.S. NCAIST will: (1) Develop and disseminate of Si PIC education kits incorporating custom-designed, packaged PIC/EPICs and full lab-ready packages for sustainable and economical incorporation in existing technician education courses and programs; (2) Co-develop with consortium community colleges PIC/EPIC learning modules; (3) Introduce virtual reality-based training modules for PIC testing and packaging equipment for online and in-lab education; and (4) Evaluate the efficacy of short-term training to prepare students for direct transition to PIC/EPIC manufacturers with immediate workforce needs, and the sustainability of industry mentorships/internships as a future pathway for students entering the workforce. This project is funded by the Advanced Technological Education program that focuses on the education of technicians for the advanced-technology fields that drive the Nation's economy.&lt;br/&gt;&lt;br/&gt;This award reflects NSF's statutory mission and has been deemed worthy of support through evaluation using the Foundation's intellectual merit and broader impacts review criteria.</AbstractNarration>
<MinAmdLetterDate>07/13/2023</MinAmdLetterDate>
<MaxAmdLetterDate>07/13/2023</MaxAmdLetterDate>
<ARRAAmount/>
<TRAN_TYPE>Grant</TRAN_TYPE>
<CFDA_NUM>47.076</CFDA_NUM>
<NSF_PAR_USE_FLAG>1</NSF_PAR_USE_FLAG>
<FUND_AGCY_CODE>4900</FUND_AGCY_CODE>
<AWDG_AGCY_CODE>4900</AWDG_AGCY_CODE>
<AwardID>2301184</AwardID>
<Investigator>
<FirstName>Stephen</FirstName>
<LastName>Leone</LastName>
<PI_MID_INIT>J</PI_MID_INIT>
<PI_SUFX_NAME/>
<PI_FULL_NAME>Stephen J Leone</PI_FULL_NAME>
<EmailAddress><![CDATA[Stephen.Leone2@sunywcc.edu]]></EmailAddress>
<NSF_ID>000170237</NSF_ID>
<StartDate>07/13/2023</StartDate>
<EndDate/>
<RoleCode>Co-Principal Investigator</RoleCode>
</Investigator>
<Investigator>
<FirstName>Abraham</FirstName>
<LastName>Michelen</LastName>
<PI_MID_INIT/>
<PI_SUFX_NAME/>
<PI_FULL_NAME>Abraham Michelen</PI_FULL_NAME>
<EmailAddress><![CDATA[amichelen@sunypoly.edu]]></EmailAddress>
<NSF_ID>000479486</NSF_ID>
<StartDate>07/13/2023</StartDate>
<EndDate/>
<RoleCode>Principal Investigator</RoleCode>
</Investigator>
<Investigator>
<FirstName>Marina</FirstName>
<LastName>Bograd</LastName>
<PI_MID_INIT/>
<PI_SUFX_NAME/>
<PI_FULL_NAME>Marina Bograd</PI_FULL_NAME>
<EmailAddress><![CDATA[mbograd@massbay.edu]]></EmailAddress>
<NSF_ID>000657617</NSF_ID>
<StartDate>07/13/2023</StartDate>
<EndDate/>
<RoleCode>Co-Principal Investigator</RoleCode>
</Investigator>
<Investigator>
<FirstName>Justin</FirstName>
<LastName>Starr</LastName>
<PI_MID_INIT/>
<PI_SUFX_NAME/>
<PI_FULL_NAME>Justin Starr</PI_FULL_NAME>
<EmailAddress><![CDATA[jstarr@ccac.edu]]></EmailAddress>
<NSF_ID>000828654</NSF_ID>
<StartDate>07/13/2023</StartDate>
<EndDate/>
<RoleCode>Co-Principal Investigator</RoleCode>
</Investigator>
<Institution>
<Name><![CDATA[SUNY Polytechnic Institute]]></Name>
<CityName>ALBANY</CityName>
<ZipCode>122033613</ZipCode>
<PhoneNumber>5184378689</PhoneNumber>
<StreetAddress><![CDATA[257 FULLER RD]]></StreetAddress>
<StreetAddress2/>
<CountryName>United States</CountryName>
<StateName>New York</StateName>
<StateCode>NY</StateCode>
<CONGRESSDISTRICT>20</CONGRESSDISTRICT>
<CONGRESS_DISTRICT_ORG>NY20</CONGRESS_DISTRICT_ORG>
<ORG_UEI_NUM>CDAQNZCL6287</ORG_UEI_NUM>
<ORG_LGL_BUS_NAME>THE RESEARCH FOUNDATION FOR THE STATE UNIVERSITY OF NEW YORK</ORG_LGL_BUS_NAME>
<ORG_PRNT_UEI_NUM/>
</Institution>
<Performance_Institution>
<Name><![CDATA[SUNY Polytechnic Institute]]></Name>
<CityName>ALBANY</CityName>
<StateCode>NY</StateCode>
<ZipCode>122033613</ZipCode>
<StreetAddress><![CDATA[257 FULLER RD]]></StreetAddress>
<CountryCode>US</CountryCode>
<CountryName>United States</CountryName>
<StateName>New York</StateName>
<CountryFlag>1</CountryFlag>
<CONGRESSDISTRICT>20</CONGRESSDISTRICT>
<CONGRESS_DISTRICT_PERF>NY20</CONGRESS_DISTRICT_PERF>
</Performance_Institution>
<ProgramElement>
<Code>741200</Code>
<Text>Advanced Tech Education Prog</Text>
</ProgramElement>
<ProgramReference>
<Code>1032</Code>
<Text>ADVANCED TECHNOLOGY EDUCATION</Text>
</ProgramReference>
<ProgramReference>
<Code>9178</Code>
<Text>UNDERGRADUATE EDUCATION</Text>
</ProgramReference>
<ProgramReference>
<Code>SMET</Code>
<Text>SCIENCE, MATH, ENG &amp; TECH EDUCATION</Text>
</ProgramReference>
<Appropriation>
<Code/>
<Name/>
<APP_SYMB_ID/>
</Appropriation>
<Fund>
<Code>04002324DB</Code>
<Name><![CDATA[NSF STEM Education]]></Name>
<FUND_SYMB_ID>040106</FUND_SYMB_ID>
</Fund>
<FUND_OBLG>2023~2790053</FUND_OBLG>
</Award>
</rootTag>
