<?xml version="1.0" encoding="UTF-8"?>
<rootTag>
<Award>
<AwardTitle><![CDATA[Higher Multiplier Ideals and Other Applications of Hodge Theory in Algebraic Geometry]]></AwardTitle>
<AGENCY>NSF</AGENCY>
<AwardEffectiveDate>06/01/2023</AwardEffectiveDate>
<AwardExpirationDate>05/31/2028</AwardExpirationDate>
<AwardTotalIntnAmount>499999.00</AwardTotalIntnAmount>
<AwardAmount>201253</AwardAmount>
<AwardInstrument>
<Value>Continuing Grant</Value>
</AwardInstrument>
<Organization>
<Code>03040000</Code>
<Directorate>
<Abbreviation>MPS</Abbreviation>
<LongName>Direct For Mathematical &amp; Physical Scien</LongName>
</Directorate>
<Division>
<Abbreviation>DMS</Abbreviation>
<LongName>Division Of Mathematical Sciences</LongName>
</Division>
</Organization>
<ProgramOfficer>
<SignBlockName>James Matthew Douglass</SignBlockName>
<PO_EMAI>mdouglas@nsf.gov</PO_EMAI>
<PO_PHON>7032922467</PO_PHON>
</ProgramOfficer>
<AbstractNarration>This is a project in pure mathematics, more precisely in the field of algebraic geometry. Algebraic geometry studies geometric objects that are defined by polynomial equations, using methods from algebra, complex analysis, differential geometry, topology, and partial differential equations. Algebraic geometry also provides useful examples for certain parts of theoretical physics such as string theory. Most of the research proposed by the PI has to do with a subfield of algebraic geometry called Hodge theory. Hodge theory makes it possible to apply results from the theory of partial differential equations to problems in algebraic geometry, in a language that is closer to algebra than to analysis. Some of the work proposed by the PI is about developing Hodge theory further (and to make it more accessible to graduate students); the rest is about using Hodge theory to solve several very specific problems in algebraic geometry. The PI will also work on a comprehensive book on this subject which will be of enormous use to the research community.&lt;br/&gt;&lt;br/&gt;More specifically, this project has several different research objectives, all related to Hodge theory:&lt;br/&gt;(1) To develop a theory of higher multiplier ideals for effective divisors, in joint work with Ruijie Yang, by using the nearby cycles functor for mixed Hodge modules.&lt;br/&gt;(2) To apply this theory to theta divisors on principally polarized abelian varieties, in particular to a conjecture by Casalaina-Martin about the multiplicities of their singular points.&lt;br/&gt;(3) To continue to study the local and global structure of the locus of self-dual classes for integral variations of Hodge structure; self-dual classes are a generalization of Hodge classes that are of interest in theoretical physics.&lt;br/&gt;(4) To further investigate the behavior of Kodaira dimension under smooth morphisms, especially several related conjectures by Campana-Peternell and by Popa.&lt;br/&gt;(5) To continue the study of degenerating complex variations of Hodge structure in higher dimensions, in particular the precise local behavior of the Hodge metric, and its relation with the representation theory of semisimple Lie algebras.&lt;br/&gt;(6) To continue the "Mixed Hodge Module Project" (joint with Claude Sabbah), whose aim is to write an accessible treatment of the theory of mixed Hodge modules with complex coefficients.&lt;br/&gt;&lt;br/&gt;This award reflects NSF's statutory mission and has been deemed worthy of support through evaluation using the Foundation's intellectual merit and broader impacts review criteria.</AbstractNarration>
<MinAmdLetterDate>04/06/2023</MinAmdLetterDate>
<MaxAmdLetterDate>06/11/2024</MaxAmdLetterDate>
<ARRAAmount/>
<TRAN_TYPE>Grant</TRAN_TYPE>
<CFDA_NUM>47.049</CFDA_NUM>
<NSF_PAR_USE_FLAG>1</NSF_PAR_USE_FLAG>
<FUND_AGCY_CODE>4900</FUND_AGCY_CODE>
<AWDG_AGCY_CODE>4900</AWDG_AGCY_CODE>
<AwardID>2301526</AwardID>
<Investigator>
<FirstName>Christian</FirstName>
<LastName>Schnell</LastName>
<PI_MID_INIT/>
<PI_SUFX_NAME/>
<PI_FULL_NAME>Christian Schnell</PI_FULL_NAME>
<EmailAddress><![CDATA[christian.schnell@stonybrook.edu]]></EmailAddress>
<NSF_ID>000637283</NSF_ID>
<StartDate>04/06/2023</StartDate>
<EndDate/>
<RoleCode>Principal Investigator</RoleCode>
</Investigator>
<Institution>
<Name><![CDATA[SUNY at Stony Brook]]></Name>
<CityName>STONY BROOK</CityName>
<ZipCode>117940001</ZipCode>
<PhoneNumber>6316329949</PhoneNumber>
<StreetAddress><![CDATA[W5510 FRANKS MELVILLE MEMORIAL L]]></StreetAddress>
<StreetAddress2/>
<CountryName>United States</CountryName>
<StateName>New York</StateName>
<StateCode>NY</StateCode>
<CONGRESSDISTRICT>01</CONGRESSDISTRICT>
<CONGRESS_DISTRICT_ORG>NY01</CONGRESS_DISTRICT_ORG>
<ORG_UEI_NUM>M746VC6XMNH9</ORG_UEI_NUM>
<ORG_LGL_BUS_NAME>THE RESEARCH FOUNDATION FOR THE STATE UNIVERSITY OF NEW YORK</ORG_LGL_BUS_NAME>
<ORG_PRNT_UEI_NUM>M746VC6XMNH9</ORG_PRNT_UEI_NUM>
</Institution>
<Performance_Institution>
<Name><![CDATA[SUNY at Stony Brook]]></Name>
<CityName>STONY BROOK</CityName>
<StateCode>NY</StateCode>
<ZipCode>117940001</ZipCode>
<StreetAddress><![CDATA[WEST 5510 FRANKS MELVILLE MEMORIAL LIBRARY]]></StreetAddress>
<CountryCode>US</CountryCode>
<CountryName>United States</CountryName>
<StateName>New York</StateName>
<CountryFlag>1</CountryFlag>
<CONGRESSDISTRICT>01</CONGRESSDISTRICT>
<CONGRESS_DISTRICT_PERF>NY01</CONGRESS_DISTRICT_PERF>
</Performance_Institution>
<ProgramElement>
<Code>126400</Code>
<Text>ALGEBRA,NUMBER THEORY,AND COM</Text>
</ProgramElement>
<Appropriation>
<Code/>
<Name/>
<APP_SYMB_ID/>
</Appropriation>
<Appropriation>
<Code/>
<Name/>
<APP_SYMB_ID/>
</Appropriation>
<Fund>
<Code>01002425DB</Code>
<Name><![CDATA[NSF RESEARCH & RELATED ACTIVIT]]></Name>
<FUND_SYMB_ID>040100</FUND_SYMB_ID>
</Fund>
<Fund>
<Code>01002324DB</Code>
<Name><![CDATA[NSF RESEARCH & RELATED ACTIVIT]]></Name>
<FUND_SYMB_ID>040100</FUND_SYMB_ID>
</Fund>
<FUND_OBLG>2023~101671</FUND_OBLG>
<FUND_OBLG>2024~99582</FUND_OBLG>
</Award>
</rootTag>
