<?xml version="1.0" encoding="UTF-8"?>
<rootTag>
<Award>
<AwardTitle><![CDATA[ERI: Fused Filament Fabrication of Thermoplastic-Composite Molds Embedded with Heating Wires for Energy-Efficient Production of Thermoset Composites]]></AwardTitle>
<AGENCY>NSF</AGENCY>
<AwardEffectiveDate>06/01/2023</AwardEffectiveDate>
<AwardExpirationDate>05/31/2025</AwardExpirationDate>
<AwardTotalIntnAmount>199522.00</AwardTotalIntnAmount>
<AwardAmount>199522</AwardAmount>
<AwardInstrument>
<Value>Standard Grant</Value>
</AwardInstrument>
<Organization>
<Code>07030000</Code>
<Directorate>
<Abbreviation>ENG</Abbreviation>
<LongName>Directorate For Engineering</LongName>
</Directorate>
<Division>
<Abbreviation>CMMI</Abbreviation>
<LongName>Div Of Civil, Mechanical, &amp; Manufact Inn</LongName>
</Division>
</Organization>
<ProgramOfficer>
<SignBlockName>Satish Bukkapatnam</SignBlockName>
<PO_EMAI>sbukkapa@nsf.gov</PO_EMAI>
<PO_PHON>7032924813</PO_PHON>
</ProgramOfficer>
<AbstractNarration>High-performance polymer composites are attractive for many lightweight and reinforced-structure applications as an alternative to metallic parts. However, the associated cost with composite manufacturing, more specifically, the extensive cost of mold-making and mold heating do limit their large-scale production. The traditional autoclave heating of a mold requires tooling assembly and a relatively long lead time, which add up the manufacturing cost and pose significant challenges to widespread adoption. This Engineering Research Initiation (ERI) award supports fundamental research to understand additive manufacturing (AM) of thermoplastic-composite out-of-oven molds to make thermoset composites. The research effort will develop and integrate a lower-cost tool that enables the deposition of heating wires within parts made by fused filament fabrication (FFF), in the presence of a nonpolar solvent, to fabricate composite molds. If successful, such an innovation will eliminate the necessity of costly and energy-intensive autoclave ovens, serving as technological groundwork of composite manufacturing and enhance the U.S. composite tooling competitiveness in the global market. This ERI project will also engage a diverse group of students, including underrepresented minorities, in new manufacturing technologies and provide hands-on experiences to develop scientific, analytical thinking, and leadership skills. In addition, the team will partner with school districts in the gulf coast area of Houston for outreach activities that promote K-12 students to pursue a career in STEM-related fields.&lt;br/&gt;&lt;br/&gt;The overall goal of this research is to establish and understand a system for AM of resistance heating wire embedded out-of-oven composite molds made of short carbon-fiber reinforced polycarbonate. For embedding heating wires during 3D printing, the project will investigate the fundamentals of thermoplastic swelling due to nonpolar solvents by solid-state nuclear magnetic resonance and Fourier transform infrared spectroscopy. The study will build the basis for the development of a dual-extrusion FFF printer integrated with a resistance heating wire deposition system to produce composite molds for the investigation into the interaction between heating wires and thermoplastics. The effect of wire heating on the temperature profile of the fabricated mold will be characterized by infrared thermography and correlated with the mechanical evaluation of fabricated composite molds. In addition, thermoset composite components made by the heating-wire embedded molds and conventional autoclave molds will be quantitatively compared. The findings of this research are expected to generate new knowledge on material-extrusion based AM of embedded heating composite molds for energy-efficient composite manufacture.&lt;br/&gt;&lt;br/&gt;This award reflects NSF's statutory mission and has been deemed worthy of support through evaluation using the Foundation's intellectual merit and broader impacts review criteria.</AbstractNarration>
<MinAmdLetterDate>06/14/2023</MinAmdLetterDate>
<MaxAmdLetterDate>06/14/2023</MaxAmdLetterDate>
<ARRAAmount/>
<TRAN_TYPE>Grant</TRAN_TYPE>
<CFDA_NUM>47.041</CFDA_NUM>
<NSF_PAR_USE_FLAG>1</NSF_PAR_USE_FLAG>
<FUND_AGCY_CODE>4900</FUND_AGCY_CODE>
<AWDG_AGCY_CODE>4900</AWDG_AGCY_CODE>
<AwardID>2301925</AwardID>
<Investigator>
<FirstName>Kazi Md Masum</FirstName>
<LastName>Billah</LastName>
<PI_MID_INIT/>
<PI_SUFX_NAME/>
<PI_FULL_NAME>Kazi Md Masum Billah</PI_FULL_NAME>
<EmailAddress><![CDATA[billah@uhcl.edu]]></EmailAddress>
<NSF_ID>000866157</NSF_ID>
<StartDate>06/14/2023</StartDate>
<EndDate/>
<RoleCode>Principal Investigator</RoleCode>
</Investigator>
<Institution>
<Name><![CDATA[University of Houston - Clear Lake]]></Name>
<CityName>HOUSTON</CityName>
<ZipCode>770581002</ZipCode>
<PhoneNumber>2812833016</PhoneNumber>
<StreetAddress><![CDATA[2700 BAY AREA BLVD # M105]]></StreetAddress>
<StreetAddress2/>
<CountryName>United States</CountryName>
<StateName>Texas</StateName>
<StateCode>TX</StateCode>
<CONGRESSDISTRICT>36</CONGRESSDISTRICT>
<CONGRESS_DISTRICT_ORG>TX36</CONGRESS_DISTRICT_ORG>
<ORG_UEI_NUM>RD74AUNCTZJ1</ORG_UEI_NUM>
<ORG_LGL_BUS_NAME>UNIVERSITY OF HOUSTON SYSTEM</ORG_LGL_BUS_NAME>
<ORG_PRNT_UEI_NUM/>
</Institution>
<Performance_Institution>
<Name><![CDATA[University of Houston - Clear Lake]]></Name>
<CityName>HOUSTON</CityName>
<StateCode>TX</StateCode>
<ZipCode>77058</ZipCode>
<StreetAddress><![CDATA[2700 BAY AREA BLVD MC 105]]></StreetAddress>
<CountryCode>US</CountryCode>
<CountryName>United States</CountryName>
<StateName>Texas</StateName>
<CountryFlag>1</CountryFlag>
<CONGRESSDISTRICT>36</CONGRESSDISTRICT>
<CONGRESS_DISTRICT_PERF>TX36</CONGRESS_DISTRICT_PERF>
</Performance_Institution>
<ProgramElement>
<Code>088Y00</Code>
<Text>AM-Advanced Manufacturing</Text>
</ProgramElement>
<ProgramElement>
<Code>180Y00</Code>
<Text>ERI-Eng. Research Initiation</Text>
</ProgramElement>
<ProgramReference>
<Code>1444</Code>
<Text>SURFACE ENGINEERING</Text>
</ProgramReference>
<ProgramReference>
<Code>8025</Code>
<Text>Advanced Materials Processing</Text>
</ProgramReference>
<ProgramReference>
<Code>8037</Code>
<Text>Advanced Manufacturing</Text>
</ProgramReference>
<ProgramReference>
<Code>9264</Code>
<Text>RESEARCH INITIATION AWARD</Text>
</ProgramReference>
<ProgramReference>
<Code>MANU</Code>
<Text>MANUFACTURING</Text>
</ProgramReference>
<Appropriation>
<Code/>
<Name/>
<APP_SYMB_ID/>
</Appropriation>
<Fund>
<Code>01002324DB</Code>
<Name><![CDATA[NSF RESEARCH & RELATED ACTIVIT]]></Name>
<FUND_SYMB_ID>040100</FUND_SYMB_ID>
</Fund>
<FUND_OBLG>2023~199522</FUND_OBLG>
</Award>
</rootTag>
