<?xml version="1.0" encoding="UTF-8"?>
<rootTag>
<Award>
<AwardTitle><![CDATA[ERI: Fault-Tolerant Monitoring of Moving Clusters of Targets using Collaborative Unmanned Aerial Vehicles]]></AwardTitle>
<AGENCY>NSF</AGENCY>
<AwardEffectiveDate>09/01/2023</AwardEffectiveDate>
<AwardExpirationDate>08/31/2025</AwardExpirationDate>
<AwardTotalIntnAmount>196993.00</AwardTotalIntnAmount>
<AwardAmount>196993</AwardAmount>
<AwardInstrument>
<Value>Standard Grant</Value>
</AwardInstrument>
<Organization>
<Code>07030000</Code>
<Directorate>
<Abbreviation>ENG</Abbreviation>
<LongName>Directorate For Engineering</LongName>
</Directorate>
<Division>
<Abbreviation>CMMI</Abbreviation>
<LongName>Div Of Civil, Mechanical, &amp; Manufact Inn</LongName>
</Division>
</Organization>
<ProgramOfficer>
<SignBlockName>Siddiq Qidwai</SignBlockName>
<PO_EMAI>sqidwai@nsf.gov</PO_EMAI>
<PO_PHON>7032922211</PO_PHON>
</ProgramOfficer>
<AbstractNarration>Unmanned aerial vehicles, or drones, have successfully been used to monitor ground activity. However, using small drones for extended periods of time is not yet possible, thus limiting their implementation. For instance, small quadcopters that can be easily transported and deployed do not exceed forty minutes of flying time in most cases and are susceptible to unexpected failure such as damage from natural hazards. On the other hand, robust quadcopters capable of longer flying times have larger dimensions and weight that prohibit ease of deployment. As an alternative to a single robust drone, this Engineering Research Initiation (ERI) award will support fundamental research to enable a network of small drones to monitor ground activity with the goal of uninterrupted operation and fault tolerance by sharing information with one another including knowledge of targets detected. A demonstration of this concept will be made through wildfire monitoring in collaboration with the US Forest Service. This award will sustain research at a predominantly undergraduate institution. Both undergraduate and graduate students will participate in the research effort.&lt;br/&gt;&lt;br/&gt;The monitoring problem under consideration in this research is related to the well-known multiple traveling salesman problem and its variants, namely Vehicle Routing Problem with Time Window and Multiple Depot Drone Routing Problem. However, the solution to these routing problems cannot be used as-is because they would consider drone tours that visit each cluster (region) only once, not periodically. Moreover, they do not consider fault tolerance. This research aims at a fault-tolerant solution that (1) characterizes target clusters via distributed estimation of Gaussian Mixture Models, (2) coordinates flight formations and search paths using game theory to avoid central control, and (3) performs point set registration of adjacent images from drones to increase accuracy of target locations. The research will not only promote progress in wildfire monitoring but also for any other natural or human activity that can be characterized with Gaussian Mixture Models.&lt;br/&gt;&lt;br/&gt;This project is supported by the cross-directorate Foundational Research in Robotics program, jointly managed and funded by the Directorates for Engineering (ENG) and Computer and Information Science and Engineering (CISE).&lt;br/&gt;&lt;br/&gt;This award reflects NSF's statutory mission and has been deemed worthy of support through evaluation using the Foundation's intellectual merit and broader impacts review criteria.</AbstractNarration>
<MinAmdLetterDate>08/29/2023</MinAmdLetterDate>
<MaxAmdLetterDate>08/29/2023</MaxAmdLetterDate>
<ARRAAmount/>
<TRAN_TYPE>Grant</TRAN_TYPE>
<CFDA_NUM>47.041, 47.070</CFDA_NUM>
<NSF_PAR_USE_FLAG>1</NSF_PAR_USE_FLAG>
<FUND_AGCY_CODE>4900</FUND_AGCY_CODE>
<AWDG_AGCY_CODE>4900</AWDG_AGCY_CODE>
<AwardID>2301707</AwardID>
<Investigator>
<FirstName>Gustavo</FirstName>
<LastName>Vejarano</LastName>
<PI_MID_INIT/>
<PI_SUFX_NAME/>
<PI_FULL_NAME>Gustavo Vejarano</PI_FULL_NAME>
<EmailAddress><![CDATA[gustavo.vejarano@lmu.edu]]></EmailAddress>
<NSF_ID>000601759</NSF_ID>
<StartDate>08/29/2023</StartDate>
<EndDate/>
<RoleCode>Principal Investigator</RoleCode>
</Investigator>
<Institution>
<Name><![CDATA[Loyola Marymount University]]></Name>
<CityName>LOS ANGELES</CityName>
<ZipCode>900452650</ZipCode>
<PhoneNumber>3103384599</PhoneNumber>
<StreetAddress><![CDATA[1 LMU DR]]></StreetAddress>
<StreetAddress2/>
<CountryName>United States</CountryName>
<StateName>California</StateName>
<StateCode>CA</StateCode>
<CONGRESSDISTRICT>36</CONGRESSDISTRICT>
<CONGRESS_DISTRICT_ORG>CA36</CONGRESS_DISTRICT_ORG>
<ORG_UEI_NUM>MQSXELH2KMB6</ORG_UEI_NUM>
<ORG_LGL_BUS_NAME>LOYOLA MARYMOUNT UNIVERSITY</ORG_LGL_BUS_NAME>
<ORG_PRNT_UEI_NUM/>
</Institution>
<Performance_Institution>
<Name><![CDATA[Loyola Marymount University]]></Name>
<CityName>LOS ANGELES</CityName>
<StateCode>CA</StateCode>
<ZipCode>900452650</ZipCode>
<StreetAddress><![CDATA[1 LMU DR UHALL STE 4900]]></StreetAddress>
<CountryCode>US</CountryCode>
<CountryName>United States</CountryName>
<StateName>California</StateName>
<CountryFlag>1</CountryFlag>
<CONGRESSDISTRICT>36</CONGRESSDISTRICT>
<CONGRESS_DISTRICT_PERF>CA36</CONGRESS_DISTRICT_PERF>
</Performance_Institution>
<ProgramElement>
<Code>144Y00</Code>
<Text>FRR-Foundationl Rsrch Robotics</Text>
</ProgramElement>
<ProgramElement>
<Code>180Y00</Code>
<Text>ERI-Eng. Research Initiation</Text>
</ProgramElement>
<ProgramReference>
<Code>6840</Code>
<Text>ROBOTICS</Text>
</ProgramReference>
<ProgramReference>
<Code>9102</Code>
<Text>WOMEN, MINORITY, DISABLED, NEC</Text>
</ProgramReference>
<ProgramReference>
<Code>9264</Code>
<Text>RESEARCH INITIATION AWARD</Text>
</ProgramReference>
<Appropriation>
<Code/>
<Name/>
<APP_SYMB_ID/>
</Appropriation>
<Fund>
<Code>01002324DB</Code>
<Name><![CDATA[NSF RESEARCH & RELATED ACTIVIT]]></Name>
<FUND_SYMB_ID>040100</FUND_SYMB_ID>
</Fund>
<FUND_OBLG>2023~196993</FUND_OBLG>
</Award>
</rootTag>
