<?xml version="1.0" encoding="UTF-8"?>
<rootTag>
<Award>
<AwardTitle><![CDATA[The Influence of Climate, Social Networks, and Cultural Models on the Retention of Women and Racially/Ethnically Marginalized Engineers in Graduate School and the Workforce]]></AwardTitle>
<AGENCY>NSF</AGENCY>
<AwardEffectiveDate>09/01/2023</AwardEffectiveDate>
<AwardExpirationDate>08/31/2027</AwardExpirationDate>
<AwardTotalIntnAmount>911180.00</AwardTotalIntnAmount>
<AwardAmount>710249</AwardAmount>
<AwardInstrument>
<Value>Continuing Grant</Value>
</AwardInstrument>
<Organization>
<Code>11060000</Code>
<Directorate>
<Abbreviation>EDU</Abbreviation>
<LongName>Directorate for STEM Education</LongName>
</Directorate>
<Division>
<Abbreviation>EES</Abbreviation>
<LongName>Div. of Equity for Excellence in STEM</LongName>
</Division>
</Organization>
<ProgramOfficer>
<SignBlockName>Carrie Hall</SignBlockName>
<PO_EMAI>carhall@nsf.gov</PO_EMAI>
<PO_PHON>7032924641</PO_PHON>
</ProgramOfficer>
<AbstractNarration>This project follows engineering graduate students, professors, and those in industry to learn about their experiences when it comes to the climate they face in engineering and the factors that relate to their persistence. Specially, this research involves multiple explanatory angles to understand persistence, including the knowledge and beliefs engineers have, the people whom they go to for advice and resources, and the climate they experience in engineering. This advances scientific knowledge about the multiple intersecting phenomena that shape social trends when it comes to how the engineering workforce (industry and academia) does not represent the broader U.S. population demographically. This knowledge can help craft more inclusive engineering environments and broaden participation in the field. A more representative engineering workforce can improve society in multiple ways, such as by supporting advancements in engineering practice and education made possible by diverse perspectives therefore making peoples’ lives better both inside and outside of the academy.&lt;br/&gt;&lt;br/&gt;This study builds upon an existing dataset, following a previous cohort. The project revisits approximately 2,100 participants from 11 universities who were enrolled in their first year in an engineering degree program in 2014. The previous project followed them for five years through annual surveys and two rounds of interviews with a subsample of 55 women and underrepresented students. In the new project, we follow the large cohort again using two more surveys, and also conduct interviews this time expanded to a total of 120 interviewees. Altogether, the new project expands the dataset into what will become a 12-year longitudinal project that began with students reflecting on their last year of high school to then following them into their first few years of graduate school or engineering occupations. The new project additionally provides outcome information for many respondents from the first study who were still enrolled in their engineering program at their fifth year. Further, the new project introduces added dimensions of identity measures (beyond binary gender as well as sexuality) to further capture how diversity is likely subsequently tied to climate and persistence. Using Ego Network Analysis, Logistic Regression, and Reflective Thematic Analysis, findings from this work can show how institutional climate intersects with cultural models and social networks to impact persistence in ways that likely vary for engineers with a range of identities, including those of race/ethnicity, binary gender, gender diverse, and sexuality.&lt;br/&gt;&lt;br/&gt;This project is supported by NSF's EDU Core Research (ECR) program. The ECR program emphasizes fundamental STEM education research that generates foundational knowledge in the field. Investments are made in critical areas that are essential, broad and enduring: STEM learning and STEM learning environments, broadening participation in STEM, and STEM workforce development.&lt;br/&gt;&lt;br/&gt;This award reflects NSF's statutory mission and has been deemed worthy of support through evaluation using the Foundation's intellectual merit and broader impacts review criteria.</AbstractNarration>
<MinAmdLetterDate>07/06/2023</MinAmdLetterDate>
<MaxAmdLetterDate>09/19/2024</MaxAmdLetterDate>
<ARRAAmount/>
<TRAN_TYPE>Grant</TRAN_TYPE>
<CFDA_NUM>47.076</CFDA_NUM>
<NSF_PAR_USE_FLAG>1</NSF_PAR_USE_FLAG>
<FUND_AGCY_CODE>4900</FUND_AGCY_CODE>
<AWDG_AGCY_CODE>4900</AWDG_AGCY_CODE>
<AwardID>2301217</AwardID>
<Investigator>
<FirstName>Stephany</FirstName>
<LastName>Santos</LastName>
<PI_MID_INIT/>
<PI_SUFX_NAME/>
<PI_FULL_NAME>Stephany Santos</PI_FULL_NAME>
<EmailAddress><![CDATA[stephany.santos@uconn.edu]]></EmailAddress>
<NSF_ID>000885534</NSF_ID>
<StartDate>07/06/2023</StartDate>
<EndDate/>
<RoleCode>Co-Principal Investigator</RoleCode>
</Investigator>
<Investigator>
<FirstName>Ellen</FirstName>
<LastName>Puccia</LastName>
<PI_MID_INIT/>
<PI_SUFX_NAME/>
<PI_FULL_NAME>Ellen Puccia</PI_FULL_NAME>
<EmailAddress><![CDATA[epuccia@aol.com]]></EmailAddress>
<NSF_ID>000648667</NSF_ID>
<StartDate>07/06/2023</StartDate>
<EndDate/>
<RoleCode>Co-Principal Investigator</RoleCode>
</Investigator>
<Investigator>
<FirstName>Rebecca</FirstName>
<LastName>Campbell-Montalvo</LastName>
<PI_MID_INIT/>
<PI_SUFX_NAME/>
<PI_FULL_NAME>Rebecca Campbell-Montalvo</PI_FULL_NAME>
<EmailAddress><![CDATA[rcampbe7@usf.edu]]></EmailAddress>
<NSF_ID>000796081</NSF_ID>
<StartDate>07/06/2023</StartDate>
<EndDate/>
<RoleCode>Principal Investigator</RoleCode>
</Investigator>
<Investigator>
<FirstName>Veronica</FirstName>
<LastName>Segarra</LastName>
<PI_MID_INIT>A</PI_MID_INIT>
<PI_SUFX_NAME/>
<PI_FULL_NAME>Veronica A Segarra</PI_FULL_NAME>
<EmailAddress><![CDATA[veronica.segarra@goucher.edu]]></EmailAddress>
<NSF_ID>000749248</NSF_ID>
<StartDate>07/06/2023</StartDate>
<EndDate/>
<RoleCode>Co-Principal Investigator</RoleCode>
</Investigator>
<Investigator>
<FirstName>Candice</FirstName>
<LastName>Idlebird</LastName>
<PI_MID_INIT/>
<PI_SUFX_NAME/>
<PI_FULL_NAME>Candice Idlebird</PI_FULL_NAME>
<EmailAddress><![CDATA[cidlebird@claflin.edu]]></EmailAddress>
<NSF_ID>000898334</NSF_ID>
<StartDate>07/06/2023</StartDate>
<EndDate/>
<RoleCode>Co-Principal Investigator</RoleCode>
</Investigator>
<Institution>
<Name><![CDATA[University of Connecticut]]></Name>
<CityName>STORRS</CityName>
<ZipCode>062699018</ZipCode>
<PhoneNumber>8604863622</PhoneNumber>
<StreetAddress><![CDATA[438 WHITNEY RD EXTENSION UNIT 11]]></StreetAddress>
<StreetAddress2/>
<CountryName>United States</CountryName>
<StateName>Connecticut</StateName>
<StateCode>CT</StateCode>
<CONGRESSDISTRICT>02</CONGRESSDISTRICT>
<CONGRESS_DISTRICT_ORG>CT02</CONGRESS_DISTRICT_ORG>
<ORG_UEI_NUM>WNTPS995QBM7</ORG_UEI_NUM>
<ORG_LGL_BUS_NAME>UNIVERSITY OF CONNECTICUT</ORG_LGL_BUS_NAME>
<ORG_PRNT_UEI_NUM/>
</Institution>
<Performance_Institution>
<Name><![CDATA[University of Connecticut]]></Name>
<CityName>STORRS</CityName>
<StateCode>CT</StateCode>
<ZipCode>062693033</ZipCode>
<StreetAddress><![CDATA[249 Glenbrook Road, Unit 3033]]></StreetAddress>
<CountryCode>US</CountryCode>
<CountryName>United States</CountryName>
<StateName>Connecticut</StateName>
<CountryFlag>1</CountryFlag>
<CONGRESSDISTRICT>02</CONGRESSDISTRICT>
<CONGRESS_DISTRICT_PERF>CT02</CONGRESS_DISTRICT_PERF>
</Performance_Institution>
<ProgramElement>
<Code>798000</Code>
<Text>ECR-EDU Core Research</Text>
</ProgramElement>
<ProgramReference>
<Code>112Z</Code>
<Text>Racial Equity in STEM</Text>
</ProgramReference>
<ProgramReference>
<Code>1544</Code>
<Text>GSE: Research on Gender in S&amp;E</Text>
</ProgramReference>
<ProgramReference>
<Code>8212</Code>
<Text>Broaden Particip STEM Resrch</Text>
</ProgramReference>
<ProgramReference>
<Code>8816</Code>
<Text>Workforce Development</Text>
</ProgramReference>
<ProgramReference>
<Code>9178</Code>
<Text>UNDERGRADUATE EDUCATION</Text>
</ProgramReference>
<Appropriation>
<Code/>
<Name/>
<APP_SYMB_ID/>
</Appropriation>
<Appropriation>
<Code/>
<Name/>
<APP_SYMB_ID/>
</Appropriation>
<Fund>
<Code>04002324DB</Code>
<Name><![CDATA[NSF STEM Education]]></Name>
<FUND_SYMB_ID>040106</FUND_SYMB_ID>
</Fund>
<Fund>
<Code>04002425DB</Code>
<Name><![CDATA[NSF STEM Education]]></Name>
<FUND_SYMB_ID>040106</FUND_SYMB_ID>
</Fund>
<FUND_OBLG>2023~450592</FUND_OBLG>
<FUND_OBLG>2024~259657</FUND_OBLG>
</Award>
</rootTag>
