<?xml version="1.0" encoding="UTF-8"?>
<rootTag>
<Award>
<AwardTitle><![CDATA[Sieves and primes]]></AwardTitle>
<AGENCY>NSF</AGENCY>
<AwardEffectiveDate>06/01/2023</AwardEffectiveDate>
<AwardExpirationDate>05/31/2026</AwardExpirationDate>
<AwardTotalIntnAmount>372873.00</AwardTotalIntnAmount>
<AwardAmount>245291</AwardAmount>
<AwardInstrument>
<Value>Continuing Grant</Value>
</AwardInstrument>
<Organization>
<Code>03040000</Code>
<Directorate>
<Abbreviation>MPS</Abbreviation>
<LongName>Direct For Mathematical &amp; Physical Scien</LongName>
</Directorate>
<Division>
<Abbreviation>DMS</Abbreviation>
<LongName>Division Of Mathematical Sciences</LongName>
</Division>
</Organization>
<ProgramOfficer>
<SignBlockName>Adriana Salerno</SignBlockName>
<PO_EMAI>asalerno@nsf.gov</PO_EMAI>
<PO_PHON>7032922271</PO_PHON>
</ProgramOfficer>
<AbstractNarration>Questions about properties of the positive integers have fascinated people for thousands of years and have recently found applications in computer science, information security and signal processing.  In this field, known as number theory, the prime numbers play a central role.  Fundamental questions revolve around patterns in the primes, gaps between primes, and how primes of special types are distributed.  Since the early 20th century, sieve methods have been one of the chief tools we have for analyzing these problems, but the limitations of these methods are poorly understood, and discovering the limitations is a major open problem in the field. This award will enable the PI to continue his work understanding and exploring sieve methods and the distribution of primes. Success in this endeavor will help unlock many of the mysteries of prime numbers and have a significant impact on many areas of mathematics and information theory.  Grant funds will also be used to train and mentor graduate students working in number theory. &lt;br/&gt;&lt;br/&gt;The PI will develop new methods of probing the limitations of sieve methods for detecting primes in a general sequence of integers. The emphasis will be on developing a new, unified theory of sieves that allows one to say if the main hypotheses on the sequence, known as Type-I bounds and Type-II bounds, are sufficient to show that the sequence contains many primes. The strength of these hypotheses are governed by three parameters. In particular, we will prove, for the first time, that in a certain range of these parameters, there are sequences which satisfy the Type-I and Type-II bounds yet contain no primes.  The primary goal is to determine precisely in which range of the parameters the main hypotheses imply that the sequence always contains many primes. We will also investigate in finer detail the problem of counting primes in short intervals.  The PI will also continue his investigations into further understanding the concentration of divisors of integers.  The primary goal is to determine precisely the measure of the concentration function of divisors of typical integers.&lt;br/&gt;&lt;br/&gt;This award reflects NSF's statutory mission and has been deemed worthy of support through evaluation using the Foundation's intellectual merit and broader impacts review criteria.</AbstractNarration>
<MinAmdLetterDate>04/10/2023</MinAmdLetterDate>
<MaxAmdLetterDate>07/24/2024</MaxAmdLetterDate>
<ARRAAmount/>
<TRAN_TYPE>Grant</TRAN_TYPE>
<CFDA_NUM>47.049</CFDA_NUM>
<NSF_PAR_USE_FLAG>1</NSF_PAR_USE_FLAG>
<FUND_AGCY_CODE>4900</FUND_AGCY_CODE>
<AWDG_AGCY_CODE>4900</AWDG_AGCY_CODE>
<AwardID>2301264</AwardID>
<Investigator>
<FirstName>Kevin</FirstName>
<LastName>Ford</LastName>
<PI_MID_INIT>B</PI_MID_INIT>
<PI_SUFX_NAME/>
<PI_FULL_NAME>Kevin B Ford</PI_FULL_NAME>
<EmailAddress><![CDATA[ford@math.uiuc.edu]]></EmailAddress>
<NSF_ID>000434292</NSF_ID>
<StartDate>04/10/2023</StartDate>
<EndDate/>
<RoleCode>Principal Investigator</RoleCode>
</Investigator>
<Institution>
<Name><![CDATA[University of Illinois at Urbana-Champaign]]></Name>
<CityName>URBANA</CityName>
<ZipCode>618013620</ZipCode>
<PhoneNumber>2173332187</PhoneNumber>
<StreetAddress><![CDATA[506 S WRIGHT ST]]></StreetAddress>
<StreetAddress2/>
<CountryName>United States</CountryName>
<StateName>Illinois</StateName>
<StateCode>IL</StateCode>
<CONGRESSDISTRICT>13</CONGRESSDISTRICT>
<CONGRESS_DISTRICT_ORG>IL13</CONGRESS_DISTRICT_ORG>
<ORG_UEI_NUM>Y8CWNJRCNN91</ORG_UEI_NUM>
<ORG_LGL_BUS_NAME>UNIVERSITY OF ILLINOIS</ORG_LGL_BUS_NAME>
<ORG_PRNT_UEI_NUM/>
</Institution>
<Performance_Institution>
<Name><![CDATA[University of Illinois at Urbana-Champaign]]></Name>
<CityName>URBANA</CityName>
<StateCode>IL</StateCode>
<ZipCode>618013620</ZipCode>
<StreetAddress><![CDATA[506 S WRIGHT ST]]></StreetAddress>
<CountryCode>US</CountryCode>
<CountryName>United States</CountryName>
<StateName>Illinois</StateName>
<CountryFlag>1</CountryFlag>
<CONGRESSDISTRICT>13</CONGRESSDISTRICT>
<CONGRESS_DISTRICT_PERF>IL13</CONGRESS_DISTRICT_PERF>
</Performance_Institution>
<ProgramElement>
<Code>126400</Code>
<Text>ALGEBRA,NUMBER THEORY,AND COM</Text>
</ProgramElement>
<Appropriation>
<Code/>
<Name/>
<APP_SYMB_ID/>
</Appropriation>
<Appropriation>
<Code/>
<Name/>
<APP_SYMB_ID/>
</Appropriation>
<Fund>
<Code>01002324DB</Code>
<Name><![CDATA[NSF RESEARCH & RELATED ACTIVIT]]></Name>
<FUND_SYMB_ID>040100</FUND_SYMB_ID>
</Fund>
<Fund>
<Code>01002425DB</Code>
<Name><![CDATA[NSF RESEARCH & RELATED ACTIVIT]]></Name>
<FUND_SYMB_ID>040100</FUND_SYMB_ID>
</Fund>
<FUND_OBLG>2023~121032</FUND_OBLG>
<FUND_OBLG>2024~124259</FUND_OBLG>
</Award>
</rootTag>
