<?xml version="1.0" encoding="UTF-8"?>
<rootTag>
<Award>
<AwardTitle><![CDATA[ERI: Ultrafast Transiently Nucleated Laser Bubbles for Realistic Phenomenological Boiling Studies]]></AwardTitle>
<AGENCY>NSF</AGENCY>
<AwardEffectiveDate>05/01/2023</AwardEffectiveDate>
<AwardExpirationDate>04/30/2025</AwardExpirationDate>
<AwardTotalIntnAmount>200000.00</AwardTotalIntnAmount>
<AwardAmount>200000</AwardAmount>
<AwardInstrument>
<Value>Standard Grant</Value>
</AwardInstrument>
<Organization>
<Code>07020000</Code>
<Directorate>
<Abbreviation>ENG</Abbreviation>
<LongName>Directorate For Engineering</LongName>
</Directorate>
<Division>
<Abbreviation>CBET</Abbreviation>
<LongName>Div Of Chem, Bioeng, Env, &amp; Transp Sys</LongName>
</Division>
</Organization>
<ProgramOfficer>
<SignBlockName>Fangyu Cao</SignBlockName>
<PO_EMAI>fcao@nsf.gov</PO_EMAI>
<PO_PHON>7032924736</PO_PHON>
</ProgramOfficer>
<AbstractNarration>Nucleate boiling is a phenomenon of utmost importance in major industries such as power generation, desalination, chemical processing, and thermal management. However, it remains poorly understood due to its inherent physical complexity and the random nature of vapor bubble formation on hot surfaces, preventing meaningful performance enhancements. Advanced high-speed optical and infrared imaging techniques have recently become available to experimentally study the dynamic and thermal behavior of growing bubbles. The problem, however, is the experimental difficulty in focusing on an individual bubble growth event amidst a huge mass of randomly forming and mutually interacting bubbles. By studying the physics of ultra-fast microscale liquid-vapor transitions, this project seeks to develop a novel laser-based technique to generate a controlled vapor bubble that is identical in its thermal and growth characteristics to randomly forming bubbles in nucleate boiling. This will enable ground-breaking parametric and phenomenological studies in boiling, potentially leading to large scale energy efficiency and throughput improvements in many thermal systems critical for the nation’s defense, infrastructure, and energy security. The project also encompasses significant educational and outreach activities, including research training of diverse undergraduate and graduate students at CSULB, development of a web-based engineering applications platform to promote scientific computational and programming skills, and outreach to local high school and community college students.&lt;br/&gt;&lt;br/&gt;The goal of this research study is to develop and characterize a novel laser-based controlled bubble generation technique and to illuminate the physics underlying laser pulse-induced homogeneous nucleation at a solid-liquid interface. The mechanism of this ultra-fast non-equilibrium nucleation, which acts as an artificial nucleation site for the controlled bubble, has largely been unexplored, both experimentally and theoretically. This project undertakes rigorous experimental studies and theoretical/CFD analysis to implement the laser-based phenomenological-boiling-studies platform and fill significant scientific gaps in the understanding of near-wall non-equilibrium homogeneous nucleation in two specific aims: (i) Demonstrate laser-induced artificial bubble generation and characterize the key laser parameters and (ii) Identify the critical near-wall homogeneous bubble nucleation temperature using parametric nucleation experiments and modeling. On the experimental side, optical high-speed imaging studies will be performed using a focused-laser setup and an advanced pool boiling facility. Theoretical analysis and CFD simulations will be used to model the thermal evolution of the laser hotspot in nucleation. Results of this study will lay the groundwork for a new theory on near-wall non-equilibrium homogeneous vapor nucleation.&lt;br/&gt;&lt;br/&gt;This award reflects NSF's statutory mission and has been deemed worthy of support through evaluation using the Foundation's intellectual merit and broader impacts review criteria.</AbstractNarration>
<MinAmdLetterDate>04/14/2023</MinAmdLetterDate>
<MaxAmdLetterDate>04/14/2023</MaxAmdLetterDate>
<ARRAAmount/>
<TRAN_TYPE>Grant</TRAN_TYPE>
<CFDA_NUM>47.041</CFDA_NUM>
<NSF_PAR_USE_FLAG>1</NSF_PAR_USE_FLAG>
<FUND_AGCY_CODE>4900</FUND_AGCY_CODE>
<AWDG_AGCY_CODE>4900</AWDG_AGCY_CODE>
<AwardID>2301782</AwardID>
<Investigator>
<FirstName>Navdeep</FirstName>
<LastName>Dhillon</LastName>
<PI_MID_INIT>s</PI_MID_INIT>
<PI_SUFX_NAME/>
<PI_FULL_NAME>Navdeep s Dhillon</PI_FULL_NAME>
<EmailAddress><![CDATA[NavdeepSingh.Dhillon@csulb.edu]]></EmailAddress>
<NSF_ID>000731021</NSF_ID>
<StartDate>04/14/2023</StartDate>
<EndDate/>
<RoleCode>Principal Investigator</RoleCode>
</Investigator>
<Institution>
<Name><![CDATA[California State University-Long Beach Foundation]]></Name>
<CityName>LONG BEACH</CityName>
<ZipCode>908154670</ZipCode>
<PhoneNumber>5629858051</PhoneNumber>
<StreetAddress><![CDATA[6300 E STATE UNIVERSITY DR STE 3]]></StreetAddress>
<StreetAddress2/>
<CountryName>United States</CountryName>
<StateName>California</StateName>
<StateCode>CA</StateCode>
<CONGRESSDISTRICT>42</CONGRESSDISTRICT>
<CONGRESS_DISTRICT_ORG>CA42</CONGRESS_DISTRICT_ORG>
<ORG_UEI_NUM>P2TDH1JCJD31</ORG_UEI_NUM>
<ORG_LGL_BUS_NAME>CALIFORNIA STATE UNIVERSITY LONG BEACH RESEARCH FOUNDATION</ORG_LGL_BUS_NAME>
<ORG_PRNT_UEI_NUM/>
</Institution>
<Performance_Institution>
<Name><![CDATA[California State University-Long Beach Foundation]]></Name>
<CityName>LONG BEACH</CityName>
<StateCode>CA</StateCode>
<ZipCode>908400004</ZipCode>
<StreetAddress><![CDATA[1250 Bellflower Blvd.]]></StreetAddress>
<CountryCode>US</CountryCode>
<CountryName>United States</CountryName>
<StateName>California</StateName>
<CountryFlag>1</CountryFlag>
<CONGRESSDISTRICT>42</CONGRESSDISTRICT>
<CONGRESS_DISTRICT_PERF>CA42</CONGRESS_DISTRICT_PERF>
</Performance_Institution>
<ProgramElement>
<Code>140600</Code>
<Text>TTP-Thermal Transport Process</Text>
</ProgramElement>
<ProgramReference>
<Code>1406</Code>
<Text>THERMAL TRANSPORT PROCESSES</Text>
</ProgramReference>
<Appropriation>
<Code/>
<Name/>
<APP_SYMB_ID/>
</Appropriation>
<Fund>
<Code>01002324DB</Code>
<Name><![CDATA[NSF RESEARCH & RELATED ACTIVIT]]></Name>
<FUND_SYMB_ID>040100</FUND_SYMB_ID>
</Fund>
<FUND_OBLG>2023~200000</FUND_OBLG>
</Award>
</rootTag>
