<?xml version="1.0" encoding="UTF-8"?>
<rootTag>
<Award>
<AwardTitle><![CDATA[ERI: Evaluating Single-Walled Zeolitic Nanotubes for Separation Applications:  Adsorption and Transport via Molecular Simulations]]></AwardTitle>
<AGENCY>NSF</AGENCY>
<AwardEffectiveDate>08/01/2023</AwardEffectiveDate>
<AwardExpirationDate>07/31/2025</AwardExpirationDate>
<AwardTotalIntnAmount>199186.00</AwardTotalIntnAmount>
<AwardAmount>199186</AwardAmount>
<AwardInstrument>
<Value>Standard Grant</Value>
</AwardInstrument>
<Organization>
<Code>07020000</Code>
<Directorate>
<Abbreviation>ENG</Abbreviation>
<LongName>Directorate For Engineering</LongName>
</Directorate>
<Division>
<Abbreviation>CBET</Abbreviation>
<LongName>Div Of Chem, Bioeng, Env, &amp; Transp Sys</LongName>
</Division>
</Organization>
<ProgramOfficer>
<SignBlockName>Christina Payne</SignBlockName>
<PO_EMAI>cpayne@nsf.gov</PO_EMAI>
<PO_PHON>7032922895</PO_PHON>
</ProgramOfficer>
<AbstractNarration>Chemical separations are critical industrial processes used in applications such as removing carbon dioxide from gas streams and purifying drinking water. Many current separation approaches require massive amounts of energy and still suffer from efficiency and yield issues. Membranes consisting of a crystalline material called zeolites have successfully overcome some of these limitations. Zeolites have regular, nanoscale pores that act as molecular filters. The chemical synthesis technique determines the exact pore size, which can be tuned to specific molecular separation needs. While zeolites typically take the form of membranes, they have recently been created in a nanotube form, yielding a structure with a central channel enclosed by walls containing smaller pores. This research project will use molecular simulation techniques to model this novel zeolite nanotube structure in a range of different chemical environments, assessing its potential to enhance zeolite-based separation technologies. The simulation results will produce foundational knowledge to understand the capabilities of these multiscale structures and to enable the design of separation techniques that exploit their unique geometry. Research results will be incorporated into undergraduate thermodynamics courses and high school-student summer camps hosted at the University of Dayton. The project’s educational activities will also promote the importance of statistical data analysis among the next generation of chemical engineers. &lt;br/&gt;&lt;br/&gt;The primary objective of this research project is to comprehensively characterize the adsorption and transport behavior of the newly synthesized zeolite nanotubes (ZNTs) via molecular simulation. Zeolites are promising adsorbent materials for separating gaseous mixtures, various organic solutions, and use as desalination membranes. The research tasks are designed to evaluate the ability of ZNTs to replicate planar zeolite behaviors and how they perform in higher dimensional structures such as ZNT arrays and as additives to polymeric membranes. The ZNTs’ multiscale features are expected to allow for pressure-driven flow, while filtration occurs radially through the zeolitic walls. The project’s results will inform the design of potentially transformative separation technologies using these hierarchically-structured materials. The principal investigator is heavily involved in operating high school-level engineering summer camps hosted at the University of Dayton. This project’s results and computational methods will be incorporated into the summer camp curriculum to build interest in separation sciences and promote the importance of statistical data analysis in engineering. Similar instruction materials will also be used to develop a new undergraduate/graduate course on designing effective experiments using statistical techniques, thus, preparing students to approach real-world engineering problems.&lt;br/&gt;&lt;br/&gt;This award reflects NSF's statutory mission and has been deemed worthy of support through evaluation using the Foundation's intellectual merit and broader impacts review criteria.</AbstractNarration>
<MinAmdLetterDate>05/16/2023</MinAmdLetterDate>
<MaxAmdLetterDate>05/16/2023</MaxAmdLetterDate>
<ARRAAmount/>
<TRAN_TYPE>Grant</TRAN_TYPE>
<CFDA_NUM>47.041</CFDA_NUM>
<NSF_PAR_USE_FLAG>1</NSF_PAR_USE_FLAG>
<FUND_AGCY_CODE>4900</FUND_AGCY_CODE>
<AWDG_AGCY_CODE>4900</AWDG_AGCY_CODE>
<AwardID>2301722</AwardID>
<Investigator>
<FirstName>Kevin</FirstName>
<LastName>Hinkle</LastName>
<PI_MID_INIT>R</PI_MID_INIT>
<PI_SUFX_NAME/>
<PI_FULL_NAME>Kevin R Hinkle</PI_FULL_NAME>
<EmailAddress><![CDATA[hinklek1@udayton.edu]]></EmailAddress>
<NSF_ID>000825118</NSF_ID>
<StartDate>05/16/2023</StartDate>
<EndDate/>
<RoleCode>Principal Investigator</RoleCode>
</Investigator>
<Institution>
<Name><![CDATA[University of Dayton]]></Name>
<CityName>DAYTON</CityName>
<ZipCode>454690001</ZipCode>
<PhoneNumber>9372292919</PhoneNumber>
<StreetAddress><![CDATA[300 COLLEGE PARK AVE]]></StreetAddress>
<StreetAddress2/>
<CountryName>United States</CountryName>
<StateName>Ohio</StateName>
<StateCode>OH</StateCode>
<CONGRESSDISTRICT>10</CONGRESSDISTRICT>
<CONGRESS_DISTRICT_ORG>OH10</CONGRESS_DISTRICT_ORG>
<ORG_UEI_NUM>V62NC51F7YV1</ORG_UEI_NUM>
<ORG_LGL_BUS_NAME>UNIVERSITY OF DAYTON</ORG_LGL_BUS_NAME>
<ORG_PRNT_UEI_NUM>V62NC51F7YV1</ORG_PRNT_UEI_NUM>
</Institution>
<Performance_Institution>
<Name><![CDATA[University of Dayton]]></Name>
<CityName>DAYTON</CityName>
<StateCode>OH</StateCode>
<ZipCode>454690001</ZipCode>
<StreetAddress><![CDATA[300 COLLEGE PARK]]></StreetAddress>
<CountryCode>US</CountryCode>
<CountryName>United States</CountryName>
<StateName>Ohio</StateName>
<CountryFlag>1</CountryFlag>
<CONGRESSDISTRICT>10</CONGRESSDISTRICT>
<CONGRESS_DISTRICT_PERF>OH10</CONGRESS_DISTRICT_PERF>
</Performance_Institution>
<ProgramElement>
<Code>164200</Code>
<Text>Special Initiatives</Text>
</ProgramElement>
<ProgramReference>
<Code>9251</Code>
<Text>REU SUPP-Res Exp for Ugrd Supp</Text>
</ProgramReference>
<Appropriation>
<Code/>
<Name/>
<APP_SYMB_ID/>
</Appropriation>
<Fund>
<Code>01002324DB</Code>
<Name><![CDATA[NSF RESEARCH & RELATED ACTIVIT]]></Name>
<FUND_SYMB_ID>040100</FUND_SYMB_ID>
</Fund>
<FUND_OBLG>2023~199186</FUND_OBLG>
</Award>
</rootTag>
