<?xml version="1.0" encoding="UTF-8"?>
<rootTag>
<Award>
<AwardTitle><![CDATA[ERI: Robust and Scalable Manufacturing of Ultra-Sensitive and Selective Molecule Sensor Arrays]]></AwardTitle>
<AGENCY>NSF</AGENCY>
<AwardEffectiveDate>02/01/2024</AwardEffectiveDate>
<AwardExpirationDate>01/31/2026</AwardExpirationDate>
<AwardTotalIntnAmount>199676.00</AwardTotalIntnAmount>
<AwardAmount>199676</AwardAmount>
<AwardInstrument>
<Value>Standard Grant</Value>
</AwardInstrument>
<Organization>
<Code>07030000</Code>
<Directorate>
<Abbreviation>ENG</Abbreviation>
<LongName>Directorate For Engineering</LongName>
</Directorate>
<Division>
<Abbreviation>CMMI</Abbreviation>
<LongName>Div Of Civil, Mechanical, &amp; Manufact Inn</LongName>
</Division>
</Organization>
<ProgramOfficer>
<SignBlockName>Daniel McAdams</SignBlockName>
<PO_EMAI>dmcadams@nsf.gov</PO_EMAI>
<PO_PHON>7032924654</PO_PHON>
</ProgramOfficer>
<AbstractNarration><![CDATA[To date, molecule sensors not only have a profound impact on various areas in clinical diagnostics, but also find applications in medicine, pharma, food and process control, environmental monitoring, defense and security. However, a low-cost and scalable manufacturing capability for ultra-sensitive and selective electronic molecule sensors has yet to be achieved. This Engineering Research Initiation (ERI) project will develop a novel and broadly applicable platform for detecting molecules at the single molecule scale in real-time, using nanoparticle organized single-molecule sensors patterned on a highly scalable sensor array chip. The manufacturing method is highly reproducible, scalable and of extremely low cost, due to its inherent “bottom-up” manufacturing strategy. Such electronic molecule sensor arrays are both practically manufacturable in the near term, and have a durable long-term scaling roadmap, thus providing an ideal way to bring the power of advanced manufacturing to the broad area of molecule sensing. The outcome of this project will greatly impact a variety of fields with beneficial economic and workforce implications, transition fundamental scientific discoveries into useful technologies that benefit society, promote scientific progress, increase national prosperity, and maintain US leadership in advanced manufacturing. In addition, this project will establish a program of integrated research and education, promoting education and interdisciplinary approaches in the areas of science, technology, engineering, and mathematics.&lt;br/&gt;&lt;br/&gt;The goal of this project is to develop a novel, robust and scalable manufacturing process for ultra-sensitive and selective electronic molecule sensor arrays to enable real time and label-free detection of targe molecule in an all-electronic format compatible with field deployment on integrated circuit chips by leveraging recent advances in singe-molecule charge transport and colloidal cracking. This project offers solutions to two key challenges in the field. The first is creating electronic molecule sensors capable of switching ON (i.e., from insulating to conductive state) in response to target molecule binding at single molecule scale that can be seamlessly integrated on chips. The second is scalable and low-cost manufacturing method at device scale for electrode pattern with extremely small gap between electrodes so that it can yield effective sensing current, and therefore, ultra-high sensitivity. Moreover, this project advances knowledge of charge transport in molecule sensor over three distinct length scales: single molecule, single nanoparticle, and assembled molecule-nanoparticle network. This work has potentially transformative impact in realizing a long-term endeavor towards advanced manufacturing - integrating single molecules into electronic chips for molecule sensor manufacturing to achieve the ultimate miniaturization of molecular electronics.&lt;br/&gt;&lt;br/&gt;This award reflects NSF's statutory mission and has been deemed worthy of support through evaluation using the Foundation's intellectual merit and broader impacts review criteria.]]></AbstractNarration>
<MinAmdLetterDate>08/29/2023</MinAmdLetterDate>
<MaxAmdLetterDate>08/29/2023</MaxAmdLetterDate>
<ARRAAmount/>
<TRAN_TYPE>Grant</TRAN_TYPE>
<CFDA_NUM>47.041</CFDA_NUM>
<NSF_PAR_USE_FLAG>1</NSF_PAR_USE_FLAG>
<FUND_AGCY_CODE>4900</FUND_AGCY_CODE>
<AWDG_AGCY_CODE>4900</AWDG_AGCY_CODE>
<AwardID>2301668</AwardID>
<Investigator>
<FirstName>Bo</FirstName>
<LastName>Li</LastName>
<PI_MID_INIT/>
<PI_SUFX_NAME/>
<PI_FULL_NAME>Bo Li</PI_FULL_NAME>
<EmailAddress><![CDATA[bli10@kennesaw.edu]]></EmailAddress>
<NSF_ID>000848265</NSF_ID>
<StartDate>08/29/2023</StartDate>
<EndDate/>
<RoleCode>Principal Investigator</RoleCode>
</Investigator>
<Institution>
<Name>Kennesaw State University Research and Service Foundation</Name>
<CityName>KENNESAW</CityName>
<ZipCode>301445588</ZipCode>
<PhoneNumber>4705786381</PhoneNumber>
<StreetAddress>1000 CHASTAIN RD NW</StreetAddress>
<StreetAddress2/>
<CountryName>United States</CountryName>
<StateName>Georgia</StateName>
<StateCode>GA</StateCode>
<CONGRESSDISTRICT>11</CONGRESSDISTRICT>
<CONGRESS_DISTRICT_ORG>GA11</CONGRESS_DISTRICT_ORG>
<ORG_UEI_NUM>G8DZHNRKWTN3</ORG_UEI_NUM>
<ORG_LGL_BUS_NAME>KENNESAW STATE UNIVERSITY RESEARCH AND SERVICE FOUNDATION, INC</ORG_LGL_BUS_NAME>
<ORG_PRNT_UEI_NUM/>
</Institution>
<Performance_Institution>
<Name><![CDATA[Kennesaw State University]]></Name>
<CityName>KENNESAW</CityName>
<StateCode>GA</StateCode>
<ZipCode>301445588</ZipCode>
<StreetAddress><![CDATA[1000 CHASTAIN RD MAILSTOP 0111]]></StreetAddress>
<CountryCode>US</CountryCode>
<CountryName>United States</CountryName>
<StateName>Georgia</StateName>
<CountryFlag>1</CountryFlag>
<CONGRESSDISTRICT>11</CONGRESSDISTRICT>
<CONGRESS_DISTRICT_PERF>GA11</CONGRESS_DISTRICT_PERF>
</Performance_Institution>
<ProgramElement>
<Code>088Y</Code>
<Text>AM-Advanced Manufacturing</Text>
</ProgramElement>
<ProgramReference>
<Code>084E</Code>
<Text>NANOMANUFACTURING</Text>
</ProgramReference>
<ProgramReference>
<Code>8025</Code>
<Text>Advanced Materials Processing</Text>
</ProgramReference>
<ProgramReference>
<Code>9264</Code>
<Text>RESEARCH INITIATION AWARD</Text>
</ProgramReference>
<Appropriation>
<Code/>
<Name/>
<APP_SYMB_ID/>
</Appropriation>
<Fund>
<Code>01002324DB</Code>
<Name><![CDATA[NSF RESEARCH & RELATED ACTIVIT]]></Name>
<FUND_SYMB_ID>040100</FUND_SYMB_ID>
</Fund>
<FUND_OBLG>2023~199676</FUND_OBLG>
</Award>
</rootTag>
