<?xml version="1.0" encoding="UTF-8"?>
<rootTag>
<Award>
<AwardTitle><![CDATA[ERI:Ultrafast, Robust, Novel  Four-bore Carbon-fiber Microelectrodes for Simultaneous Electrochemical Sensing of Multiple Neurotransmitters and Toxic Metals]]></AwardTitle>
<AGENCY>NSF</AGENCY>
<AwardEffectiveDate>06/01/2023</AwardEffectiveDate>
<AwardExpirationDate>05/31/2025</AwardExpirationDate>
<AwardTotalIntnAmount>200000.00</AwardTotalIntnAmount>
<AwardAmount>200000</AwardAmount>
<AwardInstrument>
<Value>Standard Grant</Value>
</AwardInstrument>
<Organization>
<Code>07020000</Code>
<Directorate>
<Abbreviation>ENG</Abbreviation>
<LongName>Directorate For Engineering</LongName>
</Directorate>
<Division>
<Abbreviation>CBET</Abbreviation>
<LongName>Div Of Chem, Bioeng, Env, &amp; Transp Sys</LongName>
</Division>
</Organization>
<ProgramOfficer>
<SignBlockName>Aleksandr Simonian</SignBlockName>
<PO_EMAI>asimonia@nsf.gov</PO_EMAI>
<PO_PHON>7032922191</PO_PHON>
</ProgramOfficer>
<AbstractNarration><![CDATA[Neurological disorders have become a major global health problem despite efforts taken by multiple groups to preserve brain function and structure. Neuroprotective drugs have limited efficacy, thus indicating a set of undiscovered causes behind these diseases. Besides some well-known risk factors such as aging, clinical and epidemiological studies have shown that exposure to heavy metals can initiate the death of neuron cells. Moreover, based on biochemistry-related computational modeling, several mechanisms have been proposed to explain the effects of heavy metal exposure on various neurodegenerative diseases. Because of the lack of proper tools to perform real-time measurements in living systems, researchers study heavy metals in postmortem tissue samples or urine and blood obtained from patients. However, such studies or theoretical models do not accurately represent the measurements inside living systems. Additionally, current studies mainly focus on identifying one chemical messenger molecule or neurotransmitter at a time. Thus, an improved understanding of interactions among neurotransmitters and other elements, such as heavy metals, is needed. This research will focus on developing a novel, robust electrochemical sensor that can perform ultra-fast, simultaneous measurements of heavy metals and multiple neurotransmitters. The sensor will be fabricated using carbon fiber microelectrodes, and the data acquisition and analysis will be performed using fast scan cyclic voltammetry (FSCV). The outcome of this study will explain the fundamentals of this new sensor, thus, providing a greater mechanistic understanding of the system before testing in living systems. The broader impact of this project includes broadening women's participation in the STEM field and increasing public awareness of exposure to heavy metals and their negative impact on neurological disorders. These goals will be achieved through several outreach activities in collaboration with a local middle school.&lt;br/&gt;&lt;br/&gt;This project aims to make fundamental contributions to developing an electrochemical sensing system to understand the role of heavy metals and co-transmitters in the brain. The outcome will provide missing information about the multifactorial etiology of neurodegenerative diseases to ultimately design more efficient drugs. As the initial step of a multi-step project, this work proposes to engineer new four-bore carbon fiber microelectrodes (CFMs) that simultaneously measure heavy metals and neurotransmitters using FSCV. The outcome will be achieved by (1) optimizing FSCV parameters to detect arsenic and cadmium at millisecond temporal resolution, the required speed to perform real-time, in vivo measurements, (2) fabricating a four-bore CFM, and (3) detecting heavy metals and several neurotransmitters simultaneously using the four-bore CFM. The rationale behind this proposed research is that, once the fundamentals of this new sensing platform are identified, it can be applied to in vivo measurements to probe neuronal communication in the presence of external stimuli such as heavy metals. This study will open new avenues to obtain critical, accurate speciation information about heavy metals and potential co-transmitter events, particularly in higher vertebrate animals with transformative applications in designing more effective therapeutics.&lt;br/&gt;&lt;br/&gt;This award reflects NSF's statutory mission and has been deemed worthy of support through evaluation using the Foundation's intellectual merit and broader impacts review criteria.]]></AbstractNarration>
<MinAmdLetterDate>03/21/2023</MinAmdLetterDate>
<MaxAmdLetterDate>03/21/2023</MaxAmdLetterDate>
<ARRAAmount/>
<TRAN_TYPE>Grant</TRAN_TYPE>
<CFDA_NUM>47.041</CFDA_NUM>
<NSF_PAR_USE_FLAG>1</NSF_PAR_USE_FLAG>
<FUND_AGCY_CODE>4900</FUND_AGCY_CODE>
<AWDG_AGCY_CODE>4900</AWDG_AGCY_CODE>
<AwardID>2301577</AwardID>
<Investigator>
<FirstName>Pavithra</FirstName>
<LastName>Pathirathna</LastName>
<PI_MID_INIT/>
<PI_SUFX_NAME/>
<PI_FULL_NAME>Pavithra Pathirathna</PI_FULL_NAME>
<EmailAddress><![CDATA[ppathirathna@fit.edu]]></EmailAddress>
<NSF_ID>000855847</NSF_ID>
<StartDate>03/21/2023</StartDate>
<EndDate/>
<RoleCode>Principal Investigator</RoleCode>
</Investigator>
<Institution>
<Name>Florida Institute of Technology</Name>
<CityName>MELBOURNE</CityName>
<ZipCode>329018995</ZipCode>
<PhoneNumber>3216748000</PhoneNumber>
<StreetAddress>150 W UNIVERSITY BLVD</StreetAddress>
<StreetAddress2/>
<CountryName>United States</CountryName>
<StateName>Florida</StateName>
<StateCode>FL</StateCode>
<CONGRESSDISTRICT>08</CONGRESSDISTRICT>
<CONGRESS_DISTRICT_ORG>FL08</CONGRESS_DISTRICT_ORG>
<ORG_UEI_NUM>WNN6VH618X58</ORG_UEI_NUM>
<ORG_LGL_BUS_NAME>FLORIDA INSTITUTE OF TECHNOLOGY INC</ORG_LGL_BUS_NAME>
<ORG_PRNT_UEI_NUM/>
</Institution>
<Performance_Institution>
<Name><![CDATA[Florida Institute of Technology, Inc.]]></Name>
<CityName>MELBOURNE</CityName>
<StateCode>FL</StateCode>
<ZipCode>329016982</ZipCode>
<StreetAddress><![CDATA[150 W UNIVERSITY BLVD]]></StreetAddress>
<CountryCode>US</CountryCode>
<CountryName>United States</CountryName>
<StateName>Florida</StateName>
<CountryFlag>1</CountryFlag>
<CONGRESSDISTRICT>08</CONGRESSDISTRICT>
<CONGRESS_DISTRICT_PERF>FL08</CONGRESS_DISTRICT_PERF>
</Performance_Institution>
<ProgramElement>
<Code>1642</Code>
<Text>Special Initiatives</Text>
</ProgramElement>
<ProgramReference>
<Code>1639</Code>
<Text>SENSORS AND SENSING SYSTEMS</Text>
</ProgramReference>
<ProgramReference>
<Code>8028</Code>
<Text>Sensor Technology</Text>
</ProgramReference>
<ProgramReference>
<Code>9229</Code>
<Text>RES IN UNDERGRAD INST-RESEARCH</Text>
</ProgramReference>
<Appropriation>
<Code/>
<Name/>
<APP_SYMB_ID/>
</Appropriation>
<Fund>
<Code>01002324DB</Code>
<Name><![CDATA[NSF RESEARCH & RELATED ACTIVIT]]></Name>
<FUND_SYMB_ID>040100</FUND_SYMB_ID>
</Fund>
<FUND_OBLG>2023~200000</FUND_OBLG>
</Award>
</rootTag>
