<?xml version="1.0" encoding="UTF-8"?>
<rootTag>
<Award>
<AwardTitle><![CDATA[Collaborative Research: Multiparameter Topological Data Analysis]]></AwardTitle>
<AGENCY>NSF</AGENCY>
<AwardEffectiveDate>09/01/2023</AwardEffectiveDate>
<AwardExpirationDate>08/31/2026</AwardExpirationDate>
<AwardTotalIntnAmount>200000.00</AwardTotalIntnAmount>
<AwardAmount>140804</AwardAmount>
<AwardInstrument>
<Value>Continuing Grant</Value>
</AwardInstrument>
<Organization>
<Code>03040000</Code>
<Directorate>
<Abbreviation>MPS</Abbreviation>
<LongName>Direct For Mathematical &amp; Physical Scien</LongName>
</Directorate>
<Division>
<Abbreviation>DMS</Abbreviation>
<LongName>Division Of Mathematical Sciences</LongName>
</Division>
</Organization>
<ProgramOfficer>
<SignBlockName>Jodi Mead</SignBlockName>
<PO_EMAI>jmead@nsf.gov</PO_EMAI>
<PO_PHON>7032927212</PO_PHON>
</ProgramOfficer>
<AbstractNarration>Complex datasets arise in many disciplines of science and engineering and their interpretation requires Multiparameter Data Analysis, which broadly speaking, studies the dependency of a phenomenon or a space on multiple parameters. For instance, in climate simulations, scientists are interested in identifying, verifying, and evaluating trends in detecting, tracking, and characterizing weather patterns associated with high impact weather events such as thunderstorms and hurricanes. In recent years, topological data analysis (TDA) has evolved as an emerging area in data science. So far, most of its applications have been limited to the single parameter case, that is, to data expressing the behavior of a single variable. As its reach to applications expands, the task of extracting intelligent summaries out of diverse, complex data demands the study of multiparameter dependencies. This project will help address this demand by developing a sound mathematical theory supported by efficient algorithmic tools thus providing a powerful platform for data exploration and analysis in scientific and engineering applications. The educational impact will be accelerated by the synergy between mathematics and computer science and integrated applications. Graduate students supported by the project will be trained to develop skills in mathematics and theoretical computer science, most notably in algorithms and topology, and analyze some real-world data sets. The investigators will follow best practice to recruit and mentor students from underrepresented groups who will participate in the project. The investigators also plan to broaden research engagement via workshops or tutorials at computational topology and TDA venues.&lt;br/&gt;&lt;br/&gt;Although TDA involving a single parameter has been well researched and developed, the same is not yet true for the multiparameter case. At its current nascent stage, multiparameter TDA is yet to develop tools to practically handle complex, diverse, and high-dimensional data. To meet this challenge, this project will make both mathematical and algorithmic advances for multiparameter TDA. To scope effectively, focus will be mainly on three research thrusts to: (I) explore multiparameter persistence for generalized features and develop algorithms to compute them; (II) exploit the connections of zigzag persistence to multiparameter settings to support dynamic data analysis, and (III) generalize graphical topological descriptors. From a methodological point of view, the geometric and topological ideas behind the proposed work inject novel perspectives and directions to the important field of computational data analysis. In particular, the project team will investigate several novel mathematical concepts in conjunction with algorithms to address various challenges appearing in the aforementioned thrusts. The resulting TDA methodologies have the potential to complement and augment traditional data analysis approaches in fields such as machine learning and statistical data analysis. The investigators bring together expertise in theoretical computer science, algorithms design, mathematics, and in particular topological data analysis to conduct this research.&lt;br/&gt;&lt;br/&gt;This award reflects NSF's statutory mission and has been deemed worthy of support through evaluation using the Foundation's intellectual merit and broader impacts review criteria.</AbstractNarration>
<MinAmdLetterDate>07/18/2023</MinAmdLetterDate>
<MaxAmdLetterDate>07/21/2024</MaxAmdLetterDate>
<ARRAAmount/>
<TRAN_TYPE>Grant</TRAN_TYPE>
<CFDA_NUM>47.049</CFDA_NUM>
<NSF_PAR_USE_FLAG>1</NSF_PAR_USE_FLAG>
<FUND_AGCY_CODE>4900</FUND_AGCY_CODE>
<AWDG_AGCY_CODE>4900</AWDG_AGCY_CODE>
<AwardID>2301360</AwardID>
<Investigator>
<FirstName>Tamal</FirstName>
<LastName>Dey</LastName>
<PI_MID_INIT>K</PI_MID_INIT>
<PI_SUFX_NAME/>
<PI_FULL_NAME>Tamal K Dey</PI_FULL_NAME>
<EmailAddress><![CDATA[tamaldey@purdue.edu]]></EmailAddress>
<NSF_ID>000290200</NSF_ID>
<StartDate>07/18/2023</StartDate>
<EndDate/>
<RoleCode>Principal Investigator</RoleCode>
</Investigator>
<Institution>
<Name><![CDATA[Purdue University]]></Name>
<CityName>WEST LAFAYETTE</CityName>
<ZipCode>479061332</ZipCode>
<PhoneNumber>7654941055</PhoneNumber>
<StreetAddress><![CDATA[2550 NORTHWESTERN AVE # 1100]]></StreetAddress>
<StreetAddress2/>
<CountryName>United States</CountryName>
<StateName>Indiana</StateName>
<StateCode>IN</StateCode>
<CONGRESSDISTRICT>04</CONGRESSDISTRICT>
<CONGRESS_DISTRICT_ORG>IN04</CONGRESS_DISTRICT_ORG>
<ORG_UEI_NUM>YRXVL4JYCEF5</ORG_UEI_NUM>
<ORG_LGL_BUS_NAME>PURDUE UNIVERSITY</ORG_LGL_BUS_NAME>
<ORG_PRNT_UEI_NUM>YRXVL4JYCEF5</ORG_PRNT_UEI_NUM>
</Institution>
<Performance_Institution>
<Name><![CDATA[Purdue University]]></Name>
<CityName>WEST LAFAYETTE</CityName>
<StateCode>IN</StateCode>
<ZipCode>479061332</ZipCode>
<StreetAddress><![CDATA[2550 NORTHWESTERN AVE STE 1900]]></StreetAddress>
<CountryCode>US</CountryCode>
<CountryName>United States</CountryName>
<StateName>Indiana</StateName>
<CountryFlag>1</CountryFlag>
<CONGRESSDISTRICT>04</CONGRESSDISTRICT>
<CONGRESS_DISTRICT_PERF>IN04</CONGRESS_DISTRICT_PERF>
</Performance_Institution>
<ProgramElement>
<Code>806900</Code>
<Text>CDS&amp;E-MSS</Text>
</ProgramElement>
<ProgramReference>
<Code>079Z</Code>
<Text>Machine Learning Theory</Text>
</ProgramReference>
<ProgramReference>
<Code>9263</Code>
<Text>COMPUTATIONAL SCIENCE &amp; ENGING</Text>
</ProgramReference>
<Appropriation>
<Code/>
<Name/>
<APP_SYMB_ID/>
</Appropriation>
<Appropriation>
<Code/>
<Name/>
<APP_SYMB_ID/>
</Appropriation>
<Fund>
<Code>01002425DB</Code>
<Name><![CDATA[NSF RESEARCH & RELATED ACTIVIT]]></Name>
<FUND_SYMB_ID>040100</FUND_SYMB_ID>
</Fund>
<Fund>
<Code>01002324DB</Code>
<Name><![CDATA[NSF RESEARCH & RELATED ACTIVIT]]></Name>
<FUND_SYMB_ID>040100</FUND_SYMB_ID>
</Fund>
<FUND_OBLG>2023~56541</FUND_OBLG>
<FUND_OBLG>2024~84263</FUND_OBLG>
</Award>
</rootTag>
