<?xml version="1.0" encoding="UTF-8"?>
<rootTag>
<Award>
<AwardTitle><![CDATA[Collaborative Research: RAPID: The fate of landslide-derived sediment following tropical cyclones: a case study of Hurricane Fiona in Puerto Rico]]></AwardTitle>
<AGENCY>NSF</AGENCY>
<AwardEffectiveDate>11/01/2022</AwardEffectiveDate>
<AwardExpirationDate>10/31/2023</AwardExpirationDate>
<AwardTotalIntnAmount>21750.00</AwardTotalIntnAmount>
<AwardAmount>21750</AwardAmount>
<AwardInstrument>
<Value>Standard Grant</Value>
</AwardInstrument>
<Organization>
<Code>06030000</Code>
<Directorate>
<Abbreviation>GEO</Abbreviation>
<LongName>Directorate For Geosciences</LongName>
</Directorate>
<Division>
<Abbreviation>EAR</Abbreviation>
<LongName>Division Of Earth Sciences</LongName>
</Division>
</Organization>
<ProgramOfficer>
<SignBlockName>Justin Lawrence</SignBlockName>
<PO_EMAI>jlawrenc@nsf.gov</PO_EMAI>
<PO_PHON>7032922425</PO_PHON>
</ProgramOfficer>
<AbstractNarration>From September 18-20, 2022 Hurricane Fiona delivered more than 64 cm of rainfall to the island of Puerto Rico. This excessive precipitation caused mass wasting and flooding across the island, similar to the effects of Hurricane María in 2017. Both events represent extraordinary opportunities to study the impact of tropical cyclones on the evolution of a high relief, tropical landscape. This project will support two deployments of scientists and equipment to collect time-sensitive and perishable data from two catchments in southern Puerto Rico strongly impacted by mass wasting after the hurricane. Using these catchments as a model study area the investigators will: 1. survey the topography of landslide deposits, scars, and post-landslide river aggradation using drone-based structure-from-motion photogrammetry; 2. collect samples of river sediment downstream of landslide areas for grain size analysis and cosmogenic nuclide tracing of landslide-derived sediment, 3. monitor and record the movement of still-unstable landslides and actively aggrading river channels with time-lapse cameras. The project will be collaborative with co-investigators based in Puerto Rico and coordinated in concert with federal and local scientists working in hazards assessment and prevention. Field work deployments will engage at least 3 graduate and 3 undergraduate students.&lt;br/&gt;&lt;br/&gt;For more than sixty years, geologists have debated the contribution of large, yet infrequent storm events to the long-term evolution of eroding landscapes. For large storms like tropical cycles, the immediate geomorphic impact to tropical landscapes may be obvious: mass wasting and flooding. However, the extended response of tropical landscapes to the storm event is often more complex, and measurement of landscape response requires repeated observations across a catchment area, beginning immediately after the storm event. This project supports collection of time-sensitive and perishable data to explore three hypotheses concerning the response of a tropical landscape to landslides and flooding caused by a tropical cyclone. Specifically, the investigators will address the questions: 1. Where (and why) do storm events destabilize hillslopes? by surveying landslide scars and deposits in-person, monitoring still-unstable hillslopes with time-lapse cameras, and mapping landslides regionally with remotely-sensed imagery; 2. How do river networks adjust to an influx of landslide-derived sediment? by measuring channel aggradation/erosion patterns with repeat drone-based topographic surveys and direct tracking of coarse sediment transport using time-lapse images of channels downstream of landslide areas; and 3. What is the residence time of landslide-derived sediment in a tropical landscape? by repeated measurement of cosmogenic radionuclide concentrations in river sediment to detect changes in the flux of landslide-derived sediment over the following year.&lt;br/&gt;&lt;br/&gt;This award reflects NSF's statutory mission and has been deemed worthy of support through evaluation using the Foundation's intellectual merit and broader impacts review criteria.</AbstractNarration>
<MinAmdLetterDate>10/24/2022</MinAmdLetterDate>
<MaxAmdLetterDate>10/24/2022</MaxAmdLetterDate>
<ARRAAmount/>
<TRAN_TYPE>Grant</TRAN_TYPE>
<CFDA_NUM>47.050</CFDA_NUM>
<NSF_PAR_USE_FLAG>1</NSF_PAR_USE_FLAG>
<FUND_AGCY_CODE>4900</FUND_AGCY_CODE>
<AWDG_AGCY_CODE>4900</AWDG_AGCY_CODE>
<AwardID>2301379</AwardID>
<Investigator>
<FirstName>Kenneth</FirstName>
<LastName>Hughes</LastName>
<PI_MID_INIT>S</PI_MID_INIT>
<PI_SUFX_NAME/>
<PI_FULL_NAME>Kenneth S Hughes</PI_FULL_NAME>
<EmailAddress><![CDATA[kenneth.hughes@upr.edu]]></EmailAddress>
<NSF_ID>000722945</NSF_ID>
<StartDate>10/24/2022</StartDate>
<EndDate/>
<RoleCode>Principal Investigator</RoleCode>
</Investigator>
<Investigator>
<FirstName>Alesandra</FirstName>
<LastName>Morales-Velez</LastName>
<PI_MID_INIT/>
<PI_SUFX_NAME/>
<PI_FULL_NAME>Alesandra Morales-Velez</PI_FULL_NAME>
<EmailAddress><![CDATA[alesandra.morales@upr.edu]]></EmailAddress>
<NSF_ID>000717605</NSF_ID>
<StartDate>10/24/2022</StartDate>
<EndDate/>
<RoleCode>Co-Principal Investigator</RoleCode>
</Investigator>
<Institution>
<Name><![CDATA[University of Puerto Rico Mayaguez]]></Name>
<CityName>MAYAGUEZ</CityName>
<ZipCode>006806475</ZipCode>
<PhoneNumber>7878312065</PhoneNumber>
<StreetAddress><![CDATA[259 BLVD ALFONSO VALDES]]></StreetAddress>
<StreetAddress2/>
<CountryName>United States</CountryName>
<StateName>Puerto Rico</StateName>
<StateCode>PR</StateCode>
<CONGRESSDISTRICT>00</CONGRESSDISTRICT>
<CONGRESS_DISTRICT_ORG>PR00</CONGRESS_DISTRICT_ORG>
<ORG_UEI_NUM>GZRNJ1GZDBM1</ORG_UEI_NUM>
<ORG_LGL_BUS_NAME>UNIVERSITY OF PUERTO RICO</ORG_LGL_BUS_NAME>
<ORG_PRNT_UEI_NUM>RD8QJEHNYLJ7</ORG_PRNT_UEI_NUM>
</Institution>
<Performance_Institution>
<Name><![CDATA[University of Puerto Rico Mayaguez]]></Name>
<CityName>MAYAGUEZ</CityName>
<StateCode>PR</StateCode>
<ZipCode>006806475</ZipCode>
<StreetAddress><![CDATA[259 BLVD ALFONSO VALDES]]></StreetAddress>
<CountryCode>US</CountryCode>
<CountryName>United States</CountryName>
<StateName>Puerto Rico</StateName>
<CountryFlag>1</CountryFlag>
<CONGRESSDISTRICT>00</CONGRESSDISTRICT>
<CONGRESS_DISTRICT_PERF>PR00</CONGRESS_DISTRICT_PERF>
</Performance_Institution>
<ProgramElement>
<Code>722200</Code>
<Text>XC-Crosscutting Activities Pro</Text>
</ProgramElement>
<ProgramElement>
<Code>745800</Code>
<Text>Geomorphology &amp; Land-use Dynam</Text>
</ProgramElement>
<ProgramReference>
<Code>7914</Code>
<Text>RAPID</Text>
</ProgramReference>
<Appropriation>
<Code/>
<Name/>
<APP_SYMB_ID/>
</Appropriation>
<Fund>
<Code>01002324DB</Code>
<Name><![CDATA[NSF RESEARCH & RELATED ACTIVIT]]></Name>
<FUND_SYMB_ID>040100</FUND_SYMB_ID>
</Fund>
<FUND_OBLG>2023~21750</FUND_OBLG>
<POR>
<DRECONTENT><![CDATA[<div class="porColContainerWBG"> <div class="porContentCol"><p>This project was successful to carry out a water and sediment sampling campaign in target locations after Hurricane Fiona in Puerto Rico.&nbsp; The samples are important to help us better understand the effect of widespread landslide-triggering events on the natural environment, especially in terms of sediment flux and chemical weathering in the tropics.&nbsp; The initial 1-year sampling campaign has been completed, and the samples have been sent to be analyzed at specialized laboratories.&nbsp; Specific analyses that are being carried out at this time include Beryllium-10 cosmogenic radio-nuclide abundance in fluvial sediment samples and total dissolved solids / Uranium isotope concentrations in fluvial water samples.&nbsp; With the results, we should be able to better quantify the perturbation to long term geological processes that are brought about by high-intensity, short-duration extreme weather events. &nbsp;</p> <p>The project was a collaborative effort between the University of Puerto Rico Mayaguez and the Georgia Institute of Technology.&nbsp; During the endeavor, undergraduate and graduate students from both institutions received both field and lab training in addition to cross-cultural experiences and exchanges.&nbsp; The RAPID funding was effective to support research during a relatively short time span that would not have otherwise been feasible.&nbsp; Final results of the data from the project are forthcoming and will be published.</p> <p>&nbsp;</p><br> <p>  Last Modified: 11/30/2023<br> Modified by: Kenneth&nbsp;S&nbsp;Hughes</p></div> <div class="porSideCol" ></div> </div>]]></DRECONTENT>
<POR_COPY_TXT><![CDATA[  This project was successful to carry out a water and sediment sampling campaign in target locations after Hurricane Fiona in Puerto Rico. The samples are important to help us better understand the effect of widespread landslide-triggering events on the natural environment, especially in terms of sediment flux and chemical weathering in the tropics. The initial 1-year sampling campaign has been completed, and the samples have been sent to be analyzed at specialized laboratories. Specific analyses that are being carried out at this time include Beryllium-10 cosmogenic radio-nuclide abundance in fluvial sediment samples and total dissolved solids / Uranium isotope concentrations in fluvial water samples. With the results, we should be able to better quantify the perturbation to long term geological processes that are brought about by high-intensity, short-duration extreme weather events.    The project was a collaborative effort between the University of Puerto Rico Mayaguez and the Georgia Institute of Technology. During the endeavor, undergraduate and graduate students from both institutions received both field and lab training in addition to cross-cultural experiences and exchanges. The RAPID funding was effective to support research during a relatively short time span that would not have otherwise been feasible. Final results of the data from the project are forthcoming and will be published.        Last Modified: 11/30/2023       Submitted by: KennethSHughes]]></POR_COPY_TXT>
</POR>
</Award>
</rootTag>
