<?xml version="1.0" encoding="UTF-8"?>
<rootTag>
<Award>
<AwardTitle><![CDATA[FET: Small: Optimizing quantum circuit design]]></AwardTitle>
<AGENCY>NSF</AGENCY>
<AwardEffectiveDate>10/15/2022</AwardEffectiveDate>
<AwardExpirationDate>09/30/2025</AwardExpirationDate>
<AwardTotalIntnAmount>399995.00</AwardTotalIntnAmount>
<AwardAmount>399995</AwardAmount>
<AwardInstrument>
<Value>Standard Grant</Value>
</AwardInstrument>
<Organization>
<Code>05010000</Code>
<Directorate>
<Abbreviation>CSE</Abbreviation>
<LongName>Direct For Computer &amp; Info Scie &amp; Enginr</LongName>
</Directorate>
<Division>
<Abbreviation>CCF</Abbreviation>
<LongName>Division of Computing and Communication Foundations</LongName>
</Division>
</Organization>
<ProgramOfficer>
<SignBlockName>Elizabeth Behrman</SignBlockName>
<PO_EMAI>ebehrman@nsf.gov</PO_EMAI>
<PO_PHON>7032927049</PO_PHON>
</ProgramOfficer>
<AbstractNarration>The quantum approximate optimization algorithm (QAOA) is a leading candidate for leveraging quantum computing techniques to solve complex combinatorial optimization (CO) problems. The algorithm is performed in iterations; while it has been proven always to find an optimal solution to a CO problem, it may not always find the solution in a finite number of iterations. Thus, better techniques are required to find optimal solutions to CO problems more quickly. This project investigates a new modification to the algorithm called ma-QAOA, which expands the number of parameters that QAOA uses and allows for additional degrees of freedom. These changes increase the likelihood of finding optimal solutions to CO problems more quickly. If successful, this project will develop new techniques for solving currently intractable problems from a diverse range of applications, including operations research and computer science. This project will also become the basis for a graduate-level quantum algorithms class that expands competency in quantum-based optimization and operations research.&lt;br/&gt;&lt;br/&gt;The main restriction for quantum computing applications is the reliability of gates. Errors increase exponentially with the number of gates used in a circuit, and the larger the error, the more samples are required to obtain high-fidelity solutions. The time required to collect these samples can outweigh any time savings associated with a given solution. By relying on classical optimization and graph theory techniques, this project seeks to reduce the total number of gates needed to solve complex combinatorial optimization problems. The first objective of this project is to determine how many iterations of QAOA are required to achieve results comparable to those of ma-QAOA for specific problem instances. The second objective is to use machine learning methods to determine how to select parameters for ma-QAOA optimally. The third objective will use graph theory techniques to design circuits that can efficiently implement ma-QAOA, and the fourth objective is to determine the physical significance of incorporating additional parameters into the algorithm.&lt;br/&gt;&lt;br/&gt;This award reflects NSF's statutory mission and has been deemed worthy of support through evaluation using the Foundation's intellectual merit and broader impacts review criteria.</AbstractNarration>
<MinAmdLetterDate>10/13/2022</MinAmdLetterDate>
<MaxAmdLetterDate>10/13/2022</MaxAmdLetterDate>
<ARRAAmount/>
<TRAN_TYPE>Grant</TRAN_TYPE>
<CFDA_NUM>47.070</CFDA_NUM>
<NSF_PAR_USE_FLAG>1</NSF_PAR_USE_FLAG>
<FUND_AGCY_CODE>4900</FUND_AGCY_CODE>
<AWDG_AGCY_CODE>4900</AWDG_AGCY_CODE>
<AwardID>2301120</AwardID>
<Investigator>
<FirstName>Rebekah</FirstName>
<LastName>Herrman</LastName>
<PI_MID_INIT/>
<PI_SUFX_NAME/>
<PI_FULL_NAME>Rebekah Herrman</PI_FULL_NAME>
<EmailAddress><![CDATA[rherrma2@utk.edu]]></EmailAddress>
<NSF_ID>000796257</NSF_ID>
<StartDate>10/13/2022</StartDate>
<EndDate/>
<RoleCode>Principal Investigator</RoleCode>
</Investigator>
<Institution>
<Name><![CDATA[University of Tennessee Knoxville]]></Name>
<CityName>KNOXVILLE</CityName>
<ZipCode>379960001</ZipCode>
<PhoneNumber>8659743466</PhoneNumber>
<StreetAddress><![CDATA[201 ANDY HOLT TOWER]]></StreetAddress>
<StreetAddress2/>
<CountryName>United States</CountryName>
<StateName>Tennessee</StateName>
<StateCode>TN</StateCode>
<CONGRESSDISTRICT>02</CONGRESSDISTRICT>
<CONGRESS_DISTRICT_ORG>TN02</CONGRESS_DISTRICT_ORG>
<ORG_UEI_NUM>FN2YCS2YAUW3</ORG_UEI_NUM>
<ORG_LGL_BUS_NAME>UNIVERSITY OF TENNESSEE</ORG_LGL_BUS_NAME>
<ORG_PRNT_UEI_NUM>LXG4F9K8YZK5</ORG_PRNT_UEI_NUM>
</Institution>
<Performance_Institution>
<Name><![CDATA[University of Tennessee Knoxville]]></Name>
<CityName>Knoxville</CityName>
<StateCode>TN</StateCode>
<ZipCode>379163801</ZipCode>
<StreetAddress><![CDATA[1331 CIR PARK DR]]></StreetAddress>
<CountryCode>US</CountryCode>
<CountryName>United States</CountryName>
<StateName>Tennessee</StateName>
<CountryFlag>1</CountryFlag>
<CONGRESSDISTRICT>02</CONGRESSDISTRICT>
<CONGRESS_DISTRICT_PERF>TN02</CONGRESS_DISTRICT_PERF>
</Performance_Institution>
<ProgramElement>
<Code>089Y00</Code>
<Text>FET-Fndtns of Emerging Tech</Text>
</ProgramElement>
<ProgramReference>
<Code>7923</Code>
<Text>SMALL PROJECT</Text>
</ProgramReference>
<ProgramReference>
<Code>7928</Code>
<Text>QUANTUM COMPUTING</Text>
</ProgramReference>
<Appropriation>
<Code/>
<Name/>
<APP_SYMB_ID/>
</Appropriation>
<Fund>
<Code>01002223DB</Code>
<Name><![CDATA[NSF RESEARCH & RELATED ACTIVIT]]></Name>
<FUND_SYMB_ID>040100</FUND_SYMB_ID>
</Fund>
<FUND_OBLG>2022~399995</FUND_OBLG>
</Award>
</rootTag>
