<?xml version="1.0" encoding="UTF-8"?>
<rootTag>
<Award>
<AwardTitle><![CDATA[ERI: Enhancing Life-cycle Resilience of Cable-Stayed Bridges to Extreme Winds through Areo-Structural Optimization]]></AwardTitle>
<AGENCY>NSF</AGENCY>
<AwardEffectiveDate>06/01/2023</AwardEffectiveDate>
<AwardExpirationDate>05/31/2025</AwardExpirationDate>
<AwardTotalIntnAmount>199992.00</AwardTotalIntnAmount>
<AwardAmount>199992</AwardAmount>
<AwardInstrument>
<Value>Standard Grant</Value>
</AwardInstrument>
<Organization>
<Code>07030000</Code>
<Directorate>
<Abbreviation>ENG</Abbreviation>
<LongName>Directorate For Engineering</LongName>
</Directorate>
<Division>
<Abbreviation>CMMI</Abbreviation>
<LongName>Div Of Civil, Mechanical, &amp; Manufact Inn</LongName>
</Division>
</Organization>
<ProgramOfficer>
<SignBlockName>Joy Pauschke</SignBlockName>
<PO_EMAI>jpauschk@nsf.gov</PO_EMAI>
<PO_PHON>7032927024</PO_PHON>
</ProgramOfficer>
<AbstractNarration>This Engineering Research Initiation (ERI) award will address key challenges in the life-cycle design of wind-sensitive cable-stayed bridges. Medium- and long-span cable-stayed bridges are gaining momentum in use, given their capability to span distances from 300 to 1000 meters. However, US coastal regions experience hurricanes and other extreme wind events that affect the performance and safety of cable-stayed bridges during construction, service, and long-term conditions. Taking advantage of the digital revolution and the continuous improvement of computer-aided simulations and data-driven design methods, this research will recast the design method for cable-stayed bridges currently used in the bridge industry based on heuristic experience-based design strategies that have relied only on wind tunnel testing or in-situ performance evaluation.  A new simulation-based, multi-model, aero-structural design optimization methodology will seek material reduction while keeping the bridge’s required life-cycle performance and safety levels, thus achieving the desired reduction in carbon footprint. This research will synergistically combine education and outreach activities at a minority-serving institution, including curriculum development, training demonstrations in wind tunnel testing, and student tours to local bridge construction sites. This award contributes to the National Science Foundation (NSF) role in the National Windstorm Impact Reduction Program.  Data generated from this project will be archived and made publicly available in the NSF-supported Natural Hazards Engineering Research Infrastructure (NHERI) DesignSafe Date Depot (https://www.DesignSafe-ci.org).  &lt;br/&gt;&lt;br/&gt;This research will develop a novel computational methodology for the aero-structural design optimization of cable-stayed bridges considering multiple phases of their life-cycle under extreme wind loading. The overarching goal is the development of a holistic design methodology that permits further exploring the effects of deck shape modifications on the life-cycle performance of the bridge under extreme winds to achieve a sustainable and cost-effective design while improving the life-cycle aeroelastic performance. The research will synthesize the state-of-the-art capabilities of bridge aerodynamics, linear and nonlinear aeroelasticity models, computational fluid dynamic simulations, machine learning, finite element modeling-based multi-model design, and optimization algorithms. The research objectives include (i) develop linear and nonlinear wind-resistant performance models for the life-cycle design of bridges, (ii) develop multi-fidelity aeroelastic surrogates for the shape-dependent emulation of fluid-structure interaction parameters, and (iii) formulate efficient multi-model surrogate-based aero-structural design optimization strategies. The research will address the aeroelastic life-cycle performance of a cable-stayed bridge when changing the bridge deck cross-section and other key design variables and the life-cycle aero-structural optimum design of a cable-stayed bridge for a particular location, local climate, and project specifications.&lt;br/&gt;&lt;br/&gt;This award reflects NSF's statutory mission and has been deemed worthy of support through evaluation using the Foundation's intellectual merit and broader impacts review criteria.</AbstractNarration>
<MinAmdLetterDate>04/06/2023</MinAmdLetterDate>
<MaxAmdLetterDate>04/06/2023</MaxAmdLetterDate>
<ARRAAmount/>
<TRAN_TYPE>Grant</TRAN_TYPE>
<CFDA_NUM>47.041</CFDA_NUM>
<NSF_PAR_USE_FLAG>1</NSF_PAR_USE_FLAG>
<FUND_AGCY_CODE>4900</FUND_AGCY_CODE>
<AWDG_AGCY_CODE>4900</AWDG_AGCY_CODE>
<AwardID>2301824</AwardID>
<Investigator>
<FirstName>Miguel</FirstName>
<LastName>Cid Montoya</LastName>
<PI_MID_INIT/>
<PI_SUFX_NAME/>
<PI_FULL_NAME>Miguel Cid Montoya</PI_FULL_NAME>
<EmailAddress><![CDATA[miguel.cidmontoya@tamucc.edu]]></EmailAddress>
<NSF_ID>000856655</NSF_ID>
<StartDate>04/06/2023</StartDate>
<EndDate/>
<RoleCode>Principal Investigator</RoleCode>
</Investigator>
<Institution>
<Name><![CDATA[Texas A&M University Corpus Christi]]></Name>
<CityName>CORPUS CHRISTI</CityName>
<ZipCode>784125739</ZipCode>
<PhoneNumber>3618252730</PhoneNumber>
<StreetAddress><![CDATA[6300 OCEAN DR UNIT 5739]]></StreetAddress>
<StreetAddress2/>
<CountryName>United States</CountryName>
<StateName>Texas</StateName>
<StateCode>TX</StateCode>
<CONGRESSDISTRICT>27</CONGRESSDISTRICT>
<CONGRESS_DISTRICT_ORG>TX27</CONGRESS_DISTRICT_ORG>
<ORG_UEI_NUM>Y3RET2XN41S5</ORG_UEI_NUM>
<ORG_LGL_BUS_NAME>TEXAS A&amp;M UNIVERSITY-CORPUS CHRISTI</ORG_LGL_BUS_NAME>
<ORG_PRNT_UEI_NUM/>
</Institution>
<Performance_Institution>
<Name><![CDATA[Texas A&M University Corpus Christi]]></Name>
<CityName>CORPUS CHRISTI</CityName>
<StateCode>TX</StateCode>
<ZipCode>784125503</ZipCode>
<StreetAddress><![CDATA[6300 OCEAN DR UNIT 5840]]></StreetAddress>
<CountryCode>US</CountryCode>
<CountryName>United States</CountryName>
<StateName>Texas</StateName>
<CountryFlag>1</CountryFlag>
<CONGRESSDISTRICT>27</CONGRESSDISTRICT>
<CONGRESS_DISTRICT_PERF>TX27</CONGRESS_DISTRICT_PERF>
</Performance_Institution>
<ProgramElement>
<Code>073Y00</Code>
<Text>ECI-Engineering for Civil Infr</Text>
</ProgramElement>
<ProgramElement>
<Code>180Y00</Code>
<Text>ERI-Eng. Research Initiation</Text>
</ProgramElement>
<ProgramReference>
<Code>036E</Code>
<Text>CIVIL INFRASTRUCTURE</Text>
</ProgramReference>
<ProgramReference>
<Code>039E</Code>
<Text>STRUCTURAL SYSTEMS</Text>
</ProgramReference>
<ProgramReference>
<Code>040E</Code>
<Text>Haz mitigation of structural sys</Text>
</ProgramReference>
<ProgramReference>
<Code>041E</Code>
<Text>HAZARD AND DISASTER REDUCTION</Text>
</ProgramReference>
<ProgramReference>
<Code>1057</Code>
<Text>CIS BASE RESEARCH</Text>
</ProgramReference>
<ProgramReference>
<Code>7231</Code>
<Text>CYBERINFRASTRUCTURE</Text>
</ProgramReference>
<ProgramReference>
<Code>9102</Code>
<Text>WOMEN, MINORITY, DISABLED, NEC</Text>
</ProgramReference>
<ProgramReference>
<Code>9264</Code>
<Text>RESEARCH INITIATION AWARD</Text>
</ProgramReference>
<ProgramReference>
<Code>CVIS</Code>
<Text>CIVIL INFRASTRUCTURE</Text>
</ProgramReference>
<Appropriation>
<Code/>
<Name/>
<APP_SYMB_ID/>
</Appropriation>
<Fund>
<Code>01002324DB</Code>
<Name><![CDATA[NSF RESEARCH & RELATED ACTIVIT]]></Name>
<FUND_SYMB_ID>040100</FUND_SYMB_ID>
</Fund>
<FUND_OBLG>2023~199992</FUND_OBLG>
</Award>
</rootTag>
