<?xml version="1.0" encoding="UTF-8"?>
<rootTag>
<Award>
<AwardTitle><![CDATA[Improving STEM K-12 Learning Using Optimal Spaced Retrieval in an Existing Educational Technology Platform]]></AwardTitle>
<AGENCY>NSF</AGENCY>
<AwardEffectiveDate>08/01/2023</AwardEffectiveDate>
<AwardExpirationDate>07/31/2028</AwardExpirationDate>
<AwardTotalIntnAmount>1500000.00</AwardTotalIntnAmount>
<AwardAmount>1141404</AwardAmount>
<AwardInstrument>
<Value>Continuing Grant</Value>
</AwardInstrument>
<Organization>
<Code>11090000</Code>
<Directorate>
<Abbreviation>EDU</Abbreviation>
<LongName>Directorate for STEM Education</LongName>
</Directorate>
<Division>
<Abbreviation>DRL</Abbreviation>
<LongName>Division Of Research On Learning</LongName>
</Division>
</Organization>
<ProgramOfficer>
<SignBlockName>David Daniel</SignBlockName>
<PO_EMAI>ddaniel@nsf.gov</PO_EMAI>
<PO_PHON>7032920000</PO_PHON>
</ProgramOfficer>
<AbstractNarration>Mastering material in STEM classes requires students to learn and memorize large amounts of new knowledge in a short period of time. One way that has long been argued to improve such learning is by having students practice new knowledge by spacing questions over time (spaced retrieval practice). However, the evidence for the benefits of spaced retrieval practice in STEM contexts is limited. Through multiple classroom studies involving thousands of STEM students across different US middle and high schools, this project aims to understand how spaced retrieval practice improves STEM learning and to develop spacing algorithms specific to STEM education that work in authentic contexts. This research will contribute to a better and more precise implementation of spaced retrieval practice in STEM education.&lt;br/&gt;&lt;br/&gt;The project explores how middle and high school learners acquire knowledge using spacing and retrieval practice in the context of STEM education, and which features are critical to yield learning gains. The central hypothesis of this project is that the optimal spaced retrieval practice is adaptive. That is, it depends on each student's study history and what is being learned. Studies 1 and 2 investigate whether spacing practice by topic (regardless of the specific question) is as beneficial as spacing individual questions in at least 25 classrooms. This work will create a high-fidelity student computational model for studies 3 and 4 to investigate the learning and motivational impacts of adaptive spaced retrieval practice schedules implemented in a web-based educational application, compared to a non-optimized non-adaptive version and a frequently used heuristic algorithm for spaced scheduling. Study 5 will leverage these findings in a large-scale classroom study. Studies 2, 4, and 5 will occur in approximately 50 classrooms with over 1200 middle and high-school students. Overall, this project will contribute to a better understanding of learning and how it is sensitive to individual and temporal factors. &lt;br/&gt;&lt;br/&gt;This project is supported by NSF's EDU Core Research (ECR) program. The ECR program emphasizes fundamental STEM education research that generates foundational knowledge in the field. Investments are made in critical areas that are essential, broad and enduring: STEM learning and STEM learning environments, broadening participation in STEM, and STEM workforce development. This project is co-funded by the Innovative Technology Experiences for Students and Teachers (ITEST) program, which supports projects that build understandings of practices, program elements, contexts and processes contributing to increasing students' knowledge and interest in science, technology, engineering, and mathematics (STEM) and information and communication technology (ICT) careers.&lt;br/&gt;&lt;br/&gt;This award reflects NSF's statutory mission and has been deemed worthy of support through evaluation using the Foundation's intellectual merit and broader impacts review criteria.</AbstractNarration>
<MinAmdLetterDate>06/15/2023</MinAmdLetterDate>
<MaxAmdLetterDate>09/16/2024</MaxAmdLetterDate>
<ARRAAmount/>
<TRAN_TYPE>Grant</TRAN_TYPE>
<CFDA_NUM>47.076</CFDA_NUM>
<NSF_PAR_USE_FLAG>1</NSF_PAR_USE_FLAG>
<FUND_AGCY_CODE>4900</FUND_AGCY_CODE>
<AWDG_AGCY_CODE>4900</AWDG_AGCY_CODE>
<AwardID>2301130</AwardID>
<Investigator>
<FirstName>Paulo</FirstName>
<LastName>Carvalho</LastName>
<PI_MID_INIT/>
<PI_SUFX_NAME/>
<PI_FULL_NAME>Paulo Carvalho</PI_FULL_NAME>
<EmailAddress><![CDATA[pcarvalh@andrew.cmu.edu]]></EmailAddress>
<NSF_ID>000740965</NSF_ID>
<StartDate>06/15/2023</StartDate>
<EndDate/>
<RoleCode>Principal Investigator</RoleCode>
</Investigator>
<Institution>
<Name><![CDATA[Carnegie-Mellon University]]></Name>
<CityName>PITTSBURGH</CityName>
<ZipCode>152133815</ZipCode>
<PhoneNumber>4122688746</PhoneNumber>
<StreetAddress><![CDATA[5000 FORBES AVE]]></StreetAddress>
<StreetAddress2/>
<CountryName>United States</CountryName>
<StateName>Pennsylvania</StateName>
<StateCode>PA</StateCode>
<CONGRESSDISTRICT>12</CONGRESSDISTRICT>
<CONGRESS_DISTRICT_ORG>PA12</CONGRESS_DISTRICT_ORG>
<ORG_UEI_NUM>U3NKNFLNQ613</ORG_UEI_NUM>
<ORG_LGL_BUS_NAME>CARNEGIE MELLON UNIVERSITY</ORG_LGL_BUS_NAME>
<ORG_PRNT_UEI_NUM>U3NKNFLNQ613</ORG_PRNT_UEI_NUM>
</Institution>
<Performance_Institution>
<Name><![CDATA[Carnegie-Mellon University]]></Name>
<CityName>PITTSBURGH</CityName>
<StateCode>PA</StateCode>
<ZipCode>152133815</ZipCode>
<StreetAddress><![CDATA[5000 FORBES AVE]]></StreetAddress>
<CountryCode>US</CountryCode>
<CountryName>United States</CountryName>
<StateName>Pennsylvania</StateName>
<CountryFlag>1</CountryFlag>
<CONGRESSDISTRICT>12</CONGRESSDISTRICT>
<CONGRESS_DISTRICT_PERF>PA12</CONGRESS_DISTRICT_PERF>
</Performance_Institution>
<ProgramElement>
<Code>722700</Code>
<Text>ITEST-Inov Tech Exp Stu &amp; Teac</Text>
</ProgramElement>
<ProgramElement>
<Code>798000</Code>
<Text>ECR-EDU Core Research</Text>
</ProgramElement>
<ProgramReference>
<Code>8817</Code>
<Text>STEM Learning &amp; Learning Environments</Text>
</ProgramReference>
<ProgramReference>
<Code>9251</Code>
<Text>REU SUPP-Res Exp for Ugrd Supp</Text>
</ProgramReference>
<Appropriation>
<Code/>
<Name/>
<APP_SYMB_ID/>
</Appropriation>
<Appropriation>
<Code/>
<Name/>
<APP_SYMB_ID/>
</Appropriation>
<Appropriation>
<Code/>
<Name/>
<APP_SYMB_ID/>
</Appropriation>
<Fund>
<Code>04002324DB</Code>
<Name><![CDATA[NSF STEM Education]]></Name>
<FUND_SYMB_ID>040106</FUND_SYMB_ID>
</Fund>
<Fund>
<Code>1300PYXXDB</Code>
<Name><![CDATA[H-1B FUND, EDU, NSF]]></Name>
<FUND_SYMB_ID>045176</FUND_SYMB_ID>
</Fund>
<Fund>
<Code>04002425DB</Code>
<Name><![CDATA[NSF STEM Education]]></Name>
<FUND_SYMB_ID>040106</FUND_SYMB_ID>
</Fund>
<FUND_OBLG>2023~746475</FUND_OBLG>
<FUND_OBLG>2024~394929</FUND_OBLG>
</Award>
</rootTag>
