<?xml version="1.0" encoding="UTF-8"?>
<rootTag>
<Award>
<AwardTitle><![CDATA[I-Corps: Anti-Fogging Dental Mirror]]></AwardTitle>
<AGENCY>NSF</AGENCY>
<AwardEffectiveDate>01/01/2023</AwardEffectiveDate>
<AwardExpirationDate>12/31/2024</AwardExpirationDate>
<AwardTotalIntnAmount>50000.00</AwardTotalIntnAmount>
<AwardAmount>50000</AwardAmount>
<AwardInstrument>
<Value>Standard Grant</Value>
</AwardInstrument>
<Organization>
<Code>15030000</Code>
<Directorate>
<Abbreviation>TIP</Abbreviation>
<LongName>Dir for Tech, Innovation, &amp; Partnerships</LongName>
</Directorate>
<Division>
<Abbreviation>TI</Abbreviation>
<LongName>Translational Impacts</LongName>
</Division>
</Organization>
<ProgramOfficer>
<SignBlockName>Molly Wasko</SignBlockName>
<PO_EMAI>mwasko@nsf.gov</PO_EMAI>
<PO_PHON>7032924749</PO_PHON>
</ProgramOfficer>
<AbstractNarration>The broader impact/commercial potential of this I-Corps project is the development of modified dental mirrors. These mirrors are a critical tool used in the dental industry and are used for a range of purposes from routine cleaning to diagnosis to surgical preparation. Maintaining good visibility within the mouth is critical for these purposes. The temperature difference between the mouth and the mirror surface leads to fogging. This technology improves the visibility of tooth decay in patients to improve oral health through an anti-fogging dental mirror. This project has the potential to enhance student clinical research skills by exposing them to a wide variety of patient-oriented research. This project could offer a variety of didactic learning opportunities and in-house case presentations that are relevant to patient-oriented research.&lt;br/&gt;&lt;br/&gt;This I-Corps project is based on the development of a dental mirror design with a heating element to heat the surface of the dental mirror and a device to maintain operability after autoclave sterilization, critical for an intraoral application. The heating element consists of a mirror with the nichrome heating element, and a thermistor. The air flow cleansing mechanism uses an air regulator and air compressor to create controlled air flow and pressure to blow moisture away from the mirror surface. Rotation-induced cleansing uses a high-speed rotating mechanism to push condensation towards the edges of the mirror.&lt;br/&gt;&lt;br/&gt;This award reflects NSF's statutory mission and has been deemed worthy of support through evaluation using the Foundation's intellectual merit and broader impacts review criteria.</AbstractNarration>
<MinAmdLetterDate>12/21/2022</MinAmdLetterDate>
<MaxAmdLetterDate>01/02/2024</MaxAmdLetterDate>
<ARRAAmount/>
<TRAN_TYPE>Grant</TRAN_TYPE>
<CFDA_NUM>47.084</CFDA_NUM>
<NSF_PAR_USE_FLAG>1</NSF_PAR_USE_FLAG>
<FUND_AGCY_CODE>4900</FUND_AGCY_CODE>
<AWDG_AGCY_CODE>4900</AWDG_AGCY_CODE>
<AwardID>2301393</AwardID>
<Investigator>
<FirstName>Marie</FirstName>
<LastName>Latortue</LastName>
<PI_MID_INIT>C</PI_MID_INIT>
<PI_SUFX_NAME/>
<PI_FULL_NAME>Marie C Latortue</PI_FULL_NAME>
<EmailAddress><![CDATA[marie.c.latortue@uth.tmc.edu]]></EmailAddress>
<NSF_ID>000906842</NSF_ID>
<StartDate>12/21/2022</StartDate>
<EndDate/>
<RoleCode>Principal Investigator</RoleCode>
</Investigator>
<Institution>
<Name><![CDATA[The University of Texas Health Science Center at Houston]]></Name>
<CityName>HOUSTON</CityName>
<ZipCode>770303870</ZipCode>
<PhoneNumber>7135003999</PhoneNumber>
<StreetAddress><![CDATA[7000 FANNIN ST FL 9]]></StreetAddress>
<StreetAddress2/>
<CountryName>United States</CountryName>
<StateName>Texas</StateName>
<StateCode>TX</StateCode>
<CONGRESSDISTRICT>18</CONGRESSDISTRICT>
<CONGRESS_DISTRICT_ORG>TX18</CONGRESS_DISTRICT_ORG>
<ORG_UEI_NUM>ZUFBNVZ587D4</ORG_UEI_NUM>
<ORG_LGL_BUS_NAME>UNIVERSITY OF TEXAS HEALTH SCIENCE CENTER AT HOUSTON</ORG_LGL_BUS_NAME>
<ORG_PRNT_UEI_NUM/>
</Institution>
<Performance_Institution>
<Name><![CDATA[The University of Texas Health Science Center at Houston]]></Name>
<CityName>Houston</CityName>
<StateCode>TX</StateCode>
<ZipCode>770305400</ZipCode>
<StreetAddress><![CDATA[7000 FANNIN ST]]></StreetAddress>
<CountryCode>US</CountryCode>
<CountryName>United States</CountryName>
<StateName>Texas</StateName>
<CountryFlag>1</CountryFlag>
<CONGRESSDISTRICT>18</CONGRESSDISTRICT>
<CONGRESS_DISTRICT_PERF>TX18</CONGRESS_DISTRICT_PERF>
</Performance_Institution>
<ProgramElement>
<Code>802300</Code>
<Text>I-Corps</Text>
</ProgramElement>
<ProgramReference>
<Code>5345</Code>
<Text>BIOMEDICAL ENGINEERING</Text>
</ProgramReference>
<Appropriation>
<Code/>
<Name/>
<APP_SYMB_ID/>
</Appropriation>
<Fund>
<Code>01002324DB</Code>
<Name><![CDATA[NSF RESEARCH & RELATED ACTIVIT]]></Name>
<FUND_SYMB_ID>040100</FUND_SYMB_ID>
</Fund>
<FUND_OBLG>2023~50000</FUND_OBLG>
</Award>
</rootTag>
