<?xml version="1.0" encoding="UTF-8"?>
<rootTag>
<Award>
<AwardTitle><![CDATA[Doctoral Dissertation Research: Negation strategies in an endangered language]]></AwardTitle>
<AGENCY>NSF</AGENCY>
<AwardEffectiveDate>04/15/2023</AwardEffectiveDate>
<AwardExpirationDate>03/31/2025</AwardExpirationDate>
<AwardTotalIntnAmount>22746.00</AwardTotalIntnAmount>
<AwardAmount>22746</AwardAmount>
<AwardInstrument>
<Value>Standard Grant</Value>
</AwardInstrument>
<Organization>
<Code>04040000</Code>
<Directorate>
<Abbreviation>SBE</Abbreviation>
<LongName>Direct For Social, Behav &amp; Economic Scie</LongName>
</Directorate>
<Division>
<Abbreviation>BCS</Abbreviation>
<LongName>Division Of Behavioral and Cognitive Sci</LongName>
</Division>
</Organization>
<ProgramOfficer>
<SignBlockName>Wilson De Lima Silva</SignBlockName>
<PO_EMAI>widelima@nsf.gov</PO_EMAI>
<PO_PHON>7032927096</PO_PHON>
</ProgramOfficer>
<AbstractNarration>It is a universal of human language that if something can be expressed, it can also be negated. Yet the ways that languages encode the negation of sentences and smaller phrases varies quite a lot between languages and even between different types of utterances in the same language. This doctoral dissertation project enhances linguists' understanding of this variation by documenting the use of negation strategies in an endangered and under-documented language. Using this documentation, the co-PI describes and analyzes how various types of clauses and phrases in the language are negated and compares this with other negative strategies that exist in the world's languages. The project helps linguists to understand variation in negation and how negation interacts with other aspects of the language being documented. This analysis and documentation of a central but poorly understood and unusual aspect of the language's grammar provides an important resource for the community to preserve its language. The project also trains community members in documentation and data processing techniques, empowering them to study their own language and diversifying the field of linguistics.&lt;br/&gt;&lt;br/&gt;Using established methods for language documentation and fieldwork, both naturalistic and elicited speech are recorded in the target language. These recordings are transcribed, translated, and analyzed in consultation with native speakers. Data from related languages as well as other languages from around the world are used for a comparative analysis, contributing to the typological study of negation strategies. The language under study has clausal negation makers that show agreement with the subject of the clause, so the research advances linguists' understanding of how agreement and negation are connected. This doctoral dissertation project is made as part of a funding partnership between the National Science Foundation and the National Endowment for the Humanities for the NSF Dynamic Language Infrastructure – NEH Documenting Endangered Languages Program.&lt;br/&gt;&lt;br/&gt;This award reflects NSF's statutory mission and has been deemed worthy of support through evaluation using the Foundation's intellectual merit and broader impacts review criteria.</AbstractNarration>
<MinAmdLetterDate>04/11/2023</MinAmdLetterDate>
<MaxAmdLetterDate>04/11/2023</MaxAmdLetterDate>
<ARRAAmount/>
<TRAN_TYPE>Grant</TRAN_TYPE>
<CFDA_NUM>47.075</CFDA_NUM>
<NSF_PAR_USE_FLAG>1</NSF_PAR_USE_FLAG>
<FUND_AGCY_CODE>4900</FUND_AGCY_CODE>
<AWDG_AGCY_CODE>4900</AWDG_AGCY_CODE>
<AwardID>2301720</AwardID>
<Investigator>
<FirstName>Brent</FirstName>
<LastName>Henderson</LastName>
<PI_MID_INIT>M</PI_MID_INIT>
<PI_SUFX_NAME/>
<PI_FULL_NAME>Brent M Henderson</PI_FULL_NAME>
<EmailAddress><![CDATA[bhendrsn@ufl.edu]]></EmailAddress>
<NSF_ID>000484265</NSF_ID>
<StartDate>04/11/2023</StartDate>
<EndDate/>
<RoleCode>Principal Investigator</RoleCode>
</Investigator>
<Investigator>
<FirstName>Alexandrine</FirstName>
<LastName>Dunlap</LastName>
<PI_MID_INIT/>
<PI_SUFX_NAME/>
<PI_FULL_NAME>Alexandrine Dunlap</PI_FULL_NAME>
<EmailAddress><![CDATA[a.dunlap@ufl.edu]]></EmailAddress>
<NSF_ID>000907863</NSF_ID>
<StartDate>04/11/2023</StartDate>
<EndDate/>
<RoleCode>Co-Principal Investigator</RoleCode>
</Investigator>
<Institution>
<Name><![CDATA[University of Florida]]></Name>
<CityName>GAINESVILLE</CityName>
<ZipCode>326111941</ZipCode>
<PhoneNumber>3523923516</PhoneNumber>
<StreetAddress><![CDATA[1523 UNION RD RM 207]]></StreetAddress>
<StreetAddress2/>
<CountryName>United States</CountryName>
<StateName>Florida</StateName>
<StateCode>FL</StateCode>
<CONGRESSDISTRICT>03</CONGRESSDISTRICT>
<CONGRESS_DISTRICT_ORG>FL03</CONGRESS_DISTRICT_ORG>
<ORG_UEI_NUM>NNFQH1JAPEP3</ORG_UEI_NUM>
<ORG_LGL_BUS_NAME>UNIVERSITY OF FLORIDA</ORG_LGL_BUS_NAME>
<ORG_PRNT_UEI_NUM/>
</Institution>
<Performance_Institution>
<Name><![CDATA[University of Florida]]></Name>
<CityName>GAINESVILLE</CityName>
<StateCode>FL</StateCode>
<ZipCode>326111941</ZipCode>
<StreetAddress><![CDATA[1523 UNION RD RM 207]]></StreetAddress>
<CountryCode>US</CountryCode>
<CountryName>United States</CountryName>
<StateName>Florida</StateName>
<CountryFlag>1</CountryFlag>
<CONGRESSDISTRICT>03</CONGRESSDISTRICT>
<CONGRESS_DISTRICT_PERF>FL03</CONGRESS_DISTRICT_PERF>
</Performance_Institution>
<ProgramElement>
<Code>123Y00</Code>
<Text>DLI DDRIG-DynLangInfrast DDRIG</Text>
</ProgramElement>
<ProgramReference>
<Code>5928</Code>
<Text>AFRICA AND ASIA,OTHER</Text>
</ProgramReference>
<ProgramReference>
<Code>7719</Code>
<Text>DEL</Text>
</ProgramReference>
<ProgramReference>
<Code>9179</Code>
<Text>GRADUATE INVOLVEMENT</Text>
</ProgramReference>
<ProgramReference>
<Code>SMET</Code>
<Text>SCIENCE, MATH, ENG &amp; TECH EDUCATION</Text>
</ProgramReference>
<Appropriation>
<Code/>
<Name/>
<APP_SYMB_ID/>
</Appropriation>
<Fund>
<Code>01002324DB</Code>
<Name><![CDATA[NSF RESEARCH & RELATED ACTIVIT]]></Name>
<FUND_SYMB_ID>040100</FUND_SYMB_ID>
</Fund>
<FUND_OBLG>2023~22746</FUND_OBLG>
</Award>
</rootTag>
