<?xml version="1.0" encoding="UTF-8"?>
<rootTag>
<Award>
<AwardTitle><![CDATA[Collaborative Research: Development of a Nanofabrication Lab Manual Featuring a Suite of Low-Cost Experiments to Enable Hands-On Training at Community and Technical Colleges]]></AwardTitle>
<AGENCY>NSF</AGENCY>
<AwardEffectiveDate>10/01/2023</AwardEffectiveDate>
<AwardExpirationDate>09/30/2026</AwardExpirationDate>
<AwardTotalIntnAmount>36152.00</AwardTotalIntnAmount>
<AwardAmount>36152</AwardAmount>
<AwardInstrument>
<Value>Standard Grant</Value>
</AwardInstrument>
<Organization>
<Code>11040100</Code>
<Directorate>
<Abbreviation>EDU</Abbreviation>
<LongName>Directorate for STEM Education</LongName>
</Directorate>
<Division>
<Abbreviation>DUE</Abbreviation>
<LongName>Division Of Undergraduate Education</LongName>
</Division>
</Organization>
<ProgramOfficer>
<SignBlockName>Virginia Carter</SignBlockName>
<PO_EMAI>vccarter@nsf.gov</PO_EMAI>
<PO_PHON>7032924651</PO_PHON>
</ProgramOfficer>
<AbstractNarration>Semiconductors in the form of integrated circuits (ICs), or chips, are an integral part of our technology-driven world. The need for chips has risen sharply while the supply has fallen short of the demand worldwide. Before the end of the last century the United States (US) led the world in chipmaking. However, the US now provides less than 10% of the world need, and the leadership of chip supply is dominated by other countries. Semiconductor products are critical to our economic and national security and rank the fifth largest US export sector providing approximately 250,000 jobs in the United States. This project will explore an innovative way to increase the chipmaking workforce numbers required to meet this national need by eliminating the expensive and complex infrastructure (e.g., cleanrooms, fabrication equipment) traditionally required to train and educate individuals in this area.  &lt;br/&gt;&lt;br/&gt;This project will develop a lab manual featuring low-cost experiments that closely represent the methods used in the chipmaking industry.  The manual will feature experiments for students to demonstrate their learning in a hands-on fashion. The lessons in the manual will specifically be designed to be transferrable to any community college (CC) seeking to offer degree tracks in micro and nanotechnology (i.e., chipmaking) to dynamically meet the local industry demand.  Instructor guides will include student assessment rubrics to measure learning outcomes. After development, partnering CC’s will review the manual and evaluate the experiments.  The manual will be further optimized and evaluated before widespread dissemination through national conferences and professional development activities.  This manual will be used as both an outreach tool and a training resource to help cultivate and develop the workforce required to fill the US chipmaking sector.  This project, in response to the Enhancing Engineering Technology and Advanced Semiconductor Manufacturing Technician Education Dear Colleague Letter (22-120), is funded by the Advanced Technological Education program that focuses on the education of technicians for the advanced-technology fields that drive the Nation's economy.&lt;br/&gt;&lt;br/&gt;This award reflects NSF's statutory mission and has been deemed worthy of support through evaluation using the Foundation's intellectual merit and broader impacts review criteria.</AbstractNarration>
<MinAmdLetterDate>09/15/2023</MinAmdLetterDate>
<MaxAmdLetterDate>09/15/2023</MaxAmdLetterDate>
<ARRAAmount/>
<TRAN_TYPE>Grant</TRAN_TYPE>
<CFDA_NUM>47.076</CFDA_NUM>
<NSF_PAR_USE_FLAG>1</NSF_PAR_USE_FLAG>
<FUND_AGCY_CODE>4900</FUND_AGCY_CODE>
<AWDG_AGCY_CODE>4900</AWDG_AGCY_CODE>
<AwardID>2301140</AwardID>
<Investigator>
<FirstName>Robert</FirstName>
<LastName>Collins</LastName>
<PI_MID_INIT>W</PI_MID_INIT>
<PI_SUFX_NAME/>
<PI_FULL_NAME>Robert W Collins</PI_FULL_NAME>
<EmailAddress><![CDATA[r.w.collins2@sunyocc.edu]]></EmailAddress>
<NSF_ID>000904513</NSF_ID>
<StartDate>09/15/2023</StartDate>
<EndDate/>
<RoleCode>Principal Investigator</RoleCode>
</Investigator>
<Institution>
<Name><![CDATA[SUNY Onondaga Community College]]></Name>
<CityName>SYRACUSE</CityName>
<ZipCode>132154580</ZipCode>
<PhoneNumber>3154982581</PhoneNumber>
<StreetAddress><![CDATA[4585 W SENECA TPKE]]></StreetAddress>
<StreetAddress2/>
<CountryName>United States</CountryName>
<StateName>New York</StateName>
<StateCode>NY</StateCode>
<CONGRESSDISTRICT>22</CONGRESSDISTRICT>
<CONGRESS_DISTRICT_ORG>NY22</CONGRESS_DISTRICT_ORG>
<ORG_UEI_NUM>SJHAGXNEXB51</ORG_UEI_NUM>
<ORG_LGL_BUS_NAME>ONONDAGA COMMUNITY COLLEGE</ORG_LGL_BUS_NAME>
<ORG_PRNT_UEI_NUM/>
</Institution>
<Performance_Institution>
<Name><![CDATA[SUNY Onondaga Community College]]></Name>
<CityName>SYRACUSE</CityName>
<StateCode>NY</StateCode>
<ZipCode>132152001</ZipCode>
<StreetAddress><![CDATA[4585 W SENECA TURNPIKE]]></StreetAddress>
<CountryCode>US</CountryCode>
<CountryName>United States</CountryName>
<StateName>New York</StateName>
<CountryFlag>1</CountryFlag>
<CONGRESSDISTRICT>22</CONGRESSDISTRICT>
<CONGRESS_DISTRICT_PERF>NY22</CONGRESS_DISTRICT_PERF>
</Performance_Institution>
<ProgramElement>
<Code>741200</Code>
<Text>Advanced Tech Education Prog</Text>
</ProgramElement>
<ProgramReference>
<Code>1032</Code>
<Text>ADVANCED TECHNOLOGY EDUCATION</Text>
</ProgramReference>
<ProgramReference>
<Code>9178</Code>
<Text>UNDERGRADUATE EDUCATION</Text>
</ProgramReference>
<ProgramReference>
<Code>SMET</Code>
<Text>SCIENCE, MATH, ENG &amp; TECH EDUCATION</Text>
</ProgramReference>
<Appropriation>
<Code/>
<Name/>
<APP_SYMB_ID/>
</Appropriation>
<Fund>
<Code>04002324DB</Code>
<Name><![CDATA[NSF STEM Education]]></Name>
<FUND_SYMB_ID>040106</FUND_SYMB_ID>
</Fund>
<FUND_OBLG>2023~36152</FUND_OBLG>
</Award>
</rootTag>
