<?xml version="1.0" encoding="UTF-8"?>
<rootTag>
<Award>
<AwardTitle><![CDATA[Collaborative Research: HCC: Small: Computational Design and Application of Wearable Haptic Knits]]></AwardTitle>
<AGENCY>NSF</AGENCY>
<AwardEffectiveDate>05/15/2023</AwardEffectiveDate>
<AwardExpirationDate>04/30/2026</AwardExpirationDate>
<AwardTotalIntnAmount>271027.00</AwardTotalIntnAmount>
<AwardAmount>299027</AwardAmount>
<AwardInstrument>
<Value>Standard Grant</Value>
</AwardInstrument>
<Organization>
<Code>05020000</Code>
<Directorate>
<Abbreviation>CSE</Abbreviation>
<LongName>Direct For Computer &amp; Info Scie &amp; Enginr</LongName>
</Directorate>
<Division>
<Abbreviation>IIS</Abbreviation>
<LongName>Div Of Information &amp; Intelligent Systems</LongName>
</Division>
</Organization>
<ProgramOfficer>
<SignBlockName>Scott Robertson</SignBlockName>
<PO_EMAI>sroberts@nsf.gov</PO_EMAI>
<PO_PHON>7032922971</PO_PHON>
</ProgramOfficer>
<AbstractNarration>Social touch is a natural mode of communication between people and better understanding of how to convey social touch mechanistically will result in new forms of communication and increased capabilities of wearable devices that improve human health and quality of life. The importance of social touch is becoming more evident as we increase remote communication through email, text messages and videoconferencing. Prior work has shown that social touch can be replicated through wearable and holdable devices, but current devices are bulky and impractical. This research will combine principles of soft robotics and knit textiles of varying stiffness to design and fabricate a new kind of soft wearable haptic device, in which careful specification of stitch size, placement, and material in a knit sleeve will control the deformation of pneumatic bladders that apply force to the wearer. Project outcomes will advance knowledge in the field of social touch and human perception, and will lay the foundation for a variety of other types of knit-textile-based devices, including soft assistive devices. Additional broad impact will derive from activities designed to broaden participation of underrepresented groups in engineering through lab tours, outreach programs, and mentoring of students from groups that are underrepresented in engineering, and by making project findings available to a wide audience through an open-source materials library.&lt;br/&gt;&lt;br/&gt;Current soft wearable devices are bulky and impractical because they need stiff frames to ensure load transmission. The pixel-like control of material properties afforded by multi-material and multi-stitch knit textiles, on the other hand, can redirect force transmission to precise deformation modes efficiently and with a low profile. This project approaches designing, fabricating, and testing knit-enabled wearable devices in three thrusts. The first thrust will model and optimize knits to achieve target load and deformation profiles by using a combination of experimental material characterization and multiscale modeling to harness the full capabilities of the modern knitting process. The second thrust will design, fabricate, and test wearable pneumatic devices, including consideration for donning and doffing, actuator integration and interfacing, and device characterization. The third thrust will implement and test social touch cues using the device with pre-programmed haptic emojis and display of teleoperated social touch queues in real time. Taken together, these thrusts will create new forms of communication and lead to increased capabilities of wearable devices that improve human health and quality of life.&lt;br/&gt;&lt;br/&gt;This award reflects NSF's statutory mission and has been deemed worthy of support through evaluation using the Foundation's intellectual merit and broader impacts review criteria.</AbstractNarration>
<MinAmdLetterDate>05/05/2023</MinAmdLetterDate>
<MaxAmdLetterDate>04/15/2024</MaxAmdLetterDate>
<ARRAAmount/>
<TRAN_TYPE>Grant</TRAN_TYPE>
<CFDA_NUM>47.070</CFDA_NUM>
<NSF_PAR_USE_FLAG>1</NSF_PAR_USE_FLAG>
<FUND_AGCY_CODE>4900</FUND_AGCY_CODE>
<AWDG_AGCY_CODE>4900</AWDG_AGCY_CODE>
<AwardID>2301355</AwardID>
<Investigator>
<FirstName>Allison</FirstName>
<LastName>Okamura</LastName>
<PI_MID_INIT>M</PI_MID_INIT>
<PI_SUFX_NAME/>
<PI_FULL_NAME>Allison M Okamura</PI_FULL_NAME>
<EmailAddress><![CDATA[aokamura@stanford.edu]]></EmailAddress>
<NSF_ID>000443791</NSF_ID>
<StartDate>05/05/2023</StartDate>
<EndDate/>
<RoleCode>Principal Investigator</RoleCode>
</Investigator>
<Institution>
<Name><![CDATA[Stanford University]]></Name>
<CityName>STANFORD</CityName>
<ZipCode>943052004</ZipCode>
<PhoneNumber>6507232300</PhoneNumber>
<StreetAddress><![CDATA[450 JANE STANFORD WAY]]></StreetAddress>
<StreetAddress2/>
<CountryName>United States</CountryName>
<StateName>California</StateName>
<StateCode>CA</StateCode>
<CONGRESSDISTRICT>16</CONGRESSDISTRICT>
<CONGRESS_DISTRICT_ORG>CA16</CONGRESS_DISTRICT_ORG>
<ORG_UEI_NUM>HJD6G4D6TJY5</ORG_UEI_NUM>
<ORG_LGL_BUS_NAME>THE LELAND STANFORD JUNIOR UNIVERSITY</ORG_LGL_BUS_NAME>
<ORG_PRNT_UEI_NUM/>
</Institution>
<Performance_Institution>
<Name><![CDATA[Stanford University]]></Name>
<CityName>Stanford</CityName>
<StateCode>CA</StateCode>
<ZipCode>943052004</ZipCode>
<StreetAddress><![CDATA[450 Jane Stanford Way]]></StreetAddress>
<CountryCode>US</CountryCode>
<CountryName>United States</CountryName>
<StateName>California</StateName>
<CountryFlag>1</CountryFlag>
<CONGRESSDISTRICT>16</CONGRESSDISTRICT>
<CONGRESS_DISTRICT_PERF>CA16</CONGRESS_DISTRICT_PERF>
</Performance_Institution>
<ProgramElement>
<Code>736700</Code>
<Text>HCC-Human-Centered Computing</Text>
</ProgramElement>
<ProgramReference>
<Code>7367</Code>
<Text>Cyber-Human Systems</Text>
</ProgramReference>
<ProgramReference>
<Code>7923</Code>
<Text>SMALL PROJECT</Text>
</ProgramReference>
<ProgramReference>
<Code>9251</Code>
<Text>REU SUPP-Res Exp for Ugrd Supp</Text>
</ProgramReference>
<Appropriation>
<Code/>
<Name/>
<APP_SYMB_ID/>
</Appropriation>
<Appropriation>
<Code/>
<Name/>
<APP_SYMB_ID/>
</Appropriation>
<Fund>
<Code>01002425DB</Code>
<Name><![CDATA[NSF RESEARCH & RELATED ACTIVIT]]></Name>
<FUND_SYMB_ID>040100</FUND_SYMB_ID>
</Fund>
<Fund>
<Code>01002324DB</Code>
<Name><![CDATA[NSF RESEARCH & RELATED ACTIVIT]]></Name>
<FUND_SYMB_ID>040100</FUND_SYMB_ID>
</Fund>
<FUND_OBLG>2023~279027</FUND_OBLG>
<FUND_OBLG>2024~20000</FUND_OBLG>
</Award>
</rootTag>
