<?xml version="1.0" encoding="UTF-8"?>
<rootTag>
<Award>
<AwardTitle><![CDATA[Collaborative Research: Examining the Longitudinal Development of Pre-Service Elementary Teachers’ Equitable Noticing of Children’s Mathematical Thinking]]></AwardTitle>
<AGENCY>NSF</AGENCY>
<AwardEffectiveDate>08/15/2023</AwardEffectiveDate>
<AwardExpirationDate>07/31/2027</AwardExpirationDate>
<AwardTotalIntnAmount>821018.00</AwardTotalIntnAmount>
<AwardAmount>406865</AwardAmount>
<AwardInstrument>
<Value>Continuing Grant</Value>
</AwardInstrument>
<Organization>
<Code>11090000</Code>
<Directorate>
<Abbreviation>EDU</Abbreviation>
<LongName>Directorate for STEM Education</LongName>
</Directorate>
<Division>
<Abbreviation>DRL</Abbreviation>
<LongName>Division Of Research On Learning</LongName>
</Division>
</Organization>
<ProgramOfficer>
<SignBlockName>Margret Hjalmarson</SignBlockName>
<PO_EMAI>mhjalmar@nsf.gov</PO_EMAI>
<PO_PHON>7032925186</PO_PHON>
</ProgramOfficer>
<AbstractNarration>Preparing teachers to create equitable mathematics classrooms is an ongoing challenge for teacher education. This begins with helping teachers focus on children's strengths and identities as mathematics learners. Then, teachers need to be able to respond to children's experiences, knowledge, and mathematical reasoning when planning and teaching. This is particularly important for groups that have been historically marginalized in mathematics (e.g., Black, Latinx, Indigenous, Asian American Pacific Islander). Teachers also need to consider how they can create change in their schools and districts for equitable mathematics teaching and learning. There is a need for resources for teacher education programs to help pre-service teachers learn about equitable mathematics approaches to teaching and learning. The project will also develop modules, resources, and tools for exploring how teachers' understanding of equity changes from their last year of the preparation program into their first year of teaching. The tools and resources can be shared with other teacher education programs. &lt;br/&gt;&lt;br/&gt;The project builds upon prior research about the use and development of micromodules to help preservice teachers develop positive attitudes towards mathematics, practice equitable noticing of mathematics and understand the sociopolitical influences on teaching and learning. An important component of equitable noticing is helping teachers recognize how children's identities, language and mathematical reasoning are central to learning. The research questions examine how instructional experiences for preservice teachers influence their equitable professional noticing and how teaching practices continue once they are first-year teachers. The longitudinal study uses an embedded mixed methods approach that collects data in mathematics teaching methods courses, student teaching and the first year of teaching. The research will incorporate the following data sources: an assessment suite called Multiple Assessments for Noticing Equitably (MANE), a video-based think-aloud protocol, semi-structured interviews, and other artifacts of the teacher education experience.&lt;br/&gt;&lt;br/&gt;This project is supported by NSF's EDU Core Research (ECR) Program and the Discovery Research preK-12 Program. The ECR program emphasizes fundamental STEM education research that generates foundational knowledge in the field. Investments are made in critical areas that are essential, broad and enduring: STEM learning and STEM learning environments, broadening participation in STEM, and STEM workforce development. The Discovery Research preK-12 program (DRK-12) seeks to significantly enhance the learning and teaching of science, technology, engineering, and mathematics (STEM) by preK-12 students and teachers, through research and development of innovative resources, models, and tools. Projects in the DRK-12 program build on fundamental research in STEM education and prior research and development efforts that provide theoretical and empirical justification for proposed projects.&lt;br/&gt;&lt;br/&gt;This award reflects NSF's statutory mission and has been deemed worthy of support through evaluation using the Foundation's intellectual merit and broader impacts review criteria.</AbstractNarration>
<MinAmdLetterDate>08/02/2023</MinAmdLetterDate>
<MaxAmdLetterDate>11/19/2023</MaxAmdLetterDate>
<ARRAAmount/>
<TRAN_TYPE>Grant</TRAN_TYPE>
<CFDA_NUM>47.076</CFDA_NUM>
<NSF_PAR_USE_FLAG>1</NSF_PAR_USE_FLAG>
<FUND_AGCY_CODE>4900</FUND_AGCY_CODE>
<AWDG_AGCY_CODE>4900</AWDG_AGCY_CODE>
<AwardID>2301114</AwardID>
<Investigator>
<FirstName>Cindy</FirstName>
<LastName>Jong</LastName>
<PI_MID_INIT/>
<PI_SUFX_NAME/>
<PI_FULL_NAME>Cindy Jong</PI_FULL_NAME>
<EmailAddress><![CDATA[cindy.jong@uky.edu]]></EmailAddress>
<NSF_ID>000083314</NSF_ID>
<StartDate>08/02/2023</StartDate>
<EndDate/>
<RoleCode>Co-Principal Investigator</RoleCode>
</Investigator>
<Investigator>
<FirstName>Jonathan</FirstName>
<LastName>Thomas</LastName>
<PI_MID_INIT/>
<PI_SUFX_NAME/>
<PI_FULL_NAME>Jonathan Thomas</PI_FULL_NAME>
<EmailAddress><![CDATA[jonathan.thomas1@uky.edu]]></EmailAddress>
<NSF_ID>000562297</NSF_ID>
<StartDate>08/02/2023</StartDate>
<EndDate/>
<RoleCode>Principal Investigator</RoleCode>
</Investigator>
<Investigator>
<FirstName>Molly</FirstName>
<LastName>Fisher</LastName>
<PI_MID_INIT>H</PI_MID_INIT>
<PI_SUFX_NAME/>
<PI_FULL_NAME>Molly H Fisher</PI_FULL_NAME>
<EmailAddress><![CDATA[fishermolly@rowan.edu]]></EmailAddress>
<NSF_ID>000564726</NSF_ID>
<StartDate>08/02/2023</StartDate>
<EndDate/>
<RoleCode>Co-Principal Investigator</RoleCode>
</Investigator>
<Institution>
<Name><![CDATA[University of Kentucky Research Foundation]]></Name>
<CityName>LEXINGTON</CityName>
<ZipCode>405260001</ZipCode>
<PhoneNumber>8592579420</PhoneNumber>
<StreetAddress><![CDATA[500 S LIMESTONE]]></StreetAddress>
<StreetAddress2><![CDATA[109 KINKEAD HALL]]></StreetAddress2>
<CountryName>United States</CountryName>
<StateName>Kentucky</StateName>
<StateCode>KY</StateCode>
<CONGRESSDISTRICT>06</CONGRESSDISTRICT>
<CONGRESS_DISTRICT_ORG>KY06</CONGRESS_DISTRICT_ORG>
<ORG_UEI_NUM>H1HYA8Z1NTM5</ORG_UEI_NUM>
<ORG_LGL_BUS_NAME>UNIVERSITY OF KENTUCKY RESEARCH FOUNDATION, THE</ORG_LGL_BUS_NAME>
<ORG_PRNT_UEI_NUM/>
</Institution>
<Performance_Institution>
<Name><![CDATA[University of Kentucky Research Foundation]]></Name>
<CityName>LEXINGTON</CityName>
<StateCode>KY</StateCode>
<ZipCode>405260001</ZipCode>
<StreetAddress><![CDATA[500 S LIMESTONE 109 KINKEAD HALL]]></StreetAddress>
<CountryCode>US</CountryCode>
<CountryName>United States</CountryName>
<StateName>Kentucky</StateName>
<CountryFlag>1</CountryFlag>
<CONGRESSDISTRICT>06</CONGRESSDISTRICT>
<CONGRESS_DISTRICT_PERF>KY06</CONGRESS_DISTRICT_PERF>
</Performance_Institution>
<ProgramElement>
<Code>764500</Code>
<Text>Discovery Research K-12</Text>
</ProgramElement>
<ProgramElement>
<Code>798000</Code>
<Text>ECR-EDU Core Research</Text>
</ProgramElement>
<Appropriation>
<Code/>
<Name/>
<APP_SYMB_ID/>
</Appropriation>
<Fund>
<Code>04002324DB</Code>
<Name><![CDATA[NSF STEM Education]]></Name>
<FUND_SYMB_ID>040106</FUND_SYMB_ID>
</Fund>
<FUND_OBLG>2023~406865</FUND_OBLG>
</Award>
</rootTag>
