<?xml version="1.0" encoding="UTF-8"?>
<rootTag>
<Award>
<AwardTitle><![CDATA[Improving Flexible Attention to Numerical and Spatial Magnitudes in Young Children]]></AwardTitle>
<AGENCY>NSF</AGENCY>
<AwardEffectiveDate>06/01/2023</AwardEffectiveDate>
<AwardExpirationDate>05/31/2028</AwardExpirationDate>
<AwardTotalIntnAmount>702643.00</AwardTotalIntnAmount>
<AwardAmount>274653</AwardAmount>
<AwardInstrument>
<Value>Continuing Grant</Value>
</AwardInstrument>
<Organization>
<Code>11090000</Code>
<Directorate>
<Abbreviation>EDU</Abbreviation>
<LongName>Directorate for STEM Education</LongName>
</Directorate>
<Division>
<Abbreviation>DRL</Abbreviation>
<LongName>Division Of Research On Learning</LongName>
</Division>
</Organization>
<ProgramOfficer>
<SignBlockName>David Daniel</SignBlockName>
<PO_EMAI>ddaniel@nsf.gov</PO_EMAI>
<PO_PHON>7032920000</PO_PHON>
</ProgramOfficer>
<AbstractNarration>Mathematical skills are essential for STEM careers, as well as crucial tools in everyday life, from financial planning to medical decision-making. Unfortunately, many students fail to reach their potential in these skills. One of the challenges that preschool-aged children face when acquiring an understanding of numbers is distinguishing between numerical magnitudes (like three elephants) and spatial magnitudes (like the size of an elephant). Prior research suggests that children often focus on the size of the objects instead of the exact number of objects (for example, when comparing 3 elephants to 6 mice, children often mistakenly say that there is a greater number of elephants than mice). The ability to flexibly pay attention to both numerical and spatial magnitudes and then determine which magnitudes are relevant for a given situation is referred to as “flexible attention to magnitudes” (FAM). This project aims to understand the development of young children’s flexible attention to magnitudes skill and how it can best be supported by specific experiences in early childhood. It is hypothesized that this skill is essential to later mathematical thinking and is an important skill for many mathematical activities, such as number line estimation and proportional reasoning.&lt;br/&gt;&lt;br/&gt;The proposed studies are designed to identify specific mechanisms that lead to improvements in flexible attention to magnitudes (FAM) skills. The first aim of these studies is to examine the roles of mathematical language and visual experience as potential causal mechanisms that drive improvement in this skill in young children. The second aim is to determine whether improving flexible attention to magnitudes skill has a causal effect on mathematics achievement. The third aim is to test whether an intervention leads to durable improvements in flexible attention to magnitudes skill and mathematics achievement, and far transfer to executive function skills. The fourth aim is to explore whether the impact of flexible attention to magnitudes instruction depends on students’ socioeconomic status (SES) and initial number word knowledge. These aims will be tested with young children ages 3 - 5 years via three experimenter-led studies using pretest-intervention-posttest designs. Each study will compare reading books with specific types of FAM content to each other and to an active control. Study 1 will test the effects of mathematical language and Study 2 will examine the role of visual experience on FAM skill and mathematics achievement. Study 3 will examine gains in FAM skill and mathematics achievement at a delayed post-test, and far transfer to executive function skills. Study 4 will pool data from Studies 2 and 3 to provide a well-powered test of SES and number knowledge as moderators of the effects of FAM intervention. These studies will build a theoretical model of how FAM skill develops and impacts other skills, while simultaneously laying the foundation for larger-scale interventions aimed at improving children’s mathematics skills.&lt;br/&gt;&lt;br/&gt;This project is supported by NSF's EDU Core Research (ECR) program. The ECR program emphasizes fundamental STEM education research that generates foundational knowledge in the field. Investments are made in critical areas that are essential, broad and enduring: STEM learning and STEM learning environments, broadening participation in STEM, and STEM workforce development.&lt;br/&gt;&lt;br/&gt;This award reflects NSF's statutory mission and has been deemed worthy of support through evaluation using the Foundation's intellectual merit and broader impacts review criteria.</AbstractNarration>
<MinAmdLetterDate>05/19/2023</MinAmdLetterDate>
<MaxAmdLetterDate>07/17/2024</MaxAmdLetterDate>
<ARRAAmount/>
<TRAN_TYPE>Grant</TRAN_TYPE>
<CFDA_NUM>47.076</CFDA_NUM>
<NSF_PAR_USE_FLAG>1</NSF_PAR_USE_FLAG>
<FUND_AGCY_CODE>4900</FUND_AGCY_CODE>
<AWDG_AGCY_CODE>4900</AWDG_AGCY_CODE>
<AwardID>2301009</AwardID>
<Investigator>
<FirstName>Mary</FirstName>
<LastName>Wagner</LastName>
<PI_MID_INIT/>
<PI_SUFX_NAME/>
<PI_FULL_NAME>Mary Wagner</PI_FULL_NAME>
<EmailAddress><![CDATA[mfuhs1@udayton.edu]]></EmailAddress>
<NSF_ID>000903339</NSF_ID>
<StartDate>05/19/2023</StartDate>
<EndDate/>
<RoleCode>Principal Investigator</RoleCode>
</Investigator>
<Institution>
<Name><![CDATA[University of Dayton]]></Name>
<CityName>DAYTON</CityName>
<ZipCode>454690001</ZipCode>
<PhoneNumber>9372292919</PhoneNumber>
<StreetAddress><![CDATA[300 COLLEGE PARK AVE]]></StreetAddress>
<StreetAddress2/>
<CountryName>United States</CountryName>
<StateName>Ohio</StateName>
<StateCode>OH</StateCode>
<CONGRESSDISTRICT>10</CONGRESSDISTRICT>
<CONGRESS_DISTRICT_ORG>OH10</CONGRESS_DISTRICT_ORG>
<ORG_UEI_NUM>V62NC51F7YV1</ORG_UEI_NUM>
<ORG_LGL_BUS_NAME>UNIVERSITY OF DAYTON</ORG_LGL_BUS_NAME>
<ORG_PRNT_UEI_NUM>V62NC51F7YV1</ORG_PRNT_UEI_NUM>
</Institution>
<Performance_Institution>
<Name><![CDATA[University of Dayton]]></Name>
<CityName>DAYTON</CityName>
<StateCode>OH</StateCode>
<ZipCode>454690001</ZipCode>
<StreetAddress><![CDATA[300 COLLEGE PARK]]></StreetAddress>
<CountryCode>US</CountryCode>
<CountryName>United States</CountryName>
<StateName>Ohio</StateName>
<CountryFlag>1</CountryFlag>
<CONGRESSDISTRICT>10</CONGRESSDISTRICT>
<CONGRESS_DISTRICT_PERF>OH10</CONGRESS_DISTRICT_PERF>
</Performance_Institution>
<ProgramElement>
<Code>798000</Code>
<Text>ECR-EDU Core Research</Text>
</ProgramElement>
<ProgramReference>
<Code>8817</Code>
<Text>STEM Learning &amp; Learning Environments</Text>
</ProgramReference>
<Appropriation>
<Code/>
<Name/>
<APP_SYMB_ID/>
</Appropriation>
<Appropriation>
<Code/>
<Name/>
<APP_SYMB_ID/>
</Appropriation>
<Fund>
<Code>04002425DB</Code>
<Name><![CDATA[NSF STEM Education]]></Name>
<FUND_SYMB_ID>040106</FUND_SYMB_ID>
</Fund>
<Fund>
<Code>04002324DB</Code>
<Name><![CDATA[NSF STEM Education]]></Name>
<FUND_SYMB_ID>040106</FUND_SYMB_ID>
</Fund>
<FUND_OBLG>2023~139870</FUND_OBLG>
<FUND_OBLG>2024~134783</FUND_OBLG>
</Award>
</rootTag>
