<?xml version="1.0" encoding="UTF-8"?>
<rootTag>
<Award>
<AwardTitle><![CDATA[Collaborative Research: Incorporating secondary foundation species in coastal restoration efforts to increase ecosystem regrowth, biodiversity recovery and climate resistance]]></AwardTitle>
<AGENCY>NSF</AGENCY>
<AwardEffectiveDate>05/01/2023</AwardEffectiveDate>
<AwardExpirationDate>04/30/2026</AwardExpirationDate>
<AwardTotalIntnAmount>442219.00</AwardTotalIntnAmount>
<AwardAmount>442219</AwardAmount>
<AwardInstrument>
<Value>Standard Grant</Value>
</AwardInstrument>
<Organization>
<Code>08010000</Code>
<Directorate>
<Abbreviation>BIO</Abbreviation>
<LongName>Direct For Biological Sciences</LongName>
</Directorate>
<Division>
<Abbreviation>DEB</Abbreviation>
<LongName>Division Of Environmental Biology</LongName>
</Division>
</Organization>
<ProgramOfficer>
<SignBlockName>Colette St. Mary</SignBlockName>
<PO_EMAI>cstmary@nsf.gov</PO_EMAI>
<PO_PHON>7032924332</PO_PHON>
</ProgramOfficer>
<AbstractNarration>Ecological restoration is an important tool to combat habitat degradation, biodiversity loss, and climate change. However, ecological restoration is extremely challenging. It requires building partnerships across researchers, conservationists, and managers to co-develop, test, and refine new science-informed solutions that will improve restoration success, lower costs, and increase efficiency. Restoration in coastal systems has historically taken a single-species approach that focuses on reducing environmental stress, avoiding competition, and excluding interactions with other organisms. Previous work by the investigators is challenging this paradigm and has demonstrated that beneficial interactions among and across species are key to organismal and ecosystem resistance to the high physical stress that is common in restoration. Harnessing mutually beneficial, or positive species interactions has the potential to increase restoration yields at little or no extra cost. This project unites non-profit restoration practitioners with scientists to test and systematically incorporate mutually beneficial interactions in large-scale restoration to increase habitat growth, resistance to environmental stress, and re-establish biodiversity. This work will occur in three invaluable coastal ecosystems that have severely declined due to anthropogenic activities and therefore are the target of extensive conservation efforts – oyster reefs, salt marshes, and seagrass meadows. Results of this work will inform restoration strategies and be integrated into easy to understand training materials (e.g. step-by-step guides and workshops) that will be distributed to interested stakeholders. This work will support and train a number of conservation scientists across the research institutions and other organizations, and provide hands-on training and demonstrative case-studies of new and easy to implement restoration techniques. &lt;br/&gt;&lt;br/&gt;Foundation species, such as salt marsh grass, seagrasses, and oysters, are habitat-forming organisms that create locally stable conditions for other organisms. Secondary foundation species (SFS) are habitat-forming organisms that establish after and within a primary foundation species (PFS) that further modify and enhance ecosystem functions and structure. Inclusion of facilitation between co-occurring primary and secondary foundation species in restoration designs has the potential to increase ecosystem regrowth as well as elevate biodiversity of inhabitants and climate resistance. The overarching objective of the proposed research is to work in concert with conservation organizations to test and co-design evidence-based approaches that restore secondary foundation species to increase the growth of primary foundation species and site biodiversity, while enhancing key ecosystem functions (e.g., climate resistance of restored habitats). Specifically, this project will: 1) Test how enhancing previously restored sites with either complementary or similar SFS at both low and high abundances affects PFS growth, local biodiversity, and key ecosystem functions, 2) Co-restore PFS with either complementary or similar SFS at both low and high abundances in a fully-factorial experiment to test for the relative ability to increase PFS growth, local biodiversity, and important ecosystem functions in newly restored systems, and 3) Survey previously restored habitats and reference sites to quantify and correlate SFS abundance and complementarity with changes in PFS abundance, local biodiversity and ecosystem function to test the generality of SFS effects.&lt;br/&gt;&lt;br/&gt;This project is being supported via a joint program involving the Divisions of Environmental Biology and Integrative Organismal Systems and the Paul G. Allen Family Foundation.&lt;br/&gt;&lt;br/&gt;This award reflects NSF's statutory mission and has been deemed worthy of support through evaluation using the Foundation's intellectual merit and broader impacts review criteria.</AbstractNarration>
<MinAmdLetterDate>03/21/2023</MinAmdLetterDate>
<MaxAmdLetterDate>03/21/2023</MaxAmdLetterDate>
<ARRAAmount/>
<TRAN_TYPE>Grant</TRAN_TYPE>
<CFDA_NUM>47.074</CFDA_NUM>
<NSF_PAR_USE_FLAG>1</NSF_PAR_USE_FLAG>
<FUND_AGCY_CODE>4900</FUND_AGCY_CODE>
<AWDG_AGCY_CODE>4900</AWDG_AGCY_CODE>
<AwardID>2301959</AwardID>
<Investigator>
<FirstName>Yin San</FirstName>
<LastName>Zhang</LastName>
<PI_MID_INIT/>
<PI_SUFX_NAME/>
<PI_FULL_NAME>Yin San Zhang</PI_FULL_NAME>
<EmailAddress><![CDATA[yszhang@ncsu.edu]]></EmailAddress>
<NSF_ID>000866528</NSF_ID>
<StartDate>03/21/2023</StartDate>
<EndDate/>
<RoleCode>Principal Investigator</RoleCode>
</Investigator>
<Institution>
<Name><![CDATA[North Carolina State University]]></Name>
<CityName>RALEIGH</CityName>
<ZipCode>276950001</ZipCode>
<PhoneNumber>9195152444</PhoneNumber>
<StreetAddress><![CDATA[2601 WOLF VILLAGE WAY]]></StreetAddress>
<StreetAddress2/>
<CountryName>United States</CountryName>
<StateName>North Carolina</StateName>
<StateCode>NC</StateCode>
<CONGRESSDISTRICT>02</CONGRESSDISTRICT>
<CONGRESS_DISTRICT_ORG>NC02</CONGRESS_DISTRICT_ORG>
<ORG_UEI_NUM>U3NVH931QJJ3</ORG_UEI_NUM>
<ORG_LGL_BUS_NAME>NORTH CAROLINA STATE UNIVERSITY</ORG_LGL_BUS_NAME>
<ORG_PRNT_UEI_NUM>U3NVH931QJJ3</ORG_PRNT_UEI_NUM>
</Institution>
<Performance_Institution>
<Name><![CDATA[North Carolina State University]]></Name>
<CityName>RALEIGH</CityName>
<StateCode>NC</StateCode>
<ZipCode>276957214</ZipCode>
<StreetAddress><![CDATA[2601 WOLF VILLAGE WAY]]></StreetAddress>
<CountryCode>US</CountryCode>
<CountryName>United States</CountryName>
<StateName>North Carolina</StateName>
<CountryFlag>1</CountryFlag>
<CONGRESSDISTRICT>02</CONGRESSDISTRICT>
<CONGRESS_DISTRICT_PERF>NC02</CONGRESS_DISTRICT_PERF>
</Performance_Institution>
<ProgramElement>
<Code>727500</Code>
<Text>Cross-BIO Activities</Text>
</ProgramElement>
<Appropriation>
<Code/>
<Name/>
<APP_SYMB_ID/>
</Appropriation>
<Fund>
<Code>01002324DB</Code>
<Name><![CDATA[NSF RESEARCH & RELATED ACTIVIT]]></Name>
<FUND_SYMB_ID>040100</FUND_SYMB_ID>
</Fund>
<FUND_OBLG>2023~442219</FUND_OBLG>
</Award>
</rootTag>
