<?xml version="1.0" encoding="UTF-8"?>
<rootTag>
<Award>
<AwardTitle><![CDATA[ERI: Solubility-Boosting Effect of Lattice Impurities in Anisotropic Crystals]]></AwardTitle>
<AGENCY>NSF</AGENCY>
<AwardEffectiveDate>05/15/2023</AwardEffectiveDate>
<AwardExpirationDate>04/30/2025</AwardExpirationDate>
<AwardTotalIntnAmount>199897.00</AwardTotalIntnAmount>
<AwardAmount>199897</AwardAmount>
<AwardInstrument>
<Value>Standard Grant</Value>
</AwardInstrument>
<Organization>
<Code>07020000</Code>
<Directorate>
<Abbreviation>ENG</Abbreviation>
<LongName>Directorate For Engineering</LongName>
</Directorate>
<Division>
<Abbreviation>CBET</Abbreviation>
<LongName>Div Of Chem, Bioeng, Env, &amp; Transp Sys</LongName>
</Division>
</Organization>
<ProgramOfficer>
<SignBlockName>Rohit Ramachandran</SignBlockName>
<PO_EMAI>rramacha@nsf.gov</PO_EMAI>
<PO_PHON>7032927258</PO_PHON>
</ProgramOfficer>
<AbstractNarration>Understanding particle solubility is critical for the design of industrial crystallizers, semiconductor manufacturing operations, and separation processes such as reverse osmosis desalination, where unwanted scaling is an operational challenge. It is an important design consideration in the synthesis of pharmaceuticals where control of solubility is required for optimal drug delivery.  The lack of solubility control also can be a limiting factor in the formulation of food products and diet supplements. Past studies of the solubility of crystalline materials have focused on the effects of crystal lattice structure and liquid composition on solubility. These studies have largely ignored the role composition variations within individual crystals play in solubility, likely due to the difficulty of measuring these variations. This project will investigate whether compositional variations within a crystal can result in different solubilities among the crystal facets, resulting in uneven growth or dissolution within individual crystals. The research will challenge current models of crystal growth and dissolution processes and will produce new insights into how impurities are released from crystalline materials, creating new routes to extracting potentially toxic impurities from pharmaceutical products. The project will contribute to the education of ten to twenty undergraduate students and one Ph.D. student, who will gain hands-on experience with crystallization processes and analysis of crystalline materials, a skillset valued in the pharmaceutical industry but rarely found in graduates joining the U.S. workforce.&lt;br/&gt;&lt;br/&gt;This project presents a new approach to studying the effect of lattice-incorporated impurities on crystal solubility. The proposal is based on the premise that crystals can exhibit differing degrees of composition anisotropy, with certain regions being entirely responsible for hosting impurities. This motivates the research plan to investigate the effect that lattice impurities have on crystal form stability and solubility, that these properties should be studied with respect to individual crystal facets and not on powders (of crystals) as a whole. This project sets out to prove the hypothesis that a single crystal may present multiple solubility values across its lattice, and that those differences can be leveraged in the design of novel impurity separation strategies. This research project is divided in two research aims. In Aim 1, research will concentrate on characterizing anisotropy of impurities within single crystals and investigating how impurity gradients affect dissolution and growth. Aim 2 will then expand to the study of crystal suspension aging dynamics by investigating how coexisting pure and impure lattices affect the dissolution and growth behaviors during suspension aging. The research will make use of model anisotropic systems with transparent solutes and opaque impurities, where the presence and extent of anisotropy can be easily studied. The proposed research is integrated with an education plan that will provide undergraduate and graduate students with specialized skills in separation processes and materials science, as well as with experience working in multidisciplinary teams. The undergraduate students will be divided into two groups, aligned with the two Aims of the research proposal, resulting in an effective mechanism for integrating the PI’s research and education efforts.&lt;br/&gt;&lt;br/&gt;This award reflects NSF's statutory mission and has been deemed worthy of support through evaluation using the Foundation's intellectual merit and broader impacts review criteria.</AbstractNarration>
<MinAmdLetterDate>05/02/2023</MinAmdLetterDate>
<MaxAmdLetterDate>05/02/2023</MaxAmdLetterDate>
<ARRAAmount/>
<TRAN_TYPE>Grant</TRAN_TYPE>
<CFDA_NUM>47.041</CFDA_NUM>
<NSF_PAR_USE_FLAG>1</NSF_PAR_USE_FLAG>
<FUND_AGCY_CODE>4900</FUND_AGCY_CODE>
<AWDG_AGCY_CODE>4900</AWDG_AGCY_CODE>
<AwardID>2301629</AwardID>
<Investigator>
<FirstName>Gerard</FirstName>
<LastName>Capellades Mendez</LastName>
<PI_MID_INIT/>
<PI_SUFX_NAME/>
<PI_FULL_NAME>Gerard Capellades Mendez</PI_FULL_NAME>
<EmailAddress><![CDATA[capellades@rowan.edu]]></EmailAddress>
<NSF_ID>000879890</NSF_ID>
<StartDate>05/02/2023</StartDate>
<EndDate/>
<RoleCode>Principal Investigator</RoleCode>
</Investigator>
<Institution>
<Name><![CDATA[Rowan University]]></Name>
<CityName>GLASSBORO</CityName>
<ZipCode>080281700</ZipCode>
<PhoneNumber>8562564057</PhoneNumber>
<StreetAddress><![CDATA[201 MULLICA HILL RD]]></StreetAddress>
<StreetAddress2/>
<CountryName>United States</CountryName>
<StateName>New Jersey</StateName>
<StateCode>NJ</StateCode>
<CONGRESSDISTRICT>01</CONGRESSDISTRICT>
<CONGRESS_DISTRICT_ORG>NJ01</CONGRESS_DISTRICT_ORG>
<ORG_UEI_NUM>DMDEQP66JL85</ORG_UEI_NUM>
<ORG_LGL_BUS_NAME>ROWAN UNIVERSITY</ORG_LGL_BUS_NAME>
<ORG_PRNT_UEI_NUM/>
</Institution>
<Performance_Institution>
<Name><![CDATA[Rowan University]]></Name>
<CityName>GLASSBORO</CityName>
<StateCode>NJ</StateCode>
<ZipCode>080281700</ZipCode>
<StreetAddress><![CDATA[201 MULLICA HILL RD RT 322]]></StreetAddress>
<CountryCode>US</CountryCode>
<CountryName>United States</CountryName>
<StateName>New Jersey</StateName>
<CountryFlag>1</CountryFlag>
<CONGRESSDISTRICT>01</CONGRESSDISTRICT>
<CONGRESS_DISTRICT_PERF>NJ01</CONGRESS_DISTRICT_PERF>
</Performance_Institution>
<ProgramElement>
<Code>164200</Code>
<Text>Special Initiatives</Text>
</ProgramElement>
<Appropriation>
<Code/>
<Name/>
<APP_SYMB_ID/>
</Appropriation>
<Fund>
<Code>01002324DB</Code>
<Name><![CDATA[NSF RESEARCH & RELATED ACTIVIT]]></Name>
<FUND_SYMB_ID>040100</FUND_SYMB_ID>
</Fund>
<FUND_OBLG>2023~199897</FUND_OBLG>
</Award>
</rootTag>
