<?xml version="1.0" encoding="UTF-8"?>
<rootTag>
<Award>
<AwardTitle><![CDATA[SHINE: Understanding the Three-Part Structure of Coronal Mass Ejections Combining Data Analyses and Numerical Simulations]]></AwardTitle>
<AGENCY>NSF</AGENCY>
<AwardEffectiveDate>04/01/2023</AwardEffectiveDate>
<AwardExpirationDate>03/31/2026</AwardExpirationDate>
<AwardTotalIntnAmount>337583.00</AwardTotalIntnAmount>
<AwardAmount>337583</AwardAmount>
<AwardInstrument>
<Value>Standard Grant</Value>
</AwardInstrument>
<Organization>
<Code>06020000</Code>
<Directorate>
<Abbreviation>GEO</Abbreviation>
<LongName>Directorate For Geosciences</LongName>
</Directorate>
<Division>
<Abbreviation>AGS</Abbreviation>
<LongName>Div Atmospheric &amp; Geospace Sciences</LongName>
</Division>
</Organization>
<ProgramOfficer>
<SignBlockName>Lisa Winter</SignBlockName>
<PO_EMAI>lwinter@nsf.gov</PO_EMAI>
<PO_PHON>7032928519</PO_PHON>
</ProgramOfficer>
<AbstractNarration>Coronal mass ejections (CMEs) are powerful events that send plasma from the Sun throughout the solar system. They create space weather at Earth, which impacts human technology, particularly in space. This project will improve our understanding of the structure of CMEs through numerical simulations and analysis of observations. The work supports an early career scientist. The research team will participate in public outreach efforts geared towards the general public, students, and teachers.&lt;br/&gt;&lt;br/&gt;The project is a comprehensive analysis of the three-part structure of CMEs. It will combine multiple observations from NSF, NASA, and NOAA and numerical simulations. Three important science questions are addressed in order to better understand the CME structure and gain a general knowledge of the physical properties of the CME substructures: (1.) What is the CME structure observed in white-light coronagraphic images and where are the magnetic flux rope (MFR) and filament observed in coronagraphs? (a) In white-light coronagraphic images, does the bright core consist of the filament material, MFR structure, or both, and where is the bright core within the whole CME eruptive structure? (b) Are the observations of the filament and MFR in the low corona in EUV images consistent with the bright core and/or dark cavity in the middle and high corona in white-light images? (2.) Where is the CME trailing edge? Which signatures can be best used to identify the CME trailing edge in remote and in-situ observations and where is the CME trailing edge in white-light coronagraphic images? (3.) Can a consistent CME structure be identified in remote observation and in in-situ measurements? (a) Are the kinematics and evolution of the CME substructures (including the trailing edge) observed remotely consistent with those measured in situ? (b) Can the in-situ measurements be used to track back the CME substructures to the corona?&lt;br/&gt;&lt;br/&gt;This award reflects NSF's statutory mission and has been deemed worthy of support through evaluation using the Foundation's intellectual merit and broader impacts review criteria.</AbstractNarration>
<MinAmdLetterDate>03/30/2023</MinAmdLetterDate>
<MaxAmdLetterDate>03/30/2023</MaxAmdLetterDate>
<ARRAAmount/>
<TRAN_TYPE>Grant</TRAN_TYPE>
<CFDA_NUM>47.050</CFDA_NUM>
<NSF_PAR_USE_FLAG>1</NSF_PAR_USE_FLAG>
<FUND_AGCY_CODE>4900</FUND_AGCY_CODE>
<AWDG_AGCY_CODE>4900</AWDG_AGCY_CODE>
<AwardID>2301382</AwardID>
<Investigator>
<FirstName>Bin</FirstName>
<LastName>Zhuang</LastName>
<PI_MID_INIT/>
<PI_SUFX_NAME/>
<PI_FULL_NAME>Bin Zhuang</PI_FULL_NAME>
<EmailAddress><![CDATA[bin.zhuang@unh.edu]]></EmailAddress>
<NSF_ID>000879552</NSF_ID>
<StartDate>03/30/2023</StartDate>
<EndDate/>
<RoleCode>Principal Investigator</RoleCode>
</Investigator>
<Investigator>
<FirstName>Noe</FirstName>
<LastName>Lugaz</LastName>
<PI_MID_INIT/>
<PI_SUFX_NAME/>
<PI_FULL_NAME>Noe Lugaz</PI_FULL_NAME>
<EmailAddress><![CDATA[nlugaz@guero.sr.unh.edu]]></EmailAddress>
<NSF_ID>000077972</NSF_ID>
<StartDate>03/30/2023</StartDate>
<EndDate/>
<RoleCode>Co-Principal Investigator</RoleCode>
</Investigator>
<Institution>
<Name><![CDATA[University of New Hampshire]]></Name>
<CityName>DURHAM</CityName>
<ZipCode>038242620</ZipCode>
<PhoneNumber>6038622172</PhoneNumber>
<StreetAddress><![CDATA[51 COLLEGE RD]]></StreetAddress>
<StreetAddress2><![CDATA[BLDG 107]]></StreetAddress2>
<CountryName>United States</CountryName>
<StateName>New Hampshire</StateName>
<StateCode>NH</StateCode>
<CONGRESSDISTRICT>01</CONGRESSDISTRICT>
<CONGRESS_DISTRICT_ORG>NH01</CONGRESS_DISTRICT_ORG>
<ORG_UEI_NUM>GBNGC495XA67</ORG_UEI_NUM>
<ORG_LGL_BUS_NAME>UNIVERSITY SYSTEM OF NEW HAMPSHIRE</ORG_LGL_BUS_NAME>
<ORG_PRNT_UEI_NUM/>
</Institution>
<Performance_Institution>
<Name><![CDATA[University of New Hampshire]]></Name>
<CityName>DURHAM</CityName>
<StateCode>NH</StateCode>
<ZipCode>038242620</ZipCode>
<StreetAddress><![CDATA[51 COLLEGE RD SERVICE BLDG 107]]></StreetAddress>
<CountryCode>US</CountryCode>
<CountryName>United States</CountryName>
<StateName>New Hampshire</StateName>
<CountryFlag>1</CountryFlag>
<CONGRESSDISTRICT>01</CONGRESSDISTRICT>
<CONGRESS_DISTRICT_PERF>NH01</CONGRESS_DISTRICT_PERF>
</Performance_Institution>
<ProgramElement>
<Code>152300</Code>
<Text>SOLAR-TERRESTRIAL</Text>
</ProgramElement>
<ProgramReference>
<Code>9150</Code>
<Text>EXP PROG TO STIM COMP RES</Text>
</ProgramReference>
<Appropriation>
<Code/>
<Name/>
<APP_SYMB_ID/>
</Appropriation>
<Fund>
<Code>01002324DB</Code>
<Name><![CDATA[NSF RESEARCH & RELATED ACTIVIT]]></Name>
<FUND_SYMB_ID>040100</FUND_SYMB_ID>
</Fund>
<FUND_OBLG>2023~337583</FUND_OBLG>
</Award>
</rootTag>
