<?xml version="1.0" encoding="UTF-8"?>
<rootTag>
<Award>
<AwardTitle><![CDATA[Chromium isotope fractionation during oxidation of trivalent chromium by birnessite at near-neutral pH]]></AwardTitle>
<AGENCY>NSF</AGENCY>
<AwardEffectiveDate>06/15/2023</AwardEffectiveDate>
<AwardExpirationDate>05/31/2025</AwardExpirationDate>
<AwardTotalIntnAmount>248988.00</AwardTotalIntnAmount>
<AwardAmount>248988</AwardAmount>
<AwardInstrument>
<Value>Standard Grant</Value>
</AwardInstrument>
<Organization>
<Code>06030000</Code>
<Directorate>
<Abbreviation>GEO</Abbreviation>
<LongName>Directorate For Geosciences</LongName>
</Directorate>
<Division>
<Abbreviation>EAR</Abbreviation>
<LongName>Division Of Earth Sciences</LongName>
</Division>
</Organization>
<ProgramOfficer>
<SignBlockName>Margaret Fraiser</SignBlockName>
<PO_EMAI>mfraiser@nsf.gov</PO_EMAI>
<PO_PHON>7032924660</PO_PHON>
</ProgramOfficer>
<AbstractNarration>A specific type of chromium, hexavalent chromium, is a known carcinogen and common environmental contaminant. Chromium ranks fifth in importance among inorganic contaminants at superfund sites. Hexavalent chromium enters our environment from industrial releases and weathering of certain rocks. The research project advances understanding of chromium geochemistry in modern and past environments by applying a novel approach that uses specialized, highly precise measurements of the stable isotopes of chromium. The objectives of this approach include (1) “fingerprinting” chromium to distinguish and track chromium sources in the environment and (2) determining when toxic, mobile, hexavalent chromium converts to immobile, non-toxic, trivalent chromium. Such reactions occurred early in Earth’s history and the research helps identify how and when ancient earth systems shifted from a low oxygen state to an oxygen-rich environment that fostered development of complex life. The findings will advance practical use of chromium isotope measurements to improve management of chromium contamination in the environment.  To promote a diverse science workforce, the project provides environmental geochemical training for graduate and undergraduate students underrepresented in the geosciences. The research team provides geochemical content for outreach to a minority-serving school district, including a middle school girls geosciences summer camp.&lt;br/&gt;&lt;br/&gt;The research answers two outstanding questions regarding the fundamental drivers of chromium stable isotope variation. Chromium isotope measurements in modern waters and ancient rocks suggest that hexavalent chromium released by oxidative weathering is systematically enriched in heavy isotopes relative to trivalent Cr in the parent rock. This implies that oxidation of chromium favors the heavier isotopes, but the processes behind this phenomenon are paradoxical and not well understood. This presents a fundamental knowledge gap in our understanding of Cr isotope variations in both modern and ancient environments. The project targets two major questions: Does oxidation of solid-phase trivalent chromium at near-neutral pH generate significant chromium isotope shifts, and if so, does the magnitude of isotopic fractionation induced by chromium oxidation depend on geochemical variables such as pH, oxygen levels, and the type of chromium-bearing solids being oxidized? The project is answering these questions via a series of novel laboratory experiments wherein chromium present in three different solid forms, and in natural sediments, is oxidized under a range of relevant conditions by manganese oxides, the dominant chromium oxidant in natural settings.&lt;br/&gt;&lt;br/&gt;This award reflects NSF's statutory mission and has been deemed worthy of support through evaluation using the Foundation's intellectual merit and broader impacts review criteria.</AbstractNarration>
<MinAmdLetterDate>06/06/2023</MinAmdLetterDate>
<MaxAmdLetterDate>06/06/2023</MaxAmdLetterDate>
<ARRAAmount/>
<TRAN_TYPE>Grant</TRAN_TYPE>
<CFDA_NUM>47.050</CFDA_NUM>
<NSF_PAR_USE_FLAG>1</NSF_PAR_USE_FLAG>
<FUND_AGCY_CODE>4900</FUND_AGCY_CODE>
<AWDG_AGCY_CODE>4900</AWDG_AGCY_CODE>
<AwardID>2301484</AwardID>
<Investigator>
<FirstName>Thomas</FirstName>
<LastName>Johnson</LastName>
<PI_MID_INIT>M</PI_MID_INIT>
<PI_SUFX_NAME/>
<PI_FULL_NAME>Thomas M Johnson</PI_FULL_NAME>
<EmailAddress><![CDATA[tmjohnsn@illinois.edu]]></EmailAddress>
<NSF_ID>000165013</NSF_ID>
<StartDate>06/06/2023</StartDate>
<EndDate/>
<RoleCode>Principal Investigator</RoleCode>
</Investigator>
<Institution>
<Name><![CDATA[University of Illinois at Urbana-Champaign]]></Name>
<CityName>URBANA</CityName>
<ZipCode>618013620</ZipCode>
<PhoneNumber>2173332187</PhoneNumber>
<StreetAddress><![CDATA[506 S WRIGHT ST]]></StreetAddress>
<StreetAddress2/>
<CountryName>United States</CountryName>
<StateName>Illinois</StateName>
<StateCode>IL</StateCode>
<CONGRESSDISTRICT>13</CONGRESSDISTRICT>
<CONGRESS_DISTRICT_ORG>IL13</CONGRESS_DISTRICT_ORG>
<ORG_UEI_NUM>Y8CWNJRCNN91</ORG_UEI_NUM>
<ORG_LGL_BUS_NAME>UNIVERSITY OF ILLINOIS</ORG_LGL_BUS_NAME>
<ORG_PRNT_UEI_NUM>V2PHZ2CSCH63</ORG_PRNT_UEI_NUM>
</Institution>
<Performance_Institution>
<Name><![CDATA[University of Illinois at Urbana-Champaign]]></Name>
<CityName>URBANA</CityName>
<StateCode>IL</StateCode>
<ZipCode>618013620</ZipCode>
<StreetAddress><![CDATA[506 S WRIGHT ST]]></StreetAddress>
<CountryCode>US</CountryCode>
<CountryName>United States</CountryName>
<StateName>Illinois</StateName>
<CountryFlag>1</CountryFlag>
<CONGRESSDISTRICT>13</CONGRESSDISTRICT>
<CONGRESS_DISTRICT_PERF>IL13</CONGRESS_DISTRICT_PERF>
</Performance_Institution>
<ProgramElement>
<Code>729500</Code>
<Text>Geobiology &amp; Low-Temp Geochem</Text>
</ProgramElement>
<Appropriation>
<Code/>
<Name/>
<APP_SYMB_ID/>
</Appropriation>
<Fund>
<Code>01002324DB</Code>
<Name><![CDATA[NSF RESEARCH & RELATED ACTIVIT]]></Name>
<FUND_SYMB_ID>040100</FUND_SYMB_ID>
</Fund>
<FUND_OBLG>2023~248988</FUND_OBLG>
</Award>
</rootTag>
