<?xml version="1.0" encoding="UTF-8"?>
<rootTag>
<Award>
<AwardTitle><![CDATA[Algebraic Geometry of Hitchin Integrable Systems and Beyond]]></AwardTitle>
<AGENCY>NSF</AGENCY>
<AwardEffectiveDate>06/01/2023</AwardEffectiveDate>
<AwardExpirationDate>05/31/2026</AwardExpirationDate>
<AwardTotalIntnAmount>330000.00</AwardTotalIntnAmount>
<AwardAmount>222287</AwardAmount>
<AwardInstrument>
<Value>Continuing Grant</Value>
</AwardInstrument>
<Organization>
<Code>03040000</Code>
<Directorate>
<Abbreviation>MPS</Abbreviation>
<LongName>Direct For Mathematical &amp; Physical Scien</LongName>
</Directorate>
<Division>
<Abbreviation>DMS</Abbreviation>
<LongName>Division Of Mathematical Sciences</LongName>
</Division>
</Organization>
<ProgramOfficer>
<SignBlockName>Adriana Salerno</SignBlockName>
<PO_EMAI>asalerno@nsf.gov</PO_EMAI>
<PO_PHON>7032922271</PO_PHON>
</ProgramOfficer>
<AbstractNarration>This research project focuses on algebraic geometry and moduli spaces. Algebraic geometry is the study of varieties, which are in turn the sets of solutions of polynomial equations. Moduli spaces are parameter spaces of varieties, which concern the behavior of varieties as the defining polynomials vary. In the last few decades, fundamental connections have been found relating moduli spaces in algebraic geometry to other fields including representation theory, topology, and quantum field theory in mathematical physics. This project aims to study several classes of moduli spaces which lie at the crossroads of central areas in mathematics and physics. The investigator will develop new tools concerning these varieties, attack long standing questions, and explore new connections. These projects will increase communication between the communities of enumerative geometry, topology, Hodge theory, and mathematical physics. The new developments will generate more activities and offer questions for graduate students and postdocs who are interested in these areas. Graduate students will be supported by this award. &lt;br/&gt;&lt;br/&gt;The research of the investigator will center around three projects: (1) to study the P=W phenomenon and the topological mirror symmetry for general reductive groups. This will bridge more systematically symmetries of groups in representation theory and symmetries of moduli spaces in algebraic geometry; moreover, a local version of P=W will be explored concerning several conjectures relating algebraic geometry of singularities to knot invariants in topology; (2) to study Hodge theory of Lagrangian fibrations. This will connect the general theory of perverse sheaves and Hodge modules to concrete and interesting examples of integrable systems and symplectic varieties; (3) to study perverse sheaves in enumerative geometry. This concerns relating Gromov-Witten and Donaldson-Thomas invariants to the more mysterious work of Gopakumar and Vafa. This direction will provide new perspectives in understanding the connections between algebraic geometry and quantum physics. To achieve these goals, the investigator together with his collaborators and students, will develop a set of tools including support theorems associated with the decomposition theorem, vanishing cycles techniques, localization methods, techniques in algebraic geometry of positive characteristics, and symmetries in hyper-Kähler geometries.&lt;br/&gt;&lt;br/&gt;This award reflects NSF's statutory mission and has been deemed worthy of support through evaluation using the Foundation's intellectual merit and broader impacts review criteria.</AbstractNarration>
<MinAmdLetterDate>04/20/2023</MinAmdLetterDate>
<MaxAmdLetterDate>06/11/2024</MaxAmdLetterDate>
<ARRAAmount/>
<TRAN_TYPE>Grant</TRAN_TYPE>
<CFDA_NUM>47.049</CFDA_NUM>
<NSF_PAR_USE_FLAG>1</NSF_PAR_USE_FLAG>
<FUND_AGCY_CODE>4900</FUND_AGCY_CODE>
<AWDG_AGCY_CODE>4900</AWDG_AGCY_CODE>
<AwardID>2301474</AwardID>
<Investigator>
<FirstName>Junliang</FirstName>
<LastName>Shen</LastName>
<PI_MID_INIT/>
<PI_SUFX_NAME/>
<PI_FULL_NAME>Junliang Shen</PI_FULL_NAME>
<EmailAddress><![CDATA[junliang.shen@yale.edu]]></EmailAddress>
<NSF_ID>000787883</NSF_ID>
<StartDate>04/20/2023</StartDate>
<EndDate/>
<RoleCode>Principal Investigator</RoleCode>
</Investigator>
<Institution>
<Name><![CDATA[Yale University]]></Name>
<CityName>NEW HAVEN</CityName>
<ZipCode>065113572</ZipCode>
<PhoneNumber>2037854689</PhoneNumber>
<StreetAddress><![CDATA[150 MUNSON ST]]></StreetAddress>
<StreetAddress2/>
<CountryName>United States</CountryName>
<StateName>Connecticut</StateName>
<StateCode>CT</StateCode>
<CONGRESSDISTRICT>03</CONGRESSDISTRICT>
<CONGRESS_DISTRICT_ORG>CT03</CONGRESS_DISTRICT_ORG>
<ORG_UEI_NUM>FL6GV84CKN57</ORG_UEI_NUM>
<ORG_LGL_BUS_NAME>YALE UNIV</ORG_LGL_BUS_NAME>
<ORG_PRNT_UEI_NUM>FL6GV84CKN57</ORG_PRNT_UEI_NUM>
</Institution>
<Performance_Institution>
<Name><![CDATA[YALE UNIVERSITY]]></Name>
<CityName>NEW HAVEN</CityName>
<StateCode>CT</StateCode>
<ZipCode>065208283</ZipCode>
<StreetAddress><![CDATA[10 Hillhouse Avenue]]></StreetAddress>
<CountryCode>US</CountryCode>
<CountryName>United States</CountryName>
<StateName>Connecticut</StateName>
<CountryFlag>1</CountryFlag>
<CONGRESSDISTRICT>03</CONGRESSDISTRICT>
<CONGRESS_DISTRICT_PERF>CT03</CONGRESS_DISTRICT_PERF>
</Performance_Institution>
<ProgramElement>
<Code>126400</Code>
<Text>ALGEBRA,NUMBER THEORY,AND COM</Text>
</ProgramElement>
<Appropriation>
<Code/>
<Name/>
<APP_SYMB_ID/>
</Appropriation>
<Appropriation>
<Code/>
<Name/>
<APP_SYMB_ID/>
</Appropriation>
<Fund>
<Code>01002324DB</Code>
<Name><![CDATA[NSF RESEARCH & RELATED ACTIVIT]]></Name>
<FUND_SYMB_ID>040100</FUND_SYMB_ID>
</Fund>
<Fund>
<Code>01002425DB</Code>
<Name><![CDATA[NSF RESEARCH & RELATED ACTIVIT]]></Name>
<FUND_SYMB_ID>040100</FUND_SYMB_ID>
</Fund>
<FUND_OBLG>2023~90752</FUND_OBLG>
<FUND_OBLG>2024~131535</FUND_OBLG>
</Award>
</rootTag>
