<?xml version="1.0" encoding="UTF-8"?>
<rootTag>
<Award>
<AwardTitle><![CDATA[Creating a Sustainable Educational Pipeline for the Controlled Environment Agriculture Workforce through a Remote Dual-Credit High School to College Model]]></AwardTitle>
<AGENCY>NSF</AGENCY>
<AwardEffectiveDate>07/01/2023</AwardEffectiveDate>
<AwardExpirationDate>06/30/2026</AwardExpirationDate>
<AwardTotalIntnAmount>330357.00</AwardTotalIntnAmount>
<AwardAmount>330357</AwardAmount>
<AwardInstrument>
<Value>Standard Grant</Value>
</AwardInstrument>
<Organization>
<Code>11040100</Code>
<Directorate>
<Abbreviation>EDU</Abbreviation>
<LongName>Directorate for STEM Education</LongName>
</Directorate>
<Division>
<Abbreviation>DUE</Abbreviation>
<LongName>Division Of Undergraduate Education</LongName>
</Division>
</Organization>
<ProgramOfficer>
<SignBlockName>Michael Davis</SignBlockName>
<PO_EMAI>mdavis@nsf.gov</PO_EMAI>
<PO_PHON>7032920000</PO_PHON>
</ProgramOfficer>
<AbstractNarration>Controlled Environment Agriculture (CEA), popularly knows as indoor agriculture is rapidly becoming a widely accepted technology to improve food security, food safety, and economic development in rural communities. New Mexico is ideal for CEA with more than 300 days of sun each year, inexpensive land, and growing demand for fresh locally grown produce. Northern New Mexico is a region with historical agricultural Hispanic and Native American communities who often lack access to the educational resources necessary to develop the technical CEA workforce. Thus, the demand for CEA technicians in the region presents an opportunity for economic growth and food security in these rural areas. This 3-year project at Santa Fe Community College (SFCC) will train 18 teachers at 9 rural high schools to provide 180 underserved students with dual-credit courses in the first-year curriculum of the Associate in Applied Science (A.A.S.) degree in CEA. The project significantly expands the ability for schools across New Mexico to train a regional CEA workforce and creates a pipeline for students to enter SFCC and earn their A.A.S. degree in reduced time. Remote instructional technologies coupled with on-site, hands-on replicated aquaponics systems provide teachers and students with blended learning opportunities in rural high schools. A novel online network will connect students and teachers with CEA industry and academic professionals whom they would not likely have opportunities to interact with through a conventional high school education. An academic pipeline, including a robust internship program, will ensure that students who complete their SFCC CEA degree requirements are ready to enter the workforce. &lt;br/&gt;&lt;br/&gt;This project will meet the technical workforce needs of the industry through integrated education and outreach efforts. In addition it will address the opportunity to increase the number of qualified dual-credit CEA instructors through a summer program for high school teachers at the SFCC campus. Three high schools from underserved communities will each be invited to send two STEM teachers to participate in an intensive week-long summer workshop to learn the introductory CEA college curriculum. The teachers will be prepared to deliver two CEA dual-credit courses annually. Each school will receive a replicated turn-key classroom aquaponics system for hands-on practical instruction complete with sensors for remote monitoring. The first academic year after each cohort of teachers completes the summer workshop the students will participate in hands-on learning with their aquaponics system in classes co-taught by the high school teacher and SFCC faculty.  In subsequent years participating high school teachers will be prepared to teach the dual-credit CEA curriculum independently. The teachers will be mentored weekly by SFCC faculty and staff throughout the three years of the project. Student internships and summer research experiences will reinforce the curriculum and develop workplace skills. The project is unique in providing twenty-first century agricultural education and networking opportunities to largely underserved rural communities. The project will increase the number of dual-credit classes available in local high schools and engage the local community in food sovereignty issues while creating a sustainable workforce in underserved communities. This project is funded by the Advanced Technological Education program that focuses on the education of technicians for the advanced technology fields that drive the nation's economy.&lt;br/&gt;&lt;br/&gt;This award reflects NSF's statutory mission and has been deemed worthy of support through evaluation using the Foundation's intellectual merit and broader impacts review criteria.</AbstractNarration>
<MinAmdLetterDate>04/18/2023</MinAmdLetterDate>
<MaxAmdLetterDate>04/18/2023</MaxAmdLetterDate>
<ARRAAmount/>
<TRAN_TYPE>Grant</TRAN_TYPE>
<CFDA_NUM>47.076</CFDA_NUM>
<NSF_PAR_USE_FLAG>1</NSF_PAR_USE_FLAG>
<FUND_AGCY_CODE>4900</FUND_AGCY_CODE>
<AWDG_AGCY_CODE>4900</AWDG_AGCY_CODE>
<AwardID>2301183</AwardID>
<Investigator>
<FirstName>Stephen</FirstName>
<LastName>Gomez</LastName>
<PI_MID_INIT>M</PI_MID_INIT>
<PI_SUFX_NAME/>
<PI_FULL_NAME>Stephen M Gomez</PI_FULL_NAME>
<EmailAddress><![CDATA[stephen.gomez@sfcc.edu]]></EmailAddress>
<NSF_ID>000693070</NSF_ID>
<StartDate>04/18/2023</StartDate>
<EndDate/>
<RoleCode>Co-Principal Investigator</RoleCode>
</Investigator>
<Investigator>
<FirstName>Richard</FirstName>
<LastName>Shultz</LastName>
<PI_MID_INIT>C</PI_MID_INIT>
<PI_SUFX_NAME>Jr</PI_SUFX_NAME>
<PI_FULL_NAME>Richard C Shultz</PI_FULL_NAME>
<EmailAddress><![CDATA[richard.shultz@sfcc.edu]]></EmailAddress>
<NSF_ID>000847854</NSF_ID>
<StartDate>04/18/2023</StartDate>
<EndDate/>
<RoleCode>Principal Investigator</RoleCode>
</Investigator>
<Institution>
<Name><![CDATA[Santa Fe Community College]]></Name>
<CityName>SANTA FE</CityName>
<ZipCode>875084887</ZipCode>
<PhoneNumber>5054281811</PhoneNumber>
<StreetAddress><![CDATA[6401 S RICHARDS AVE]]></StreetAddress>
<StreetAddress2/>
<CountryName>United States</CountryName>
<StateName>New Mexico</StateName>
<StateCode>NM</StateCode>
<CONGRESSDISTRICT>03</CONGRESSDISTRICT>
<CONGRESS_DISTRICT_ORG>NM03</CONGRESS_DISTRICT_ORG>
<ORG_UEI_NUM>GB3JMTLL4MS8</ORG_UEI_NUM>
<ORG_LGL_BUS_NAME>SANTA FE COMMUNITY COLLEGE</ORG_LGL_BUS_NAME>
<ORG_PRNT_UEI_NUM/>
</Institution>
<Performance_Institution>
<Name><![CDATA[Santa Fe Community College]]></Name>
<CityName>SANTA FE</CityName>
<StateCode>NM</StateCode>
<ZipCode>875084887</ZipCode>
<StreetAddress><![CDATA[6401 RICHARDS AVE]]></StreetAddress>
<CountryCode>US</CountryCode>
<CountryName>United States</CountryName>
<StateName>New Mexico</StateName>
<CountryFlag>1</CountryFlag>
<CONGRESSDISTRICT>03</CONGRESSDISTRICT>
<CONGRESS_DISTRICT_PERF>NM03</CONGRESS_DISTRICT_PERF>
</Performance_Institution>
<ProgramElement>
<Code>741200</Code>
<Text>Advanced Tech Education Prog</Text>
</ProgramElement>
<ProgramReference>
<Code>1032</Code>
<Text>ADVANCED TECHNOLOGY EDUCATION</Text>
</ProgramReference>
<ProgramReference>
<Code>9150</Code>
<Text>EXP PROG TO STIM COMP RES</Text>
</ProgramReference>
<ProgramReference>
<Code>9178</Code>
<Text>UNDERGRADUATE EDUCATION</Text>
</ProgramReference>
<ProgramReference>
<Code>SMET</Code>
<Text>SCIENCE, MATH, ENG &amp; TECH EDUCATION</Text>
</ProgramReference>
<Appropriation>
<Code/>
<Name/>
<APP_SYMB_ID/>
</Appropriation>
<Fund>
<Code>04002324DB</Code>
<Name><![CDATA[NSF STEM Education]]></Name>
<FUND_SYMB_ID>040106</FUND_SYMB_ID>
</Fund>
<FUND_OBLG>2023~330357</FUND_OBLG>
</Award>
</rootTag>
