<?xml version="1.0" encoding="UTF-8"?>
<rootTag>
<Award>
<AwardTitle><![CDATA[ERI: Fluid dynamics of non-Newtonian blood substitutes in heart valve]]></AwardTitle>
<AGENCY>NSF</AGENCY>
<AwardEffectiveDate>04/01/2023</AwardEffectiveDate>
<AwardExpirationDate>03/31/2026</AwardExpirationDate>
<AwardTotalIntnAmount>200000.00</AwardTotalIntnAmount>
<AwardAmount>200000</AwardAmount>
<AwardInstrument>
<Value>Standard Grant</Value>
</AwardInstrument>
<Organization>
<Code>07020000</Code>
<Directorate>
<Abbreviation>ENG</Abbreviation>
<LongName>Directorate For Engineering</LongName>
</Directorate>
<Division>
<Abbreviation>CBET</Abbreviation>
<LongName>Div Of Chem, Bioeng, Env, &amp; Transp Sys</LongName>
</Division>
</Organization>
<ProgramOfficer>
<SignBlockName>Ron Joslin</SignBlockName>
<PO_EMAI>rjoslin@nsf.gov</PO_EMAI>
<PO_PHON>7032927030</PO_PHON>
</ProgramOfficer>
<AbstractNarration>The implantation of an artificial heart valve alters the blood flow in the heart, which makes flow assessment post-implant of utmost importance. To understand outcomes after aortic valve replacement procedures, especially related to clot formation, experimental protocols to emulate cardiovascular performance and operation have been established. Because of the challenges associated with performing laboratory experiments with whole human blood, blood substitutes are generally used. The majority of blood substitutes are Newtonian mixtures, whereas blood is non-Newtonian. A non-Newtonian fluid is a fluid that is characterized by a viscosity that varies with shear rate. This effect becomes important in areas that are subjected to flow stagnation and therefore thrombosis, which current experiments do not fully consider. Therefore, the aim of this project is to understand the impact of non-Newtonian behavior on the surrounding flow dynamic environment. The project will also encompass significant educational activities, including undergraduate involvement and an outreach program for students in local communities. &lt;br/&gt;&lt;br/&gt;The goal of this project is to find an adequate blood substitute with non-Newtonian properties to accurately model blood’s interactions with the surrounding aortic root anatomy, mainly the sinus and neo-sinus, under various physiological conditions in benchtop flow testing chambers. Then, experiments to characterize the resulting flow properties in the aortic root will be performed using high-fidelity imaging tools consisting of particle image velocimetry. The influence of non-Newtonian rheology on flow stagnation assessment under pulsatile physiological conditions, such as cardiovascular applications, is an underexplored territory. We aim to address that using two specific aims: (i) preparing and developing a non-Newtonian blood analog solution and testing its rheological properties and (ii) assessing the effects of non-Newtonian properties on flow stasis under pulsatile conditions after valve implantation. The research described in this proposal is novel in that, the sinus and neo-sinus flows after valve replacement will be experimentally evaluated using non-Newtonian blood analogs and a comparison between resulting flow stasis properties such as velocity, shear stress, and washout that are associated with thrombosis in Newtonian versus non-Newtonian fluids will be established. The project would contribute to further the understanding of hemostasis-related thrombosis, a scientific area that is constantly growing.&lt;br/&gt;&lt;br/&gt;This award reflects NSF's statutory mission and has been deemed worthy of support through evaluation using the Foundation's intellectual merit and broader impacts review criteria.</AbstractNarration>
<MinAmdLetterDate>03/13/2023</MinAmdLetterDate>
<MaxAmdLetterDate>03/13/2023</MaxAmdLetterDate>
<ARRAAmount/>
<TRAN_TYPE>Grant</TRAN_TYPE>
<CFDA_NUM>47.041</CFDA_NUM>
<NSF_PAR_USE_FLAG>1</NSF_PAR_USE_FLAG>
<FUND_AGCY_CODE>4900</FUND_AGCY_CODE>
<AWDG_AGCY_CODE>4900</AWDG_AGCY_CODE>
<AwardID>2301649</AwardID>
<Investigator>
<FirstName>Hoda</FirstName>
<LastName>Hatoum</LastName>
<PI_MID_INIT/>
<PI_SUFX_NAME/>
<PI_FULL_NAME>Hoda Hatoum</PI_FULL_NAME>
<EmailAddress><![CDATA[hhatoum@mtu.edu]]></EmailAddress>
<NSF_ID>000838888</NSF_ID>
<StartDate>03/13/2023</StartDate>
<EndDate/>
<RoleCode>Principal Investigator</RoleCode>
</Investigator>
<Institution>
<Name><![CDATA[Michigan Technological University]]></Name>
<CityName>HOUGHTON</CityName>
<ZipCode>499311200</ZipCode>
<PhoneNumber>9064871885</PhoneNumber>
<StreetAddress><![CDATA[1400 TOWNSEND DR]]></StreetAddress>
<StreetAddress2/>
<CountryName>United States</CountryName>
<StateName>Michigan</StateName>
<StateCode>MI</StateCode>
<CONGRESSDISTRICT>01</CONGRESSDISTRICT>
<CONGRESS_DISTRICT_ORG>MI01</CONGRESS_DISTRICT_ORG>
<ORG_UEI_NUM>GKMSN3DA6P91</ORG_UEI_NUM>
<ORG_LGL_BUS_NAME>MICHIGAN TECHNOLOGICAL UNIVERSITY</ORG_LGL_BUS_NAME>
<ORG_PRNT_UEI_NUM>GKMSN3DA6P91</ORG_PRNT_UEI_NUM>
</Institution>
<Performance_Institution>
<Name><![CDATA[Michigan Technological University]]></Name>
<CityName>HOUGHTON</CityName>
<StateCode>MI</StateCode>
<ZipCode>499311200</ZipCode>
<StreetAddress><![CDATA[1400 TOWNSEND DR]]></StreetAddress>
<CountryCode>US</CountryCode>
<CountryName>United States</CountryName>
<StateName>Michigan</StateName>
<CountryFlag>1</CountryFlag>
<CONGRESSDISTRICT>01</CONGRESSDISTRICT>
<CONGRESS_DISTRICT_PERF>MI01</CONGRESS_DISTRICT_PERF>
</Performance_Institution>
<ProgramElement>
<Code>164200</Code>
<Text>Special Initiatives</Text>
</ProgramElement>
<Appropriation>
<Code/>
<Name/>
<APP_SYMB_ID/>
</Appropriation>
<Fund>
<Code>01002324DB</Code>
<Name><![CDATA[NSF RESEARCH & RELATED ACTIVIT]]></Name>
<FUND_SYMB_ID>040100</FUND_SYMB_ID>
</Fund>
<FUND_OBLG>2023~200000</FUND_OBLG>
</Award>
</rootTag>
