<?xml version="1.0" encoding="UTF-8"?>
<rootTag>
<Award>
<AwardTitle><![CDATA[Collaborative Research:  A Simulation and Theoretical Analysis of Meteor Evolution over Scales Ranging from Sub-microseconds to Minutes]]></AwardTitle>
<AGENCY>NSF</AGENCY>
<AwardEffectiveDate>06/01/2023</AwardEffectiveDate>
<AwardExpirationDate>05/31/2026</AwardExpirationDate>
<AwardTotalIntnAmount>327000.00</AwardTotalIntnAmount>
<AwardAmount>327000</AwardAmount>
<AwardInstrument>
<Value>Standard Grant</Value>
</AwardInstrument>
<Organization>
<Code>06020000</Code>
<Directorate>
<Abbreviation>GEO</Abbreviation>
<LongName>Directorate For Geosciences</LongName>
</Directorate>
<Division>
<Abbreviation>AGS</Abbreviation>
<LongName>Div Atmospheric &amp; Geospace Sciences</LongName>
</Division>
</Organization>
<ProgramOfficer>
<SignBlockName>Shikha Raizada</SignBlockName>
<PO_EMAI>sraizada@nsf.gov</PO_EMAI>
<PO_PHON>7032928963</PO_PHON>
</ProgramOfficer>
<AbstractNarration>Every day billions of extremely small particles, typically weighing less than a grain of sand, impact the Earth’s upper atmosphere.  These particles seed the upper atmosphere with an array of metal ions and atoms which have important effects on the chemistry of the atmosphere and play a role in creating dust, which in turn seeds clouds.  This award will further develop the field of meteor physics through modeling meteor evolution from their point of entry into the atmosphere through their dissipation.  We will use radar observations to test our models and understandings. The research has a wide range of applications.  Spacecraft designers need to know the distribution of particle orbits and masses in order to reduce potential hazards. Solar system scientists use meteoroid population characteristics to better understand the outer solar system and its evolution. Atmospheric scientists apply meteoroid data to estimate the amount of material deposited in the upper atmosphere and its chemical evolution. A deeper understanding of meteor plasma physics will improve the broader scientific and engineering community’s knowledge of meteor and upper atmosphere geoscience.  This project involves members of underrepresented groups and supports graduate and undergraduate students.  The code developed will be open source. The team will continue their efforts to share their knowledge and enthusiasm about space and meteor science with the larger community through outreach to the media, K-12 schools, and at universities through public talks. This will broadly enhance STEM education and talent.  &lt;br/&gt;&lt;br/&gt;Over the past decades, meteor researchers have used simulations, theory, and observations to study meteor plasma dynamics and their radar measurements. This award will extend this work to areas that remain poorly understood: the early stage of meteor ablation, the behavior of meteor-induced plasma waves, the interaction between a spatially variable atmosphere and meteors, and the scattering of radio waves by meteor plasmas. The team will generate new models more accurate and reliable than those that currently exist, and then apply these physics-based models to interpret data collected by radars.  This award will help answer the following questions: (1) How rapidly does ablation proceed for various meteoroids? (2) How do meteor plasmas evolve from their initial ablation and ionization through the early-stage kinetic expansion to their later-stage diffusion and turbulence? (3) Can more accurate theoretical and computational models improve researchers’ quantitative understanding of radio wave scattering? (4) How do large-scale atmospheric inhomogeneities and neutral wind shears modify the evolution of long-lived plasma trails produced by meteoroids? Answering these questions will lead to progress in understanding atmospheric dynamics between 75 and 120 km altitude. It will provide better interpretations of measurements made by radar and optics. This research will address the first scientific goal listed on the NSF/Aeronomy Program Description: “Dynamics and energetics of the upper atmosphere, with particular emphasis on the hard-to-observe region between 80 and 150 km.”&lt;br/&gt;&lt;br/&gt;This award reflects NSF's statutory mission and has been deemed worthy of support through evaluation using the Foundation's intellectual merit and broader impacts review criteria.</AbstractNarration>
<MinAmdLetterDate>05/24/2023</MinAmdLetterDate>
<MaxAmdLetterDate>05/24/2023</MaxAmdLetterDate>
<ARRAAmount/>
<TRAN_TYPE>Grant</TRAN_TYPE>
<CFDA_NUM>47.050</CFDA_NUM>
<NSF_PAR_USE_FLAG>1</NSF_PAR_USE_FLAG>
<FUND_AGCY_CODE>4900</FUND_AGCY_CODE>
<AWDG_AGCY_CODE>4900</AWDG_AGCY_CODE>
<AwardID>2301645</AwardID>
<Investigator>
<FirstName>Sigrid</FirstName>
<LastName>Elschot</LastName>
<PI_MID_INIT/>
<PI_SUFX_NAME/>
<PI_FULL_NAME>Sigrid Elschot</PI_FULL_NAME>
<EmailAddress><![CDATA[sigridc@stanford.edu]]></EmailAddress>
<NSF_ID>000505133</NSF_ID>
<StartDate>05/24/2023</StartDate>
<EndDate/>
<RoleCode>Principal Investigator</RoleCode>
</Investigator>
<Institution>
<Name><![CDATA[Stanford University]]></Name>
<CityName>STANFORD</CityName>
<ZipCode>943052004</ZipCode>
<PhoneNumber>6507232300</PhoneNumber>
<StreetAddress><![CDATA[450 JANE STANFORD WAY]]></StreetAddress>
<StreetAddress2/>
<CountryName>United States</CountryName>
<StateName>California</StateName>
<StateCode>CA</StateCode>
<CONGRESSDISTRICT>16</CONGRESSDISTRICT>
<CONGRESS_DISTRICT_ORG>CA16</CONGRESS_DISTRICT_ORG>
<ORG_UEI_NUM>HJD6G4D6TJY5</ORG_UEI_NUM>
<ORG_LGL_BUS_NAME>THE LELAND STANFORD JUNIOR UNIVERSITY</ORG_LGL_BUS_NAME>
<ORG_PRNT_UEI_NUM/>
</Institution>
<Performance_Institution>
<Name><![CDATA[Stanford University]]></Name>
<CityName>Stanford</CityName>
<StateCode>CA</StateCode>
<ZipCode>943052004</ZipCode>
<StreetAddress><![CDATA[450 Jane Stanford Way]]></StreetAddress>
<CountryCode>US</CountryCode>
<CountryName>United States</CountryName>
<StateName>California</StateName>
<CountryFlag>1</CountryFlag>
<CONGRESSDISTRICT>16</CONGRESSDISTRICT>
<CONGRESS_DISTRICT_PERF>CA16</CONGRESS_DISTRICT_PERF>
</Performance_Institution>
<ProgramElement>
<Code>152100</Code>
<Text>AERONOMY</Text>
</ProgramElement>
<Appropriation>
<Code/>
<Name/>
<APP_SYMB_ID/>
</Appropriation>
<Fund>
<Code>01002324DB</Code>
<Name><![CDATA[NSF RESEARCH & RELATED ACTIVIT]]></Name>
<FUND_SYMB_ID>040100</FUND_SYMB_ID>
</Fund>
<FUND_OBLG>2023~327000</FUND_OBLG>
</Award>
</rootTag>
