<?xml version="1.0" encoding="UTF-8"?>
<rootTag>
<Award>
<AwardTitle><![CDATA[NEVTEX Next]]></AwardTitle>
<AGENCY>NSF</AGENCY>
<AwardEffectiveDate>07/01/2023</AwardEffectiveDate>
<AwardExpirationDate>06/30/2026</AwardExpirationDate>
<AwardTotalIntnAmount>2999990.00</AwardTotalIntnAmount>
<AwardAmount>2999990</AwardAmount>
<AwardInstrument>
<Value>Standard Grant</Value>
</AwardInstrument>
<Organization>
<Code>11040100</Code>
<Directorate>
<Abbreviation>EDU</Abbreviation>
<LongName>Directorate for STEM Education</LongName>
</Directorate>
<Division>
<Abbreviation>DUE</Abbreviation>
<LongName>Division Of Undergraduate Education</LongName>
</Division>
</Organization>
<ProgramOfficer>
<SignBlockName>Virginia Carter</SignBlockName>
<PO_EMAI>vccarter@nsf.gov</PO_EMAI>
<PO_PHON>7032924651</PO_PHON>
</ProgramOfficer>
<AbstractNarration>The fast pace of Electric Vehicle (EV) transition throughout the nation has prompted the need for thousands of EV technicians for every category of transportation. As of 2021, sales of EV vehicles surpassed 10% of light duty vehicles sold nationally. By 2030, EV sales are expected to increase to between 17% and 36% of national market share. With the proliferation of EV sales, an educated technician workforce is needed to service these vehicles.  The national standards, certification, and curriculum developed with a prior award will inform this project to take the next step of expanding EV technician training to 15 two-year college automotive programs across the U.S. Implementing EV technician programs at two-year colleges not only addresses a critical workforce need for the EV industry, but it also provides low-barrier access to high-quality jobs for underserved populations. Many of the 15 two-year colleges who will develop EV programs as part of this project serve large numbers of minority students, female students, low-income students and rural students, and four colleges are designated as Minority Serving Institutions. &lt;br/&gt;&lt;br/&gt;The NEVTEX Next consortium will create and test a model for addressing the need to educate the EV skilled technician workforce through four objectives: 1) 15 new 2-year college EV technician programs will be started and certified by providing professional development for instructors, providing industry-vetted EV curriculum and industry-recognized credentials, and supplying necessary testing equipment. 2) An advisory group will promote and sustain a national, industry-recognized EV certification for educators and technicians to advance standards-based EV certifications at 2-year colleges and in the EV workforce. 3) Five college automotive instructors will gain the EV technology knowledge and skills required to be certified in the national EVPro+ training and testing standards, and equipment will be provided at their colleges to establish five authorized EVPro+ certification testing sites. 4) Consortium-wide training based on proven and successful strategies will enable automotive faculty to develop effective student recruitment and retention strategies to increase diversity in their programs by attracting and retaining women and underserved minorities. EV programs launched at 15 geographically and demographically diverse 2-year colleges will help broaden the EV workforce for national impact. These capacity-building strategies will create a sustainable pipeline of diverse, certified EV technicians to more quickly grow an EV workforce and address the growing national need. This project is funded by the Advanced Technological Education program that focuses on the education of technicians for the advanced-technology fields that drive the nation's economy.&lt;br/&gt;&lt;br/&gt;This award reflects NSF's statutory mission and has been deemed worthy of support through evaluation using the Foundation's intellectual merit and broader impacts review criteria.</AbstractNarration>
<MinAmdLetterDate>05/10/2023</MinAmdLetterDate>
<MaxAmdLetterDate>05/10/2023</MaxAmdLetterDate>
<ARRAAmount/>
<TRAN_TYPE>Grant</TRAN_TYPE>
<CFDA_NUM>47.076</CFDA_NUM>
<NSF_PAR_USE_FLAG>1</NSF_PAR_USE_FLAG>
<FUND_AGCY_CODE>4900</FUND_AGCY_CODE>
<AWDG_AGCY_CODE>4900</AWDG_AGCY_CODE>
<AwardID>2301095</AwardID>
<Investigator>
<FirstName>Kenneth</FirstName>
<LastName>Mays</LastName>
<PI_MID_INIT>W</PI_MID_INIT>
<PI_SUFX_NAME/>
<PI_FULL_NAME>Kenneth W Mays</PI_FULL_NAME>
<EmailAddress><![CDATA[kmays@cocc.edu]]></EmailAddress>
<NSF_ID>000669999</NSF_ID>
<StartDate>05/10/2023</StartDate>
<EndDate/>
<RoleCode>Principal Investigator</RoleCode>
</Investigator>
<Investigator>
<FirstName>Benigno</FirstName>
<LastName>Cruz</LastName>
<PI_MID_INIT/>
<PI_SUFX_NAME/>
<PI_FULL_NAME>Benigno Cruz</PI_FULL_NAME>
<EmailAddress><![CDATA[cruzb800@macomb.edu]]></EmailAddress>
<NSF_ID>000805669</NSF_ID>
<StartDate>05/10/2023</StartDate>
<EndDate/>
<RoleCode>Co-Principal Investigator</RoleCode>
</Investigator>
<Investigator>
<FirstName>Patrick</FirstName>
<LastName>English</LastName>
<PI_MID_INIT/>
<PI_SUFX_NAME/>
<PI_FULL_NAME>Patrick English</PI_FULL_NAME>
<EmailAddress><![CDATA[patrickenglish@ferris.edu]]></EmailAddress>
<NSF_ID>000876577</NSF_ID>
<StartDate>05/10/2023</StartDate>
<EndDate/>
<RoleCode>Co-Principal Investigator</RoleCode>
</Investigator>
<Institution>
<Name><![CDATA[Central Oregon Community College]]></Name>
<CityName>BEND</CityName>
<ZipCode>977035933</ZipCode>
<PhoneNumber>5413837711</PhoneNumber>
<StreetAddress><![CDATA[2600 NW COLLEGE WAY]]></StreetAddress>
<StreetAddress2/>
<CountryName>United States</CountryName>
<StateName>Oregon</StateName>
<StateCode>OR</StateCode>
<CONGRESSDISTRICT>05</CONGRESSDISTRICT>
<CONGRESS_DISTRICT_ORG>OR05</CONGRESS_DISTRICT_ORG>
<ORG_UEI_NUM>JCT6K9FLNPV3</ORG_UEI_NUM>
<ORG_LGL_BUS_NAME>CENTRAL OREGON COMMUNITY COLLEGE</ORG_LGL_BUS_NAME>
<ORG_PRNT_UEI_NUM/>
</Institution>
<Performance_Institution>
<Name><![CDATA[Central Oregon Community College]]></Name>
<CityName>Bend</CityName>
<StateCode>OR</StateCode>
<ZipCode>977035933</ZipCode>
<StreetAddress><![CDATA[2600 NW College Way]]></StreetAddress>
<CountryCode>US</CountryCode>
<CountryName>United States</CountryName>
<StateName>Oregon</StateName>
<CountryFlag>1</CountryFlag>
<CONGRESSDISTRICT>05</CONGRESSDISTRICT>
<CONGRESS_DISTRICT_PERF>OR05</CONGRESS_DISTRICT_PERF>
</Performance_Institution>
<ProgramElement>
<Code>741200</Code>
<Text>Advanced Tech Education Prog</Text>
</ProgramElement>
<ProgramReference>
<Code>1032</Code>
<Text>ADVANCED TECHNOLOGY EDUCATION</Text>
</ProgramReference>
<ProgramReference>
<Code>9178</Code>
<Text>UNDERGRADUATE EDUCATION</Text>
</ProgramReference>
<ProgramReference>
<Code>SMET</Code>
<Text>SCIENCE, MATH, ENG &amp; TECH EDUCATION</Text>
</ProgramReference>
<Appropriation>
<Code/>
<Name/>
<APP_SYMB_ID/>
</Appropriation>
<Fund>
<Code>04002324DB</Code>
<Name><![CDATA[NSF STEM Education]]></Name>
<FUND_SYMB_ID>040106</FUND_SYMB_ID>
</Fund>
<FUND_OBLG>2023~2999990</FUND_OBLG>
</Award>
</rootTag>
