<?xml version="1.0" encoding="UTF-8"?>
<rootTag>
<Award>
<AwardTitle><![CDATA[ERI: Adaptive Intelligence for Active Safety Control and Privacy-Preserving Autonomous Driving]]></AwardTitle>
<AGENCY>NSF</AGENCY>
<AwardEffectiveDate>06/01/2023</AwardEffectiveDate>
<AwardExpirationDate>05/31/2025</AwardExpirationDate>
<AwardTotalIntnAmount>199992.00</AwardTotalIntnAmount>
<AwardAmount>199992</AwardAmount>
<AwardInstrument>
<Value>Standard Grant</Value>
</AwardInstrument>
<Organization>
<Code>07010000</Code>
<Directorate>
<Abbreviation>ENG</Abbreviation>
<LongName>Directorate For Engineering</LongName>
</Directorate>
<Division>
<Abbreviation>ECCS</Abbreviation>
<LongName>Div Of Electrical, Commun &amp; Cyber Sys</LongName>
</Division>
</Organization>
<ProgramOfficer>
<SignBlockName>Huaiyu Dai</SignBlockName>
<PO_EMAI>hdai@nsf.gov</PO_EMAI>
<PO_PHON>7032924568</PO_PHON>
</ProgramOfficer>
<AbstractNarration>This Engineering Research Initiation (ERI) grant will support research that will contribute to new knowledge related to collaborative sensing, modeling, and learning to promote active safety control and privacy-preserving autonomous driving. Driving is an essential part of our daily lives and is vulnerable to a range of distractions that can compromise safety on the road. While internal and external sensing data can be collected and used to improve driving safety, modeling, analyzing, and predicting driver behaviors and attention are challenging due to their dynamic nature and complexity.  The data collection and processing also raise concerns about drivers’ privacy, which is under-investigated in the field and can lead to various cybersecurity vulnerabilities. This project aims to develop a new way to examine and interpret driver behavior and attention to exploit the potential of deep learning-based sensing, reasoning, control, and actuation in a dynamic traffic and driving environment while preserving drivers' privacy. The research can potentially uncover new AI knowledge-based theories and result in a synergistic integration of these new theories with deep learning, prediction, and control. The results from this project will help enable active safety, promote privacy-preserving autonomous driving, and contribute to the development of smart education and national defense. This project will offer research opportunities to undergraduate and graduate students and provide outreach activities to middle school students to foster the growth of the future science, technology, engineering, and mathematics (STEM) workforce with engineering and AI skills. &lt;br/&gt;&lt;br/&gt;This project seeks to develop a data-driven, deep learning-based conceptual framework with knowledge representation and inference rules for capturing, analyzing, and modeling driver behaviors and cognition in real-world driving scenarios. First, driving behaviors and inner connections among behavior, attention, and action will be investigated by exploring limited sensory data while considering privacy protection. The impacts of human and road environment factors on driving distraction will be assessed. Then, an explainable neural network will be developed to model the driver’s behavior, driving preferences, and distinctive features with knowledge representation and inference rules to predict the driver’s attention and intention. Finally, deep learning techniques will be created to predict the angle and direction of the wheel steering based on actual driver models and perceptions of the surrounding environment.  With successful execution, this project is expected to result in a prototype sensing-intelligence-control-actuation closed-loop system with the proposed theories, models, networks, and techniques. In addition, research findings and knowledge made by this project will be integrated into the Computer Science undergraduate and graduate courses and learning materials of educational and outreach programs to improve public understanding of science and technology and increase their engagement.&lt;br/&gt;&lt;br/&gt;This award reflects NSF's statutory mission and has been deemed worthy of support through evaluation using the Foundation's intellectual merit and broader impacts review criteria.</AbstractNarration>
<MinAmdLetterDate>05/16/2023</MinAmdLetterDate>
<MaxAmdLetterDate>05/16/2023</MaxAmdLetterDate>
<ARRAAmount/>
<TRAN_TYPE>Grant</TRAN_TYPE>
<CFDA_NUM>47.041</CFDA_NUM>
<NSF_PAR_USE_FLAG>1</NSF_PAR_USE_FLAG>
<FUND_AGCY_CODE>4900</FUND_AGCY_CODE>
<AWDG_AGCY_CODE>4900</AWDG_AGCY_CODE>
<AwardID>2301868</AwardID>
<Investigator>
<FirstName>Yuehua</FirstName>
<LastName>Wang</LastName>
<PI_MID_INIT/>
<PI_SUFX_NAME/>
<PI_FULL_NAME>Yuehua Wang</PI_FULL_NAME>
<EmailAddress><![CDATA[Yuehua.Wang@tamuc.edu]]></EmailAddress>
<NSF_ID>000732713</NSF_ID>
<StartDate>05/16/2023</StartDate>
<EndDate/>
<RoleCode>Principal Investigator</RoleCode>
</Investigator>
<Institution>
<Name><![CDATA[Texas A&M University-Commerce]]></Name>
<CityName>COMMERCE</CityName>
<ZipCode>754284311</ZipCode>
<PhoneNumber>9038865964</PhoneNumber>
<StreetAddress><![CDATA[2600 W NEAL ST]]></StreetAddress>
<StreetAddress2/>
<CountryName>United States</CountryName>
<StateName>Texas</StateName>
<StateCode>TX</StateCode>
<CONGRESSDISTRICT>03</CONGRESSDISTRICT>
<CONGRESS_DISTRICT_ORG>TX03</CONGRESS_DISTRICT_ORG>
<ORG_UEI_NUM>FRCKHD9EKUY9</ORG_UEI_NUM>
<ORG_LGL_BUS_NAME>TX A &amp; M UNIVERSITY COMMERCE</ORG_LGL_BUS_NAME>
<ORG_PRNT_UEI_NUM/>
</Institution>
<Performance_Institution>
<Name><![CDATA[Texas A&M University-Commerce]]></Name>
<CityName>COMMERCE</CityName>
<StateCode>TX</StateCode>
<ZipCode>754284311</ZipCode>
<StreetAddress><![CDATA[2600 W NEAL ST]]></StreetAddress>
<CountryCode>US</CountryCode>
<CountryName>United States</CountryName>
<StateName>Texas</StateName>
<CountryFlag>1</CountryFlag>
<CONGRESSDISTRICT>03</CONGRESSDISTRICT>
<CONGRESS_DISTRICT_PERF>TX03</CONGRESS_DISTRICT_PERF>
</Performance_Institution>
<ProgramElement>
<Code>180Y00</Code>
<Text>ERI-Eng. Research Initiation</Text>
</ProgramElement>
<ProgramReference>
<Code>153E</Code>
<Text>Wireless comm &amp; sig processing</Text>
</ProgramReference>
<Appropriation>
<Code/>
<Name/>
<APP_SYMB_ID/>
</Appropriation>
<Fund>
<Code>01002324DB</Code>
<Name><![CDATA[NSF RESEARCH & RELATED ACTIVIT]]></Name>
<FUND_SYMB_ID>040100</FUND_SYMB_ID>
</Fund>
<FUND_OBLG>2023~199992</FUND_OBLG>
</Award>
</rootTag>
