<?xml version="1.0" encoding="UTF-8"?>
<rootTag>
<Award>
<AwardTitle><![CDATA[RR: The Validity of Cartridge Case Comparison Conclusions Under Field-Based Conditions]]></AwardTitle>
<AGENCY>NSF</AGENCY>
<AwardEffectiveDate>10/01/2022</AwardEffectiveDate>
<AwardExpirationDate>08/31/2023</AwardExpirationDate>
<AwardTotalIntnAmount>704337.00</AwardTotalIntnAmount>
<AwardAmount>149554</AwardAmount>
<AwardInstrument>
<Value>Standard Grant</Value>
</AwardInstrument>
<Organization>
<Code>04050000</Code>
<Directorate>
<Abbreviation>SBE</Abbreviation>
<LongName>Direct For Social, Behav &amp; Economic Scie</LongName>
</Directorate>
<Division>
<Abbreviation>SES</Abbreviation>
<LongName>Divn Of Social and Economic Sciences</LongName>
</Division>
</Organization>
<ProgramOfficer>
<SignBlockName>Reginald Sheehan</SignBlockName>
<PO_EMAI>rsheehan@nsf.gov</PO_EMAI>
<PO_PHON>7032925389</PO_PHON>
</ProgramOfficer>
<AbstractNarration><![CDATA[The National Research Council in 2009 called for scientists to quantify the validity of forensic techniques under realistic, field-based conditions. This call was prompted because it is increasingly apparent there are potential gaps in knowledge about the validity of a broad range of forensic techniques. Yet, the results of forensic science are often viewed as objective, and as such they are accepted and used by law enforcement and courts, and beyond. This project will investigate and quantify the validity of fired gun cartridge case comparison, a commonly used forensic technique. Because this technique relies on visual inspection of fired cartridge cases, it is a subjective process that is susceptible to human judgment error. However, even though this technique is subjective, it can still be a valid technique if the rate of human judgment error is low under a variety of field-based conditions. Because all forensic conclusions involve some degree of uncertainty, this research can advance understanding about the validity of forensic science. &lt;br/&gt;&lt;br/&gt;The project will use a controlled experiment under field-based conditions to address whether conventional peer-review procedures effectively discover forensic errors before they are communicated to law enforcement and the courts, and whether the rate at which forensic errors occur varies based on the quality of toolmarks produced by different firearm brands. The project is grounded in psychological theory related to decision-making and cognitive processing, and it accords with calls for rigorous scientific tests to evaluate the validity of forensic techniques. The research brings scientific methods (including experimental manipulations) to the study of the validity of cartridge case comparisons, including the robustness (in the context of conventional peer-review procedures) and reliability (across different field-based conditions) of this technique. This research has the potential to transform forensic science practices by emphasizing the importance of communicating the degree of uncertainty that characterizes forensic conclusions, while identifying potential threats to conventional peer-review procedures. This project is jointly supported by National Science Foundation and the National Institute of Justice.]]></AbstractNarration>
<MinAmdLetterDate>11/03/2022</MinAmdLetterDate>
<MaxAmdLetterDate>11/03/2022</MaxAmdLetterDate>
<ARRAAmount/>
<TRAN_TYPE>Grant</TRAN_TYPE>
<CFDA_NUM>47.075</CFDA_NUM>
<NSF_PAR_USE_FLAG>1</NSF_PAR_USE_FLAG>
<FUND_AGCY_CODE>4900</FUND_AGCY_CODE>
<AWDG_AGCY_CODE>4900</AWDG_AGCY_CODE>
<AwardID>2301412</AwardID>
<Investigator>
<FirstName>Stephanie</FirstName>
<LastName>Madon</LastName>
<PI_MID_INIT>J</PI_MID_INIT>
<PI_SUFX_NAME/>
<PI_FULL_NAME>Stephanie J Madon</PI_FULL_NAME>
<EmailAddress><![CDATA[madon@asu.edu]]></EmailAddress>
<NSF_ID>000147167</NSF_ID>
<StartDate>11/03/2022</StartDate>
<EndDate/>
<RoleCode>Principal Investigator</RoleCode>
</Investigator>
<Institution>
<Name><![CDATA[Arizona State University]]></Name>
<CityName>TEMPE</CityName>
<ZipCode>852813670</ZipCode>
<PhoneNumber>4809655479</PhoneNumber>
<StreetAddress><![CDATA[660 S MILL AVENUE STE 204]]></StreetAddress>
<StreetAddress2/>
<CountryName>United States</CountryName>
<StateName>Arizona</StateName>
<StateCode>AZ</StateCode>
<CONGRESSDISTRICT>04</CONGRESSDISTRICT>
<CONGRESS_DISTRICT_ORG>AZ04</CONGRESS_DISTRICT_ORG>
<ORG_UEI_NUM>NTLHJXM55KZ6</ORG_UEI_NUM>
<ORG_LGL_BUS_NAME>ARIZONA STATE UNIVERSITY</ORG_LGL_BUS_NAME>
<ORG_PRNT_UEI_NUM/>
</Institution>
<Performance_Institution>
<Name><![CDATA[ARIZONA STATE UNIVERSITY]]></Name>
<CityName>TEMPE</CityName>
<StateCode>AZ</StateCode>
<ZipCode>852813670</ZipCode>
<StreetAddress><![CDATA[660 S MILL AVE STE 312]]></StreetAddress>
<CountryCode>US</CountryCode>
<CountryName>United States</CountryName>
<StateName>Arizona</StateName>
<CountryFlag>1</CountryFlag>
<CONGRESSDISTRICT>04</CONGRESSDISTRICT>
<CONGRESS_DISTRICT_PERF>AZ04</CONGRESS_DISTRICT_PERF>
</Performance_Institution>
<ProgramElement>
<Code>1372</Code>
<Text>LSS-Law And Social Sciences</Text>
</ProgramElement>
<ProgramElement>
<Code>7252</Code>
<Text>Perception, Action &amp; Cognition</Text>
</ProgramElement>
<ProgramReference>
<Code>040Z</Code>
<Text>Robust and Reliable Science</Text>
</ProgramReference>
<ProgramReference>
<Code>1372</Code>
<Text>LAW AND SOCIAL SCIENCES</Text>
</ProgramReference>
<Appropriation>
<Code/>
<Name/>
<APP_SYMB_ID/>
</Appropriation>
<Fund>
<Code>01001718DB</Code>
<Name><![CDATA[NSF RESEARCH & RELATED ACTIVIT]]></Name>
<FUND_SYMB_ID>040100</FUND_SYMB_ID>
</Fund>
<FUND_OBLG>2017~149554</FUND_OBLG>
<POR>
<DRECONTENT><![CDATA[<div class="porColContainerWBG"> <div class="porContentCol"><p>The validity of forensic science has come under heavy scrutiny. The National Research Council (2009) released a report on the state of forensic science in which it identified significant deficits in knowledge about the validity of a broad range of forensic techniques. The President's Council of Advisors on Science and Technology (2016) reiterated many of the same concerns. Both reports emphasized the need for research to examine sources of human judgment error in the analysis of forensic evidence and for good reason: Invalid or improper forensic analysis is a leading cause of wrongful conviction in the US (Morgan, 2023). The funded research examined the validity of cartridge case comparison under field-based conditions.</p> <p>The findings of the research supported three major conclusions:</p> <ol> <li>Cartridge case      comparison is a highly valid technique characterized by low error rates.</li> <li>Inconclusive      decisions possess exculpatory probative value.</li> <li>Non-blind      verification can lead forensic examiners to miss or confirm forensic      errors made by previous examiners. </li> </ol> <p>Many guns use ammunition in which the bullet is encased in a jacket. This jacket is called a cartridge case. During the firing process, a gun will imprint toolmarks onto a cartridge case and then eject it, making the cartridge case recoverable from a crime scene. In a criminal investigation, a firearm examiner will microscopically compare cartridge cases recovered from a crime scene to cartridge cases fired from a suspect's gun to determine whether the suspect's gun was the source of the recovered cartridge cases. Firearm examiners make this determination using a categorical scale that includes the broad classifications of identification (a clear match), inconclusive (neither a clear match nor clear mismatch), elimination (a clear mismatch), and unsuitable (insufficient toolmarks to render a conclusion). Because decisions of source determination depend on visual inspection of cartridge cases, it is a subjective process that is susceptible to human judgment error (NRC, 2009).</p> <p>In the funded research, trained firearm examiners employed in private, municipal, county, state, and federal crime laboratories across the US evaluated 16 unique sets of fired cartridge cases, including eight sets at Wave 1 and eight sets at Wave 2. At both waves, the examiners evaluated the sets and rendered a forensic decision of identification, inconclusive, elimination, or unsuitable. On average, half of the sets evaluated at each wave had been fired by the same gun and the other half had been fired by different guns.</p> <p>The data collected at Wave 1 addressed whether cartridge case comparison is a valid crime-solving tool. Forensic decisions provided by 228 trained firearm examiners showed that cartridge case comparison is a highly valid technique characterized by low error rates. However, inconclusive decisions constituted over one-fifth of all decisions rendered, and approximately 85% of these inconclusive decisions corresponded to cartridge cases that had been fired by different guns. The finding that most inconclusive decisions corresponded to cartridge cases that had been fired by different guns shows that inconclusive decisions possess exculpatory probative value. Hence, prosecutors should disclose inconclusive decisions to the defense, and defense attorneys should consider inconclusive decisions as a possible basis for post-conviction actions.</p> <p>The data collected at Wave 2 addressed whether nonblind verification is a suboptimal procedure for double-checking the accuracy of a forensic decision. Verification in forensic examination is intended to safeguard against forensic error, but not all verification procedures may be equally effective in achieving this goal. Blind verification, which nearly all scholars recommend, shields a verifying examiner from knowledge of a previous examiner&rsquo;s results, whereas non-blind verification does not. With nonblind verification, verifying examiners reanalyze evidence while being privy to a previous examiner's results. Data provided by 191 trained firearm examiners who had also participated in Wave 1 showed that knowledge of a previous examiner's purported forensic decision worsened examiners' performance when the previous decision was incorrect and improved examiners' performance when the previous decision was correct. These findings indicate that nonblind verification can cause forensic examiners to miss or confirm an error made by a previous examiner and point to the value of blind verification in casework where the ground-truth status of evidence can never be known.</p> <p><strong>References</strong></p> <p>National Research Council, Strengthening forensic science in the United States: A path forward. National Academies Press.</p> <p>Holdren, J. P., Lander, E. S., Press, W., Savitz, M. (2016). Forensic science in criminal courts: Ensuring scientific validity of feature-comparison methods. President&rsquo;s Committee of Advisors on Science and Technology.</p> <p>Morgan, J. (2023). Wrongful convictions and claims of false or misleading forensic evidence. Journal of Forensic Sciences, 68, 908-961. DOI: 10.1111/1556-4029.15233</p> <p>&nbsp;</p><br> <p>  Last Modified: 12/14/2023<br> Modified by: Stephanie&nbsp;J&nbsp;Madon</p></div> <div class="porSideCol" ></div> </div>]]></DRECONTENT>
<POR_COPY_TXT><![CDATA[  The validity of forensic science has come under heavy scrutiny. The National Research Council (2009) released a report on the state of forensic science in which it identified significant deficits in knowledge about the validity of a broad range of forensic techniques. The President's Council of Advisors on Science and Technology (2016) reiterated many of the same concerns. Both reports emphasized the need for research to examine sources of human judgment error in the analysis of forensic evidence and for good reason: Invalid or improper forensic analysis is a leading cause of wrongful conviction in the US (Morgan, 2023). The funded research examined the validity of cartridge case comparison under field-based conditions.   The findings of the research supported three major conclusions:  Cartridge case      comparison is a highly valid technique characterized by low error rates. Inconclusive      decisions possess exculpatory probative value. Non-blind      verification can lead forensic examiners to miss or confirm forensic      errors made by previous examiners.     Many guns use ammunition in which the bullet is encased in a jacket. This jacket is called a cartridge case. During the firing process, a gun will imprint toolmarks onto a cartridge case and then eject it, making the cartridge case recoverable from a crime scene. In a criminal investigation, a firearm examiner will microscopically compare cartridge cases recovered from a crime scene to cartridge cases fired from a suspect's gun to determine whether the suspect's gun was the source of the recovered cartridge cases. Firearm examiners make this determination using a categorical scale that includes the broad classifications of identification (a clear match), inconclusive (neither a clear match nor clear mismatch), elimination (a clear mismatch), and unsuitable (insufficient toolmarks to render a conclusion). Because decisions of source determination depend on visual inspection of cartridge cases, it is a subjective process that is susceptible to human judgment error (NRC, 2009).   In the funded research, trained firearm examiners employed in private, municipal, county, state, and federal crime laboratories across the US evaluated 16 unique sets of fired cartridge cases, including eight sets at Wave 1 and eight sets at Wave 2. At both waves, the examiners evaluated the sets and rendered a forensic decision of identification, inconclusive, elimination, or unsuitable. On average, half of the sets evaluated at each wave had been fired by the same gun and the other half had been fired by different guns.   The data collected at Wave 1 addressed whether cartridge case comparison is a valid crime-solving tool. Forensic decisions provided by 228 trained firearm examiners showed that cartridge case comparison is a highly valid technique characterized by low error rates. However, inconclusive decisions constituted over one-fifth of all decisions rendered, and approximately 85% of these inconclusive decisions corresponded to cartridge cases that had been fired by different guns. The finding that most inconclusive decisions corresponded to cartridge cases that had been fired by different guns shows that inconclusive decisions possess exculpatory probative value. Hence, prosecutors should disclose inconclusive decisions to the defense, and defense attorneys should consider inconclusive decisions as a possible basis for post-conviction actions.   The data collected at Wave 2 addressed whether nonblind verification is a suboptimal procedure for double-checking the accuracy of a forensic decision. Verification in forensic examination is intended to safeguard against forensic error, but not all verification procedures may be equally effective in achieving this goal. Blind verification, which nearly all scholars recommend, shields a verifying examiner from knowledge of a previous examiners results, whereas non-blind verification does not. With nonblind verification, verifying examiners reanalyze evidence while being privy to a previous examiner's results. Data provided by 191 trained firearm examiners who had also participated in Wave 1 showed that knowledge of a previous examiner's purported forensic decision worsened examiners' performance when the previous decision was incorrect and improved examiners' performance when the previous decision was correct. These findings indicate that nonblind verification can cause forensic examiners to miss or confirm an error made by a previous examiner and point to the value of blind verification in casework where the ground-truth status of evidence can never be known.   References   National Research Council, Strengthening forensic science in the United States: A path forward. National Academies Press.   Holdren, J. P., Lander, E. S., Press, W., Savitz, M. (2016). Forensic science in criminal courts: Ensuring scientific validity of feature-comparison methods. Presidents Committee of Advisors on Science and Technology.   Morgan, J. (2023). Wrongful convictions and claims of false or misleading forensic evidence. Journal of Forensic Sciences, 68, 908-961. DOI: 10.1111/1556-4029.15233        Last Modified: 12/14/2023       Submitted by: StephanieJMadon]]></POR_COPY_TXT>
</POR>
</Award>
</rootTag>
