<?xml version="1.0" encoding="UTF-8"?>
<rootTag>
<Award>
<AwardTitle><![CDATA[ERI: Hydraulic Cylinder Diagnostics Using Nonlinear Inverse Model Estimation and Frequency Domain Analysis]]></AwardTitle>
<AGENCY>NSF</AGENCY>
<AwardEffectiveDate>06/01/2023</AwardEffectiveDate>
<AwardExpirationDate>05/31/2025</AwardExpirationDate>
<AwardTotalIntnAmount>199865.00</AwardTotalIntnAmount>
<AwardAmount>199865</AwardAmount>
<AwardInstrument>
<Value>Standard Grant</Value>
</AwardInstrument>
<Organization>
<Code>07030000</Code>
<Directorate>
<Abbreviation>ENG</Abbreviation>
<LongName>Directorate For Engineering</LongName>
</Directorate>
<Division>
<Abbreviation>CMMI</Abbreviation>
<LongName>Div Of Civil, Mechanical, &amp; Manufact Inn</LongName>
</Division>
</Organization>
<ProgramOfficer>
<SignBlockName>Marcello Canova</SignBlockName>
<PO_EMAI>mcanova@nsf.gov</PO_EMAI>
<PO_PHON>7032922576</PO_PHON>
</ProgramOfficer>
<AbstractNarration>This Engineering Research Initiation (ERI) grant will fund research that enables reliable operation and cost-effective maintenance of machinery in which hydraulic cylinder actuators play a central role—of critical importance to the transportation, manufacturing, construction, and agricultural industries—thereby promoting the progress of science and advancing the national prosperity. Given its high power density and large force capacity, the hydraulic cylinder is a trusted workhorse across many industrial applications. By its design, it is also vulnerable to a variety of critical faults, such as seal failures, leakage, fluid contamination, and reduced load-carrying capacity, that may negatively affect performance and efficiency, and result in high costs from downtime, permanent damage, or operator injury. To ensure that such faults can be accurately detected and identified, this project relies on a combination of physics-based modeling and innovative frequency domain analysis to develop a novel diagnostic methodology that accounts for system nonlinearities and closed-loop operation. Such a diagnostic paradigm is also anticipated to find application in a variety of energy and power transmission systems, including electric vehicles. Efforts to disseminate research outcomes to local industry in Southeast Michigan, undergraduate research opportunities, and integration of modeling and systems diagnostics principles in coursework will produce broader societal impact.&lt;br/&gt;&lt;br/&gt;This research aims to develop the foundations for a comprehensive systems diagnostics methodology for hydraulic cylinders that relies on physics-based modeling rather than statistics and machine learning techniques, as has been common in recent years. Such foundational contributions will be made through the design of a new residual generator that extracts faulty features from sensor measurements, as well as of a residual evaluator that makes a diagnostic decision by comparing the residual with the prescribed threshold under a certain operating condition. Several tasks will be pursued through a combination of theoretical modeling, numerical simulations, and physical experiments, including comprehensive fault analysis using a nonlinear, inverse, frequency domain representation of the system dynamics, and formulation and testing of a parameter estimation algorithm for such a nonlinear inverse model under closed-loop operation using an adaptive digital twin. Hardware-in-the-loop simulations will be performed to validate the methodology and investigate its robustness also in the presence of multiple simultaneous faults.&lt;br/&gt;&lt;br/&gt;This award reflects NSF's statutory mission and has been deemed worthy of support through evaluation using the Foundation's intellectual merit and broader impacts review criteria.</AbstractNarration>
<MinAmdLetterDate>05/17/2023</MinAmdLetterDate>
<MaxAmdLetterDate>05/17/2023</MaxAmdLetterDate>
<ARRAAmount/>
<TRAN_TYPE>Grant</TRAN_TYPE>
<CFDA_NUM>47.041</CFDA_NUM>
<NSF_PAR_USE_FLAG>1</NSF_PAR_USE_FLAG>
<FUND_AGCY_CODE>4900</FUND_AGCY_CODE>
<AWDG_AGCY_CODE>4900</AWDG_AGCY_CODE>
<AwardID>2301535</AwardID>
<Investigator>
<FirstName>Yongsoon</FirstName>
<LastName>Yoon</LastName>
<PI_MID_INIT/>
<PI_SUFX_NAME/>
<PI_FULL_NAME>Yongsoon Yoon</PI_FULL_NAME>
<EmailAddress><![CDATA[yongsoonyoon@oakland.edu]]></EmailAddress>
<NSF_ID>000858306</NSF_ID>
<StartDate>05/17/2023</StartDate>
<EndDate/>
<RoleCode>Principal Investigator</RoleCode>
</Investigator>
<Institution>
<Name><![CDATA[Oakland University]]></Name>
<CityName>ROCHESTER</CityName>
<ZipCode>483094401</ZipCode>
<PhoneNumber>2483704116</PhoneNumber>
<StreetAddress><![CDATA[2200 N SQUIRREL RD]]></StreetAddress>
<StreetAddress2/>
<CountryName>United States</CountryName>
<StateName>Michigan</StateName>
<StateCode>MI</StateCode>
<CONGRESSDISTRICT>11</CONGRESSDISTRICT>
<CONGRESS_DISTRICT_ORG>MI11</CONGRESS_DISTRICT_ORG>
<ORG_UEI_NUM>HJTLACN81NK1</ORG_UEI_NUM>
<ORG_LGL_BUS_NAME>OAKLAND UNIVERSITY</ORG_LGL_BUS_NAME>
<ORG_PRNT_UEI_NUM>LY1HEB9XS5G8</ORG_PRNT_UEI_NUM>
</Institution>
<Performance_Institution>
<Name><![CDATA[Oakland University]]></Name>
<CityName>ROCHESTER</CityName>
<StateCode>MI</StateCode>
<ZipCode>483094401</ZipCode>
<StreetAddress><![CDATA[2200 N SQUIRREL RD]]></StreetAddress>
<CountryCode>US</CountryCode>
<CountryName>United States</CountryName>
<StateName>Michigan</StateName>
<CountryFlag>1</CountryFlag>
<CONGRESSDISTRICT>11</CONGRESSDISTRICT>
<CONGRESS_DISTRICT_PERF>MI11</CONGRESS_DISTRICT_PERF>
</Performance_Institution>
<ProgramElement>
<Code>180Y00</Code>
<Text>ERI-Eng. Research Initiation</Text>
</ProgramElement>
<ProgramElement>
<Code>756900</Code>
<Text>Dynamics, Control and System D</Text>
</ProgramElement>
<ProgramReference>
<Code>034E</Code>
<Text>Dynamical systems</Text>
</ProgramReference>
<ProgramReference>
<Code>9264</Code>
<Text>RESEARCH INITIATION AWARD</Text>
</ProgramReference>
<Appropriation>
<Code/>
<Name/>
<APP_SYMB_ID/>
</Appropriation>
<Fund>
<Code>01002324DB</Code>
<Name><![CDATA[NSF RESEARCH & RELATED ACTIVIT]]></Name>
<FUND_SYMB_ID>040100</FUND_SYMB_ID>
</Fund>
<FUND_OBLG>2023~199865</FUND_OBLG>
</Award>
</rootTag>
