<?xml version="1.0" encoding="UTF-8"?>
<rootTag>
<Award>
<AwardTitle><![CDATA[ERI: Data-Driven Analysis and Dynamic Modeling of Residential Power Demand Behavior: Using Long-Term Real-World Data from Rural Electric Systems]]></AwardTitle>
<AGENCY>NSF</AGENCY>
<AwardEffectiveDate>01/01/2024</AwardEffectiveDate>
<AwardExpirationDate>12/31/2025</AwardExpirationDate>
<AwardTotalIntnAmount>198740.00</AwardTotalIntnAmount>
<AwardAmount>198740</AwardAmount>
<AwardInstrument>
<Value>Standard Grant</Value>
</AwardInstrument>
<Organization>
<Code>07010000</Code>
<Directorate>
<Abbreviation>ENG</Abbreviation>
<LongName>Directorate For Engineering</LongName>
</Directorate>
<Division>
<Abbreviation>ECCS</Abbreviation>
<LongName>Div Of Electrical, Commun &amp; Cyber Sys</LongName>
</Division>
</Organization>
<ProgramOfficer>
<SignBlockName>Eyad Abed</SignBlockName>
<PO_EMAI>eabed@nsf.gov</PO_EMAI>
<PO_PHON>7032922303</PO_PHON>
</ProgramOfficer>
<AbstractNarration>As distributed energy resources (e.g., rooftop solar, energy storage) continue to grow among households, more houses will act as virtual power plants, sending electricity back to the power grid and significantly changing power system operations. Existing load analysis and forecasting models fail to adequately reflect consumer characteristics, which are crucial for understanding residential power demand patterns. To improve power system reliability and stability, this project introduces a novel data-driven approach to analyze and explicitly model power demand behavior at the household level using real-world long-term data. This research has several significant impacts on both theory and practice. First, the proposed model can be readily expanded to other domains, such as water usage. Second, it significantly contributes to the marketing literature by reconciling mixed findings on incentive effectiveness in changing consumer behavior, particularly in green consumption. Third, a new "Smart Grid and Data Science" curriculum will be developed, fostering student interest in combining power engineering and social science. Annual data-driven modeling competitions for K-12 students will be organized to encourage more students, especially females, to study power engineering and data science. A joint power engineering program will be developed to promote STEM research and education, increasing Native American representation in STEM careers. This project can help electric co-ops develop behavior-based demand response programs, reducing peak demand charges and contributing to global decarbonization goals. Finally, the project supports U.S. electric utilities in creating effective incentive programs that ensure both firm profit and consumers’ sustainable use of electricity.&lt;br/&gt;&lt;br/&gt;The research goal is to develop a new data-driven approach to reveal macro- and micro-residential power demand patterns, through matching 15-minute resolution smart meter data with consumer surveys, along with local parcel data and meteorological data, to achieve a comprehensive understanding of residential power demand behavior at a disaggregated level. This will lay the foundation for research focused on data-driven analysis and modeling for next-generation power grids. The key tool employed in the project is utilizing the Singular-Value-Decomposition (SVD) to identify and characterize power demand behavior. An Eigen Demand Behavior Extraction method, based on SVD, is proposed for characterizing demand behavior using 15-minute smart meter data. The primary contribution of this project will be the development of a data-driven Temperature-Time-Day-based (TTD) model for residential power demand behavior, relying solely on real-world data. The power demand behavior will be represented as a discrete-time dynamical system with outdoor temperature and time of a day coordinates evolving over days.&lt;br/&gt;&lt;br/&gt;This award reflects NSF's statutory mission and has been deemed worthy of support through evaluation using the Foundation's intellectual merit and broader impacts review criteria.</AbstractNarration>
<MinAmdLetterDate>06/01/2023</MinAmdLetterDate>
<MaxAmdLetterDate>06/01/2023</MaxAmdLetterDate>
<ARRAAmount/>
<TRAN_TYPE>Grant</TRAN_TYPE>
<CFDA_NUM>47.041</CFDA_NUM>
<NSF_PAR_USE_FLAG>1</NSF_PAR_USE_FLAG>
<FUND_AGCY_CODE>4900</FUND_AGCY_CODE>
<AWDG_AGCY_CODE>4900</AWDG_AGCY_CODE>
<AwardID>2301411</AwardID>
<Investigator>
<FirstName>Long</FirstName>
<LastName>Zhao</LastName>
<PI_MID_INIT/>
<PI_SUFX_NAME/>
<PI_FULL_NAME>Long Zhao</PI_FULL_NAME>
<EmailAddress><![CDATA[long.zhao@sdsmt.edu]]></EmailAddress>
<NSF_ID>000836765</NSF_ID>
<StartDate>06/01/2023</StartDate>
<EndDate/>
<RoleCode>Principal Investigator</RoleCode>
</Investigator>
<Institution>
<Name><![CDATA[South Dakota School of Mines and Technology]]></Name>
<CityName>RAPID CITY</CityName>
<ZipCode>577013901</ZipCode>
<PhoneNumber>6053941218</PhoneNumber>
<StreetAddress><![CDATA[501 E SAINT JOSEPH ST]]></StreetAddress>
<StreetAddress2/>
<CountryName>United States</CountryName>
<StateName>South Dakota</StateName>
<StateCode>SD</StateCode>
<CONGRESSDISTRICT>00</CONGRESSDISTRICT>
<CONGRESS_DISTRICT_ORG>SD00</CONGRESS_DISTRICT_ORG>
<ORG_UEI_NUM>CJAJYT2KW771</ORG_UEI_NUM>
<ORG_LGL_BUS_NAME>SOUTH DAKOTA SCHOOL OF MINES &amp; TECHNOLOGY</ORG_LGL_BUS_NAME>
<ORG_PRNT_UEI_NUM>CJAJYT2KW771</ORG_PRNT_UEI_NUM>
</Institution>
<Performance_Institution>
<Name><![CDATA[South Dakota School of Mines and Technology]]></Name>
<CityName>RAPID CITY</CityName>
<StateCode>SD</StateCode>
<ZipCode>577013901</ZipCode>
<StreetAddress><![CDATA[501 E SAINT JOSEPH ST]]></StreetAddress>
<CountryCode>US</CountryCode>
<CountryName>United States</CountryName>
<StateName>South Dakota</StateName>
<CountryFlag>1</CountryFlag>
<CONGRESSDISTRICT>00</CONGRESSDISTRICT>
<CONGRESS_DISTRICT_PERF>SD00</CONGRESS_DISTRICT_PERF>
</Performance_Institution>
<ProgramElement>
<Code>180Y00</Code>
<Text>ERI-Eng. Research Initiation</Text>
</ProgramElement>
<ProgramReference>
<Code>155E</Code>
<Text>Electric power networks</Text>
</ProgramReference>
<Appropriation>
<Code/>
<Name/>
<APP_SYMB_ID/>
</Appropriation>
<Fund>
<Code>01002324DB</Code>
<Name><![CDATA[NSF RESEARCH & RELATED ACTIVIT]]></Name>
<FUND_SYMB_ID>040100</FUND_SYMB_ID>
</Fund>
<FUND_OBLG>2023~198740</FUND_OBLG>
</Award>
</rootTag>
