<?xml version="1.0" encoding="UTF-8"?>
<rootTag>
<Award>
<AwardTitle><![CDATA[ERI: Study of quantum entanglement and spatially different photon pair generation through intermodal four-wave mixing in few-mode and multimode fibers]]></AwardTitle>
<AGENCY>NSF</AGENCY>
<AwardEffectiveDate>06/01/2023</AwardEffectiveDate>
<AwardExpirationDate>05/31/2025</AwardExpirationDate>
<AwardTotalIntnAmount>199910.00</AwardTotalIntnAmount>
<AwardAmount>199910</AwardAmount>
<AwardInstrument>
<Value>Standard Grant</Value>
</AwardInstrument>
<Organization>
<Code>07010000</Code>
<Directorate>
<Abbreviation>ENG</Abbreviation>
<LongName>Directorate For Engineering</LongName>
</Directorate>
<Division>
<Abbreviation>ECCS</Abbreviation>
<LongName>Div Of Electrical, Commun &amp; Cyber Sys</LongName>
</Division>
</Organization>
<ProgramOfficer>
<SignBlockName>Prem Chahal</SignBlockName>
<PO_EMAI>pchahal@nsf.gov</PO_EMAI>
<PO_PHON>7032920000</PO_PHON>
</ProgramOfficer>
<AbstractNarration>Substantial efforts are underway to expand the capacity of telecommunication systems utilizing spatial division multiplexing (SDM) as the demand for secure quantum communication systems combined with optical communication systems continues to grow. Propagating quantum states of light through current optical communication networks or future SDM systems can fulfill this demand and meet the essential consumer requirements for secure communication. The overarching aim of this research is to advance this objective through the Production and transmission of entangled photons over optical fibers. In the past, entangled photon pairs were created using bulk periodically poled crystals and waveguides utilizing their second-order nonlinearity. However, this method results in additional loss from fiber coupling and suffers from low photon yield at telecommunication bandwidths. The generation and transmission of entangled photons through optical fibers are desirable for a variety of applications. Nevertheless, the current approaches pose several challenges, including complexity, limited data generation, reliance on bulky and high-powered pulsed lasers, and the introduction of quantum noise. This study proposes the utilization of various modes of few-mode and multimode fibers to produce a pair of entangled photons, which will provide improved control over entanglement properties and better integration with SDM systems. This approach is expected to alleviate the challenges mentioned earlier. As part of the research and education integration, a graduate student working on this project will receive training in nonlinear fiber optics and quantum laser sources. Furthermore, undergraduate students will have the opportunity to participate in various stages of the project through research credits and summer internships in order to spark their interest in fiber-optic research at Missouri S&amp;T, which is a minority-serving university.&lt;br/&gt;&lt;br/&gt;The proposed research aims to investigate the impact of intermodal nonlinearities on quantum entanglement in few-mode and multimode fibers. This project is both significant and innovative in that it will employ intermodal nonlinearities to generate and transmit quantum channels across various spatial modes within such fibers. By employing pumps in two different modes of the fiber, spontaneous four-wave mixing nonlinear effect generates an entangled photon pair each of which are in a different spatial mode traveling in different channels. The project seeks to establish theoretical and experimental platforms to investigate the underlying mechanisms of such intermodal entangled mode generation. These platforms will be utilized to examine the basic processes of such intermodal entanglement in fibers. Subsequent quantum correlation experiments will be performed to characterize the generated photon pairs quantum states. By directly generating entangled photon pairs in fiber, the coupling loss will be eliminated and by the choice of fiber and the pump wavelengths, the Raman scattering noise can be avoided. The primary objective is to improve quantum communication over fiber by utilizing intermodal quantum entanglement in few-mode and multimode fibers and could have a transformative impact on quantum communication and sensing utilizing SDM-compatible fibers.&lt;br/&gt;&lt;br/&gt;This award reflects NSF's statutory mission and has been deemed worthy of support through evaluation using the Foundation's intellectual merit and broader impacts review criteria.</AbstractNarration>
<MinAmdLetterDate>05/16/2023</MinAmdLetterDate>
<MaxAmdLetterDate>05/16/2023</MaxAmdLetterDate>
<ARRAAmount/>
<TRAN_TYPE>Grant</TRAN_TYPE>
<CFDA_NUM>47.041</CFDA_NUM>
<NSF_PAR_USE_FLAG>1</NSF_PAR_USE_FLAG>
<FUND_AGCY_CODE>4900</FUND_AGCY_CODE>
<AWDG_AGCY_CODE>4900</AWDG_AGCY_CODE>
<AwardID>2301870</AwardID>
<Investigator>
<FirstName>Mina</FirstName>
<LastName>Esmaeelpour</LastName>
<PI_MID_INIT/>
<PI_SUFX_NAME/>
<PI_FULL_NAME>Mina Esmaeelpour</PI_FULL_NAME>
<EmailAddress><![CDATA[mina.esmaeelpour@mst.edu]]></EmailAddress>
<NSF_ID>000854103</NSF_ID>
<StartDate>05/16/2023</StartDate>
<EndDate/>
<RoleCode>Principal Investigator</RoleCode>
</Investigator>
<Institution>
<Name><![CDATA[Missouri University of Science and Technology]]></Name>
<CityName>ROLLA</CityName>
<ZipCode>654091330</ZipCode>
<PhoneNumber>5733414134</PhoneNumber>
<StreetAddress><![CDATA[300 W. 12TH STREET]]></StreetAddress>
<StreetAddress2><![CDATA[202 CENTENNIAL HALL]]></StreetAddress2>
<CountryName>United States</CountryName>
<StateName>Missouri</StateName>
<StateCode>MO</StateCode>
<CONGRESSDISTRICT>08</CONGRESSDISTRICT>
<CONGRESS_DISTRICT_ORG>MO08</CONGRESS_DISTRICT_ORG>
<ORG_UEI_NUM>Y6MGH342N169</ORG_UEI_NUM>
<ORG_LGL_BUS_NAME>UNIVERSITY OF MISSOURI SYSTEM</ORG_LGL_BUS_NAME>
<ORG_PRNT_UEI_NUM/>
</Institution>
<Performance_Institution>
<Name><![CDATA[Missouri University of Science and Technology]]></Name>
<CityName>ROLLA</CityName>
<StateCode>MO</StateCode>
<ZipCode>654096506</ZipCode>
<StreetAddress><![CDATA[300 W 12TH ST]]></StreetAddress>
<CountryCode>US</CountryCode>
<CountryName>United States</CountryName>
<StateName>Missouri</StateName>
<CountryFlag>1</CountryFlag>
<CONGRESSDISTRICT>08</CONGRESSDISTRICT>
<CONGRESS_DISTRICT_PERF>MO08</CONGRESS_DISTRICT_PERF>
</Performance_Institution>
<ProgramElement>
<Code>180Y00</Code>
<Text>ERI-Eng. Research Initiation</Text>
</ProgramElement>
<ProgramReference>
<Code>094E</Code>
<Text>Optoelectronic devices</Text>
</ProgramReference>
<ProgramReference>
<Code>4096</Code>
<Text>COMMUNICATIONS RESEARCH</Text>
</ProgramReference>
<ProgramReference>
<Code>7203</Code>
<Text>QUANTUM INFORMATION SCIENCE</Text>
</ProgramReference>
<ProgramReference>
<Code>9102</Code>
<Text>WOMEN, MINORITY, DISABLED, NEC</Text>
</ProgramReference>
<Appropriation>
<Code/>
<Name/>
<APP_SYMB_ID/>
</Appropriation>
<Fund>
<Code>01002324DB</Code>
<Name><![CDATA[NSF RESEARCH & RELATED ACTIVIT]]></Name>
<FUND_SYMB_ID>040100</FUND_SYMB_ID>
</Fund>
<FUND_OBLG>2023~199910</FUND_OBLG>
</Award>
</rootTag>
