<?xml version="1.0" encoding="UTF-8"?>
<rootTag>
<Award>
<AwardTitle><![CDATA[Opportunity Matters: Investigating the Impact of the COVID-19 Pandemic on the STEM Career Pipeline]]></AwardTitle>
<AGENCY>NSF</AGENCY>
<AwardEffectiveDate>09/15/2023</AwardEffectiveDate>
<AwardExpirationDate>08/31/2026</AwardExpirationDate>
<AwardTotalIntnAmount>995334.00</AwardTotalIntnAmount>
<AwardAmount>995334</AwardAmount>
<AwardInstrument>
<Value>Continuing Grant</Value>
</AwardInstrument>
<Organization>
<Code>11010000</Code>
<Directorate>
<Abbreviation>EDU</Abbreviation>
<LongName>Directorate for STEM Education</LongName>
</Directorate>
<Division>
<Abbreviation>DGE</Abbreviation>
<LongName>Division Of Graduate Education</LongName>
</Division>
</Organization>
<ProgramOfficer>
<SignBlockName>Andrea Nixon</SignBlockName>
<PO_EMAI>anixon@nsf.gov</PO_EMAI>
<PO_PHON>7032922321</PO_PHON>
</ProgramOfficer>
<AbstractNarration>The COVID-19 pandemic fundamentally changed the educational landscape of the United States, overwhelming schools and leaving high school students with fewer opportunities to learn math and science content.  This was particularly true for students from historically marginalized groups including students living in poverty, students of color, students with disabilities, and students whose primary language is not English.  Reduced opportunities to learn math and science content has profound implications for the pipeline from high school, through college, to STEM careers, narrowing it to only students with the necessary resources to ensure continued access to learning opportunities. Building on prior research, this study is designed to explore disruptions in math and science high school course taking during the COVID-19 Pandemic, focusing on high school students from historically marginalized groups in the United States. &lt;br/&gt;&lt;br/&gt;The project draws upon Opportunity to Learn theory and a multidimensional conceptualization of cultural capital which incorporating Bourdieu's concept of hysteresis and Yosso's theory of Community Cultural Wealth.  The project is designed to advance foundational knowledge about students’ access to and engagement with science and math courses at different time points before, during, and after the  COVID-19 pandemic.  Researchers from the National Opinion Research Center will partner with Infinite Campus, a leading supplier of student information and learning management systems, providing researchers with access to data on over 1.8 million high school students across the United States.  The large-scale data set will enable analyses of populations often excluded from research because of their small populations, as well as intersectional groups with multiple social identities.  The project team will use weighting techniques designed to warrant claims about public high schools with enrollments larger than 50 students.  Data will be analyzed using concept grounding, latent class analysis, and intersectional techniques.  Findings from this study have the potential to be critical for schools and districts as they work to more equitably address disparities in student outcomes in the wake of the COVID-19 pandemic. &lt;br/&gt;&lt;br/&gt;This project is supported by NSF's EDU Core Research (ECR) program. The ECR program emphasizes fundamental STEM education research that generates foundational knowledge in the field. Investments are made in critical areas that are essential, broad and enduring: STEM learning and STEM learning environments, broadening participation in STEM, and STEM workforce development.&lt;br/&gt;&lt;br/&gt;This award reflects NSF's statutory mission and has been deemed worthy of support through evaluation using the Foundation's intellectual merit and broader impacts review criteria.</AbstractNarration>
<MinAmdLetterDate>09/05/2023</MinAmdLetterDate>
<MaxAmdLetterDate>09/18/2024</MaxAmdLetterDate>
<ARRAAmount/>
<TRAN_TYPE>Grant</TRAN_TYPE>
<CFDA_NUM>47.076</CFDA_NUM>
<NSF_PAR_USE_FLAG>1</NSF_PAR_USE_FLAG>
<FUND_AGCY_CODE>4900</FUND_AGCY_CODE>
<AWDG_AGCY_CODE>4900</AWDG_AGCY_CODE>
<AwardID>2301038</AwardID>
<Investigator>
<FirstName>Jennifer</FirstName>
<LastName>Hamilton</LastName>
<PI_MID_INIT/>
<PI_SUFX_NAME/>
<PI_FULL_NAME>Jennifer Hamilton</PI_FULL_NAME>
<EmailAddress><![CDATA[hamilton-jennifer@norc.org]]></EmailAddress>
<NSF_ID>000804411</NSF_ID>
<StartDate>09/05/2023</StartDate>
<EndDate/>
<RoleCode>Principal Investigator</RoleCode>
</Investigator>
<Investigator>
<FirstName>Debbie</FirstName>
<LastName>Kim</LastName>
<PI_MID_INIT/>
<PI_SUFX_NAME/>
<PI_FULL_NAME>Debbie Kim</PI_FULL_NAME>
<EmailAddress><![CDATA[kim-debbie@norc.org]]></EmailAddress>
<NSF_ID>000818461</NSF_ID>
<StartDate>09/05/2023</StartDate>
<EndDate/>
<RoleCode>Co-Principal Investigator</RoleCode>
</Investigator>
<Institution>
<Name><![CDATA[National Opinion Research Center]]></Name>
<CityName>CHICAGO</CityName>
<ZipCode>606035713</ZipCode>
<PhoneNumber>7732566000</PhoneNumber>
<StreetAddress><![CDATA[55 E MONROE ST]]></StreetAddress>
<StreetAddress2/>
<CountryName>United States</CountryName>
<StateName>Illinois</StateName>
<StateCode>IL</StateCode>
<CONGRESSDISTRICT>07</CONGRESSDISTRICT>
<CONGRESS_DISTRICT_ORG>IL07</CONGRESS_DISTRICT_ORG>
<ORG_UEI_NUM>MPYFY5UMSDP4</ORG_UEI_NUM>
<ORG_LGL_BUS_NAME>NATIONAL OPINION RESEARCH CENTER</ORG_LGL_BUS_NAME>
<ORG_PRNT_UEI_NUM>MPYFY5UMSDP4</ORG_PRNT_UEI_NUM>
</Institution>
<Performance_Institution>
<Name><![CDATA[National Opinion Research Center]]></Name>
<CityName>CHICAGO</CityName>
<StateCode>IL</StateCode>
<ZipCode>606035713</ZipCode>
<StreetAddress><![CDATA[55 E MONROE ST 30TH FL]]></StreetAddress>
<CountryCode>US</CountryCode>
<CountryName>United States</CountryName>
<StateName>Illinois</StateName>
<CountryFlag>1</CountryFlag>
<CONGRESSDISTRICT>07</CONGRESSDISTRICT>
<CONGRESS_DISTRICT_PERF>IL07</CONGRESS_DISTRICT_PERF>
</Performance_Institution>
<ProgramElement>
<Code>798000</Code>
<Text>ECR-EDU Core Research</Text>
</ProgramElement>
<ProgramReference>
<Code>097Z</Code>
<Text>COVID-19 Impacts on Existing Activities</Text>
</ProgramReference>
<ProgramReference>
<Code>8212</Code>
<Text>Broaden Particip STEM Resrch</Text>
</ProgramReference>
<ProgramReference>
<Code>8817</Code>
<Text>STEM Learning &amp; Learning Environments</Text>
</ProgramReference>
<Appropriation>
<Code/>
<Name/>
<APP_SYMB_ID/>
</Appropriation>
<Appropriation>
<Code/>
<Name/>
<APP_SYMB_ID/>
</Appropriation>
<Fund>
<Code>04002425DB</Code>
<Name><![CDATA[NSF STEM Education]]></Name>
<FUND_SYMB_ID>040106</FUND_SYMB_ID>
</Fund>
<Fund>
<Code>04002324DB</Code>
<Name><![CDATA[NSF STEM Education]]></Name>
<FUND_SYMB_ID>040106</FUND_SYMB_ID>
</Fund>
<FUND_OBLG>2023~657725</FUND_OBLG>
<FUND_OBLG>2024~337609</FUND_OBLG>
</Award>
</rootTag>
