<?xml version="1.0" encoding="UTF-8"?>
<rootTag>
<Award>
<AwardTitle><![CDATA[ABR: Genetic Technology Development and International Security Efforts: Renewal]]></AwardTitle>
<AGENCY>NSF</AGENCY>
<AwardEffectiveDate>03/15/2023</AwardEffectiveDate>
<AwardExpirationDate>10/31/2025</AwardExpirationDate>
<AwardTotalIntnAmount>140844.00</AwardTotalIntnAmount>
<AwardAmount>140844</AwardAmount>
<AwardInstrument>
<Value>Standard Grant</Value>
</AwardInstrument>
<Organization>
<Code>04040000</Code>
<Directorate>
<Abbreviation>SBE</Abbreviation>
<LongName>Direct For Social, Behav &amp; Economic Scie</LongName>
</Directorate>
<Division>
<Abbreviation>BCS</Abbreviation>
<LongName>Division Of Behavioral and Cognitive Sci</LongName>
</Division>
</Organization>
<ProgramOfficer>
<SignBlockName>Jeffrey Mantz</SignBlockName>
<PO_EMAI>jmantz@nsf.gov</PO_EMAI>
<PO_PHON>7032927783</PO_PHON>
</ProgramOfficer>
<AbstractNarration>Genomics has become increasingly important for law and policing, as evidenced by the proliferation of national criminal DNA databases throughout the world. New national criminal DNA databases, once limited to high-income countries, are becoming widespread in middle-income countries and they are also beginning to be established in low-income countries. But DNA databases require infrastructural resources and expertise to implement and maintain. How are places that are marked by capacity challenges and conditions of scarcity establishing and running DNA databases under these conditions, and how might their strategies inform the global future of this phenomenon? How does DNA become transformed into something that is reliable and useful in national legal contexts and in international security efforts, and what are the consequences for how science and citizenship are lived and experienced? This research project will address these questions by investigating the intersection between genomics and law, related infrastructural investments, and the networks of people who must work together to transform genetic data into legally legible evidence. Further, this project supports the methods and data analysis training of two graduate students.&lt;br/&gt;&lt;br/&gt;This research is supported as an accomplishment-based renewal of highly successful project exploring how the use of genetic technologies in criminal law might change experiences and forms of citizenship as well as social and cultural understandings of science and what constitutes reliable evidence. This research extends that completed through a previous grant by further investigating global criminal forensic genetics as an emerging and expanding citizenship formation with interconnected local, national, and transnational influences and implications. The research will take place in a middle-income context that has been implementing and expanding a 2015 law that creates a criminal DNA database for which the police force has primary responsibility. The project will use ethnographic methodologies to consider how a cross-section of people from diverse socioeconomic backgrounds who have different forms of expertise and different ideas about the meaning of science and justice are brought together through their roles in enacting investments in forensic genetics. The project will include police, forensic laboratories, courtrooms, and NGOs and private companies that contribute to forensic genetics training and advocacy. In this research context investment in genomics for law enforcement is new and actively expanding throughout the research period. Those current investments raise important questions about the global scope and scale, and the local specificity and variation, of intersections between genomics and law. This research therefore offers an actively emerging view into how DNA comes to matter in new ways as it moves out of research laboratories and into a broader public sphere.&lt;br/&gt;&lt;br/&gt;This award reflects NSF's statutory mission and has been deemed worthy of support through evaluation using the Foundation's intellectual merit and broader impacts review criteria.</AbstractNarration>
<MinAmdLetterDate>03/14/2023</MinAmdLetterDate>
<MaxAmdLetterDate>03/14/2023</MaxAmdLetterDate>
<ARRAAmount/>
<TRAN_TYPE>Grant</TRAN_TYPE>
<CFDA_NUM>47.075</CFDA_NUM>
<NSF_PAR_USE_FLAG>1</NSF_PAR_USE_FLAG>
<FUND_AGCY_CODE>4900</FUND_AGCY_CODE>
<AWDG_AGCY_CODE>4900</AWDG_AGCY_CODE>
<AwardID>2301648</AwardID>
<Investigator>
<FirstName>Noah</FirstName>
<LastName>Tamarkin</LastName>
<PI_MID_INIT/>
<PI_SUFX_NAME/>
<PI_FULL_NAME>Noah Tamarkin</PI_FULL_NAME>
<EmailAddress><![CDATA[ntamarkin@cornell.edu]]></EmailAddress>
<NSF_ID>000701821</NSF_ID>
<StartDate>03/14/2023</StartDate>
<EndDate/>
<RoleCode>Principal Investigator</RoleCode>
</Investigator>
<Institution>
<Name><![CDATA[Cornell University]]></Name>
<CityName>ITHACA</CityName>
<ZipCode>148502820</ZipCode>
<PhoneNumber>6072555014</PhoneNumber>
<StreetAddress><![CDATA[341 PINE TREE RD]]></StreetAddress>
<StreetAddress2/>
<CountryName>United States</CountryName>
<StateName>New York</StateName>
<StateCode>NY</StateCode>
<CONGRESSDISTRICT>19</CONGRESSDISTRICT>
<CONGRESS_DISTRICT_ORG>NY19</CONGRESS_DISTRICT_ORG>
<ORG_UEI_NUM>G56PUALJ3KT5</ORG_UEI_NUM>
<ORG_LGL_BUS_NAME>CORNELL UNIVERSITY</ORG_LGL_BUS_NAME>
<ORG_PRNT_UEI_NUM/>
</Institution>
<Performance_Institution>
<Name><![CDATA[Cornell University]]></Name>
<CityName>ITHACA</CityName>
<StateCode>NY</StateCode>
<ZipCode>148502820</ZipCode>
<StreetAddress><![CDATA[341 PINE TREE RD]]></StreetAddress>
<CountryCode>US</CountryCode>
<CountryName>United States</CountryName>
<StateName>New York</StateName>
<CountryFlag>1</CountryFlag>
<CONGRESSDISTRICT>19</CONGRESSDISTRICT>
<CONGRESS_DISTRICT_PERF>NY19</CONGRESS_DISTRICT_PERF>
</Performance_Institution>
<ProgramElement>
<Code>139000</Code>
<Text>Cultural Anthropology</Text>
</ProgramElement>
<ProgramReference>
<Code>1066</Code>
<Text>SOUTH AFRICA</Text>
</ProgramReference>
<ProgramReference>
<Code>1390</Code>
<Text>CULTURAL ANTHROPOLOGY</Text>
</ProgramReference>
<ProgramReference>
<Code>9178</Code>
<Text>UNDERGRADUATE EDUCATION</Text>
</ProgramReference>
<ProgramReference>
<Code>9179</Code>
<Text>GRADUATE INVOLVEMENT</Text>
</ProgramReference>
<Appropriation>
<Code/>
<Name/>
<APP_SYMB_ID/>
</Appropriation>
<Fund>
<Code>01002324DB</Code>
<Name><![CDATA[NSF RESEARCH & RELATED ACTIVIT]]></Name>
<FUND_SYMB_ID>040100</FUND_SYMB_ID>
</Fund>
<FUND_OBLG>2023~140844</FUND_OBLG>
</Award>
</rootTag>
