<?xml version="1.0" encoding="UTF-8"?>
<rootTag>
<Award>
<AwardTitle><![CDATA[ERI: Engineering a biofilm infection-on-a-chip to elucidate the host-biofilm interface]]></AwardTitle>
<AGENCY>NSF</AGENCY>
<AwardEffectiveDate>06/01/2023</AwardEffectiveDate>
<AwardExpirationDate>05/31/2025</AwardExpirationDate>
<AwardTotalIntnAmount>200000.00</AwardTotalIntnAmount>
<AwardAmount>200000</AwardAmount>
<AwardInstrument>
<Value>Standard Grant</Value>
</AwardInstrument>
<Organization>
<Code>07020000</Code>
<Directorate>
<Abbreviation>ENG</Abbreviation>
<LongName>Directorate For Engineering</LongName>
</Directorate>
<Division>
<Abbreviation>CBET</Abbreviation>
<LongName>Div Of Chem, Bioeng, Env, &amp; Transp Sys</LongName>
</Division>
</Organization>
<ProgramOfficer>
<SignBlockName>Rizia Bardhan</SignBlockName>
<PO_EMAI>rbardhan@nsf.gov</PO_EMAI>
<PO_PHON>7032922390</PO_PHON>
</ProgramOfficer>
<AbstractNarration>Bacteria build protective homes to live in with other bacteria known as biofilms.  Biofilms cause infections at many locations in the body.  Bacteria design biofilms differently depending on the location where they live.  New tools that can relate the location where bacteria form biofilms and their strengths are needed and could help scientists find new ways to destroy biofilms.  This project creates new strategies to learn about the homes bacteria build on catheters placed in blood vessels.  The research will seek to understand how blood vessels and blood flow change the design and strength of biofilms. The project is important for helping to create new ways to study and treat infections in blood vessels.  Another focus of the project is mentoring graduate and undergraduate students in STEM outreach.  Graduate and undergraduate students will educate the public about how tools for studying infections can help create new drugs at a local science festival.  Women graduate students will develop STEM career exploration workshops for women undergraduate students.  &lt;br/&gt;&lt;br/&gt;Bacterial biofilms are estimated to cause 65-80% of infections.  Biofilms are frequently recalcitrant—resistant or tolerant—to conventional antibiotics.  Current dynamic infection models of bacteria-host interactions are limited to initial bacterial adhesion events or intracellular infections and do not capture biofilm development.  New models are required to advance the understanding of biofilm resilience in host environments and accelerate the development of effective antimicrobials.  Incorporation of the host interface into biofilm models is essential as biofilms are sensitive to changes in microenvironment.  The goal of this project is to engineer, validate, and utilize an in vitro biofilm infection-on-a-chip that effectively replicates a Staphylococcus epidermidis biofilm infection on a central venous catheter in physiologically relevant conditions at the host-biofilm-device interface.  Engineering advancements in model design include a window on the microfluidic chip that controls surface interactions between bacteria and endothelial interfaces, a common co-culture growth media, and optimization of biofilm growth conditions to recapitulate biofilms with in vivo characteristics.  The validated model will be used to reveal how the vascular interface influences the development of biofilm structure.  The biofilm infection-on-a-chip will also be utilized to elucidate how variations in venous shear stress modulate biofilm mechanics and vascular inflammatory response at the host-biofilm interface.  The biofilm infection-on-a-chip engineered in this project is the first biofilm infection model to enable direct visualization of biofilm development at the vascular interface in physiological conditions.  Advancing the understanding of biofilm development at the vascular interface is critical for shedding new light on biofilm resilience in the host environment.&lt;br/&gt;&lt;br/&gt;This award reflects NSF's statutory mission and has been deemed worthy of support through evaluation using the Foundation's intellectual merit and broader impacts review criteria.</AbstractNarration>
<MinAmdLetterDate>05/30/2023</MinAmdLetterDate>
<MaxAmdLetterDate>05/30/2023</MaxAmdLetterDate>
<ARRAAmount/>
<TRAN_TYPE>Grant</TRAN_TYPE>
<CFDA_NUM>47.041</CFDA_NUM>
<NSF_PAR_USE_FLAG>1</NSF_PAR_USE_FLAG>
<FUND_AGCY_CODE>4900</FUND_AGCY_CODE>
<AWDG_AGCY_CODE>4900</AWDG_AGCY_CODE>
<AwardID>2301586</AwardID>
<Investigator>
<FirstName>Elizabeth</FirstName>
<LastName>Stewart</LastName>
<PI_MID_INIT>J</PI_MID_INIT>
<PI_SUFX_NAME/>
<PI_FULL_NAME>Elizabeth J Stewart</PI_FULL_NAME>
<EmailAddress><![CDATA[ejstewart@wpi.edu]]></EmailAddress>
<NSF_ID>000857289</NSF_ID>
<StartDate>05/30/2023</StartDate>
<EndDate/>
<RoleCode>Principal Investigator</RoleCode>
</Investigator>
<Institution>
<Name><![CDATA[Worcester Polytechnic Institute]]></Name>
<CityName>WORCESTER</CityName>
<ZipCode>016092247</ZipCode>
<PhoneNumber>5088315000</PhoneNumber>
<StreetAddress><![CDATA[100 INSTITUTE RD]]></StreetAddress>
<StreetAddress2/>
<CountryName>United States</CountryName>
<StateName>Massachusetts</StateName>
<StateCode>MA</StateCode>
<CONGRESSDISTRICT>02</CONGRESSDISTRICT>
<CONGRESS_DISTRICT_ORG>MA02</CONGRESS_DISTRICT_ORG>
<ORG_UEI_NUM>HJNQME41NBU4</ORG_UEI_NUM>
<ORG_LGL_BUS_NAME>WORCESTER POLYTECHNIC INSTITUTE</ORG_LGL_BUS_NAME>
<ORG_PRNT_UEI_NUM/>
</Institution>
<Performance_Institution>
<Name><![CDATA[Worcester Polytechnic Institute]]></Name>
<CityName>WORCESTER</CityName>
<StateCode>MA</StateCode>
<ZipCode>016092247</ZipCode>
<StreetAddress><![CDATA[100 INSTITUTE RD]]></StreetAddress>
<CountryCode>US</CountryCode>
<CountryName>United States</CountryName>
<StateName>Massachusetts</StateName>
<CountryFlag>1</CountryFlag>
<CONGRESSDISTRICT>02</CONGRESSDISTRICT>
<CONGRESS_DISTRICT_PERF>MA02</CONGRESS_DISTRICT_PERF>
</Performance_Institution>
<ProgramElement>
<Code>164200</Code>
<Text>Special Initiatives</Text>
</ProgramElement>
<ProgramReference>
<Code>9102</Code>
<Text>WOMEN, MINORITY, DISABLED, NEC</Text>
</ProgramReference>
<ProgramReference>
<Code>9264</Code>
<Text>RESEARCH INITIATION AWARD</Text>
</ProgramReference>
<Appropriation>
<Code/>
<Name/>
<APP_SYMB_ID/>
</Appropriation>
<Fund>
<Code>01002324DB</Code>
<Name><![CDATA[NSF RESEARCH & RELATED ACTIVIT]]></Name>
<FUND_SYMB_ID>040100</FUND_SYMB_ID>
</Fund>
<FUND_OBLG>2023~200000</FUND_OBLG>
</Award>
</rootTag>
