<?xml version="1.0" encoding="UTF-8"?>
<rootTag>
<Award>
<AwardTitle><![CDATA[Excellence in Research: Towards Secure Unmanned Aerial Vehicles-based Systems]]></AwardTitle>
<AGENCY>NSF</AGENCY>
<AwardEffectiveDate>06/01/2023</AwardEffectiveDate>
<AwardExpirationDate>05/31/2026</AwardExpirationDate>
<AwardTotalIntnAmount>575865.00</AwardTotalIntnAmount>
<AwardAmount>575865</AwardAmount>
<AwardInstrument>
<Value>Standard Grant</Value>
</AwardInstrument>
<Organization>
<Code>05050000</Code>
<Directorate>
<Abbreviation>CSE</Abbreviation>
<LongName>Direct For Computer &amp; Info Scie &amp; Enginr</LongName>
</Directorate>
<Division>
<Abbreviation>CNS</Abbreviation>
<LongName>Division Of Computer and Network Systems</LongName>
</Division>
</Organization>
<ProgramOfficer>
<SignBlockName>Subrata Acharya</SignBlockName>
<PO_EMAI>acharyas@nsf.gov</PO_EMAI>
<PO_PHON>7032922451</PO_PHON>
</ProgramOfficer>
<AbstractNarration>This project aims to enhance the resilience of deep learning-based Unmanned Aerial Vehicles (UAV) navigation systems to novel attack vectors that attempt to misguide the UAV by making small changes to the sensed data.  Such systems are vulnerable to different attacks, which can result in the misguidance or hacking of the UAV, posing significant safety risks. Different types of adversarial attacks will be considered. Additionally, the project will investigate defense methods against these types of stealthy attacks using state-of-the-art methods as well as experimentations. The performance of the models will be judged according to their ability to resist attacks through simulations and real-world experiments using a UAV testbed. The results of this research will have significant implications for the development of safe and reliable UAV navigation systems, with potential applications in various fields such as crop monitoring, search and rescue, and infrastructure inspection. The project aligns with NSF's mission to promote fundamental research, advance the national interest, and contribute to the broader scientific community by sharing its findings through publications and open-source software. The research will support technical development and engagement of underrepresented graduate and undergraduate students at North Carolina A&amp;T State University. The funding will also enhance development of undergraduate/graduate-level course modules and certificates in autonomy.&lt;br/&gt;&lt;br/&gt;The project will investigate attack scenarios that combine two triggers, namely trojan and adversarial triggers, to create a malign behavior where the model remains robust in the absence of a trojan under adversarial attacks but behaves maliciously when the trojan is present. To address these attacks, a deep learning-based detection model will be developed that learns features from both adversarial perturbations and counterfactual attributions, to detect and mitigate these attacks. Secure deployment will also be investigated, including remote controller and secure hardware.&lt;br/&gt;&lt;br/&gt;This award reflects NSF's statutory mission and has been deemed worthy of support through evaluation using the Foundation's intellectual merit and broader impacts review criteria.</AbstractNarration>
<MinAmdLetterDate>05/31/2023</MinAmdLetterDate>
<MaxAmdLetterDate>05/31/2023</MaxAmdLetterDate>
<ARRAAmount/>
<TRAN_TYPE>Grant</TRAN_TYPE>
<CFDA_NUM>47.083</CFDA_NUM>
<NSF_PAR_USE_FLAG>1</NSF_PAR_USE_FLAG>
<FUND_AGCY_CODE>4900</FUND_AGCY_CODE>
<AWDG_AGCY_CODE>4900</AWDG_AGCY_CODE>
<AwardID>2301553</AwardID>
<Investigator>
<FirstName>Mahmoud</FirstName>
<LastName>Mahmoud</LastName>
<PI_MID_INIT>N</PI_MID_INIT>
<PI_SUFX_NAME/>
<PI_FULL_NAME>Mahmoud N Mahmoud</PI_FULL_NAME>
<EmailAddress><![CDATA[mnmahmoud@ncat.edu]]></EmailAddress>
<NSF_ID>000815494</NSF_ID>
<StartDate>05/31/2023</StartDate>
<EndDate/>
<RoleCode>Principal Investigator</RoleCode>
</Investigator>
<Investigator>
<FirstName>Abdollah</FirstName>
<LastName>Homaifar</LastName>
<PI_MID_INIT/>
<PI_SUFX_NAME/>
<PI_FULL_NAME>Abdollah Homaifar</PI_FULL_NAME>
<EmailAddress><![CDATA[homaifar@ncat.edu]]></EmailAddress>
<NSF_ID>000365616</NSF_ID>
<StartDate>05/31/2023</StartDate>
<EndDate/>
<RoleCode>Co-Principal Investigator</RoleCode>
</Investigator>
<Institution>
<Name><![CDATA[North Carolina Agricultural & Technical State University]]></Name>
<CityName>GREENSBORO</CityName>
<ZipCode>274110002</ZipCode>
<PhoneNumber>3363347995</PhoneNumber>
<StreetAddress><![CDATA[1601 E MARKET ST]]></StreetAddress>
<StreetAddress2/>
<CountryName>United States</CountryName>
<StateName>North Carolina</StateName>
<StateCode>NC</StateCode>
<CONGRESSDISTRICT>06</CONGRESSDISTRICT>
<CONGRESS_DISTRICT_ORG>NC06</CONGRESS_DISTRICT_ORG>
<ORG_UEI_NUM>SKH5GMBR9GL3</ORG_UEI_NUM>
<ORG_LGL_BUS_NAME>NORTH CAROLINA AGRICULTURAL AND TECHNICAL STATE UNIVERSITY</ORG_LGL_BUS_NAME>
<ORG_PRNT_UEI_NUM/>
</Institution>
<Performance_Institution>
<Name><![CDATA[North Carolina Agricultural & Technical State University]]></Name>
<CityName>GREENSBORO</CityName>
<StateCode>NC</StateCode>
<ZipCode>274110001</ZipCode>
<StreetAddress><![CDATA[1601 E MARKET ST DOWDY BLDG STE 418 221 DOWDY ADM BLDG]]></StreetAddress>
<CountryCode>US</CountryCode>
<CountryName>United States</CountryName>
<StateName>North Carolina</StateName>
<CountryFlag>1</CountryFlag>
<CONGRESSDISTRICT>06</CONGRESSDISTRICT>
<CONGRESS_DISTRICT_PERF>NC06</CONGRESS_DISTRICT_PERF>
</Performance_Institution>
<ProgramElement>
<Code>070Y00</Code>
<Text>HBCU-EiR - HBCU-Excellence in</Text>
</ProgramElement>
<ProgramReference>
<Code>041Z</Code>
<Text>HBCU-Strengthening Research Capacities</Text>
</ProgramReference>
<ProgramReference>
<Code>1594</Code>
<Text>HIST BLACK COLLEGES AND UNIV</Text>
</ProgramReference>
<ProgramReference>
<Code>7482</Code>
<Text>BROADENING PARTIC IN COMPUTING</Text>
</ProgramReference>
<Appropriation>
<Code/>
<Name/>
<APP_SYMB_ID/>
</Appropriation>
<Fund>
<Code>01002223DB</Code>
<Name><![CDATA[NSF RESEARCH & RELATED ACTIVIT]]></Name>
<FUND_SYMB_ID>040100</FUND_SYMB_ID>
</Fund>
<FUND_OBLG>2023~575865</FUND_OBLG>
</Award>
</rootTag>
