<?xml version="1.0" encoding="UTF-8"?>
<rootTag>
<Award>
<AwardTitle><![CDATA[Collaborative Research: Addressing knowledge and capacity shortfalls to advance conservation science and action for native Hawaiian land flora and fauna]]></AwardTitle>
<AGENCY>NSF</AGENCY>
<AwardEffectiveDate>05/01/2023</AwardEffectiveDate>
<AwardExpirationDate>04/30/2026</AwardExpirationDate>
<AwardTotalIntnAmount>220703.00</AwardTotalIntnAmount>
<AwardAmount>220703</AwardAmount>
<AwardInstrument>
<Value>Standard Grant</Value>
</AwardInstrument>
<Organization>
<Code>08010000</Code>
<Directorate>
<Abbreviation>BIO</Abbreviation>
<LongName>Direct For Biological Sciences</LongName>
</Directorate>
<Division>
<Abbreviation>DEB</Abbreviation>
<LongName>Division Of Environmental Biology</LongName>
</Division>
</Organization>
<ProgramOfficer>
<SignBlockName>Kari Segraves</SignBlockName>
<PO_EMAI>ksegrave@nsf.gov</PO_EMAI>
<PO_PHON>7032928935</PO_PHON>
</ProgramOfficer>
<AbstractNarration>On average, an estimated 200 species of plants and animals go extinct each day because of habitat destruction, overexploitation, invasive species, disease, and climate change. Many of these species existed long before humans. They evolved to fill critical roles in ecosystems on which humanity relies for food, clean air, clean water, fertile soils, and a host of other services that make life possible and comfortable on this planet. For decades conservation efforts have focused primarily on saving select species. Unfortunately, such approaches do not encompass the bulk of biodiversity or the more complex interactions among species. These approaches leave gaps in scientific understanding of ecosystem level processes and interactions needed to implement effective conservation actions. This is especially evident for high diversity but poorly studied groups like snails, which account for the highest number of recorded extinctions in human history. Hawaiian Island land snails include some of the most diverse groups of snails on the planet. They are also among the most heavily impacted by extinction, with more than half of the more than 750 known species already lost. Saving the remaining species and restoring these jewels of the Hawaiian forests requires knowledge of species interactions and their ecological requirements. Understanding why land snails live where they do, what they feed on, and what their other habitat requirements are is critical to successful captive rearing of the remaining species and to returning them to the wild in protected and restored habitats. In addition, this project will help fill the human resource capacity shortfall by providing conservation experiences and broadening participation of groups underrepresented in science and conservation specifically. Students and researchers will engage and contribute to a broader understanding of ecology, applied conservation, and the biology of lesser-known groups like snails. At a deeper community level, this will expand knowledge and engagement with indigenous practices and ways of understanding. Hawaiian land snails hold deep cultural presence and Hawaiians hold generations of natural history insights about the natural world. This project will help bridge biocultural land snail knowledge with physical objects, natural history data, and genomics. Collectively, this will increase stewardship and sustainability of environmental resources, support conservation management efforts through indigenous value systems, and instill appreciation and protection of our precious resources for generations. &lt;br/&gt;&lt;br/&gt;Researchers will incorporate studies in microbial genomics, field ecology, and captive rearing diets that address the most urgent knowledge gaps in Hawaiian land snail ecology. By examining resource preferences and feeding ecology of Hawaiian lands snails this project will 1) determine snail feeding preferences on bacteria and fungi that grow on their native host plants; 2) characterize the microbial communities that likely form key components of snail diets; and 3) identify preferred plants and microbial communities that improve snail survivorship and breeding in captivity. The data gathered will be used to expand captive rearing capacity, restore degraded habitats with preferred plant resources, and build long term capacity for effective land snail conservation in Hawaii. Knowing which microbial assemblages enhance snail survivorship, growth, and fecundity will provide conservationists with a powerful tool to assess quality of snail habitat. It will also enable restoration practitioners to create habitats to support extant populations in the wild.&lt;br/&gt;&lt;br/&gt;This project is being supported via a joint program involving the Divisions of Environmental Biology and Integrative Organismal Systems and the Paul G. Allen Family Foundation.&lt;br/&gt;&lt;br/&gt;This award reflects NSF's statutory mission and has been deemed worthy of support through evaluation using the Foundation's intellectual merit and broader impacts review criteria.</AbstractNarration>
<MinAmdLetterDate>03/21/2023</MinAmdLetterDate>
<MaxAmdLetterDate>03/21/2023</MaxAmdLetterDate>
<ARRAAmount/>
<TRAN_TYPE>Grant</TRAN_TYPE>
<CFDA_NUM>47.074</CFDA_NUM>
<NSF_PAR_USE_FLAG>1</NSF_PAR_USE_FLAG>
<FUND_AGCY_CODE>4900</FUND_AGCY_CODE>
<AWDG_AGCY_CODE>4900</AWDG_AGCY_CODE>
<AwardID>2301564</AwardID>
<Investigator>
<FirstName>Kenneth</FirstName>
<LastName>Hayes</LastName>
<PI_MID_INIT>A</PI_MID_INIT>
<PI_SUFX_NAME/>
<PI_FULL_NAME>Kenneth A Hayes</PI_FULL_NAME>
<EmailAddress><![CDATA[hayes.ken@gmail.com]]></EmailAddress>
<NSF_ID>000081950</NSF_ID>
<StartDate>03/21/2023</StartDate>
<EndDate/>
<RoleCode>Principal Investigator</RoleCode>
</Investigator>
<Investigator>
<FirstName>Norine</FirstName>
<LastName>Yeung</LastName>
<PI_MID_INIT/>
<PI_SUFX_NAME/>
<PI_FULL_NAME>Norine Yeung</PI_FULL_NAME>
<EmailAddress><![CDATA[nyeung@hawaii.edu]]></EmailAddress>
<NSF_ID>000662300</NSF_ID>
<StartDate>03/21/2023</StartDate>
<EndDate/>
<RoleCode>Co-Principal Investigator</RoleCode>
</Investigator>
<Investigator>
<FirstName>Kiana</FirstName>
<LastName>Frank</LastName>
<PI_MID_INIT>L</PI_MID_INIT>
<PI_SUFX_NAME/>
<PI_FULL_NAME>Kiana L Frank</PI_FULL_NAME>
<EmailAddress><![CDATA[klfrank@hawaii.edu]]></EmailAddress>
<NSF_ID>000663154</NSF_ID>
<StartDate>03/21/2023</StartDate>
<EndDate/>
<RoleCode>Co-Principal Investigator</RoleCode>
</Investigator>
<Institution>
<Name><![CDATA[Bernice P Bishop Museum]]></Name>
<CityName>HONOLULU</CityName>
<ZipCode>968172704</ZipCode>
<PhoneNumber>8088478204</PhoneNumber>
<StreetAddress><![CDATA[1525 BERNICE ST]]></StreetAddress>
<StreetAddress2/>
<CountryName>United States</CountryName>
<StateName>Hawaii</StateName>
<StateCode>HI</StateCode>
<CONGRESSDISTRICT>01</CONGRESSDISTRICT>
<CONGRESS_DISTRICT_ORG>HI01</CONGRESS_DISTRICT_ORG>
<ORG_UEI_NUM>NNLGUK4QJ2Y3</ORG_UEI_NUM>
<ORG_LGL_BUS_NAME>BISHOP MUSEUM</ORG_LGL_BUS_NAME>
<ORG_PRNT_UEI_NUM>NNLGUK4QJ2Y3</ORG_PRNT_UEI_NUM>
</Institution>
<Performance_Institution>
<Name><![CDATA[Bernice P Bishop Museum]]></Name>
<CityName>HONOLULU</CityName>
<StateCode>HI</StateCode>
<ZipCode>968172704</ZipCode>
<StreetAddress><![CDATA[1525 BERNICE ST]]></StreetAddress>
<CountryCode>US</CountryCode>
<CountryName>United States</CountryName>
<StateName>Hawaii</StateName>
<CountryFlag>1</CountryFlag>
<CONGRESSDISTRICT>01</CONGRESSDISTRICT>
<CONGRESS_DISTRICT_PERF>HI01</CONGRESS_DISTRICT_PERF>
</Performance_Institution>
<ProgramElement>
<Code>727500</Code>
<Text>Cross-BIO Activities</Text>
</ProgramElement>
<ProgramReference>
<Code>9150</Code>
<Text>EXP PROG TO STIM COMP RES</Text>
</ProgramReference>
<Appropriation>
<Code/>
<Name/>
<APP_SYMB_ID/>
</Appropriation>
<Fund>
<Code>01002324DB</Code>
<Name><![CDATA[NSF RESEARCH & RELATED ACTIVIT]]></Name>
<FUND_SYMB_ID>040100</FUND_SYMB_ID>
</Fund>
<FUND_OBLG>2023~220703</FUND_OBLG>
</Award>
</rootTag>
