<?xml version="1.0" encoding="UTF-8"?>
<rootTag>
<Award>
<AwardTitle><![CDATA[Hafnia-based platform for high-index visible and UV integrated photonics]]></AwardTitle>
<AGENCY>NSF</AGENCY>
<AwardEffectiveDate>08/15/2023</AwardEffectiveDate>
<AwardExpirationDate>07/31/2026</AwardExpirationDate>
<AwardTotalIntnAmount>446998.00</AwardTotalIntnAmount>
<AwardAmount>446998</AwardAmount>
<AwardInstrument>
<Value>Standard Grant</Value>
</AwardInstrument>
<Organization>
<Code>07010000</Code>
<Directorate>
<Abbreviation>ENG</Abbreviation>
<LongName>Directorate For Engineering</LongName>
</Directorate>
<Division>
<Abbreviation>ECCS</Abbreviation>
<LongName>Div Of Electrical, Commun &amp; Cyber Sys</LongName>
</Division>
</Organization>
<ProgramOfficer>
<SignBlockName>Margaret Kim</SignBlockName>
<PO_EMAI>sekim@nsf.gov</PO_EMAI>
<PO_PHON>7032922967</PO_PHON>
</ProgramOfficer>
<AbstractNarration>Integrated photonics at visible and ultraviolet wavelengths stand to enable applications spanning quantum systems based on individual atoms, ions, and defects in solids, bio-chemical spectroscopy, and neural stimulation and probing. Operation at visible and ultraviolet wavelengths requires different material platforms and device architectures as compared to the comparatively mature near infrared, where communications applications have spurred significant development. The lack of wide-bandgap materials platforms transmissive to these high energy photons has been a major limitation on development of integrated photonics at these short wavelengths. This program develops a new CMOS-compatible platform for ultraviolet and visible photonics based on thin-film deposited hafnia, whose relatively high refractive index is a critical advantage over the  current alternative for ultraviolet integrated photonics, alumina. This program explores strategies to inhibit crystallization of hafnia, which has been a major obstacle to realization of low optical losses, by controlled incorporation of other elements into films. The resulting composite films maintain the bulk of hafnia's advantage in refractive index, while reducing losses by orders of magnitude. The work further explores and develops materials processing and fabrication techniques to pattern this material into low-loss photonic devices, and develops novel photonic device concepts leveraging the new platform motivated by application in atomic quantum systems. This work will enable significantly higher performance photonics at blue/UV wavelengths, and due to the CMOS compatibility of the proposed platform, enables rapid integration into state-of-the-art manufacturing platforms. Undergraduate education and participation in the research is a key component of the program, as are outreach efforts exposing K-12 students to cutting-edge work happening in optical and atomic science and technology.&lt;br/&gt; &lt;br/&gt;The program explores routes to optimizing material loss and index in HfO2/Al2O3 composites formed by atomic layer deposition, develops nanofabrication processes for these composites to enable lithographically defined nanophotonics, and pursues detailed characterization of the developed platform. The high refractive index of the composite material as compared to the current best alternative, pure Al2O3, is a significant enabling advantage for multiple photonic components including grating couplers, photonic crystals, microresonators, and active electro- and acousto-optic devices. Furthermore, this work introduces novel device architectures leveraging the platform capability to address key challenges in application to atomic quantum systems. In particular, a novel concept is introduced to enable robust, broadband generation of pure circularly polarized radiation (&gt;99.9% purity in relative intensity) from passive integrated photonics. This concept takes advantage of the high refractive index contrast enabled by the developed platform, and will be pursued in theory and demonstrated in experiment. The work also explores novel hybrid schemes for blue/ultraviolet parallel electro-optic control enabled by HfO2’s high index, via integration with bulk beta barium borate. This work opens future directions in efficient integrated short-wavelength nonlinear optics, as well as architectures for integrated acousto-optics in the blue/ultraviolet. The program addresses key challenges in scaling quantum systems, with advances spanning photonic materials/processing, as well as in passive and active optical functionalities. Due to the material's compatibility with CMOS fabrication, this work stands to rapidly impact integrated photonics for atomic quantum systems and at blue/ultraviolet wavelengths more broadly.&lt;br/&gt;&lt;br/&gt;This award reflects NSF's statutory mission and has been deemed worthy of support through evaluation using the Foundation's intellectual merit and broader impacts review criteria.</AbstractNarration>
<MinAmdLetterDate>07/21/2023</MinAmdLetterDate>
<MaxAmdLetterDate>07/21/2023</MaxAmdLetterDate>
<ARRAAmount/>
<TRAN_TYPE>Grant</TRAN_TYPE>
<CFDA_NUM>47.041</CFDA_NUM>
<NSF_PAR_USE_FLAG>1</NSF_PAR_USE_FLAG>
<FUND_AGCY_CODE>4900</FUND_AGCY_CODE>
<AWDG_AGCY_CODE>4900</AWDG_AGCY_CODE>
<AwardID>2301389</AwardID>
<Investigator>
<FirstName>Karan</FirstName>
<LastName>Mehta</LastName>
<PI_MID_INIT/>
<PI_SUFX_NAME/>
<PI_FULL_NAME>Karan Mehta</PI_FULL_NAME>
<EmailAddress><![CDATA[kkm65@cornell.edu]]></EmailAddress>
<NSF_ID>000888515</NSF_ID>
<StartDate>07/21/2023</StartDate>
<EndDate/>
<RoleCode>Principal Investigator</RoleCode>
</Investigator>
<Institution>
<Name><![CDATA[Cornell University]]></Name>
<CityName>ITHACA</CityName>
<ZipCode>148502820</ZipCode>
<PhoneNumber>6072555014</PhoneNumber>
<StreetAddress><![CDATA[341 PINE TREE RD]]></StreetAddress>
<StreetAddress2/>
<CountryName>United States</CountryName>
<StateName>New York</StateName>
<StateCode>NY</StateCode>
<CONGRESSDISTRICT>19</CONGRESSDISTRICT>
<CONGRESS_DISTRICT_ORG>NY19</CONGRESS_DISTRICT_ORG>
<ORG_UEI_NUM>G56PUALJ3KT5</ORG_UEI_NUM>
<ORG_LGL_BUS_NAME>CORNELL UNIVERSITY</ORG_LGL_BUS_NAME>
<ORG_PRNT_UEI_NUM/>
</Institution>
<Performance_Institution>
<Name><![CDATA[Cornell University]]></Name>
<CityName>ITHACA</CityName>
<StateCode>NY</StateCode>
<ZipCode>148502820</ZipCode>
<StreetAddress><![CDATA[341 PINE TREE RD]]></StreetAddress>
<CountryCode>US</CountryCode>
<CountryName>United States</CountryName>
<StateName>New York</StateName>
<CountryFlag>1</CountryFlag>
<CONGRESSDISTRICT>19</CONGRESSDISTRICT>
<CONGRESS_DISTRICT_PERF>NY19</CONGRESS_DISTRICT_PERF>
</Performance_Institution>
<ProgramElement>
<Code>151700</Code>
<Text>EPMD-ElectrnPhoton&amp;MagnDevices</Text>
</ProgramElement>
<ProgramReference>
<Code>091E</Code>
<Text>Light generation &amp; detection</Text>
</ProgramReference>
<ProgramReference>
<Code>094E</Code>
<Text>Optoelectronic devices</Text>
</ProgramReference>
<Appropriation>
<Code/>
<Name/>
<APP_SYMB_ID/>
</Appropriation>
<Fund>
<Code>01002324DB</Code>
<Name><![CDATA[NSF RESEARCH & RELATED ACTIVIT]]></Name>
<FUND_SYMB_ID>040100</FUND_SYMB_ID>
</Fund>
<FUND_OBLG>2023~446998</FUND_OBLG>
</Award>
</rootTag>
