<?xml version="1.0" encoding="UTF-8"?>
<rootTag>
<Award>
<AwardTitle><![CDATA[Travel: NSF Student Travel Grant for the 2022 International Workshop on Bio-Design Automation (IWBDA)]]></AwardTitle>
<AGENCY>NSF</AGENCY>
<AwardEffectiveDate>12/01/2022</AwardEffectiveDate>
<AwardExpirationDate>11/30/2023</AwardExpirationDate>
<AwardTotalIntnAmount>10000.00</AwardTotalIntnAmount>
<AwardAmount>10000</AwardAmount>
<AwardInstrument>
<Value>Standard Grant</Value>
</AwardInstrument>
<Organization>
<Code>05010000</Code>
<Directorate>
<Abbreviation>CSE</Abbreviation>
<LongName>Direct For Computer &amp; Info Scie &amp; Enginr</LongName>
</Directorate>
<Division>
<Abbreviation>CCF</Abbreviation>
<LongName>Division of Computing and Communication Foundations</LongName>
</Division>
</Organization>
<ProgramOfficer>
<SignBlockName>Stephanie Gage</SignBlockName>
<PO_EMAI>sgage@nsf.gov</PO_EMAI>
<PO_PHON>7032924748</PO_PHON>
</ProgramOfficer>
<AbstractNarration>The 14th International Workshop on Bio-Design Automation (IWBDA) 2022 takes place in Paris France from October 24th to October 26th and will bring together researchers from electronic design automation (the practice of using computer software to build complex electronics) and synthetic biology (the forward design of novel biological systems using engineering principles). The goal of IWBDA is to make biology more easily, robustly, reliably, and predictably engineered and, therefore, tackle challenges in biology and medicine, leading to advances in disease diagnosis, treatment and prevention. This award provides travel assistance for ten undergraduate and graduate students to attend this workshop to present research, participate in a computer programming competition, and network with a large community of industrial and academic researchers. These participants will go on to form the foundation of the field in the future.&lt;br/&gt;&lt;br/&gt; Specifically, these students will join a wide variety of researchers (120+) from electronic design automation and synthetic biology in a unique context that does not exist elsewhere. They will have access to between twelve and fifteen technical talks over two days, two invited lectures, ten to twenty posters, multiple group discussion sessions, and a featured student programming competition (BDAthlon). This award covers the registration for the workshop as well as partial support for travel and housing.&lt;br/&gt;&lt;br/&gt;This award reflects NSF's statutory mission and has been deemed worthy of support through evaluation using the Foundation's intellectual merit and broader impacts review criteria.</AbstractNarration>
<MinAmdLetterDate>12/09/2022</MinAmdLetterDate>
<MaxAmdLetterDate>12/09/2022</MaxAmdLetterDate>
<ARRAAmount/>
<TRAN_TYPE>Grant</TRAN_TYPE>
<CFDA_NUM>47.070</CFDA_NUM>
<NSF_PAR_USE_FLAG>1</NSF_PAR_USE_FLAG>
<FUND_AGCY_CODE>4900</FUND_AGCY_CODE>
<AWDG_AGCY_CODE>4900</AWDG_AGCY_CODE>
<AwardID>2302269</AwardID>
<Investigator>
<FirstName>Douglas</FirstName>
<LastName>Densmore</LastName>
<PI_MID_INIT/>
<PI_SUFX_NAME/>
<PI_FULL_NAME>Douglas Densmore</PI_FULL_NAME>
<EmailAddress><![CDATA[doug.densmore@gmail.com]]></EmailAddress>
<NSF_ID>000566028</NSF_ID>
<StartDate>12/09/2022</StartDate>
<EndDate/>
<RoleCode>Principal Investigator</RoleCode>
</Investigator>
<Institution>
<Name><![CDATA[Trustees of Boston University]]></Name>
<CityName>BOSTON</CityName>
<ZipCode>022151703</ZipCode>
<PhoneNumber>6173534365</PhoneNumber>
<StreetAddress><![CDATA[1 SILBER WAY]]></StreetAddress>
<StreetAddress2/>
<CountryName>United States</CountryName>
<StateName>Massachusetts</StateName>
<StateCode>MA</StateCode>
<CONGRESSDISTRICT>07</CONGRESSDISTRICT>
<CONGRESS_DISTRICT_ORG>MA07</CONGRESS_DISTRICT_ORG>
<ORG_UEI_NUM>THL6A6JLE1S7</ORG_UEI_NUM>
<ORG_LGL_BUS_NAME>TRUSTEES OF BOSTON UNIVERSITY</ORG_LGL_BUS_NAME>
<ORG_PRNT_UEI_NUM/>
</Institution>
<Performance_Institution>
<Name><![CDATA[Trustees of Boston University]]></Name>
<CityName>BOSTON</CityName>
<StateCode>MA</StateCode>
<ZipCode>022151703</ZipCode>
<StreetAddress><![CDATA[1 SILBER WAY]]></StreetAddress>
<CountryCode>US</CountryCode>
<CountryName>United States</CountryName>
<StateName>Massachusetts</StateName>
<CountryFlag>1</CountryFlag>
<CONGRESSDISTRICT>07</CONGRESSDISTRICT>
<CONGRESS_DISTRICT_PERF>MA07</CONGRESS_DISTRICT_PERF>
</Performance_Institution>
<ProgramElement>
<Code>089Y00</Code>
<Text>FET-Fndtns of Emerging Tech</Text>
</ProgramElement>
<ProgramReference>
<Code>7556</Code>
<Text>CONFERENCE AND WORKSHOPS</Text>
</ProgramReference>
<ProgramReference>
<Code>7931</Code>
<Text>COMPUTATIONAL BIOLOGY</Text>
</ProgramReference>
<ProgramReference>
<Code>7946</Code>
<Text>BIO COMPUTING</Text>
</ProgramReference>
<Appropriation>
<Code/>
<Name/>
<APP_SYMB_ID/>
</Appropriation>
<Fund>
<Code>01002324DB</Code>
<Name><![CDATA[NSF RESEARCH & RELATED ACTIVIT]]></Name>
<FUND_SYMB_ID>040100</FUND_SYMB_ID>
</Fund>
<FUND_OBLG>2023~10000</FUND_OBLG>
<POR>
<DRECONTENT><![CDATA[<div class="porColContainerWBG"> <div class="porContentCol"><p>The 2022 International Workshop on Bio-Design Automation (IWBDA) convened from October 24th to 26th in Paris, France, hosted at the Learning Planet Institute and the Paris Expo - Porte de Versailles. IWBDA facilitated collaboration between researchers in electronic design automation and synthetic biology, aiming to enhance the engineering of biology for improved reliability and predictability, with implications for advancements in medicine and biology. The event attracted over 100 participants from leading research institutions and industry, with approximately half being graduate students.</p> <p>Key sponsors, including the NSF and industry leaders such as Asimov, Ganymede, Beckman Coulter, and Lattice Automation, contributed significantly to the workshop's success. The program featured four technical talk sessions covering Biofoundries and Automation, Modeling, Measurement, and Software and Pipelines, with 16 talks selected from peer-reviewed extended abstracts. The abstracts are accessible through the workshop's website.</p> <p>Additionally, six "mini-workshops" delved into various topics such as Biocircuit Models, Learning Parameters from Experimental Data, and Open Source Software for Biology. Dr. Gregory Batt from Institut Pasteur delivered a keynote address. The event also included 18 poster presentations and engaging group discussions. Notably, ACS Synthetic Biology incorporated submissions into a "special issue" spotlighting the workshop's technical contributions.</p> <p><br />For further details, visit http://www.iwbdaconf.org/2022/.</p><br> <p>  Last Modified: 01/31/2024<br> Modified by: Douglas&nbsp;Densmore</p></div> <div class="porSideCol" ><div class="each-gallery"> <div class="galContent" id="gallery0"> <div class="photoCount" id="photoCount0">          Image         </div> <div class="galControls onePhoto" id="controls0"></div> <div class="galSlideshow" id="slideshow0"></div> <div class="galEmbox" id="embox"> <div class="image-title"></div> </div> </div> <div class="galNavigation onePhoto" id="navigation0"> <ul class="thumbs" id="thumbs0"> <li> <a href="/por/images/Reports/POR/2024/2302269/2302269_10840159_1706720970358_Presentation1--rgov-214x142.png" original="/por/images/Reports/POR/2024/2302269/2302269_10840159_1706720970358_Presentation1--rgov-800width.png" title="IWBDA 2022"><img src="/por/images/Reports/POR/2024/2302269/2302269_10840159_1706720970358_Presentation1--rgov-66x44.png" alt="IWBDA 2022"></a> <div class="imageCaptionContainer"> <div class="imageCaption">The Fourteenth International Workshop on Bio-Design Automation (IWBDA) will bring together researchers from the synthetic biology, systems biology, and design automation communities to discuss concepts, methodologies and software tools for the computational analysis and synthesis of biological syste</div> <div class="imageCredit">Christine Tsin</div> <div class="imagePermisssions">Public Domain</div> <div class="imageSubmitted">Douglas&nbsp;Densmore <div class="imageTitle">IWBDA 2022</div> </div> </li></ul> </div> </div></div> </div>]]></DRECONTENT>
<POR_COPY_TXT><![CDATA[  The 2022 International Workshop on Bio-Design Automation (IWBDA) convened from October 24th to 26th in Paris, France, hosted at the Learning Planet Institute and the Paris Expo - Porte de Versailles. IWBDA facilitated collaboration between researchers in electronic design automation and synthetic biology, aiming to enhance the engineering of biology for improved reliability and predictability, with implications for advancements in medicine and biology. The event attracted over 100 participants from leading research institutions and industry, with approximately half being graduate students.   Key sponsors, including the NSF and industry leaders such as Asimov, Ganymede, Beckman Coulter, and Lattice Automation, contributed significantly to the workshop's success. The program featured four technical talk sessions covering Biofoundries and Automation, Modeling, Measurement, and Software and Pipelines, with 16 talks selected from peer-reviewed extended abstracts. The abstracts are accessible through the workshop's website.   Additionally, six "mini-workshops" delved into various topics such as Biocircuit Models, Learning Parameters from Experimental Data, and Open Source Software for Biology. Dr. Gregory Batt from Institut Pasteur delivered a keynote address. The event also included 18 poster presentations and engaging group discussions. Notably, ACS Synthetic Biology incorporated submissions into a "special issue" spotlighting the workshop's technical contributions.    For further details, visit http://www.iwbdaconf.org/2022/.     Last Modified: 01/31/2024       Submitted by: DouglasDensmore]]></POR_COPY_TXT>
</POR>
</Award>
</rootTag>
