<?xml version="1.0" encoding="UTF-8"?>
<rootTag>
<Award>
<AwardTitle><![CDATA[Conference: CombinaTexas 2023]]></AwardTitle>
<AGENCY>NSF</AGENCY>
<AwardEffectiveDate>04/01/2023</AwardEffectiveDate>
<AwardExpirationDate>03/31/2024</AwardExpirationDate>
<AwardTotalIntnAmount>10917.00</AwardTotalIntnAmount>
<AwardAmount>10917</AwardAmount>
<AwardInstrument>
<Value>Standard Grant</Value>
</AwardInstrument>
<Organization>
<Code>03040000</Code>
<Directorate>
<Abbreviation>MPS</Abbreviation>
<LongName>Direct For Mathematical &amp; Physical Scien</LongName>
</Directorate>
<Division>
<Abbreviation>DMS</Abbreviation>
<LongName>Division Of Mathematical Sciences</LongName>
</Division>
</Organization>
<ProgramOfficer>
<SignBlockName>Stefaan De Winter</SignBlockName>
<PO_EMAI>sgdewint@nsf.gov</PO_EMAI>
<PO_PHON>7032922599</PO_PHON>
</ProgramOfficer>
<AbstractNarration>The CombinaTexas 2023 conference will be held at Texas A&amp;M University, College Station TX on April 22-23, 2023. The conference will feature six fifty-minute plenary lectures and a number of contributed talks in various areas of Combinatorics and Graph Theory. The aim of the CombinaTexas conference series is to enhance the educational and research atmosphere of combinatorialists in Texas and the surrounding states, increase communication between mathematicians of the region, and provide a forum for presentation and discussion of the most recent developments in the field of Combinatorics. Ever since Texas A&amp;M University hosted the first conference in 2000, it has been held almost every year at different institutions in the South Central United States. CombinaTexas 2023 is the nineteenth conference in this series.&lt;br/&gt;&lt;br/&gt;The topics of the CombinaTexas Series include all branches of Combinatorics, Graph Theory, and their connections to Algebra, Geometry, Probability Theory, and Computer Science. In 2023 the confirmed plenary speakers are Sergi Elizalde (Dartmouth College), Patricia Klein (Texas A&amp;M University), Bernard Lidicky (Iowa State University), Jesus de Loera (University of California Davis), Andrew Suk (University of California San Diego), Sheila Sundaram (Independent). They will cover topics in Algebraic Combinatorics, Combinatorial Representation Theory, Commutative Algebra, Discrete Geometry and Ramsey theory, Extremal Combinatorics, Graph Theory and Combinatorial Algorithms, and Computational Applied Mathematics. About 70 participants are anticipated, with estimated 20 contributed talks in parallel sessions. More information about the conference will be available at the webpage https://www.math.tamu.edu/conferences/combinatexas/&lt;br/&gt;&lt;br/&gt;This award reflects NSF's statutory mission and has been deemed worthy of support through evaluation using the Foundation's intellectual merit and broader impacts review criteria.</AbstractNarration>
<MinAmdLetterDate>02/28/2023</MinAmdLetterDate>
<MaxAmdLetterDate>02/28/2023</MaxAmdLetterDate>
<ARRAAmount/>
<TRAN_TYPE>Grant</TRAN_TYPE>
<CFDA_NUM>47.049</CFDA_NUM>
<NSF_PAR_USE_FLAG>1</NSF_PAR_USE_FLAG>
<FUND_AGCY_CODE>4900</FUND_AGCY_CODE>
<AWDG_AGCY_CODE>4900</AWDG_AGCY_CODE>
<AwardID>2302139</AwardID>
<Investigator>
<FirstName>Huafei</FirstName>
<LastName>Yan</LastName>
<PI_MID_INIT>H</PI_MID_INIT>
<PI_SUFX_NAME/>
<PI_FULL_NAME>Huafei H Yan</PI_FULL_NAME>
<EmailAddress><![CDATA[cyan@math.tamu.edu]]></EmailAddress>
<NSF_ID>000105672</NSF_ID>
<StartDate>02/28/2023</StartDate>
<EndDate/>
<RoleCode>Principal Investigator</RoleCode>
</Investigator>
<Investigator>
<FirstName>Chun-Hung</FirstName>
<LastName>Liu</LastName>
<PI_MID_INIT/>
<PI_SUFX_NAME/>
<PI_FULL_NAME>Chun-Hung Liu</PI_FULL_NAME>
<EmailAddress><![CDATA[chliu@math.tamu.edu]]></EmailAddress>
<NSF_ID>000679358</NSF_ID>
<StartDate>02/28/2023</StartDate>
<EndDate/>
<RoleCode>Co-Principal Investigator</RoleCode>
</Investigator>
<Investigator>
<FirstName>Laura</FirstName>
<LastName>Matusevich</LastName>
<PI_MID_INIT>F</PI_MID_INIT>
<PI_SUFX_NAME/>
<PI_FULL_NAME>Laura F Matusevich</PI_FULL_NAME>
<EmailAddress><![CDATA[laura@math.tamu.edu]]></EmailAddress>
<NSF_ID>000489818</NSF_ID>
<StartDate>02/28/2023</StartDate>
<EndDate/>
<RoleCode>Co-Principal Investigator</RoleCode>
</Investigator>
<Institution>
<Name><![CDATA[Texas A&M University]]></Name>
<CityName>COLLEGE STATION</CityName>
<ZipCode>778454375</ZipCode>
<PhoneNumber>9798626777</PhoneNumber>
<StreetAddress><![CDATA[400 HARVEY MITCHELL PKY S STE 30]]></StreetAddress>
<StreetAddress2/>
<CountryName>United States</CountryName>
<StateName>Texas</StateName>
<StateCode>TX</StateCode>
<CONGRESSDISTRICT>10</CONGRESSDISTRICT>
<CONGRESS_DISTRICT_ORG>TX10</CONGRESS_DISTRICT_ORG>
<ORG_UEI_NUM>JF6XLNB4CDJ5</ORG_UEI_NUM>
<ORG_LGL_BUS_NAME>TEXAS A &amp; M UNIVERSITY</ORG_LGL_BUS_NAME>
<ORG_PRNT_UEI_NUM/>
</Institution>
<Performance_Institution>
<Name><![CDATA[Texas A&M University]]></Name>
<CityName>COLLEGE STATION</CityName>
<StateCode>TX</StateCode>
<ZipCode>778433368</ZipCode>
<StreetAddress><![CDATA[3368 TAMU]]></StreetAddress>
<CountryCode>US</CountryCode>
<CountryName>United States</CountryName>
<StateName>Texas</StateName>
<CountryFlag>1</CountryFlag>
<CONGRESSDISTRICT>10</CONGRESSDISTRICT>
<CONGRESS_DISTRICT_PERF>TX10</CONGRESS_DISTRICT_PERF>
</Performance_Institution>
<ProgramElement>
<Code>797000</Code>
<Text>Combinatorics</Text>
</ProgramElement>
<ProgramReference>
<Code>7556</Code>
<Text>CONFERENCE AND WORKSHOPS</Text>
</ProgramReference>
<Appropriation>
<Code/>
<Name/>
<APP_SYMB_ID/>
</Appropriation>
<Fund>
<Code>01002324DB</Code>
<Name><![CDATA[NSF RESEARCH & RELATED ACTIVIT]]></Name>
<FUND_SYMB_ID>040100</FUND_SYMB_ID>
</Fund>
<FUND_OBLG>2023~10917</FUND_OBLG>
<POR>
<DRECONTENT><![CDATA[<div class="porColContainerWBG"> <div class="porContentCol"><p class="p1">&nbsp;CombinaTexas is a combinatorics conference series in the South Central United States. It is dedicated to the enhancement of both the educational and research atmospheres of the community of combinatorialists and graph theorists in Texas and the surrounding states. The aim of the CombinaTexas series is to increase communication between mathematicians in the region, promote the research of the regional combinatorics community, and provide a forum for presentation and discussion of developments in the field of combinatorics.</p> <p><span dir="ltr">CombinaTexas 2023 is held at Texas A&amp;M University on April 22-23, 2023. The conference&nbsp;</span><span dir="ltr">began in the morning of Saturday and continued through Sunday noon with three half-day sessions.&nbsp;</span>Coffee, refreshment, and a working lunch were provided.&nbsp;</p> <p><span dir="ltr">The conference featured six plenary talks and 24 contributed ones. There were 75 registered participants, among them over 50 were graduate students or postdocs. T<span dir="ltr">he participants came from diverse background; many of them were minorities or from under-represented groups.&nbsp;<span dir="ltr">Geographically, the registered participants came from Texas,&nbsp;</span><span dir="ltr">Louisiana, Florida, Ohio, Iowa, South Carolina, Indiana,&nbsp; and New York.</span></span></span></p> <p class="p1">&nbsp;<strong>Intellectual Merit.&nbsp;</strong>The conference series is an efficient way to integrate research and education, while promoting teaching, training, and learning. Participants&nbsp;<span>have the chance to grasp the latest advancements from esteemed invited researchers, share their own work during contributed talk sessions, engage with peers, and cultivate professional networks. This opportunity holds particular significance for early graduate students, many of whom have not experienced a research conference since entering graduate school.</span></p> <p class="p2"><strong>Broader Impacts.&nbsp;</strong>The CombinaTexas conference series has a significant impact on both the department and the combinatorial community within the region. More universities from Texas and surrounding states participate on a regular basis. The conference especially aims to support early career mathematicians.&nbsp; Most of the participants are graduate students, postdocs, and junior faculty, with an increase presence of undergraduate students. Furthermore, the conference contributes to enhance the diversity of the local mathematics community.&nbsp;</p> <p class="p2">&nbsp;</p> <p class="p3">&nbsp;</p> <p class="p3">&nbsp;</p> <p class="p3">&nbsp;</p><br> <p>  Last Modified: 04/18/2024<br> Modified by: Huafei&nbsp;H&nbsp;Yan</p></div> <div class="porSideCol" ></div> </div>]]></DRECONTENT>
<POR_COPY_TXT><![CDATA[  CombinaTexas is a combinatorics conference series in the South Central United States. It is dedicated to the enhancement of both the educational and research atmospheres of the community of combinatorialists and graph theorists in Texas and the surrounding states. The aim of the CombinaTexas series is to increase communication between mathematicians in the region, promote the research of the regional combinatorics community, and provide a forum for presentation and discussion of developments in the field of combinatorics.   CombinaTexas 2023 is held at Texas A&M University on April 22-23, 2023. The conferencebegan in the morning of Saturday and continued through Sunday noon with three half-day sessions.Coffee, refreshment, and a working lunch were provided.   The conference featured six plenary talks and 24 contributed ones. There were 75 registered participants, among them over 50 were graduate students or postdocs. The participants came from diverse background; many of them were minorities or from under-represented groups.Geographically, the registered participants came from Texas,Louisiana, Florida, Ohio, Iowa, South Carolina, Indiana, and New York.   Intellectual Merit.The conference series is an efficient way to integrate research and education, while promoting teaching, training, and learning. Participantshave the chance to grasp the latest advancements from esteemed invited researchers, share their own work during contributed talk sessions, engage with peers, and cultivate professional networks. This opportunity holds particular significance for early graduate students, many of whom have not experienced a research conference since entering graduate school.   Broader Impacts.The CombinaTexas conference series has a significant impact on both the department and the combinatorial community within the region. More universities from Texas and surrounding states participate on a regular basis. The conference especially aims to support early career mathematicians. Most of the participants are graduate students, postdocs, and junior faculty, with an increase presence of undergraduate students. Furthermore, the conference contributes to enhance the diversity of the local mathematics community.                 Last Modified: 04/18/2024       Submitted by: HuafeiHYan]]></POR_COPY_TXT>
</POR>
</Award>
</rootTag>
