<?xml version="1.0" encoding="UTF-8"?>
<rootTag>
<Award>
<AwardTitle><![CDATA[Excellence in Research: Mitochondrial Damage-Associated Molecular Patterns (mtDAMPs) as Immunostimulants]]></AwardTitle>
<AGENCY>NSF</AGENCY>
<AwardEffectiveDate>09/01/2023</AwardEffectiveDate>
<AwardExpirationDate>08/31/2026</AwardExpirationDate>
<AwardTotalIntnAmount>920484.00</AwardTotalIntnAmount>
<AwardAmount>970384</AwardAmount>
<AwardInstrument>
<Value>Standard Grant</Value>
</AwardInstrument>
<Organization>
<Code>08090000</Code>
<Directorate>
<Abbreviation>BIO</Abbreviation>
<LongName>Direct For Biological Sciences</LongName>
</Directorate>
<Division>
<Abbreviation>IOS</Abbreviation>
<LongName>Division Of Integrative Organismal Systems</LongName>
</Division>
</Organization>
<ProgramOfficer>
<SignBlockName>Carol Fassbinder-Orth</SignBlockName>
<PO_EMAI>cfassbin@nsf.gov</PO_EMAI>
<PO_PHON>7032928064</PO_PHON>
</ProgramOfficer>
<AbstractNarration>This Excellence in Research (EiR) project aspires to enhance STEM research by tackling the central research question, “Why did our immune systems evolve to treat both microbial danger and cellular damage with inflammation?”. Inflammation follows penetrative trauma, in non-sterile settings, when potentially harmful bacteria are present. Similarly, when an organism’s cells/tissues are injured/damaged, perhaps due to non-penetrative trauma, sterile inflammation follows. Despite the very different circumstances, the inflammatory phenomena following these examples of trauma are surprisingly similar. This project will focus on mitochondria, specifically, mitochondrial peptides and nucleic acids, as mediators of sterile inflammation. The mechanisms of sterile inflammation following muscle contraction-induced injury (CII) that will be studied in this project will fulfill a knowledge gap in exercise physiology. The research may offer further insight into the consequences of mitochondria evolving to be endosymbionts as well as immune/ inflammatory implications of CII. Another objective is to fully leverage the project to enhance research capacity. Students and a postdoctoral fellow will be trained and mentored during this project, increasing retention of the next generation of talent in the STEM pipeline. Meanwhile, pursuit of this research will enhance institutional research capacity at a Historically Black College &amp; University (HBCU).&lt;br/&gt;&lt;br/&gt;Immune systems treat both microbial danger and cellular damage with inflammation. Inflammation follows penetrative trauma in non-sterile settings, when potentially harmful bacteria are present, and inflammation may follow when an organism’s cells/tissues are injured/damaged due to non-penetrative trauma in sterile conditions. Presently, scientists understand that damage-associated molecular patterns emanating from mitochondria (mtDAMPs) are elevated in trauma patients, and that mtDAMPs play a causal role in sterile inflammation. However, the mechanism underlying this increase and its relevance to exercise physiology is unknown. Specific molecular signatures, such as N-formyl peptides (mtFPs), have been implicated, but other possibilities exist, including the pattern of unmethylated cytosine-phosphate-guanine (CpG) DNA repeats in, and circular nature of, mitochondrial DNA. The investigators hypothesize that muscle contraction-induced injury during exercise causes the release of mtDAMPs, which activate innate immunity, leading to sterile inflammation in athletes. In particular, the investigators will measure the levels of mitochondrial proteins and nucleic acids in exercise-induced sterile inflammation. The investigators will also develop cell culture infrastructure to query in vitro interactions of skeletal muscle cells and innate immune cells, such as monocytes and neutrophils. Structural and thermodynamic properties of the human mtDAMP, nicotinamide adenine dinucleotide dehydrogenase subunit 6 (ND6) will be investigated. The investigators will use a variety of methods, such as ELISA to investigate mitochondrial proteins, PCR to investigate mitochondrial nucleic acids, and x-ray crystallography to elucidate the structure of ND6. This research will shed light on similarities between clinical noninfective trauma and the trauma elicited simply by strenuous exercise.&lt;br/&gt;&lt;br/&gt;This award reflects NSF's statutory mission and has been deemed worthy of support through evaluation using the Foundation's intellectual merit and broader impacts review criteria.</AbstractNarration>
<MinAmdLetterDate>08/18/2023</MinAmdLetterDate>
<MaxAmdLetterDate>11/22/2023</MaxAmdLetterDate>
<ARRAAmount/>
<TRAN_TYPE>Grant</TRAN_TYPE>
<CFDA_NUM>47.083</CFDA_NUM>
<NSF_PAR_USE_FLAG>1</NSF_PAR_USE_FLAG>
<FUND_AGCY_CODE>4900</FUND_AGCY_CODE>
<AWDG_AGCY_CODE>4900</AWDG_AGCY_CODE>
<AwardID>2302101</AwardID>
<Investigator>
<FirstName>Chad</FirstName>
<LastName>Markert</LastName>
<PI_MID_INIT/>
<PI_SUFX_NAME/>
<PI_FULL_NAME>Chad Markert</PI_FULL_NAME>
<EmailAddress><![CDATA[markertcd@wssu.edu]]></EmailAddress>
<NSF_ID>000677080</NSF_ID>
<StartDate>08/18/2023</StartDate>
<EndDate/>
<RoleCode>Principal Investigator</RoleCode>
</Investigator>
<Institution>
<Name><![CDATA[Winston-Salem State University]]></Name>
<CityName>WINSTON SALEM</CityName>
<ZipCode>271100003</ZipCode>
<PhoneNumber>3367503019</PhoneNumber>
<StreetAddress><![CDATA[601 S MARTIN LUTHER KING JR DR]]></StreetAddress>
<StreetAddress2/>
<CountryName>United States</CountryName>
<StateName>North Carolina</StateName>
<StateCode>NC</StateCode>
<CONGRESSDISTRICT>05</CONGRESSDISTRICT>
<CONGRESS_DISTRICT_ORG>NC05</CONGRESS_DISTRICT_ORG>
<ORG_UEI_NUM>K54FKGWN2EN5</ORG_UEI_NUM>
<ORG_LGL_BUS_NAME>WINSTON-SALEM STATE UNIVERSITY</ORG_LGL_BUS_NAME>
<ORG_PRNT_UEI_NUM/>
</Institution>
<Performance_Institution>
<Name><![CDATA[Winston-Salem State University]]></Name>
<CityName>WINSTON SALEM</CityName>
<StateCode>NC</StateCode>
<ZipCode>271100003</ZipCode>
<StreetAddress><![CDATA[601 S MARTIN LUTHER KING JR DR]]></StreetAddress>
<CountryCode>US</CountryCode>
<CountryName>United States</CountryName>
<StateName>North Carolina</StateName>
<CountryFlag>1</CountryFlag>
<CONGRESSDISTRICT>05</CONGRESSDISTRICT>
<CONGRESS_DISTRICT_PERF>NC05</CONGRESS_DISTRICT_PERF>
</Performance_Institution>
<ProgramElement>
<Code>070Y00</Code>
<Text>HBCU-EiR - HBCU-Excellence in</Text>
</ProgramElement>
<ProgramReference>
<Code>112Z</Code>
<Text>Racial Equity in STEM</Text>
</ProgramReference>
<ProgramReference>
<Code>1228</Code>
<Text>MINORITY INVOLVEMENT -- BIO</Text>
</ProgramReference>
<ProgramReference>
<Code>1594</Code>
<Text>HIST BLACK COLLEGES AND UNIV</Text>
</ProgramReference>
<ProgramReference>
<Code>2886</Code>
<Text>MINORITY INSTITUTIONS PROGRAM</Text>
</ProgramReference>
<ProgramReference>
<Code>9178</Code>
<Text>UNDERGRADUATE EDUCATION</Text>
</ProgramReference>
<ProgramReference>
<Code>9179</Code>
<Text>GRADUATE INVOLVEMENT</Text>
</ProgramReference>
<Appropriation>
<Code/>
<Name/>
<APP_SYMB_ID/>
</Appropriation>
<Fund>
<Code>01AB2324DB</Code>
<Name><![CDATA[R&RA DRSA DEFC AAB]]></Name>
<FUND_SYMB_ID>040100</FUND_SYMB_ID>
</Fund>
<FUND_OBLG>2023~920484</FUND_OBLG>
<FUND_OBLG>2024~49900</FUND_OBLG>
</Award>
</rootTag>
