<?xml version="1.0" encoding="UTF-8"?>
<rootTag>
<Award>
<AwardTitle><![CDATA[SBIR Phase I:  Mission Planning Methods and Simulated Crisis Management Framework to teach STEM to Underserved Youth]]></AwardTitle>
<AGENCY>NSF</AGENCY>
<AwardEffectiveDate>08/01/2023</AwardEffectiveDate>
<AwardExpirationDate>05/31/2024</AwardExpirationDate>
<AwardTotalIntnAmount>270755.00</AwardTotalIntnAmount>
<AwardAmount>290755</AwardAmount>
<AwardInstrument>
<Value>Standard Grant</Value>
</AwardInstrument>
<Organization>
<Code>15030000</Code>
<Directorate>
<Abbreviation>TIP</Abbreviation>
<LongName>Dir for Tech, Innovation, &amp; Partnerships</LongName>
</Directorate>
<Division>
<Abbreviation>TI</Abbreviation>
<LongName>Translational Impacts</LongName>
</Division>
</Organization>
<ProgramOfficer>
<SignBlockName>Rajesh Mehta</SignBlockName>
<PO_EMAI>rmehta@nsf.gov</PO_EMAI>
<PO_PHON>7032922174</PO_PHON>
</ProgramOfficer>
<AbstractNarration>The broader/ commercial impact of this Small Business Innovation Research (SBIR) Phase I project is in addressing the unemployment of youth, primarily in underserved communities, across the United States by providing an online, collaborative gaming environment to educate, train, and provide Science, Technology, Engineering and Mathematics (STEM)-based career opportunities. It is estimated that more than 5.5 million youth in the U.S. ages 16 to 24 years, are out-of-school and out-of- work. The unemployment rate in this age group is close to 20 percent. This project aims to improve young people’s skills and overall knowledge, and help them secure certifications in drone design, function, and operations related to industry and first responder communities. Implicit to the core learning are knowledge in areas such as critical thinking and planning, rapid prototyping, mission planning, data post-processing and analytics, and co-authoring of effective robotics designs to assist in industry and first responder areas of operation. The project empowers students to develop strong STEM skills that target career opportunities in advanced manufacturing, inspire budding entrepreneurs, and directly benefit industry and first responder communities with a relevantly trained workforce.&lt;br/&gt;&lt;br/&gt;&lt;br/&gt;This Small Business Innovation Research Phase I project will develop a scalable template of a realistic environment for a multi-player game for education and training of youth, integrating autonomous robots using scenarios driven by industry and first responders. This technology will be accomplished through a collaborative mission readiness workflow application with a multi-player gaming engine, Computer Aided Design (CAD)-generated prototype drones, and geo-accurate areas of terrain for realistic and relevant environments. Intelligent improvements of the system will be accelerated as Machine Learning (ML) and Artificial Intelligence (AI) algorithms are added to the workflow application and gaming environment from data that is collected and analyzed from training, exercise, and lessons learned from live response events. The greatest technical obstacle is modeling the data in a way that preserves integrity and that can be adapted and “trained” for machine learning. Teams of youth, first responders, and engineers in this e-sports gaming league will compete for the best time, procedures, and systems to win each mission. Drone design, physics reality, and machine learning algorithms for each vehicle will be outputs for the drone blueprints that will be actualized via 3D printing.&lt;br/&gt;&lt;br/&gt;This award reflects NSF's statutory mission and has been deemed worthy of support through evaluation using the Foundation's intellectual merit and broader impacts review criteria.</AbstractNarration>
<MinAmdLetterDate>07/25/2023</MinAmdLetterDate>
<MaxAmdLetterDate>04/08/2024</MaxAmdLetterDate>
<ARRAAmount/>
<TRAN_TYPE>Grant</TRAN_TYPE>
<CFDA_NUM>47.084</CFDA_NUM>
<NSF_PAR_USE_FLAG>1</NSF_PAR_USE_FLAG>
<FUND_AGCY_CODE>4900</FUND_AGCY_CODE>
<AWDG_AGCY_CODE>4900</AWDG_AGCY_CODE>
<AwardID>2302195</AwardID>
<Investigator>
<FirstName>Sara</FirstName>
<LastName>Moola</LastName>
<PI_MID_INIT>E</PI_MID_INIT>
<PI_SUFX_NAME/>
<PI_FULL_NAME>Sara E Moola</PI_FULL_NAME>
<EmailAddress><![CDATA[smoola@sofwolf.org]]></EmailAddress>
<NSF_ID>000815353</NSF_ID>
<StartDate>07/25/2023</StartDate>
<EndDate/>
<RoleCode>Principal Investigator</RoleCode>
</Investigator>
<Institution>
<Name><![CDATA[AALMV INC.]]></Name>
<CityName>SAINT PETERSBURG</CityName>
<ZipCode>337043721</ZipCode>
<PhoneNumber>8139436568</PhoneNumber>
<StreetAddress><![CDATA[925 BRIGHTWATERS BLVD NE]]></StreetAddress>
<StreetAddress2/>
<CountryName>United States</CountryName>
<StateName>Florida</StateName>
<StateCode>FL</StateCode>
<CONGRESSDISTRICT>14</CONGRESSDISTRICT>
<CONGRESS_DISTRICT_ORG>FL14</CONGRESS_DISTRICT_ORG>
<ORG_UEI_NUM>G1LGQHBRFHZ5</ORG_UEI_NUM>
<ORG_LGL_BUS_NAME>AALMV INC</ORG_LGL_BUS_NAME>
<ORG_PRNT_UEI_NUM/>
</Institution>
<Performance_Institution>
<Name><![CDATA[SOFWOLF SOF Warrior Outdoor Leadership for the Future]]></Name>
<CityName>Saint Petersburg</CityName>
<StateCode>FL</StateCode>
<ZipCode>337015026</ZipCode>
<StreetAddress><![CDATA[8th Ave, S]]></StreetAddress>
<CountryCode>US</CountryCode>
<CountryName>United States</CountryName>
<StateName>Florida</StateName>
<CountryFlag>1</CountryFlag>
<CONGRESSDISTRICT>14</CONGRESSDISTRICT>
<CONGRESS_DISTRICT_PERF>FL14</CONGRESS_DISTRICT_PERF>
</Performance_Institution>
<ProgramElement>
<Code>537100</Code>
<Text>SBIR Phase I</Text>
</ProgramElement>
<ProgramElement>
<Code>809100</Code>
<Text>SBIR Outreach &amp; Tech. Assist</Text>
</ProgramElement>
<ProgramReference>
<Code>6856</Code>
<Text>ARTIFICIAL INTELL &amp; COGNIT SCI</Text>
</ProgramReference>
<Appropriation>
<Code/>
<Name/>
<APP_SYMB_ID/>
</Appropriation>
<Appropriation>
<Code/>
<Name/>
<APP_SYMB_ID/>
</Appropriation>
<Fund>
<Code>01AB2324DB</Code>
<Name><![CDATA[R&RA DRSA DEFC AAB]]></Name>
<FUND_SYMB_ID>040100</FUND_SYMB_ID>
</Fund>
<Fund>
<Code>01002425DB</Code>
<Name><![CDATA[NSF RESEARCH & RELATED ACTIVIT]]></Name>
<FUND_SYMB_ID>040100</FUND_SYMB_ID>
</Fund>
<FUND_OBLG>2023~270755</FUND_OBLG>
<FUND_OBLG>2024~20000</FUND_OBLG>
<POR>
<DRECONTENT><![CDATA[<div class="porColContainerWBG"> <div class="porContentCol"><p><strong>PHASE I PROJECT OUTCOMES REPORT</strong></p> <p>The United States is lagging in advanced manufacturing, as evidenced by the growing deficit in advanced technology products. United States Advanced Manufacturing Growth requires a dynamically skilled engineering workforce. With a projected shortage of 186,000 engineers by 2031, there is a high demand for professionals in machine learning, automation, and robotics. However, the US lacks enough students graduating with the necessary skills, primarily due to consistent career pathway education that largely begins with inadequate high school physics education&hellip; A foundational for engineering careers.</p> <p>AALMV has designed a methodology to improve physics performance with the Drone Wolf Artificial Intelligence (DWA) portal prototype. The DWA prototype includes four AI-enhanced, 3D drone online interactive simulation labs that align with the standardized curriculum for high school physics. Students collaborate and compete to create the best robotics physics solutions for automating mission challenges. DWA leverages large language models (LLM) and ChatGPT to develop machine learning algorithms for virtual robotics automation. Students complete robotic simulated missions and compete in time-critical tasks to progress to more challenging levels. These tasks align with standardized learning outcomes, assessing and enhancing students' applied physics skills. Successful algorithms are downloaded to actual drones for real-world testing and competitions with first responders and advanced manufacturing engineers. This methodology, patented by AALMV's founders, evaluates performance against national and state standards, advancing physics knowledge equitably through intelligent robotics design in a safe digital twin environment.</p> <p><strong>Keywords:</strong> LLM-Powered Robotics, Physics Education, Engineering Education, Mission-Critical Gameplay, Algorithmic Robotics, Game AI Education</p> <p><strong>Phase I Topic Name:</strong> Mission Planning Methods and Simulated Crisis Management Framework to teach STEM to Underserved Youth<br /><strong>Subtopic:</strong> Learning and Cognition Technologies: Learning and Workforce Development (LC4)</p> <p><strong>INTELLECTUAL MERIT</strong></p> <p>This Small Business Innovation Research project addresses the national deficit in physics teachers and engaging learning resources that together hinders student engagement and learning. The research integrates Large Language Models and mission-critical, game-based learning to enhance physics engagement and comprehension using aerial robotics and automation simulations. The implementation of Pilot program competitions in 2-3 school districts across two states will assess student engagement and performance in physics. Anticipated outcomes include improved student engagement, enhanced understanding of complex concepts, and the application of machine learning algorithms to real-world drones, with feedback aligned with Next Generation Science Standards (NGSS).</p> <p><strong>BROADER IMPACTS</strong></p> <p><strong>Market:</strong> The programmable robot industry is poised for disruption. The DWA platform aligns with U.S. education standards, including NGSS and Career Technical Education (CTE) requirements. By simplifying the teaching and assessment of complex subjects through an online platform, DWA can capture a significant share of the educational technology market, providing schools with affordable access to cutting-edge robotics and machine learning tools.</p> <p><strong>Educational:</strong> The DWA platform addresses challenges in physics education caused by teaching staff shortages, lack of student participation, and weak performance among students who do participate. DWA provides resources to engage students in physics and engineering, promoting collaboration and competition, while enhancing student learning outcomes.</p> <p><strong>Societal:</strong> By democratizing access to advanced robotics and AI education, DWA can bridge educational gaps and foster innovation. The platform's real-world testing capabilities allow students to apply theoretical knowledge practically, promoting problem-solving skills and creativity. This supports the development of a technologically proficient workforce essential for economic growth.</p> <p>&nbsp;</p><br> <p>  Last Modified: 08/01/2024<br> Modified by: Sara&nbsp;E&nbsp;Moola</p></div> <div class="porSideCol" ><div class="each-gallery"> <div class="galContent" id="gallery0"> <div class="photoCount" id="photoCount0">          Images (<span id="selectedPhoto0">1</span> of <span class="totalNumber"></span>)          </div> <div class="galControls onePhoto" id="controls0"></div> <div class="galSlideshow" id="slideshow0"></div> <div class="galEmbox" id="embox"> <div class="image-title"></div> </div> </div> <div class="galNavigation" id="navigation0"> <ul class="thumbs" id="thumbs0"> <li> <a href="/por/images/Reports/POR/2024/2302195/2302195_10881104_1722523963779_CAD_Workshop2--rgov-214x142.jpg" original="/por/images/Reports/POR/2024/2302195/2302195_10881104_1722523963779_CAD_Workshop2--rgov-800width.jpg" title="CAD Workshop"><img src="/por/images/Reports/POR/2024/2302195/2302195_10881104_1722523963779_CAD_Workshop2--rgov-66x44.jpg" alt="CAD Workshop"></a> <div class="imageCaptionContainer"> <div class="imageCaption">WOLF Students participating in  Computer-Aided Design workshop for Drone modification and development.</div> <div class="imageCredit">Sara E Moola</div> <div class="imagePermisssions">Copyright owner is an institution with an existing agreement allowing use by NSF</div> <div class="imageSubmitted">Sara&nbsp;E&nbsp;Moola <div class="imageTitle">CAD Workshop</div> </div> </li><li> <a href="/por/images/Reports/POR/2024/2302195/2302195_10881104_1722524650284_DWA_website--rgov-214x142.png" original="/por/images/Reports/POR/2024/2302195/2302195_10881104_1722524650284_DWA_website--rgov-800width.png" title="DWA A.I. website"><img src="/por/images/Reports/POR/2024/2302195/2302195_10881104_1722524650284_DWA_website--rgov-66x44.png" alt="DWA A.I. website"></a> <div class="imageCaptionContainer"> <div class="imageCaption">Screenshot of DWA A.I. website</div> <div class="imageCredit">Sara E Moola</div> <div class="imagePermisssions">Copyright owner is an institution with an existing agreement allowing use by NSF</div> <div class="imageSubmitted">Sara&nbsp;E&nbsp;Moola <div class="imageTitle">DWA A.I. website</div> </div> </li><li> <a href="/por/images/Reports/POR/2024/2302195/2302195_10881104_1722524150592_Saildrone_Sonar_Mapping--rgov-214x142.jpeg" original="/por/images/Reports/POR/2024/2302195/2302195_10881104_1722524150592_Saildrone_Sonar_Mapping--rgov-800width.jpeg" title="Sonar Mapping Workshop"><img src="/por/images/Reports/POR/2024/2302195/2302195_10881104_1722524150592_Saildrone_Sonar_Mapping--rgov-66x44.jpeg" alt="Sonar Mapping Workshop"></a> <div class="imageCaptionContainer"> <div class="imageCaption">WOLF students learning about sonar capabilities and processing in collection of Ocean floor mapping data</div> <div class="imageCredit">Sara E Moola</div> <div class="imagePermisssions">Copyright owner is an institution with an existing agreement allowing use by NSF</div> <div class="imageSubmitted">Sara&nbsp;E&nbsp;Moola <div class="imageTitle">Sonar Mapping Workshop</div> </div> </li><li> <a href="/por/images/Reports/POR/2024/2302195/2302195_10881104_1722524306350_Drone_construction_and_modification--rgov-214x142.jpg" original="/por/images/Reports/POR/2024/2302195/2302195_10881104_1722524306350_Drone_construction_and_modification--rgov-800width.jpg" title="Drone construction"><img src="/por/images/Reports/POR/2024/2302195/2302195_10881104_1722524306350_Drone_construction_and_modification--rgov-66x44.jpg" alt="Drone construction"></a> <div class="imageCaptionContainer"> <div class="imageCaption">Students discuss drone construction and potential modification to meet mission requirements.</div> <div class="imageCredit">Sara E Moola</div> <div class="imagePermisssions">Copyright owner is an institution with an existing agreement allowing use by NSF</div> <div class="imageSubmitted">Sara&nbsp;E&nbsp;Moola <div class="imageTitle">Drone construction</div> </div> </li></ul> </div> </div></div> </div>]]></DRECONTENT>
<POR_COPY_TXT><![CDATA[  PHASE I PROJECT OUTCOMES REPORT   The United States is lagging in advanced manufacturing, as evidenced by the growing deficit in advanced technology products. United States Advanced Manufacturing Growth requires a dynamically skilled engineering workforce. With a projected shortage of 186,000 engineers by 2031, there is a high demand for professionals in machine learning, automation, and robotics. However, the US lacks enough students graduating with the necessary skills, primarily due to consistent career pathway education that largely begins with inadequate high school physics education A foundational for engineering careers.   AALMV has designed a methodology to improve physics performance with the Drone Wolf Artificial Intelligence (DWA) portal prototype. The DWA prototype includes four AI-enhanced, 3D drone online interactive simulation labs that align with the standardized curriculum for high school physics. Students collaborate and compete to create the best robotics physics solutions for automating mission challenges. DWA leverages large language models (LLM) and ChatGPT to develop machine learning algorithms for virtual robotics automation. Students complete robotic simulated missions and compete in time-critical tasks to progress to more challenging levels. These tasks align with standardized learning outcomes, assessing and enhancing students' applied physics skills. Successful algorithms are downloaded to actual drones for real-world testing and competitions with first responders and advanced manufacturing engineers. This methodology, patented by AALMV's founders, evaluates performance against national and state standards, advancing physics knowledge equitably through intelligent robotics design in a safe digital twin environment.   Keywords: LLM-Powered Robotics, Physics Education, Engineering Education, Mission-Critical Gameplay, Algorithmic Robotics, Game AI Education   Phase I Topic Name: Mission Planning Methods and Simulated Crisis Management Framework to teach STEM to Underserved Youth Subtopic: Learning and Cognition Technologies: Learning and Workforce Development (LC4)   INTELLECTUAL MERIT   This Small Business Innovation Research project addresses the national deficit in physics teachers and engaging learning resources that together hinders student engagement and learning. The research integrates Large Language Models and mission-critical, game-based learning to enhance physics engagement and comprehension using aerial robotics and automation simulations. The implementation of Pilot program competitions in 2-3 school districts across two states will assess student engagement and performance in physics. Anticipated outcomes include improved student engagement, enhanced understanding of complex concepts, and the application of machine learning algorithms to real-world drones, with feedback aligned with Next Generation Science Standards (NGSS).   BROADER IMPACTS   Market: The programmable robot industry is poised for disruption. The DWA platform aligns with U.S. education standards, including NGSS and Career Technical Education (CTE) requirements. By simplifying the teaching and assessment of complex subjects through an online platform, DWA can capture a significant share of the educational technology market, providing schools with affordable access to cutting-edge robotics and machine learning tools.   Educational: The DWA platform addresses challenges in physics education caused by teaching staff shortages, lack of student participation, and weak performance among students who do participate. DWA provides resources to engage students in physics and engineering, promoting collaboration and competition, while enhancing student learning outcomes.   Societal: By democratizing access to advanced robotics and AI education, DWA can bridge educational gaps and foster innovation. The platform's real-world testing capabilities allow students to apply theoretical knowledge practically, promoting problem-solving skills and creativity. This supports the development of a technologically proficient workforce essential for economic growth.        Last Modified: 08/01/2024       Submitted by: SaraEMoola]]></POR_COPY_TXT>
</POR>
</Award>
</rootTag>
