<?xml version="1.0" encoding="UTF-8"?>
<rootTag>
<Award>
<AwardTitle><![CDATA[RAPID: Impact of Repeated Disasters on Water Insecurity and Mental Health Outcomes in Puerto Rican Communities]]></AwardTitle>
<AGENCY>NSF</AGENCY>
<AwardEffectiveDate>11/01/2022</AwardEffectiveDate>
<AwardExpirationDate>10/31/2024</AwardExpirationDate>
<AwardTotalIntnAmount>49999.00</AwardTotalIntnAmount>
<AwardAmount>49999</AwardAmount>
<AwardInstrument>
<Value>Standard Grant</Value>
</AwardInstrument>
<Organization>
<Code>07030000</Code>
<Directorate>
<Abbreviation>ENG</Abbreviation>
<LongName>Directorate For Engineering</LongName>
</Directorate>
<Division>
<Abbreviation>CMMI</Abbreviation>
<LongName>Div Of Civil, Mechanical, &amp; Manufact Inn</LongName>
</Division>
</Organization>
<ProgramOfficer>
<SignBlockName>Daan Liang</SignBlockName>
<PO_EMAI>dliang@nsf.gov</PO_EMAI>
<PO_PHON>7032922441</PO_PHON>
</ProgramOfficer>
<AbstractNarration>Repeated natural hazards impede the quality of life through declines in water quality and reliability of potable water access. Five years after Hurricane Maria, Hurricane Fiona caused catastrophic flooding across Puerto Rico causing island-wide power and water outages starting September 18, 2022. Strong storms have led to significant water insecurity in communities across Puerto Rico. The negative impacts on socioeconomically vulnerable communities remain largely unknown, especially when these communities face repeated exposure to disasters due to climate change. In particular, as a first step towards building adaptive resilience, we need to better understand the impacts of repeated disasters and associated water infrastructure on people’s mental health and psychological resilience. Through this Grant for Rapid Response Research (RAPID), ephemeral data that will help build the knowledge base on the social outcomes of two hurricanes and service interruptions will be collected. The project will highlight the need for more effort in addressing mental health issues through integrated health and potable water programs. &lt;br/&gt;&lt;br/&gt;Building on pre-Hurricane Fiona data on measured and perceived water quality, mental health statuses, and psychological resilience from three vulnerable communities in Puerto Rico, the PIs will obtain ephemeral data on the effects of repeated disasters on water insecurity-related perceptions and mental health outcomes following Hurricane Fiona. Specifically, the objectives are to: (1) capture, contrast, and compare microbiological and chemical water quality before and after Hurricane Fiona; (2) longitudinally study how changes in water quality and experiences with water insecurity after Fiona affected mental health; and (3) longitudinally study how disaster situations change people’s behaviors towards drinking water practices and trust in different water sources. These objectives will be carried out through a mixed-methods approach: (i) tap water sampling at the household level, (ii) a survey to the same pre-Fiona group of 150 households, and (iii) interviews with thirty households using enthnographic methods.&lt;br/&gt;&lt;br/&gt;This award reflects NSF's statutory mission and has been deemed worthy of support through evaluation using the Foundation's intellectual merit and broader impacts review criteria.</AbstractNarration>
<MinAmdLetterDate>11/16/2022</MinAmdLetterDate>
<MaxAmdLetterDate>11/16/2022</MaxAmdLetterDate>
<ARRAAmount/>
<TRAN_TYPE>Grant</TRAN_TYPE>
<CFDA_NUM>47.041</CFDA_NUM>
<NSF_PAR_USE_FLAG>1</NSF_PAR_USE_FLAG>
<FUND_AGCY_CODE>4900</FUND_AGCY_CODE>
<AWDG_AGCY_CODE>4900</AWDG_AGCY_CODE>
<AwardID>2302205</AwardID>
<Investigator>
<FirstName>Chris</FirstName>
<LastName>Rehmann</LastName>
<PI_MID_INIT>R</PI_MID_INIT>
<PI_SUFX_NAME/>
<PI_FULL_NAME>Chris R Rehmann</PI_FULL_NAME>
<EmailAddress><![CDATA[rehmann@iastate.edu]]></EmailAddress>
<NSF_ID>000198556</NSF_ID>
<StartDate>11/16/2022</StartDate>
<EndDate/>
<RoleCode>Co-Principal Investigator</RoleCode>
</Investigator>
<Investigator>
<FirstName>Kaoru</FirstName>
<LastName>Ikuma</LastName>
<PI_MID_INIT/>
<PI_SUFX_NAME/>
<PI_FULL_NAME>Kaoru Ikuma</PI_FULL_NAME>
<EmailAddress><![CDATA[kikuma@iastate.edu]]></EmailAddress>
<NSF_ID>000551348</NSF_ID>
<StartDate>11/16/2022</StartDate>
<EndDate/>
<RoleCode>Principal Investigator</RoleCode>
</Investigator>
<Investigator>
<FirstName>Carl</FirstName>
<LastName>Weems</LastName>
<PI_MID_INIT/>
<PI_SUFX_NAME/>
<PI_FULL_NAME>Carl Weems</PI_FULL_NAME>
<EmailAddress><![CDATA[cweems@iastate.edu]]></EmailAddress>
<NSF_ID>000651455</NSF_ID>
<StartDate>11/16/2022</StartDate>
<EndDate/>
<RoleCode>Co-Principal Investigator</RoleCode>
</Investigator>
<Investigator>
<FirstName>Ivis</FirstName>
<LastName>Garcia</LastName>
<PI_MID_INIT/>
<PI_SUFX_NAME/>
<PI_FULL_NAME>Ivis Garcia</PI_FULL_NAME>
<EmailAddress><![CDATA[ivis.garcia@tamu.edu]]></EmailAddress>
<NSF_ID>000745378</NSF_ID>
<StartDate>11/16/2022</StartDate>
<EndDate/>
<RoleCode>Co-Principal Investigator</RoleCode>
</Investigator>
<Investigator>
<FirstName>Cristina</FirstName>
<LastName>Poleacovschi</LastName>
<PI_MID_INIT/>
<PI_SUFX_NAME/>
<PI_FULL_NAME>Cristina Poleacovschi</PI_FULL_NAME>
<EmailAddress><![CDATA[poleacov@iastate.edu]]></EmailAddress>
<NSF_ID>000755512</NSF_ID>
<StartDate>11/16/2022</StartDate>
<EndDate/>
<RoleCode>Co-Principal Investigator</RoleCode>
</Investigator>
<Institution>
<Name><![CDATA[Iowa State University]]></Name>
<CityName>AMES</CityName>
<ZipCode>500112103</ZipCode>
<PhoneNumber>5152945225</PhoneNumber>
<StreetAddress><![CDATA[1350 BEARDSHEAR HALL]]></StreetAddress>
<StreetAddress2><![CDATA[515 MORRILL ROAD]]></StreetAddress2>
<CountryName>United States</CountryName>
<StateName>Iowa</StateName>
<StateCode>IA</StateCode>
<CONGRESSDISTRICT>04</CONGRESSDISTRICT>
<CONGRESS_DISTRICT_ORG>IA04</CONGRESS_DISTRICT_ORG>
<ORG_UEI_NUM>DQDBM7FGJPC5</ORG_UEI_NUM>
<ORG_LGL_BUS_NAME>IOWA STATE UNIVERSITY OF SCIENCE AND TECHNOLOGY</ORG_LGL_BUS_NAME>
<ORG_PRNT_UEI_NUM>DQDBM7FGJPC5</ORG_PRNT_UEI_NUM>
</Institution>
<Performance_Institution>
<Name><![CDATA[Iowa State University]]></Name>
<CityName>AMES</CityName>
<StateCode>IA</StateCode>
<ZipCode>500112105</ZipCode>
<StreetAddress><![CDATA[515 MORRILL RD, 1350 BEARDSHEAR HALL]]></StreetAddress>
<CountryCode>US</CountryCode>
<CountryName>United States</CountryName>
<StateName>Iowa</StateName>
<CountryFlag>1</CountryFlag>
<CONGRESSDISTRICT>04</CONGRESSDISTRICT>
<CONGRESS_DISTRICT_PERF>IA04</CONGRESS_DISTRICT_PERF>
</Performance_Institution>
<ProgramElement>
<Code>163800</Code>
<Text>HDBE-Humans, Disasters, and th</Text>
</ProgramElement>
<ProgramReference>
<Code>036E</Code>
<Text>CIVIL INFRASTRUCTURE</Text>
</ProgramReference>
<ProgramReference>
<Code>042E</Code>
<Text>HAZARD AND DISASTER RESPONSE</Text>
</ProgramReference>
<ProgramReference>
<Code>7914</Code>
<Text>RAPID</Text>
</ProgramReference>
<ProgramReference>
<Code>9102</Code>
<Text>WOMEN, MINORITY, DISABLED, NEC</Text>
</ProgramReference>
<ProgramReference>
<Code>CVIS</Code>
<Text>CIVIL INFRASTRUCTURE</Text>
</ProgramReference>
<Appropriation>
<Code/>
<Name/>
<APP_SYMB_ID/>
</Appropriation>
<Fund>
<Code>01002324DB</Code>
<Name><![CDATA[NSF RESEARCH & RELATED ACTIVIT]]></Name>
<FUND_SYMB_ID>040100</FUND_SYMB_ID>
</Fund>
<FUND_OBLG>2023~49999</FUND_OBLG>
</Award>
</rootTag>
