<?xml version="1.0" encoding="UTF-8"?>
<rootTag>
<Award>
<AwardTitle><![CDATA[RET site: A Year-Long NanoEngineering Exploration from the Lab to the Classroom]]></AwardTitle>
<AGENCY>NSF</AGENCY>
<AwardEffectiveDate>05/01/2023</AwardEffectiveDate>
<AwardExpirationDate>04/30/2026</AwardExpirationDate>
<AwardTotalIntnAmount>599985.00</AwardTotalIntnAmount>
<AwardAmount>599985</AwardAmount>
<AwardInstrument>
<Value>Standard Grant</Value>
</AwardInstrument>
<Organization>
<Code>07050000</Code>
<Directorate>
<Abbreviation>ENG</Abbreviation>
<LongName>Directorate For Engineering</LongName>
</Directorate>
<Division>
<Abbreviation>EEC</Abbreviation>
<LongName>Div Of Engineering Education and Centers</LongName>
</Division>
</Organization>
<ProgramOfficer>
<SignBlockName>Matthew A. Verleger</SignBlockName>
<PO_EMAI>mverlege@nsf.gov</PO_EMAI>
<PO_PHON>7032922961</PO_PHON>
</ProgramOfficer>
<AbstractNarration>The RET Site: A Year-Long NanoEngineering Exploration from the Lab to the Classroom is a three-year program hosted by Rice University and designed to bring cutting-edge nanoengineering research in sustainable energy transition, clean water, and improved diagnostics and therapeutics into 5th-12th grade science classrooms. The program works with high-needs school districts in the greater Houston area, supporting twelve science teachers each year as they conduct research with Rice University's top-tier nanoengineering research faculty and facilities. The program includes a 7-week immersive laboratory internship and support throughout the academic year. The program aims to enhance the content knowledge and understanding of nanoengineering research processes of 5th-12th grade science teachers as they develop engaging nanoengineering lessons and activities centered on research practices. By building leadership capacity in RET participants, the program plans to increase student interest in STEM careers while encouraging underrepresented minority participation in the STEM workforce. The program also aims to establish a network of teachers actively learning about nanoengineering and disseminating their findings through cohort-building with partner school districts that serve historically underrepresented STEM students. The RET program aims to bring the excitement of cutting-edge nanoengineering research into the classroom and inspire the next generation of STEM leaders. Ultimately, the RET program seeks to create a cadre of motivated, creative, and diverse educators who will foster future STEM innovators while contributing to the development of a prepared, diverse STEM workforce. By connecting industry mentors with 5th-12th grade science teachers and their students, the program hopes to provide insights into engineering career opportunities and trajectories.&lt;br/&gt;&lt;br/&gt;The RET Site: A Year-Long NanoEngineering Exploration from the Lab to the Classroom is a three-year program hosted by Rice University and designed to bring cutting-edge nanoengineering research in sustainable energy transition, clean water, and improved diagnostics and therapeutics into 5th-12th grade science classrooms. This RET Site includes a professional development (PD) program that aims to bring cutting-edge advancements in nanoengineering research regarding sustainable energy transition, clean water, and improved diagnostics and therapeutics into 5th-12th grade science classrooms. The program works with high-needs school districts in the greater Houston area, supporting science teachers as they conduct research with Rice University's top-tier nanoengineering research faculty and facilities. The program includes 7-week immersive laboratory internships, collaborative leadership, and PD support throughout the academic year. Each year, a cohort of 12 RET participants will disseminate program outcomes. The objectives are to: enhance 5th-12th grade teachers' content knowledge and understanding of nanoengineering research processes; develop nanoengineering lessons and activities for 5th-12th grade science classrooms centered around research practices; build the leadership capacities of RET participants; and establish a network of teachers actively learning about nanoengineering and disseminating RET outcomes through cohort-building with partner school districts serving historically underrepresented STEM students. Industry mentors will provide 5th-12th grade science teachers and their students insights into engineering career opportunities and trajectories.&lt;br/&gt;&lt;br/&gt;This award reflects NSF's statutory mission and has been deemed worthy of support through evaluation using the Foundation's intellectual merit and broader impacts review criteria.</AbstractNarration>
<MinAmdLetterDate>04/17/2023</MinAmdLetterDate>
<MaxAmdLetterDate>04/17/2023</MaxAmdLetterDate>
<ARRAAmount/>
<TRAN_TYPE>Grant</TRAN_TYPE>
<CFDA_NUM>47.041</CFDA_NUM>
<NSF_PAR_USE_FLAG>1</NSF_PAR_USE_FLAG>
<FUND_AGCY_CODE>4900</FUND_AGCY_CODE>
<AWDG_AGCY_CODE>4900</AWDG_AGCY_CODE>
<AwardID>2302127</AwardID>
<Investigator>
<FirstName>Carolyn</FirstName>
<LastName>Nichol</LastName>
<PI_MID_INIT>A</PI_MID_INIT>
<PI_SUFX_NAME/>
<PI_FULL_NAME>Carolyn A Nichol</PI_FULL_NAME>
<EmailAddress><![CDATA[cnichol@rice.edu]]></EmailAddress>
<NSF_ID>000511055</NSF_ID>
<StartDate>04/17/2023</StartDate>
<EndDate/>
<RoleCode>Co-Principal Investigator</RoleCode>
</Investigator>
<Investigator>
<FirstName>Rafael</FirstName>
<LastName>Verduzco</LastName>
<PI_MID_INIT/>
<PI_SUFX_NAME/>
<PI_FULL_NAME>Rafael Verduzco</PI_FULL_NAME>
<EmailAddress><![CDATA[rafaelv@rice.edu]]></EmailAddress>
<NSF_ID>000558799</NSF_ID>
<StartDate>04/17/2023</StartDate>
<EndDate/>
<RoleCode>Principal Investigator</RoleCode>
</Investigator>
<Institution>
<Name><![CDATA[William Marsh Rice University]]></Name>
<CityName>Houston</CityName>
<ZipCode>770051827</ZipCode>
<PhoneNumber>7133484820</PhoneNumber>
<StreetAddress><![CDATA[6100 MAIN ST]]></StreetAddress>
<StreetAddress2/>
<CountryName>United States</CountryName>
<StateName>Texas</StateName>
<StateCode>TX</StateCode>
<CONGRESSDISTRICT>09</CONGRESSDISTRICT>
<CONGRESS_DISTRICT_ORG>TX09</CONGRESS_DISTRICT_ORG>
<ORG_UEI_NUM>K51LECU1G8N3</ORG_UEI_NUM>
<ORG_LGL_BUS_NAME>WILLIAM MARSH RICE UNIVERSITY</ORG_LGL_BUS_NAME>
<ORG_PRNT_UEI_NUM/>
</Institution>
<Performance_Institution>
<Name><![CDATA[William Marsh Rice University]]></Name>
<CityName>Houston</CityName>
<StateCode>TX</StateCode>
<ZipCode>770051827</ZipCode>
<StreetAddress><![CDATA[6100 MAIN ST]]></StreetAddress>
<CountryCode>US</CountryCode>
<CountryName>United States</CountryName>
<StateName>Texas</StateName>
<CountryFlag>1</CountryFlag>
<CONGRESSDISTRICT>09</CONGRESSDISTRICT>
<CONGRESS_DISTRICT_PERF>TX09</CONGRESS_DISTRICT_PERF>
</Performance_Institution>
<ProgramElement>
<Code>135900</Code>
<Text>RES EXP FOR TEACHERS(RET)-SITE</Text>
</ProgramElement>
<ProgramReference>
<Code>115E</Code>
<Text>RESEARCH EXP FOR TEACHERS</Text>
</ProgramReference>
<ProgramReference>
<Code>9177</Code>
<Text>ELEMENTARY/SECONDARY EDUCATION</Text>
</ProgramReference>
<Appropriation>
<Code/>
<Name/>
<APP_SYMB_ID/>
</Appropriation>
<Fund>
<Code>01002324DB</Code>
<Name><![CDATA[NSF RESEARCH & RELATED ACTIVIT]]></Name>
<FUND_SYMB_ID>040100</FUND_SYMB_ID>
</Fund>
<FUND_OBLG>2023~599985</FUND_OBLG>
</Award>
</rootTag>
