<?xml version="1.0" encoding="UTF-8"?>
<rootTag>
<Award>
<AwardTitle><![CDATA[Collaborative Research: AF: Small: Computational Complexity and Algebraic Combinatorics]]></AwardTitle>
<AGENCY>NSF</AGENCY>
<AwardEffectiveDate>06/01/2023</AwardEffectiveDate>
<AwardExpirationDate>05/31/2026</AwardExpirationDate>
<AwardTotalIntnAmount>277460.00</AwardTotalIntnAmount>
<AwardAmount>277460</AwardAmount>
<AwardInstrument>
<Value>Standard Grant</Value>
</AwardInstrument>
<Organization>
<Code>05010000</Code>
<Directorate>
<Abbreviation>CSE</Abbreviation>
<LongName>Direct For Computer &amp; Info Scie &amp; Enginr</LongName>
</Directorate>
<Division>
<Abbreviation>CCF</Abbreviation>
<LongName>Division of Computing and Communication Foundations</LongName>
</Division>
</Organization>
<ProgramOfficer>
<SignBlockName>Peter Brass</SignBlockName>
<PO_EMAI>pbrass@nsf.gov</PO_EMAI>
<PO_PHON>7032922182</PO_PHON>
</ProgramOfficer>
<AbstractNarration>This project aims to study a variety of problems centered around certain numbers and polynomials that describe fundamental symmetries in algebra and geometry. Despite their fundamental nature and century-long history, these objects have been largely mysterious and remain at the heart of recent developments in algebraic combinatorics. The main goal is to understand their computational nature and behavior, which would have far-reaching implications across many fields. In one direction, the researchers aim to explain, using the framework of Computational Complexity theory, why these objects are so difficult to understand. In another direction, they aim to use these objects and quantities to establish the computational complexity of certain fundamental polynomials.&lt;br/&gt;&lt;br/&gt;Specifically, the project lies in the intersection of Computational Complexity and Algebraic Combinatorics. The goal is to advance the understanding of the asymptotics and the complexity of computing several structure constants such as Kronecker, plethysm, and Schubert coefficients that comprise some of the main open problems in algebraic combinatorics. Their computational complexity would explain why these structure constants have remained so elusive despite decades of research and would hint at what solutions to expect. Understanding their behavior and asymptotics can lead to new lower bounds on fundamental problems and polynomials in Geometric Complexity Theory, such as the complexity of matrix multiplication and computing the permanent. Viewed broadly, the project works towards the separation of the computational complexity classes VP and VNP, which represent the algebraic analogues of the well-known complexity classes P and NP, respectively.&lt;br/&gt;&lt;br/&gt;This award reflects NSF's statutory mission and has been deemed worthy of support through evaluation using the Foundation's intellectual merit and broader impacts review criteria.</AbstractNarration>
<MinAmdLetterDate>04/24/2023</MinAmdLetterDate>
<MaxAmdLetterDate>04/24/2023</MaxAmdLetterDate>
<ARRAAmount/>
<TRAN_TYPE>Grant</TRAN_TYPE>
<CFDA_NUM>47.049, 47.070</CFDA_NUM>
<NSF_PAR_USE_FLAG>1</NSF_PAR_USE_FLAG>
<FUND_AGCY_CODE>4900</FUND_AGCY_CODE>
<AWDG_AGCY_CODE>4900</AWDG_AGCY_CODE>
<AwardID>2302174</AwardID>
<Investigator>
<FirstName>Greta</FirstName>
<LastName>Panova</LastName>
<PI_MID_INIT/>
<PI_SUFX_NAME/>
<PI_FULL_NAME>Greta Panova</PI_FULL_NAME>
<EmailAddress><![CDATA[gpanova@usc.edu]]></EmailAddress>
<NSF_ID>000676309</NSF_ID>
<StartDate>04/24/2023</StartDate>
<EndDate/>
<RoleCode>Principal Investigator</RoleCode>
</Investigator>
<Institution>
<Name><![CDATA[University of Southern California]]></Name>
<CityName>LOS ANGELES</CityName>
<ZipCode>90033</ZipCode>
<PhoneNumber>2137407762</PhoneNumber>
<StreetAddress><![CDATA[3720 S FLOWER ST FL 3]]></StreetAddress>
<StreetAddress2/>
<CountryName>United States</CountryName>
<StateName>California</StateName>
<StateCode>CA</StateCode>
<CONGRESSDISTRICT>34</CONGRESSDISTRICT>
<CONGRESS_DISTRICT_ORG>CA34</CONGRESS_DISTRICT_ORG>
<ORG_UEI_NUM>G88KLJR3KYT5</ORG_UEI_NUM>
<ORG_LGL_BUS_NAME>UNIVERSITY OF SOUTHERN CALIFORNIA</ORG_LGL_BUS_NAME>
<ORG_PRNT_UEI_NUM/>
</Institution>
<Performance_Institution>
<Name><![CDATA[University of Southern California]]></Name>
<CityName>LOS ANGELES</CityName>
<StateCode>CA</StateCode>
<ZipCode>900892532</ZipCode>
<StreetAddress><![CDATA[3620 S Vermont Ave]]></StreetAddress>
<CountryCode>US</CountryCode>
<CountryName>United States</CountryName>
<StateName>California</StateName>
<CountryFlag>1</CountryFlag>
<CONGRESSDISTRICT>37</CONGRESSDISTRICT>
<CONGRESS_DISTRICT_PERF>CA37</CONGRESS_DISTRICT_PERF>
</Performance_Institution>
<ProgramElement>
<Code>779600</Code>
<Text>Algorithmic Foundations</Text>
</ProgramElement>
<ProgramElement>
<Code>797000</Code>
<Text>Combinatorics</Text>
</ProgramElement>
<ProgramReference>
<Code>7923</Code>
<Text>SMALL PROJECT</Text>
</ProgramReference>
<ProgramReference>
<Code>7926</Code>
<Text>ALGORITHMS</Text>
</ProgramReference>
<ProgramReference>
<Code>9102</Code>
<Text>WOMEN, MINORITY, DISABLED, NEC</Text>
</ProgramReference>
<Appropriation>
<Code/>
<Name/>
<APP_SYMB_ID/>
</Appropriation>
<Fund>
<Code>01002324DB</Code>
<Name><![CDATA[NSF RESEARCH & RELATED ACTIVIT]]></Name>
<FUND_SYMB_ID>040100</FUND_SYMB_ID>
</Fund>
<FUND_OBLG>2023~277460</FUND_OBLG>
</Award>
</rootTag>
