<?xml version="1.0" encoding="UTF-8"?>
<rootTag>
<Award>
<AwardTitle><![CDATA[Conference: 2023 Texas Women in Math Symposium at the University of Texas at Austin.]]></AwardTitle>
<AGENCY>NSF</AGENCY>
<AwardEffectiveDate>04/01/2023</AwardEffectiveDate>
<AwardExpirationDate>03/31/2024</AwardExpirationDate>
<AwardTotalIntnAmount>24987.00</AwardTotalIntnAmount>
<AwardAmount>24987</AwardAmount>
<AwardInstrument>
<Value>Standard Grant</Value>
</AwardInstrument>
<Organization>
<Code>03040000</Code>
<Directorate>
<Abbreviation>MPS</Abbreviation>
<LongName>Direct For Mathematical &amp; Physical Scien</LongName>
</Directorate>
<Division>
<Abbreviation>DMS</Abbreviation>
<LongName>Division Of Mathematical Sciences</LongName>
</Division>
</Organization>
<ProgramOfficer>
<SignBlockName>Tomek Bartoszynski</SignBlockName>
<PO_EMAI>tbartosz@nsf.gov</PO_EMAI>
<PO_PHON>7032924885</PO_PHON>
</ProgramOfficer>
<AbstractNarration>This NSF award provides support for Texas Women in Math Symposium (TWIMS) at the University of Texas at Austin on March 4-5, 2023. The TWIMS is a conference series that takes place at a different institution in Texas each academic year. The ongoing goals of the TWIMS conference series are to highlight the research and professional accomplishments of outstanding, established female mathematicians, to provide a supportive platform for early career women mathematicians to showcase their research, to facilitate connections among Texas-based mathematicians that lead to long-lasting professional relationships, and to provide an inclusive environment to discuss issues facing those of gender minorities (ie. women, nonbinary, gender non-conforming, etc.) in mathematics. The conference is open to participants and presenters in any subfield of the mathematical sciences and will foster cross-disciplinary collaborations and mentorship opportunities among a diverse group of mathematicians of minority genders. In this way, TWIMS 2023 will contribute to the advancement of mathematical research and will encourage early career researchers to continue to work in the mathematical sciences. &lt;br/&gt;&lt;br/&gt;&lt;br/&gt;The inclusion of individuals from dissimilar backgrounds leads to the advancement of research. Increasing the number of people interested in pursuing math research and diversifying the backgrounds of researchers increases the number of perspectives from which any math problem is considered. This is key to the advancement of the field as a whole. At each career stage we see attrition of women in mathematics at rates disproportionately higher than those of men. In order to increase retention of women at every career stage, the institutional barriers preventing individuals from reaching their full potential need to be removed. Some of these barriers include the prevalence of negative societal gender stereotypes, lack of diverse representation and role models, and lack of encouragement from teachers and mentors. TWIMS aims to address these problems directly with the explicit goal of contributing to the retention of gender minorities in math at every career stage. To this end, the symposium will showcase the research of a diverse array of distinguished invited speakers to provide examples of successful women in math who can be role-models to younger mathematicians or women at an earlier stage in their careers. In addition TWIMS 2023 includes two professional development workshops aimed at improving the participation and presence of our participants in the mathematical community. The conference website is https://sites.google.com/utexas.edu/twims-2023.&lt;br/&gt;&lt;br/&gt;This award reflects NSF's statutory mission and has been deemed worthy of support through evaluation using the Foundation's intellectual merit and broader impacts review criteria.</AbstractNarration>
<MinAmdLetterDate>03/31/2023</MinAmdLetterDate>
<MaxAmdLetterDate>03/31/2023</MaxAmdLetterDate>
<ARRAAmount/>
<TRAN_TYPE>Grant</TRAN_TYPE>
<CFDA_NUM>47.049</CFDA_NUM>
<NSF_PAR_USE_FLAG>1</NSF_PAR_USE_FLAG>
<FUND_AGCY_CODE>4900</FUND_AGCY_CODE>
<AWDG_AGCY_CODE>4900</AWDG_AGCY_CODE>
<AwardID>2302155</AwardID>
<Investigator>
<FirstName>Mirela</FirstName>
<LastName>Ciperiani</LastName>
<PI_MID_INIT/>
<PI_SUFX_NAME/>
<PI_FULL_NAME>Mirela Ciperiani</PI_FULL_NAME>
<EmailAddress><![CDATA[mirela@math.utexas.edu]]></EmailAddress>
<NSF_ID>000095276</NSF_ID>
<StartDate>03/31/2023</StartDate>
<EndDate/>
<RoleCode>Principal Investigator</RoleCode>
</Investigator>
<Institution>
<Name><![CDATA[University of Texas at Austin]]></Name>
<CityName>AUSTIN</CityName>
<ZipCode>787121139</ZipCode>
<PhoneNumber>5124716424</PhoneNumber>
<StreetAddress><![CDATA[110 INNER CAMPUS DR]]></StreetAddress>
<StreetAddress2/>
<CountryName>United States</CountryName>
<StateName>Texas</StateName>
<StateCode>TX</StateCode>
<CONGRESSDISTRICT>25</CONGRESSDISTRICT>
<CONGRESS_DISTRICT_ORG>TX25</CONGRESS_DISTRICT_ORG>
<ORG_UEI_NUM>V6AFQPN18437</ORG_UEI_NUM>
<ORG_LGL_BUS_NAME>UNIVERSITY OF TEXAS AT AUSTIN</ORG_LGL_BUS_NAME>
<ORG_PRNT_UEI_NUM/>
</Institution>
<Performance_Institution>
<Name><![CDATA[University of Texas at Austin]]></Name>
<CityName>AUSTIN</CityName>
<StateCode>TX</StateCode>
<ZipCode>787121139</ZipCode>
<StreetAddress><![CDATA[110 INNER CAMPUS DR]]></StreetAddress>
<CountryCode>US</CountryCode>
<CountryName>United States</CountryName>
<StateName>Texas</StateName>
<CountryFlag>1</CountryFlag>
<CONGRESSDISTRICT>25</CONGRESSDISTRICT>
<CONGRESS_DISTRICT_PERF>TX25</CONGRESS_DISTRICT_PERF>
</Performance_Institution>
<ProgramElement>
<Code>126000</Code>
<Text>INFRASTRUCTURE PROGRAM</Text>
</ProgramElement>
<ProgramReference>
<Code>7556</Code>
<Text>CONFERENCE AND WORKSHOPS</Text>
</ProgramReference>
<Appropriation>
<Code/>
<Name/>
<APP_SYMB_ID/>
</Appropriation>
<Fund>
<Code>01002324DB</Code>
<Name><![CDATA[NSF RESEARCH & RELATED ACTIVIT]]></Name>
<FUND_SYMB_ID>040100</FUND_SYMB_ID>
</Fund>
<FUND_OBLG>2023~24987</FUND_OBLG>
<POR>
<DRECONTENT><![CDATA[<div class="porColContainerWBG"> <div class="porContentCol"><p><span id="docs-internal-guid-99e5bbb2-7fff-7a17-e120-0d29af4a5143"> </span></p> <p dir="ltr"><span>The Texas Women in Math Symposium (TWIMS) is a conference series&nbsp;</span>that takes place at a different institution in Texas each academic year. The major activity supported by this grant was the TWIMS that took place at the University of Texas at Austin on March 4-5, 2023.</p> <p dir="ltr"><span>At this conference there were two plenary lectures and a keynote lecture. The first plenary lecture was given by Dr. Anne Shiu, a professor in the Department of Mathematics at Texas A&amp;M, and the second plenary lecture was given Dr. Rebecca Garcia, a professor in the Department of Mathematics &amp; Statistics at Sam Houston State University and a Co-Director for the Mathematical Sciences Research Institute Undergraduate Program. The keynote lecture was given by Dr. Karen Uhlenbeck, who is a professor emeritus of mathematics at the University of Texas at Austin, where she held the Sid W. Richardson Foundation Regents Chair and is currently a distinguished&nbsp;</span>visiting professor at the Institute for Advanced Study and a visiting senior research scholar at Princeton University.</p> <p dir="ltr">There were also two professional development workshops. One workshop had an emphasis on improving their communication skills while the other gave them guidance on how to develop a well-curated and elegant professional website. The first workshop was led by Nichole Bennett, who researches belonging in science communication at The University of Texas at Austin as a doctoral candidate of the Stan Richards School of Advertising and Public Relations. The second event was led by Rachel Moglen, a then fourth-year Ph.D. student studying operations research in the Operations Research and Industrial Engineering Program (ORIE) at the University of Texas at Austin.&nbsp;</p> <p dir="ltr">Finally, there were 3 concurrent contributed talks sessions with a total of 28 talks from speakers from multiple universities and career stages.&nbsp;</p> <div><span><br /></span></div> <p>&nbsp;</p><br> <p>  Last Modified: 08/28/2024<br> Modified by: Mirela&nbsp;Ciperiani</p></div> <div class="porSideCol" ></div> </div>]]></DRECONTENT>
<POR_COPY_TXT><![CDATA[      The Texas Women in Math Symposium (TWIMS) is a conference seriesthat takes place at a different institution in Texas each academic year. The major activity supported by this grant was the TWIMS that took place at the University of Texas at Austin on March 4-5, 2023.   At this conference there were two plenary lectures and a keynote lecture. The first plenary lecture was given by Dr. Anne Shiu, a professor in the Department of Mathematics at Texas A&M, and the second plenary lecture was given Dr. Rebecca Garcia, a professor in the Department of Mathematics & Statistics at Sam Houston State University and a Co-Director for the Mathematical Sciences Research Institute Undergraduate Program. The keynote lecture was given by Dr. Karen Uhlenbeck, who is a professor emeritus of mathematics at the University of Texas at Austin, where she held the Sid W. Richardson Foundation Regents Chair and is currently a distinguishedvisiting professor at the Institute for Advanced Study and a visiting senior research scholar at Princeton University.   There were also two professional development workshops. One workshop had an emphasis on improving their communication skills while the other gave them guidance on how to develop a well-curated and elegant professional website. The first workshop was led by Nichole Bennett, who researches belonging in science communication at The University of Texas at Austin as a doctoral candidate of the Stan Richards School of Advertising and Public Relations. The second event was led by Rachel Moglen, a then fourth-year Ph.D. student studying operations research in the Operations Research and Industrial Engineering Program (ORIE) at the University of Texas at Austin.   Finally, there were 3 concurrent contributed talks sessions with a total of 28 talks from speakers from multiple universities and career stages.          Last Modified: 08/28/2024       Submitted by: MirelaCiperiani]]></POR_COPY_TXT>
</POR>
</Award>
</rootTag>
