<?xml version="1.0" encoding="UTF-8"?>
<rootTag>
<Award>
<AwardTitle><![CDATA[CAREER: Boundary Control Towards Smart Water Management Systems]]></AwardTitle>
<AGENCY>NSF</AGENCY>
<AwardEffectiveDate>10/01/2022</AwardEffectiveDate>
<AwardExpirationDate>07/31/2025</AwardExpirationDate>
<AwardTotalIntnAmount>528649.00</AwardTotalIntnAmount>
<AwardAmount>483306</AwardAmount>
<AwardInstrument>
<Value>Standard Grant</Value>
</AwardInstrument>
<Organization>
<Code>07030000</Code>
<Directorate>
<Abbreviation>ENG</Abbreviation>
<LongName>Directorate For Engineering</LongName>
</Directorate>
<Division>
<Abbreviation>CMMI</Abbreviation>
<LongName>Div Of Civil, Mechanical, &amp; Manufact Inn</LongName>
</Division>
</Organization>
<ProgramOfficer>
<SignBlockName>Yue Wang</SignBlockName>
<PO_EMAI>yuewang@nsf.gov</PO_EMAI>
<PO_PHON>7032924588</PO_PHON>
</ProgramOfficer>
<AbstractNarration>This Faculty Early Career Development (CAREER) grant will provide viable solutions to control combined river-dam-reservoir systems in an era of unceasing growing demand for water and energy. Global warming is drastically altering rainfall patterns, increasing the risk of water scarcity. The rapid conversion of natural landscapes to urbanized areas that are continually growing in population further accentuates this issue. Sustainable management strategies are becoming critical to ensure the optimum use of essential but limited water resources on the planet. Often, river infrastructures such as dams, gates, and reservoirs are built to satisfy human societies' water and energy demands. However, the maintenance of costly engineered river infrastructures is still posing crucial problems related to reservoir sedimentation and ecosystem preservation. First, estimation methodologies that allow real-time quantification and monitoring of distributed profiles of sediments transported in a water channel from the measurement of appropriate quantities at gate locations will be developed. Second, flow control strategies for hydraulic systems governed by continuum models of density gradient induced by moving sediment will be exploited to ensure stable operation when gates release high discharges in the channel or reservoir, generating turbulence during sediment flushing or venting operations. An experimental setup that supports the feasibility and efficiency of the control/estimation methodologies will be designed. While advancing the science through the development of innovative real-time control and estimation approaches, the research program will be consolidated with an integrated educational plan with the introduction of a graduate course related to the research topic. This project will create opportunities for the participation of students in research and development in water management systems at the K-12, undergraduate, and graduate levels.&lt;br/&gt;&lt;br/&gt;The key idea of the research is to exploit PDE (Partial Differential Equation) boundary control techniques towards efficient water and sediment dynamics management. Fundamental balance equations reflecting the dynamics of coupled water and sediment waves, namely, the bilayer Saint-Venant model, which describes a multiphase flow with a density gradient, will be exploited to achieve the objective. The main difficulties to overcome involve the real-time monitoring of distributed sediment bed profiles and disturbances arising from flushing processes such as shock-waves and hydraulic jumps generated by significant gate discharges over channels. Strongly coupled nonlinear hyperbolic PDEs and mixed systems consisting of cascading hyperbolic PDEs and ODE (Ordinary Differential Equations) are relevant to the flow physics problems. The backstepping control technique combined with Lyapunov analysis will be employed to derive high-performance observers and controllers that solely use gate actuation dynamics and output measurements to enable fast and exponential stabilization at a prescribed setpoint. Various extensions of the theoretical outcomes of the research can essentially solve decisive challenges related to the control of traffic dynamics, networks of sewer systems, and pollutant transport in water flow, to name a few.&lt;br/&gt;&lt;br/&gt;This award reflects NSF's statutory mission and has been deemed worthy of support through evaluation using the Foundation's intellectual merit and broader impacts review criteria.</AbstractNarration>
<MinAmdLetterDate>11/02/2022</MinAmdLetterDate>
<MaxAmdLetterDate>11/02/2022</MaxAmdLetterDate>
<ARRAAmount/>
<TRAN_TYPE>Grant</TRAN_TYPE>
<CFDA_NUM>47.041</CFDA_NUM>
<NSF_PAR_USE_FLAG>1</NSF_PAR_USE_FLAG>
<FUND_AGCY_CODE>4900</FUND_AGCY_CODE>
<AWDG_AGCY_CODE>4900</AWDG_AGCY_CODE>
<AwardID>2302030</AwardID>
<Investigator>
<FirstName>Mamadou</FirstName>
<LastName>Diagne</LastName>
<PI_MID_INIT>L</PI_MID_INIT>
<PI_SUFX_NAME/>
<PI_FULL_NAME>Mamadou L Diagne</PI_FULL_NAME>
<EmailAddress><![CDATA[mdiagne@eng.ucsd.edu]]></EmailAddress>
<NSF_ID>000795471</NSF_ID>
<StartDate>11/02/2022</StartDate>
<EndDate/>
<RoleCode>Principal Investigator</RoleCode>
</Investigator>
<Institution>
<Name><![CDATA[University of California-San Diego]]></Name>
<CityName>LA JOLLA</CityName>
<ZipCode>920930021</ZipCode>
<PhoneNumber>8585344896</PhoneNumber>
<StreetAddress><![CDATA[9500 GILMAN DR]]></StreetAddress>
<StreetAddress2/>
<CountryName>United States</CountryName>
<StateName>California</StateName>
<StateCode>CA</StateCode>
<CONGRESSDISTRICT>50</CONGRESSDISTRICT>
<CONGRESS_DISTRICT_ORG>CA50</CONGRESS_DISTRICT_ORG>
<ORG_UEI_NUM>UYTTZT6G9DT1</ORG_UEI_NUM>
<ORG_LGL_BUS_NAME>UNIVERSITY OF CALIFORNIA, SAN DIEGO</ORG_LGL_BUS_NAME>
<ORG_PRNT_UEI_NUM/>
</Institution>
<Performance_Institution>
<Name><![CDATA[University of California-San Diego]]></Name>
<CityName>LA JOLLA</CityName>
<StateCode>CA</StateCode>
<ZipCode>920935004</ZipCode>
<StreetAddress><![CDATA[9500 GILMAN DR]]></StreetAddress>
<CountryCode>US</CountryCode>
<CountryName>United States</CountryName>
<StateName>California</StateName>
<CountryFlag>1</CountryFlag>
<CONGRESSDISTRICT>50</CONGRESSDISTRICT>
<CONGRESS_DISTRICT_PERF>CA50</CONGRESS_DISTRICT_PERF>
</Performance_Institution>
<ProgramElement>
<Code>104500</Code>
<Text>CAREER: FACULTY EARLY CAR DEV</Text>
</ProgramElement>
<ProgramElement>
<Code>756900</Code>
<Text>Dynamics, Control and System D</Text>
</ProgramElement>
<ProgramReference>
<Code>034E</Code>
<Text>Dynamical systems</Text>
</ProgramReference>
<ProgramReference>
<Code>1045</Code>
<Text>CAREER-Faculty Erly Career Dev</Text>
</ProgramReference>
<ProgramReference>
<Code>8024</Code>
<Text>Complex Systems</Text>
</ProgramReference>
<ProgramReference>
<Code>9102</Code>
<Text>WOMEN, MINORITY, DISABLED, NEC</Text>
</ProgramReference>
<Appropriation>
<Code/>
<Name/>
<APP_SYMB_ID/>
</Appropriation>
<Fund>
<Code>01002021DB</Code>
<Name><![CDATA[NSF RESEARCH & RELATED ACTIVIT]]></Name>
<FUND_SYMB_ID>040100</FUND_SYMB_ID>
</Fund>
<FUND_OBLG>2020~483305</FUND_OBLG>
</Award>
</rootTag>
