<?xml version="1.0" encoding="UTF-8"?>
<rootTag>
<Award>
<AwardTitle><![CDATA[NSFDEB-NERC: Machine learning tools to discover balancing selection in genomes from spatial and temporal autocorrelations]]></AwardTitle>
<AGENCY>NSF</AGENCY>
<AwardEffectiveDate>07/01/2023</AwardEffectiveDate>
<AwardExpirationDate>06/30/2026</AwardExpirationDate>
<AwardTotalIntnAmount>648125.00</AwardTotalIntnAmount>
<AwardAmount>648125</AwardAmount>
<AwardInstrument>
<Value>Standard Grant</Value>
</AwardInstrument>
<Organization>
<Code>08010000</Code>
<Directorate>
<Abbreviation>BIO</Abbreviation>
<LongName>Direct For Biological Sciences</LongName>
</Directorate>
<Division>
<Abbreviation>DEB</Abbreviation>
<LongName>Division Of Environmental Biology</LongName>
</Division>
</Organization>
<ProgramOfficer>
<SignBlockName>Paco Moore</SignBlockName>
<PO_EMAI>fbmoore@nsf.gov</PO_EMAI>
<PO_PHON>7032925376</PO_PHON>
</ProgramOfficer>
<AbstractNarration>Understanding why individuals within species are so genetically diverse is a fundamental problem in evolutionary biology and genetics. This individual genetic diversity, and its causes, has important consequences for biodiversity conservation, agricultural biology, and biomedicine. Balancing selection is a process that promotes and maintains genetic diversity over time. Despite a few well-known examples, however, little is known about recent or fleeting balancing selection, likely because its genetic clues are subtle and difficult to distinguish from those left by other adaptive and nonadaptive processes. Detecting balancing selection in genome data is further complicated by technical issues, such as missing or degraded DNA sequence data, which are not accounted for by current methods. The primary goal of this project is to tackle these challenges by designing state-of-the-art tools based on recent advances in artificial intelligence, which provide strategies for identifying signals of past evolutionary events in genetic data. These tools will be made freely available in a public repository, enabling widespread use. In addition, this project will actively engage local high school students in coding and machine learning through the iDeepLearn summer workshop, and other students from groups under-represented in STEM through outreach programs at the FAU campus high school. Together, these planned activities will facilitate future advancements in our understanding of balancing selection across diverse taxonomic groups, as well as foster participation of traditionally underrepresented high school students in STEM research. &lt;br/&gt;&lt;br/&gt;Detecting balancing selection is enhanced by using temporally sampled genetic data often accessed from ancient DNA, which presents numerous technical hurdles. This research seeks to develop novel machine- and deep-learning methods that can identify genomic signatures of recent and transient balancing selection from spatially and temporally sampled genetic data, while accounting for technical issues encountered by researchers working with ancient DNA and nonmodel organimsm. The project will specifically address detecting balancing selection from data that are incomplete, low-quality, unphased, or pooled under settings for which there is uncertainty in genetic and demographic parameters. Developed methods will be applied to human, mosquito, and fruit fly testbeds, as these study systems have evidence for diverse modes of balancing selection, and publicly available datasets with characteristics of the technical hurdles the projects seeks to overcome. These methods will also be implemented as open-source tools applicable to a wide range of data types common across model and nonmodel organisms, empowering future studies of adaptation by removing barriers imposed by limitations of data quality and demographic knowledge, and ultimately leading to novel insights in the understanding of adaptive history across the tree of life. Workshops on machine learning in population genomics will be developed and delivered for high school girls as part of the iDeepLearn summer program at Florida Atlantic University. In both the US and the UK, multiple STEM-related career events aimed at secondary school pupils will be developed and delivered.&lt;br/&gt;&lt;br/&gt;This award reflects NSF's statutory mission and has been deemed worthy of support through evaluation using the Foundation's intellectual merit and broader impacts review criteria.</AbstractNarration>
<MinAmdLetterDate>06/28/2023</MinAmdLetterDate>
<MaxAmdLetterDate>06/28/2023</MaxAmdLetterDate>
<ARRAAmount/>
<TRAN_TYPE>Grant</TRAN_TYPE>
<CFDA_NUM>47.074</CFDA_NUM>
<NSF_PAR_USE_FLAG>1</NSF_PAR_USE_FLAG>
<FUND_AGCY_CODE>4900</FUND_AGCY_CODE>
<AWDG_AGCY_CODE>4900</AWDG_AGCY_CODE>
<AwardID>2302258</AwardID>
<Investigator>
<FirstName>Michael</FirstName>
<LastName>DeGiorgio</LastName>
<PI_MID_INIT/>
<PI_SUFX_NAME/>
<PI_FULL_NAME>Michael DeGiorgio</PI_FULL_NAME>
<EmailAddress><![CDATA[mdegiorg@fau.edu]]></EmailAddress>
<NSF_ID>000576728</NSF_ID>
<StartDate>06/28/2023</StartDate>
<EndDate/>
<RoleCode>Principal Investigator</RoleCode>
</Investigator>
<Institution>
<Name><![CDATA[Florida Atlantic University]]></Name>
<CityName>BOCA RATON</CityName>
<ZipCode>334316424</ZipCode>
<PhoneNumber>5612970777</PhoneNumber>
<StreetAddress><![CDATA[777 GLADES RD]]></StreetAddress>
<StreetAddress2/>
<CountryName>United States</CountryName>
<StateName>Florida</StateName>
<StateCode>FL</StateCode>
<CONGRESSDISTRICT>23</CONGRESSDISTRICT>
<CONGRESS_DISTRICT_ORG>FL23</CONGRESS_DISTRICT_ORG>
<ORG_UEI_NUM>Q266L2NDAVP1</ORG_UEI_NUM>
<ORG_LGL_BUS_NAME>FLORIDA ATLANTIC UNIVERSITY</ORG_LGL_BUS_NAME>
<ORG_PRNT_UEI_NUM/>
</Institution>
<Performance_Institution>
<Name><![CDATA[Florida Atlantic University]]></Name>
<CityName>BOCA RATON</CityName>
<StateCode>FL</StateCode>
<ZipCode>334316424</ZipCode>
<StreetAddress><![CDATA[777 GLADES RD]]></StreetAddress>
<CountryCode>US</CountryCode>
<CountryName>United States</CountryName>
<StateName>Florida</StateName>
<CountryFlag>1</CountryFlag>
<CONGRESSDISTRICT>23</CONGRESSDISTRICT>
<CONGRESS_DISTRICT_PERF>FL23</CONGRESS_DISTRICT_PERF>
</Performance_Institution>
<ProgramElement>
<Code>112700</Code>
<Text>Evolutionary Processes</Text>
</ProgramElement>
<ProgramElement>
<Code>164Y00</Code>
<Text>Innovation: Bioinformatics</Text>
</ProgramElement>
<ProgramReference>
<Code>1165</Code>
<Text>ADVANCES IN BIO INFORMATICS</Text>
</ProgramReference>
<Appropriation>
<Code/>
<Name/>
<APP_SYMB_ID/>
</Appropriation>
<Fund>
<Code>01002324DB</Code>
<Name><![CDATA[NSF RESEARCH & RELATED ACTIVIT]]></Name>
<FUND_SYMB_ID>040100</FUND_SYMB_ID>
</Fund>
<FUND_OBLG>2023~648125</FUND_OBLG>
</Award>
</rootTag>
