<?xml version="1.0" encoding="UTF-8"?>
<rootTag>
<Award>
<AwardTitle><![CDATA[CSR: Small: Cascading Failures Modeling and Mitigation in the Internet of Things]]></AwardTitle>
<AGENCY>NSF</AGENCY>
<AwardEffectiveDate>10/01/2023</AwardEffectiveDate>
<AwardExpirationDate>09/30/2026</AwardExpirationDate>
<AwardTotalIntnAmount>420766.00</AwardTotalIntnAmount>
<AwardAmount>420766</AwardAmount>
<AwardInstrument>
<Value>Standard Grant</Value>
</AwardInstrument>
<Organization>
<Code>05050000</Code>
<Directorate>
<Abbreviation>CSE</Abbreviation>
<LongName>Direct For Computer &amp; Info Scie &amp; Enginr</LongName>
</Directorate>
<Division>
<Abbreviation>CNS</Abbreviation>
<LongName>Division Of Computer and Network Systems</LongName>
</Division>
</Organization>
<ProgramOfficer>
<SignBlockName>Daniela Oliveira</SignBlockName>
<PO_EMAI>doliveir@nsf.gov</PO_EMAI>
<PO_PHON>7032920000</PO_PHON>
</ProgramOfficer>
<AbstractNarration>Cascading failures take place when a single incident triggers successive malfunction of system components in a chain reaction. Without timely and effective mitigation mechanisms, cascading failures often cause catastrophic impacts on the entire system and even the environment and society. There is a big gap between the existing cascading failure theories and realities in the Internet of Things (IoT) systems. This project aims to make breakthroughs in the IoT cascading failure and reliability research to bridge the gap, mitigating serious consequences caused by the failures. In addition, the project has educational components with the goals to help increase participation of underrepresented minorities, particularly women in computing and engineering, and to integrate research and education through new curriculum development and research training of both graduate and undergraduate students.  &lt;br/&gt;&lt;br/&gt;The overarching objective of this project is to enhance the reliability and robustness of IoT-based systems by developing efficient cascading failure modeling and analysis methods as well as effective mitigation strategies to strengthen IoT systems’ resilience to cascading failures. Specifically, the project will (1) develop new comprehensive mathematical models to characterize the complex physical mechanism of cascading failures in IoT; (2) create efficient and scalable reliability evaluation methodologies to provide an accurate and fast prediction of the IoT system reliability considering impacts of cascading failures and various dependencies; (3) develop innovative in-process and multi-phase mitigation mechanisms to effectively respond to cascading failures and prevent or at least alleviate their consequence; and (4) evaluate and validate the proposed research using case studies of real-world IoT-based systems as well as publications evaluated by independent peers and experts. The proposed cascading failure models and mitigation strategies, and reliability analysis methods are fundamental contributions to the body of knowledge on the reliable and robust design and operation of modern and evolving IoT-based systems.&lt;br/&gt;&lt;br/&gt;This award reflects NSF's statutory mission and has been deemed worthy of support through evaluation using the Foundation's intellectual merit and broader impacts review criteria.</AbstractNarration>
<MinAmdLetterDate>07/26/2023</MinAmdLetterDate>
<MaxAmdLetterDate>07/26/2023</MaxAmdLetterDate>
<ARRAAmount/>
<TRAN_TYPE>Grant</TRAN_TYPE>
<CFDA_NUM>47.070</CFDA_NUM>
<NSF_PAR_USE_FLAG>1</NSF_PAR_USE_FLAG>
<FUND_AGCY_CODE>4900</FUND_AGCY_CODE>
<AWDG_AGCY_CODE>4900</AWDG_AGCY_CODE>
<AwardID>2302094</AwardID>
<Investigator>
<FirstName>Liudong</FirstName>
<LastName>Xing</LastName>
<PI_MID_INIT/>
<PI_SUFX_NAME/>
<PI_FULL_NAME>Liudong Xing</PI_FULL_NAME>
<EmailAddress><![CDATA[lxing@umassd.edu]]></EmailAddress>
<NSF_ID>000244996</NSF_ID>
<StartDate>07/26/2023</StartDate>
<EndDate/>
<RoleCode>Principal Investigator</RoleCode>
</Investigator>
<Institution>
<Name><![CDATA[University of Massachusetts, Dartmouth]]></Name>
<CityName>NORTH DARTMOUTH</CityName>
<ZipCode>027472356</ZipCode>
<PhoneNumber>5089998953</PhoneNumber>
<StreetAddress><![CDATA[285 OLD WESTPORT RD]]></StreetAddress>
<StreetAddress2/>
<CountryName>United States</CountryName>
<StateName>Massachusetts</StateName>
<StateCode>MA</StateCode>
<CONGRESSDISTRICT>09</CONGRESSDISTRICT>
<CONGRESS_DISTRICT_ORG>MA09</CONGRESS_DISTRICT_ORG>
<ORG_UEI_NUM>PMMKPCKNN9R2</ORG_UEI_NUM>
<ORG_LGL_BUS_NAME>UNIVERSITY OF MASSACHUSETTS DARTMOUTH</ORG_LGL_BUS_NAME>
<ORG_PRNT_UEI_NUM/>
</Institution>
<Performance_Institution>
<Name><![CDATA[University of Massachusetts, Dartmouth]]></Name>
<CityName>NORTH DARTMOUTH</CityName>
<StateCode>MA</StateCode>
<ZipCode>027472356</ZipCode>
<StreetAddress><![CDATA[285 OLD WESTPORT RD]]></StreetAddress>
<CountryCode>US</CountryCode>
<CountryName>United States</CountryName>
<StateName>Massachusetts</StateName>
<CountryFlag>1</CountryFlag>
<CONGRESSDISTRICT>09</CONGRESSDISTRICT>
<CONGRESS_DISTRICT_PERF>MA09</CONGRESS_DISTRICT_PERF>
</Performance_Institution>
<ProgramElement>
<Code>735400</Code>
<Text>CSR-Computer Systems Research</Text>
</ProgramElement>
<ProgramReference>
<Code>7923</Code>
<Text>SMALL PROJECT</Text>
</ProgramReference>
<Appropriation>
<Code/>
<Name/>
<APP_SYMB_ID/>
</Appropriation>
<Fund>
<Code>01002324DB</Code>
<Name><![CDATA[NSF RESEARCH & RELATED ACTIVIT]]></Name>
<FUND_SYMB_ID>040100</FUND_SYMB_ID>
</Fund>
<FUND_OBLG>2023~420766</FUND_OBLG>
</Award>
</rootTag>
