<?xml version="1.0" encoding="UTF-8"?>
<rootTag>
<Award>
<AwardTitle><![CDATA[AccelNet-Design: Accelerating Research Collaboration on Artificial and Natural Intelligences (ARCANI)]]></AwardTitle>
<AGENCY>NSF</AGENCY>
<AwardEffectiveDate>07/01/2023</AwardEffectiveDate>
<AwardExpirationDate>06/30/2025</AwardExpirationDate>
<AwardTotalIntnAmount>249974.00</AwardTotalIntnAmount>
<AwardAmount>249974</AwardAmount>
<AwardInstrument>
<Value>Standard Grant</Value>
</AwardInstrument>
<Organization>
<Code>04040000</Code>
<Directorate>
<Abbreviation>SBE</Abbreviation>
<LongName>Direct For Social, Behav &amp; Economic Scie</LongName>
</Directorate>
<Division>
<Abbreviation>BCS</Abbreviation>
<LongName>Division Of Behavioral and Cognitive Sci</LongName>
</Division>
</Organization>
<ProgramOfficer>
<SignBlockName>Soo-Siang Lim</SignBlockName>
<PO_EMAI>slim@nsf.gov</PO_EMAI>
<PO_PHON>7032927878</PO_PHON>
</ProgramOfficer>
<AbstractNarration>The fields that study mind and cognition are flourishing. Cognitive science has blossomed. Our understanding of animal minds has radically expanded. AI research has blazed past longstanding milestones like playing Go or writing credible essays. These fields study the same phenomenon—intelligence—in diverse forms, both natural and artificial. But they remain siloed, and each lacks a coherent foundation. This is most glaring in AI, where our capacity to engineer powerful AI systems has vastly outpaced our capacity to understand them. By building dialogue between the major disciplines studying natural and artificial intelligences, our project will produce a roadmap for Accelerating Research Collaboration on Artificial and Natural Intelligences (ARCANI). To create this roadmap, ARCANI will link several international research networks, drawing on insights and conversations that cross disciplines, career stages, and countries. The integration of these research networks will also help diversify participation in the study of natural and artificial intelligences. It will train a cohort of early career researchers in new ways of doing science and international collaboration. Through the existing Diverse Intelligences Summer Institute, the ARCANI team has an excellent record of fostering collaboration and leadership amongst researchers from underrepresented groups and developing nations. ARCANI allows us to scale up our efforts, improving training, collaboration opportunities, and skill development for young scholars across many disciplines. The ARCANI roadmap will lead to the development of theoretical foundations spanning from animal behavior to AI. It will establish a vibrant trading zone for sharing novel methods, data, and computational frameworks. And it will translate foundational concepts and empirical insights into practical technologies. These interdisciplinary efforts are poised to transform the ways humans think about the environment, interact with computer systems, and build AI to support science, art, and human endeavors more broadly. Such outcomes will enhance US scientific leadership in many critical lines of research.&lt;br/&gt;&lt;br/&gt;Our Network of Networks brings together researchers from the biological, cognitive, social, and computer sciences to develop new approaches to Accelerating Research Collaboration on Artificial and Natural Intelligences (ARCANI). ARCANI aims to break down disciplinary silos and develop a comprehensive framework for exploring human, animal, and machine intelligences. We will link networks in ethology, complexity science, comparative cognition, neuroscience, robotics, and AI, with nodes in every habitable continent. We have identified three promising areas for accelerated advance through network-to-network collaboration: (1) theoretical foundations of intelligence (DEFINE); (2) leveraging the data revolution to redesign the study of cognition (DESIGN); and (3) naturalistic approaches to AI and robotics (DEPLOY). Each area will be explored by a cross-network working group, holding several virtual meetings and one in-person meeting. Early career researchers (ECRs, including grad students and postdocs) will play a prominent role; the Diverse Intelligences Summer Institute (DISI) will help recruit diverse and exceptionally gifted ECRs. Working groups will address three questions: WHAT are the gaps in existing knowledge? WHO in their networks is best positioned to come together to address them? HOW can AccelNet support sustainable international collaboration to close those gaps? These questions will drive surveys of existing research, definition of key concepts, and frank assessment of barriers. Working groups will summarize their findings in white papers, which we will publish as agenda-setting documents. Working group members will join the leadership team in crafting a 2024 Implementation proposal, providing a roadmap toward transformational cross-network collaboration on the foundations and applications of research on artificial and natural intelligences.&lt;br/&gt;&lt;br/&gt;This award reflects NSF's statutory mission and has been deemed worthy of support through evaluation using the Foundation's intellectual merit and broader impacts review criteria.</AbstractNarration>
<MinAmdLetterDate>05/12/2023</MinAmdLetterDate>
<MaxAmdLetterDate>05/12/2023</MaxAmdLetterDate>
<ARRAAmount/>
<TRAN_TYPE>Grant</TRAN_TYPE>
<CFDA_NUM>47.075, 47.079</CFDA_NUM>
<NSF_PAR_USE_FLAG>1</NSF_PAR_USE_FLAG>
<FUND_AGCY_CODE>4900</FUND_AGCY_CODE>
<AWDG_AGCY_CODE>4900</AWDG_AGCY_CODE>
<AwardID>2302028</AwardID>
<Investigator>
<FirstName>Jacob</FirstName>
<LastName>Foster</LastName>
<PI_MID_INIT>G</PI_MID_INIT>
<PI_SUFX_NAME/>
<PI_FULL_NAME>Jacob G Foster</PI_FULL_NAME>
<EmailAddress><![CDATA[foster@soc.ucla.edu]]></EmailAddress>
<NSF_ID>000699374</NSF_ID>
<StartDate>05/12/2023</StartDate>
<EndDate/>
<RoleCode>Co-Principal Investigator</RoleCode>
</Investigator>
<Investigator>
<FirstName>Erica</FirstName>
<LastName>Cartmill</LastName>
<PI_MID_INIT>A</PI_MID_INIT>
<PI_SUFX_NAME/>
<PI_FULL_NAME>Erica A Cartmill</PI_FULL_NAME>
<EmailAddress><![CDATA[cartmill@ucla.edu]]></EmailAddress>
<NSF_ID>000908737</NSF_ID>
<StartDate>05/12/2023</StartDate>
<EndDate/>
<RoleCode>Principal Investigator</RoleCode>
</Investigator>
<Institution>
<Name><![CDATA[University of California-Los Angeles]]></Name>
<CityName>LOS ANGELES</CityName>
<ZipCode>900244200</ZipCode>
<PhoneNumber>3107940102</PhoneNumber>
<StreetAddress><![CDATA[10889 WILSHIRE BLVD STE 700]]></StreetAddress>
<StreetAddress2/>
<CountryName>United States</CountryName>
<StateName>California</StateName>
<StateCode>CA</StateCode>
<CONGRESSDISTRICT>36</CONGRESSDISTRICT>
<CONGRESS_DISTRICT_ORG>CA36</CONGRESS_DISTRICT_ORG>
<ORG_UEI_NUM>RN64EPNH8JC6</ORG_UEI_NUM>
<ORG_LGL_BUS_NAME>UNIVERSITY OF CALIFORNIA, LOS ANGELES</ORG_LGL_BUS_NAME>
<ORG_PRNT_UEI_NUM/>
</Institution>
<Performance_Institution>
<Name><![CDATA[University of California-Los Angeles]]></Name>
<CityName>LOS ANGELES</CityName>
<StateCode>CA</StateCode>
<ZipCode>900951553</ZipCode>
<StreetAddress><![CDATA[BOX 951553, 341 Haines Hall]]></StreetAddress>
<CountryCode>US</CountryCode>
<CountryName>United States</CountryName>
<StateName>California</StateName>
<CountryFlag>1</CountryFlag>
<CONGRESSDISTRICT>36</CONGRESSDISTRICT>
<CONGRESS_DISTRICT_PERF>CA36</CONGRESS_DISTRICT_PERF>
</Performance_Institution>
<ProgramElement>
<Code>069Y00</Code>
<Text>AccelNet - Accelerating Resear</Text>
</ProgramElement>
<ProgramElement>
<Code>127y00</Code>
<Text>Sci of Lrng &amp; Augmented Intel</Text>
</ProgramElement>
<ProgramReference>
<Code>059Z</Code>
<Text>Science of Learning</Text>
</ProgramReference>
<ProgramReference>
<Code>5912</Code>
<Text>AUSTRALIA</Text>
</ProgramReference>
<ProgramReference>
<Code>5921</Code>
<Text>JAPAN</Text>
</ProgramReference>
<ProgramReference>
<Code>5946</Code>
<Text>UNITED KINGDOM</Text>
</ProgramReference>
<ProgramReference>
<Code>9102</Code>
<Text>WOMEN, MINORITY, DISABLED, NEC</Text>
</ProgramReference>
<Appropriation>
<Code/>
<Name/>
<APP_SYMB_ID/>
</Appropriation>
<Fund>
<Code>01002324DB</Code>
<Name><![CDATA[NSF RESEARCH & RELATED ACTIVIT]]></Name>
<FUND_SYMB_ID>040100</FUND_SYMB_ID>
</Fund>
<FUND_OBLG>2023~249974</FUND_OBLG>
</Award>
</rootTag>
