<?xml version="1.0" encoding="UTF-8"?>
<rootTag>
<Award>
<AwardTitle><![CDATA[Analytic problems around automorphic forms and L-functions]]></AwardTitle>
<AGENCY>NSF</AGENCY>
<AwardEffectiveDate>09/01/2023</AwardEffectiveDate>
<AwardExpirationDate>08/31/2026</AwardExpirationDate>
<AwardTotalIntnAmount>245636.00</AwardTotalIntnAmount>
<AwardAmount>245636</AwardAmount>
<AwardInstrument>
<Value>Standard Grant</Value>
</AwardInstrument>
<Organization>
<Code>03040000</Code>
<Directorate>
<Abbreviation>MPS</Abbreviation>
<LongName>Direct For Mathematical &amp; Physical Scien</LongName>
</Directorate>
<Division>
<Abbreviation>DMS</Abbreviation>
<LongName>Division Of Mathematical Sciences</LongName>
</Division>
</Organization>
<ProgramOfficer>
<SignBlockName>Andrew Pollington</SignBlockName>
<PO_EMAI>adpollin@nsf.gov</PO_EMAI>
<PO_PHON>7032924878</PO_PHON>
</ProgramOfficer>
<AbstractNarration>One of the main tools for understanding the distribution of prime numbers is through properties of the Riemann zeta function.  The zeta function is the most fundamental example of an L-function, which is a mathematical construction that combines arithmetical information about all the primes at once.  More general L-functions, such as Dirichlet L-functions, are useful for understanding primes in arithmetic progressions.  One of the main ways that L-functions are studied is by placing them into families, such as the family of all Dirichlet L-functions, and viewing their properties through this framework.  Much of the proposed work in this proposal concerns the development of properties of new families of L-functions.  One of the main goals is to better-understand the size of these L-functions, especially in certain ranges that have been inaccessible using previous methods. The PI will continue to mentor and collaborate with undergraduate students, particularly through the Texas A&amp;M REU. Such opportunities are important for preparing students for graduate studies, particularly for undergraduate students from non-PhD granting institutions as well as from population groups underrepresented in STEM fields. The PI will also continue to advise PhD students to work on problems related to families of L-functions and their moments.&lt;br/&gt;&lt;br/&gt;The PI will study new families of automorphic forms and their associated L-functions, especially via moments of L-functions and large sieve inequalities.  The PI plans to study high moments of L-functions in order to make progress on the challenging but important L-functions in conductor-dropping families.  The proposer will also study narrower families of L-functions through the use of new versions of the relative trace formula that isolate small families based on their local behavior.  In a related vein, the proposer will study large sieve inequalities for families of automorphic forms, with two main goals.  One objective is to establish large sieve bounds in some of the new, narrow families.  A second goal is to develop heuristics for conjecturing the size of a large sieve bound for more general families.  The PI will mentor PhD students on problems on moments of L-functions for both narrow families and for higher degree L-functions.  The proposer will study newform Dedekind sums with his undergraduate students.   The methods employed will be techniques from analytic number theory such as functional equations, exponential sums and integrals, and the spectral theory of automorphic forms, including the Arthur-Selberg trace formula and the relative trace formula.&lt;br/&gt;&lt;br/&gt;This award reflects NSF's statutory mission and has been deemed worthy of support through evaluation using the Foundation's intellectual merit and broader impacts review criteria.</AbstractNarration>
<MinAmdLetterDate>03/06/2023</MinAmdLetterDate>
<MaxAmdLetterDate>03/06/2023</MaxAmdLetterDate>
<ARRAAmount/>
<TRAN_TYPE>Grant</TRAN_TYPE>
<CFDA_NUM>47.049</CFDA_NUM>
<NSF_PAR_USE_FLAG>1</NSF_PAR_USE_FLAG>
<FUND_AGCY_CODE>4900</FUND_AGCY_CODE>
<AWDG_AGCY_CODE>4900</AWDG_AGCY_CODE>
<AwardID>2302210</AwardID>
<Investigator>
<FirstName>Matthew</FirstName>
<LastName>Young</LastName>
<PI_MID_INIT/>
<PI_SUFX_NAME/>
<PI_FULL_NAME>Matthew Young</PI_FULL_NAME>
<EmailAddress><![CDATA[myoung@math.tamu.edu]]></EmailAddress>
<NSF_ID>000078794</NSF_ID>
<StartDate>03/06/2023</StartDate>
<EndDate/>
<RoleCode>Principal Investigator</RoleCode>
</Investigator>
<Institution>
<Name><![CDATA[Texas A&M University]]></Name>
<CityName>COLLEGE STATION</CityName>
<ZipCode>778454375</ZipCode>
<PhoneNumber>9798626777</PhoneNumber>
<StreetAddress><![CDATA[400 HARVEY MITCHELL PKY S STE 30]]></StreetAddress>
<StreetAddress2/>
<CountryName>United States</CountryName>
<StateName>Texas</StateName>
<StateCode>TX</StateCode>
<CONGRESSDISTRICT>10</CONGRESSDISTRICT>
<CONGRESS_DISTRICT_ORG>TX10</CONGRESS_DISTRICT_ORG>
<ORG_UEI_NUM>JF6XLNB4CDJ5</ORG_UEI_NUM>
<ORG_LGL_BUS_NAME>TEXAS A &amp; M UNIVERSITY</ORG_LGL_BUS_NAME>
<ORG_PRNT_UEI_NUM/>
</Institution>
<Performance_Institution>
<Name><![CDATA[Texas A&M University]]></Name>
<CityName>COLLEGE STATION</CityName>
<StateCode>TX</StateCode>
<ZipCode>778433368</ZipCode>
<StreetAddress><![CDATA[3368 TAMU]]></StreetAddress>
<CountryCode>US</CountryCode>
<CountryName>United States</CountryName>
<StateName>Texas</StateName>
<CountryFlag>1</CountryFlag>
<CONGRESSDISTRICT>10</CONGRESSDISTRICT>
<CONGRESS_DISTRICT_PERF>TX10</CONGRESS_DISTRICT_PERF>
</Performance_Institution>
<ProgramElement>
<Code>126400</Code>
<Text>ALGEBRA,NUMBER THEORY,AND COM</Text>
</ProgramElement>
<Appropriation>
<Code/>
<Name/>
<APP_SYMB_ID/>
</Appropriation>
<Fund>
<Code>01002324DB</Code>
<Name><![CDATA[NSF RESEARCH & RELATED ACTIVIT]]></Name>
<FUND_SYMB_ID>040100</FUND_SYMB_ID>
</Fund>
<FUND_OBLG>2023~245636</FUND_OBLG>
</Award>
</rootTag>
