<?xml version="1.0" encoding="UTF-8"?>
<rootTag>
<Award>
<AwardTitle><![CDATA[Homological approaches to differential forms, differential operators, and transfer of algebra structures]]></AwardTitle>
<AGENCY>NSF</AGENCY>
<AwardEffectiveDate>09/01/2023</AwardEffectiveDate>
<AwardExpirationDate>08/31/2026</AwardExpirationDate>
<AwardTotalIntnAmount>165000.00</AwardTotalIntnAmount>
<AwardAmount>165000</AwardAmount>
<AwardInstrument>
<Value>Standard Grant</Value>
</AwardInstrument>
<Organization>
<Code>03040000</Code>
<Directorate>
<Abbreviation>MPS</Abbreviation>
<LongName>Direct For Mathematical &amp; Physical Scien</LongName>
</Directorate>
<Division>
<Abbreviation>DMS</Abbreviation>
<LongName>Division Of Mathematical Sciences</LongName>
</Division>
</Organization>
<ProgramOfficer>
<SignBlockName>James Matthew Douglass</SignBlockName>
<PO_EMAI>mdouglas@nsf.gov</PO_EMAI>
<PO_PHON>7032922467</PO_PHON>
</ProgramOfficer>
<AbstractNarration>One of the main questions of algebraic geometry is: How does one find measures of singularity? A singularity is a place on a curve, surface, or higher dimensional space where it is not smooth, i.e., it has a sharp point or crosses itself. In general, one wants to be able to find measures of how extreme a singularity is and how these vary under maps, but usually the number of equations or variables makes a graph impossible or misleading. This is solved by employing the structural backbone given by algebraic geometry and commutative algebra. Generally, the goal is to attach invariants to singularities that are measures of the character of the singularity. Singularities will be studied in several ways: via differential forms and differential operators, which characterize smoothness; and by constructing new algebraic structures which yield not only invariants but also tools to discover new invariants. In the long run, work on singularities can lead to applications to computer vision and medical imaging and to string theory in physics. The project will continue the PI’s strong engagement in graduate education with PhD students. The PI will continue to co-organize conferences and workshops such as the Introductory Workshop at an MSRI semester program in 2024 and a future MSRI Summer Graduate School at the Chern Institute. &lt;br/&gt;&lt;br/&gt;Commutative and homological algebra are crucial in developing the foundations of algebraic geometry. This project will address some central topics and their interplay: differential forms, differential operators, cotangent complexes, and dg-algebra and A-infinity structures. The focus will be on (1) resolutions of differential forms and the cotangent complex, (2) differential operators of fixed orders and their resolutions, (3) DG algebra resolutions of graded Artinian algebras, and (4) comparisons of bar and Eagon resolutions via A-infinity structures. For the first, the focus is on understanding symmetries in and vanishing of invariants obtained from higher differentials, such as generalized Tjurina numbers, by showing how their resolutions are interrelated for Gorenstein singularities. For the second, a new homological approach will be used to work on finding the differential operators of hypersurfaces. The third involves the use of HPT (homological perturbation theory) to transfer algebra structures, and the fourth use of A-infinity structures to relate and generalize two classical resolutions. The unifying theme is to use homological methods to gain insight into these problems. The central challenge is to understand the homological behavior of exterior and symmetric power operations, which is known to be more involved and less understood, despite the fact that exterior algebras and power operations play a central role throughout many parts of algebra and geometry.&lt;br/&gt;&lt;br/&gt;This award reflects NSF's statutory mission and has been deemed worthy of support through evaluation using the Foundation's intellectual merit and broader impacts review criteria.</AbstractNarration>
<MinAmdLetterDate>07/07/2023</MinAmdLetterDate>
<MaxAmdLetterDate>07/07/2023</MaxAmdLetterDate>
<ARRAAmount/>
<TRAN_TYPE>Grant</TRAN_TYPE>
<CFDA_NUM>47.049</CFDA_NUM>
<NSF_PAR_USE_FLAG>1</NSF_PAR_USE_FLAG>
<FUND_AGCY_CODE>4900</FUND_AGCY_CODE>
<AWDG_AGCY_CODE>4900</AWDG_AGCY_CODE>
<AwardID>2302198</AwardID>
<Investigator>
<FirstName>Claudia</FirstName>
<LastName>Miller</LastName>
<PI_MID_INIT>M</PI_MID_INIT>
<PI_SUFX_NAME/>
<PI_FULL_NAME>Claudia M Miller</PI_FULL_NAME>
<EmailAddress><![CDATA[clamille@syr.edu]]></EmailAddress>
<NSF_ID>000258026</NSF_ID>
<StartDate>07/07/2023</StartDate>
<EndDate/>
<RoleCode>Principal Investigator</RoleCode>
</Investigator>
<Institution>
<Name><![CDATA[Syracuse University]]></Name>
<CityName>SYRACUSE</CityName>
<ZipCode>13244</ZipCode>
<PhoneNumber>3154432807</PhoneNumber>
<StreetAddress><![CDATA[900 S CROUSE AVE]]></StreetAddress>
<StreetAddress2/>
<CountryName>United States</CountryName>
<StateName>New York</StateName>
<StateCode>NY</StateCode>
<CONGRESSDISTRICT>22</CONGRESSDISTRICT>
<CONGRESS_DISTRICT_ORG>NY22</CONGRESS_DISTRICT_ORG>
<ORG_UEI_NUM>C4BXLBC11LC6</ORG_UEI_NUM>
<ORG_LGL_BUS_NAME>SYRACUSE UNIVERSITY</ORG_LGL_BUS_NAME>
<ORG_PRNT_UEI_NUM/>
</Institution>
<Performance_Institution>
<Name><![CDATA[Syracuse University]]></Name>
<CityName>SYRACUSE</CityName>
<StateCode>NY</StateCode>
<ZipCode>132440001</ZipCode>
<StreetAddress><![CDATA[900 S CROUSE AVE STE 620]]></StreetAddress>
<CountryCode>US</CountryCode>
<CountryName>United States</CountryName>
<StateName>New York</StateName>
<CountryFlag>1</CountryFlag>
<CONGRESSDISTRICT>22</CONGRESSDISTRICT>
<CONGRESS_DISTRICT_PERF>NY22</CONGRESS_DISTRICT_PERF>
</Performance_Institution>
<ProgramElement>
<Code>126400</Code>
<Text>ALGEBRA,NUMBER THEORY,AND COM</Text>
</ProgramElement>
<Appropriation>
<Code/>
<Name/>
<APP_SYMB_ID/>
</Appropriation>
<Fund>
<Code>01002324DB</Code>
<Name><![CDATA[NSF RESEARCH & RELATED ACTIVIT]]></Name>
<FUND_SYMB_ID>040100</FUND_SYMB_ID>
</Fund>
<FUND_OBLG>2023~165000</FUND_OBLG>
</Award>
</rootTag>
