<?xml version="1.0" encoding="UTF-8"?>
<rootTag>
<Award>
<AwardTitle><![CDATA[ERI: RUI: Wavefront shaping through flexible multicore fiber bundles for coherent light focusing and imaging in neurophotonics]]></AwardTitle>
<AGENCY>NSF</AGENCY>
<AwardEffectiveDate>06/01/2023</AwardEffectiveDate>
<AwardExpirationDate>05/31/2025</AwardExpirationDate>
<AwardTotalIntnAmount>173904.00</AwardTotalIntnAmount>
<AwardAmount>173904</AwardAmount>
<AwardInstrument>
<Value>Standard Grant</Value>
</AwardInstrument>
<Organization>
<Code>07020000</Code>
<Directorate>
<Abbreviation>ENG</Abbreviation>
<LongName>Directorate For Engineering</LongName>
</Directorate>
<Division>
<Abbreviation>CBET</Abbreviation>
<LongName>Div Of Chem, Bioeng, Env, &amp; Transp Sys</LongName>
</Division>
</Organization>
<ProgramOfficer>
<SignBlockName>Steve Zehnder</SignBlockName>
<PO_EMAI>szehnder@nsf.gov</PO_EMAI>
<PO_PHON>7032927014</PO_PHON>
</ProgramOfficer>
<AbstractNarration>The goal of this Engineering Research Initiation(ERI) project is to develop an improved method of delivering light to the brain for imaging and stimulating brain activity. Light is a powerful tool for probing the brain and can be used to monitor the firing of neurons or directly activate neurons using optogenetics. Optical wavefront shaping techniques can enable deeper light penetration in the brain. However, these techniques are stymied because it is challenging to deliver the shaped light to the brain. This project addresses this challenge by developing a new system which leverages fiber bundles and optical wavefront shaping to reliably deliver shaped light to the brain, even when the fiber bundle is moving. The outcomes of the research will provide new tools for neuroscientists to deliver shaped light to the brain, enabling better experiments in the research laboratory and paving the way for future clinical applications. The broader impacts of the project include research opportunities for undergraduate students at Harvey Mudd, providing tightly integrated educational opportunities in scientific research methods, optical system design, and neurophotonics. In addition, the PI will develop new educational resources to broaden access to optics through wavefront shaping simulations in Python-based Jupyter notebooks and low-cost lab experiments exploring optical fibers and light matter interactions in scattering media.&lt;br/&gt; &lt;br/&gt;Multicore fibers offer an attractive way to deliver light to regions of interest in the brain but are challenging to use in practical applications due to core-dependent phase delays which are impacted by a variety of physical and environmental factors such as movement and temperature fluctuations. The project will address this challenge by developing methods to correct the phase distortion of the multicore fiber without requiring access to the distal end, enabling shaped wavefronts to be flexibly delivered into deep tissue even when the core-to-core phase delays are dynamically changing. The research plan is divided into two major tasks: (1) developing a low-coherence interferometry system to measure the phase distortion of the multicore fiber and characterizing key performance metrics such as temporal response and phase sensitivity and (2) using the low-coherence interferometry system with wavefront shaping to correct for the phase delay in the multicore fiber and create desired wavefronts beyond the distal tip of the fiber.&lt;br/&gt;&lt;br/&gt;This award reflects NSF's statutory mission and has been deemed worthy of support through evaluation using the Foundation's intellectual merit and broader impacts review criteria.</AbstractNarration>
<MinAmdLetterDate>04/05/2023</MinAmdLetterDate>
<MaxAmdLetterDate>04/05/2023</MaxAmdLetterDate>
<ARRAAmount/>
<TRAN_TYPE>Grant</TRAN_TYPE>
<CFDA_NUM>47.041</CFDA_NUM>
<NSF_PAR_USE_FLAG>1</NSF_PAR_USE_FLAG>
<FUND_AGCY_CODE>4900</FUND_AGCY_CODE>
<AWDG_AGCY_CODE>4900</AWDG_AGCY_CODE>
<AwardID>2302023</AwardID>
<Investigator>
<FirstName>Joshua</FirstName>
<LastName>Brake</LastName>
<PI_MID_INIT/>
<PI_SUFX_NAME/>
<PI_FULL_NAME>Joshua Brake</PI_FULL_NAME>
<EmailAddress><![CDATA[jbrake@hmc.edu]]></EmailAddress>
<NSF_ID>000854129</NSF_ID>
<StartDate>04/05/2023</StartDate>
<EndDate/>
<RoleCode>Principal Investigator</RoleCode>
</Investigator>
<Institution>
<Name><![CDATA[Harvey Mudd College]]></Name>
<CityName>CLAREMONT</CityName>
<ZipCode>917115901</ZipCode>
<PhoneNumber>9096218121</PhoneNumber>
<StreetAddress><![CDATA[301 PLATT BLVD]]></StreetAddress>
<StreetAddress2/>
<CountryName>United States</CountryName>
<StateName>California</StateName>
<StateCode>CA</StateCode>
<CONGRESSDISTRICT>28</CONGRESSDISTRICT>
<CONGRESS_DISTRICT_ORG>CA28</CONGRESS_DISTRICT_ORG>
<ORG_UEI_NUM>C76JKA5JY2B3</ORG_UEI_NUM>
<ORG_LGL_BUS_NAME>HARVEY MUDD COLLEGE</ORG_LGL_BUS_NAME>
<ORG_PRNT_UEI_NUM/>
</Institution>
<Performance_Institution>
<Name><![CDATA[Harvey Mudd College]]></Name>
<CityName>CLAREMONT</CityName>
<StateCode>CA</StateCode>
<ZipCode>917115901</ZipCode>
<StreetAddress><![CDATA[301 PLATT BLVD]]></StreetAddress>
<CountryCode>US</CountryCode>
<CountryName>United States</CountryName>
<StateName>California</StateName>
<CountryFlag>1</CountryFlag>
<CONGRESSDISTRICT>28</CONGRESSDISTRICT>
<CONGRESS_DISTRICT_PERF>CA28</CONGRESS_DISTRICT_PERF>
</Performance_Institution>
<ProgramElement>
<Code>164200</Code>
<Text>Special Initiatives</Text>
</ProgramElement>
<ProgramReference>
<Code>9229</Code>
<Text>RES IN UNDERGRAD INST-RESEARCH</Text>
</ProgramReference>
<ProgramReference>
<Code>9264</Code>
<Text>RESEARCH INITIATION AWARD</Text>
</ProgramReference>
<Appropriation>
<Code/>
<Name/>
<APP_SYMB_ID/>
</Appropriation>
<Fund>
<Code>01002324DB</Code>
<Name><![CDATA[NSF RESEARCH & RELATED ACTIVIT]]></Name>
<FUND_SYMB_ID>040100</FUND_SYMB_ID>
</Fund>
<FUND_OBLG>2023~173904</FUND_OBLG>
</Award>
</rootTag>
