<?xml version="1.0" encoding="UTF-8"?>
<rootTag>
<Award>
<AwardTitle><![CDATA[I-Corps: Clinical trial safety]]></AwardTitle>
<AGENCY>NSF</AGENCY>
<AwardEffectiveDate>05/01/2023</AwardEffectiveDate>
<AwardExpirationDate>10/31/2024</AwardExpirationDate>
<AwardTotalIntnAmount>50000.00</AwardTotalIntnAmount>
<AwardAmount>50000</AwardAmount>
<AwardInstrument>
<Value>Standard Grant</Value>
</AwardInstrument>
<Organization>
<Code>15030000</Code>
<Directorate>
<Abbreviation>TIP</Abbreviation>
<LongName>Dir for Tech, Innovation, &amp; Partnerships</LongName>
</Directorate>
<Division>
<Abbreviation>TI</Abbreviation>
<LongName>Translational Impacts</LongName>
</Division>
</Organization>
<ProgramOfficer>
<SignBlockName>Jaime A. Camelio</SignBlockName>
<PO_EMAI>jcamelio@nsf.gov</PO_EMAI>
<PO_PHON>7032922061</PO_PHON>
</ProgramOfficer>
<AbstractNarration>The broader impact/commercial potential of this I-Corps project is the development of an innovation for community providers providing direct access to clinical trial safety information when developing a plan of care for a trial participant outside of the research setting, including which medicines and treatments to explicitly avoid. Approximately 1 in 50 children and hundreds of adults enrolled in clinical trials (particularly in oncology) experience a fatal drug interaction, largely attributed to lack of trial details at time of clinical encounter. This innovation has the potential to improve the well-being of individuals by support and inform current policy initiatives aiming to expand availability of clinical trial opportunities for adult and pediatric patients, such as by easing travel burdens associated with clinical trial visits and procedures. As a mobile, bridging technology that can span any distance and be accessed by any provider, this innovation can bolster expanded clinical trial access for individuals and communities in rural settings, who may otherwise be unable to participate (or risk injury by accessing care in an uninformed setting) and will thus broaden participation of underrepresented minorities in science. &lt;br/&gt;&lt;br/&gt;This I-Corps project is based on the development of a new product that addresses the challenges of clinical trial management by leveraging wearable technology and embedded software to provide real-time safety information for participants. This use-inspired solution represents the &lt;br/&gt;convergence of disparate fields, including engineering (human factors, ergonomics), computer science (user experience, human-centered computing), and nursing models of patient care (clinical outcomes). Preliminary data demonstrate that clinical nurses have a high knowledge deficit related to the unique care needs of clinical trial participants and do not screen for such needs during assessments. This innovation catalyzes opportunities for open information exchange that will broaden healthcare providers’ knowledge of drug testing safety and improve clinical care outcomes. Through the integration of trial safety information (drug interactions with standard of care treatments, side effect profiles, research team contact information) and related increase in trial participant retention, this product will accelerate the scientific understanding needed to develop novel therapeutics while positively altering the pharmaceutical industry research paradigm related to equitable, inclusive, and accessible safety management.&lt;br/&gt;&lt;br/&gt;This award reflects NSF's statutory mission and has been deemed worthy of support through evaluation using the Foundation's intellectual merit and broader impacts review criteria.</AbstractNarration>
<MinAmdLetterDate>04/21/2023</MinAmdLetterDate>
<MaxAmdLetterDate>04/21/2023</MaxAmdLetterDate>
<ARRAAmount/>
<TRAN_TYPE>Grant</TRAN_TYPE>
<CFDA_NUM>47.084</CFDA_NUM>
<NSF_PAR_USE_FLAG>1</NSF_PAR_USE_FLAG>
<FUND_AGCY_CODE>4900</FUND_AGCY_CODE>
<AWDG_AGCY_CODE>4900</AWDG_AGCY_CODE>
<AwardID>2302093</AwardID>
<Investigator>
<FirstName>Elizabeth</FirstName>
<LastName>Johnson</LastName>
<PI_MID_INIT>A</PI_MID_INIT>
<PI_SUFX_NAME/>
<PI_FULL_NAME>Elizabeth A Johnson</PI_FULL_NAME>
<EmailAddress><![CDATA[elizabeth.johnson37@montana.edu]]></EmailAddress>
<NSF_ID>000899123</NSF_ID>
<StartDate>04/21/2023</StartDate>
<EndDate/>
<RoleCode>Principal Investigator</RoleCode>
</Investigator>
<Institution>
<Name><![CDATA[Montana State University]]></Name>
<CityName>BOZEMAN</CityName>
<ZipCode>59717</ZipCode>
<PhoneNumber>4069942381</PhoneNumber>
<StreetAddress><![CDATA[216 MONTANA HALL]]></StreetAddress>
<StreetAddress2/>
<CountryName>United States</CountryName>
<StateName>Montana</StateName>
<StateCode>MT</StateCode>
<CONGRESSDISTRICT>01</CONGRESSDISTRICT>
<CONGRESS_DISTRICT_ORG>MT01</CONGRESS_DISTRICT_ORG>
<ORG_UEI_NUM>EJ3UF7TK8RT5</ORG_UEI_NUM>
<ORG_LGL_BUS_NAME>MONTANA STATE UNIVERSITY</ORG_LGL_BUS_NAME>
<ORG_PRNT_UEI_NUM/>
</Institution>
<Performance_Institution>
<Name><![CDATA[Montana State University]]></Name>
<CityName>BOZEMAN</CityName>
<StateCode>MT</StateCode>
<ZipCode>59717</ZipCode>
<StreetAddress><![CDATA[216 MONTANA HALL]]></StreetAddress>
<CountryCode>US</CountryCode>
<CountryName>United States</CountryName>
<StateName>Montana</StateName>
<CountryFlag>1</CountryFlag>
<CONGRESSDISTRICT>01</CONGRESSDISTRICT>
<CONGRESS_DISTRICT_PERF>MT01</CONGRESS_DISTRICT_PERF>
</Performance_Institution>
<ProgramElement>
<Code>802300</Code>
<Text>I-Corps</Text>
</ProgramElement>
<ProgramReference>
<Code>8023</Code>
<Text>Health Care Enterprise Systems</Text>
</ProgramReference>
<Appropriation>
<Code/>
<Name/>
<APP_SYMB_ID/>
</Appropriation>
<Fund>
<Code>01002324DB</Code>
<Name><![CDATA[NSF RESEARCH & RELATED ACTIVIT]]></Name>
<FUND_SYMB_ID>040100</FUND_SYMB_ID>
</Fund>
<FUND_OBLG>2023~50000</FUND_OBLG>
</Award>
</rootTag>
