<?xml version="1.0" encoding="UTF-8"?>
<rootTag>
<Award>
<AwardTitle><![CDATA[Collaborative Research: Sulfur Oxide Chemistry in Aqueous Aerosols--Mechanisms and Kinetics of Inorganic Sulfate and Organosulfur Compound Formation in the Atmosphere]]></AwardTitle>
<AGENCY>NSF</AGENCY>
<AwardEffectiveDate>06/01/2023</AwardEffectiveDate>
<AwardExpirationDate>05/31/2026</AwardExpirationDate>
<AwardTotalIntnAmount>596127.00</AwardTotalIntnAmount>
<AwardAmount>596127</AwardAmount>
<AwardInstrument>
<Value>Standard Grant</Value>
</AwardInstrument>
<Organization>
<Code>06020000</Code>
<Directorate>
<Abbreviation>GEO</Abbreviation>
<LongName>Directorate For Geosciences</LongName>
</Directorate>
<Division>
<Abbreviation>AGS</Abbreviation>
<LongName>Div Atmospheric &amp; Geospace Sciences</LongName>
</Division>
</Organization>
<ProgramOfficer>
<SignBlockName>Benjamin (Ben) E. Brown-Steiner</SignBlockName>
<PO_EMAI>bebrowns@nsf.gov</PO_EMAI>
<PO_PHON>7032922915</PO_PHON>
</ProgramOfficer>
<AbstractNarration>In this collaborative project, the research team will conduct laboratory experiments and box model simulations to study sulfur compound formation within aerosols. There currently exist gaps in the chemical representation of sulfate aerosol formation in models, especially during haze episodes, due to a lack of experimental data over a range of environmental conditions. This research team seeks to fill this gap. The knowledge gained could be used in large-scale atmospheric chemistry models, which has the potential to positively impact air quality management and climate change research communities. Additionally, three graduate students will be trained during this project, and bilingual (English and Spanish) outreach kits and videos will be developed and shared with non-technical audiences via new and ongoing outreach activities.&lt;br/&gt;&lt;br/&gt;The research, which represents a change to the conceptualization of sulfur dioxide atmospheric chemistry, aims to characterize the kinetics and chemical mechanisms for low- to high-oxidation state sulfur conversion pathways within multiphase and aqueous aerosols. The project includes three specific investigations: (1) the investigation of sulfate formation in aqueous aerosols via hydrogen peroxide, organic peroxides, and transition metal ion oxidation pathways under a range of pH and ionic strength conditions using an aerosol optical tweezer-based approach; (2) an investigation of the competition between sulfate and organosulfur formation via sulfate radical initiated formation pathways in aqueous aerosols under different pH, temperature, and ionic strength conditions; and (3) an investigation of sulfur dioxide chemistry within multiphase aqueous droplets that contain reactive metal-containing inclusions such as minerals and coal fly ash particles.&lt;br/&gt;&lt;br/&gt;This award reflects NSF's statutory mission and has been deemed worthy of support through evaluation using the Foundation's intellectual merit and broader impacts review criteria.</AbstractNarration>
<MinAmdLetterDate>05/10/2023</MinAmdLetterDate>
<MaxAmdLetterDate>05/10/2023</MaxAmdLetterDate>
<ARRAAmount/>
<TRAN_TYPE>Grant</TRAN_TYPE>
<CFDA_NUM>47.050</CFDA_NUM>
<NSF_PAR_USE_FLAG>1</NSF_PAR_USE_FLAG>
<FUND_AGCY_CODE>4900</FUND_AGCY_CODE>
<AWDG_AGCY_CODE>4900</AWDG_AGCY_CODE>
<AwardID>2302301</AwardID>
<Investigator>
<FirstName>Vicki</FirstName>
<LastName>Grassian</LastName>
<PI_MID_INIT>H</PI_MID_INIT>
<PI_SUFX_NAME/>
<PI_FULL_NAME>Vicki H Grassian</PI_FULL_NAME>
<EmailAddress><![CDATA[vhgrassian@ucsd.edu]]></EmailAddress>
<NSF_ID>000156436</NSF_ID>
<StartDate>05/10/2023</StartDate>
<EndDate/>
<RoleCode>Principal Investigator</RoleCode>
</Investigator>
<Institution>
<Name><![CDATA[University of California-San Diego]]></Name>
<CityName>LA JOLLA</CityName>
<ZipCode>920930021</ZipCode>
<PhoneNumber>8585344896</PhoneNumber>
<StreetAddress><![CDATA[9500 GILMAN DR]]></StreetAddress>
<StreetAddress2/>
<CountryName>United States</CountryName>
<StateName>California</StateName>
<StateCode>CA</StateCode>
<CONGRESSDISTRICT>50</CONGRESSDISTRICT>
<CONGRESS_DISTRICT_ORG>CA50</CONGRESS_DISTRICT_ORG>
<ORG_UEI_NUM>UYTTZT6G9DT1</ORG_UEI_NUM>
<ORG_LGL_BUS_NAME>UNIVERSITY OF CALIFORNIA, SAN DIEGO</ORG_LGL_BUS_NAME>
<ORG_PRNT_UEI_NUM/>
</Institution>
<Performance_Institution>
<Name><![CDATA[University of California-San Diego]]></Name>
<CityName>LA JOLLA</CityName>
<StateCode>CA</StateCode>
<ZipCode>920935004</ZipCode>
<StreetAddress><![CDATA[9500 GILMAN DR]]></StreetAddress>
<CountryCode>US</CountryCode>
<CountryName>United States</CountryName>
<StateName>California</StateName>
<CountryFlag>1</CountryFlag>
<CONGRESSDISTRICT>50</CONGRESSDISTRICT>
<CONGRESS_DISTRICT_PERF>CA50</CONGRESS_DISTRICT_PERF>
</Performance_Institution>
<ProgramElement>
<Code>152400</Code>
<Text>Atmospheric Chemistry</Text>
</ProgramElement>
<Appropriation>
<Code/>
<Name/>
<APP_SYMB_ID/>
</Appropriation>
<Fund>
<Code>01002324DB</Code>
<Name><![CDATA[NSF RESEARCH & RELATED ACTIVIT]]></Name>
<FUND_SYMB_ID>040100</FUND_SYMB_ID>
</Fund>
<FUND_OBLG>2023~596127</FUND_OBLG>
</Award>
</rootTag>
