<?xml version="1.0" encoding="UTF-8"?>
<rootTag>
<Award>
<AwardTitle><![CDATA[Iwasawa theory of class group schemes in characteristic p]]></AwardTitle>
<AGENCY>NSF</AGENCY>
<AwardEffectiveDate>05/01/2023</AwardEffectiveDate>
<AwardExpirationDate>04/30/2026</AwardExpirationDate>
<AwardTotalIntnAmount>326778.00</AwardTotalIntnAmount>
<AwardAmount>213433</AwardAmount>
<AwardInstrument>
<Value>Continuing Grant</Value>
</AwardInstrument>
<Organization>
<Code>03040000</Code>
<Directorate>
<Abbreviation>MPS</Abbreviation>
<LongName>Direct For Mathematical &amp; Physical Scien</LongName>
</Directorate>
<Division>
<Abbreviation>DMS</Abbreviation>
<LongName>Division Of Mathematical Sciences</LongName>
</Division>
</Organization>
<ProgramOfficer>
<SignBlockName>Adriana Salerno</SignBlockName>
<PO_EMAI>asalerno@nsf.gov</PO_EMAI>
<PO_PHON>7032922271</PO_PHON>
</ProgramOfficer>
<AbstractNarration>The study of the rational numbers and their generalizations (number fields) has occupied mathematicians for thousands of years, and today is the principal object of algebraic number theory.  In the past century, giant leaps of understanding have been made by exploring the analogy between number fields and function fields in positive characteristic.  In this latter setting, arithmetic becomes geometry and vice versa, allowing the techniques, tools, and intuitions from one to be applied with great effect to the other, leading to new and important insights, results, and conjectures. The research of the PI will continue and develop this tradition in new directions.  Additionally, the PI will leverage his administrative role as Associate Head for Undergraduate Programs at the University of Arizona to collect and analyze data on student challenges, and devise strategies to increase student success in the mathematical sciences.  &lt;br/&gt;&lt;br/&gt;The project will continue to develop a new analogue of Iwasawa theory for function fields by investigating the structure and growth of the p-divisible groups of the Jacobians associated to a pro-p branched Galois tower of curves over a finite field of characteristic p.  These p-divisible groups break up into three pieces: an etale part, a multiplicative part, and a local-local part.  In previous work, the PI proved under very general hypotheses that the etale and multiplicative parts exhibit regular and predictable behavior in any such tower. While the local-local part can in many ways be as wild as the imagination allows, the PI and his collaborators have recently formulated several conjectures which posit striking regularity and predictability, and have proved some fundamental instances of these conjectures by leveraging ideas and tools from Dwork theory.  The project will continue this research by adapting these methods to handle more general situations, aiming to prove the conjectures in full.&lt;br/&gt;&lt;br/&gt;This award reflects NSF's statutory mission and has been deemed worthy of support through evaluation using the Foundation's intellectual merit and broader impacts review criteria.</AbstractNarration>
<MinAmdLetterDate>04/11/2023</MinAmdLetterDate>
<MaxAmdLetterDate>06/11/2024</MaxAmdLetterDate>
<ARRAAmount/>
<TRAN_TYPE>Grant</TRAN_TYPE>
<CFDA_NUM>47.049</CFDA_NUM>
<NSF_PAR_USE_FLAG>1</NSF_PAR_USE_FLAG>
<FUND_AGCY_CODE>4900</FUND_AGCY_CODE>
<AWDG_AGCY_CODE>4900</AWDG_AGCY_CODE>
<AwardID>2302072</AwardID>
<Investigator>
<FirstName>Bryden</FirstName>
<LastName>Cais</LastName>
<PI_MID_INIT/>
<PI_SUFX_NAME/>
<PI_FULL_NAME>Bryden Cais</PI_FULL_NAME>
<EmailAddress><![CDATA[cais@math.arizona.edu]]></EmailAddress>
<NSF_ID>000573674</NSF_ID>
<StartDate>04/11/2023</StartDate>
<EndDate/>
<RoleCode>Principal Investigator</RoleCode>
</Investigator>
<Institution>
<Name><![CDATA[University of Arizona]]></Name>
<CityName>TUCSON</CityName>
<ZipCode>85721</ZipCode>
<PhoneNumber>5206266000</PhoneNumber>
<StreetAddress><![CDATA[845 N PARK AVE RM 538]]></StreetAddress>
<StreetAddress2/>
<CountryName>United States</CountryName>
<StateName>Arizona</StateName>
<StateCode>AZ</StateCode>
<CONGRESSDISTRICT>07</CONGRESSDISTRICT>
<CONGRESS_DISTRICT_ORG>AZ07</CONGRESS_DISTRICT_ORG>
<ORG_UEI_NUM>ED44Y3W6P7B9</ORG_UEI_NUM>
<ORG_LGL_BUS_NAME>UNIVERSITY OF ARIZONA</ORG_LGL_BUS_NAME>
<ORG_PRNT_UEI_NUM/>
</Institution>
<Performance_Institution>
<Name><![CDATA[University of Arizona]]></Name>
<CityName>TUCSON</CityName>
<StateCode>AZ</StateCode>
<ZipCode>857210158</ZipCode>
<StreetAddress><![CDATA[845 N Park Ave., Rm. 538]]></StreetAddress>
<CountryCode>US</CountryCode>
<CountryName>United States</CountryName>
<StateName>Arizona</StateName>
<CountryFlag>1</CountryFlag>
<CONGRESSDISTRICT>07</CONGRESSDISTRICT>
<CONGRESS_DISTRICT_PERF>AZ07</CONGRESS_DISTRICT_PERF>
</Performance_Institution>
<ProgramElement>
<Code>126400</Code>
<Text>ALGEBRA,NUMBER THEORY,AND COM</Text>
</ProgramElement>
<Appropriation>
<Code/>
<Name/>
<APP_SYMB_ID/>
</Appropriation>
<Appropriation>
<Code/>
<Name/>
<APP_SYMB_ID/>
</Appropriation>
<Fund>
<Code>01002324DB</Code>
<Name><![CDATA[NSF RESEARCH & RELATED ACTIVIT]]></Name>
<FUND_SYMB_ID>040100</FUND_SYMB_ID>
</Fund>
<Fund>
<Code>01002425DB</Code>
<Name><![CDATA[NSF RESEARCH & RELATED ACTIVIT]]></Name>
<FUND_SYMB_ID>040100</FUND_SYMB_ID>
</Fund>
<FUND_OBLG>2023~103693</FUND_OBLG>
<FUND_OBLG>2024~109740</FUND_OBLG>
</Award>
</rootTag>
