<?xml version="1.0" encoding="UTF-8"?>
<rootTag>
<Award>
<AwardTitle><![CDATA[A Non-Archimedean Approach to Mirror Symmetry]]></AwardTitle>
<AGENCY>NSF</AGENCY>
<AwardEffectiveDate>07/01/2023</AwardEffectiveDate>
<AwardExpirationDate>06/30/2026</AwardExpirationDate>
<AwardTotalIntnAmount>249207.00</AwardTotalIntnAmount>
<AwardAmount>249207</AwardAmount>
<AwardInstrument>
<Value>Standard Grant</Value>
</AwardInstrument>
<Organization>
<Code>03040000</Code>
<Directorate>
<Abbreviation>MPS</Abbreviation>
<LongName>Direct For Mathematical &amp; Physical Scien</LongName>
</Directorate>
<Division>
<Abbreviation>DMS</Abbreviation>
<LongName>Division Of Mathematical Sciences</LongName>
</Division>
</Organization>
<ProgramOfficer>
<SignBlockName>Adriana Salerno</SignBlockName>
<PO_EMAI>asalerno@nsf.gov</PO_EMAI>
<PO_PHON>7032922271</PO_PHON>
</ProgramOfficer>
<AbstractNarration>Mirror symmetry is one of the most mysterious dualities in mathematics. It originated from theoretical physics, and generated great impact on various areas of mathematics, in particular differential geometry and algebraic geometry. The objects of study are geometric shapes called Calabi-Yau manifolds that appear naturally in different contexts of mathematics and physics. Mirror symmetry predicts that given any Calabi-Yau manifold, there exists a mirror manifold, such that an ever-growing list of geometric relations hold between the two, involving deep and elaborate invariants that are otherwise unrelated. Despite the continual progress in the subject, both the full extent of existence of mirror manifolds and the underlying mathematical mechanism of mirror symmetry remain unsolved today. This project brings a new approach to the study of mirror symmetry, based on latest developments from non-archimedean geometry. The goal is to conceive and pursue a full-fledged theory of non-archimedean mirror symmetry, which will lead to new results unattainable from existing methods, as well as applications beyond the current scope. This award will also support graduate and undergraduate students. &lt;br/&gt;&lt;br/&gt;The mirror existence problem will be studied via the enumeration of analytic curves with boundaries in non-archimedean SYZ torus fibrations of Calabi-Yau manifolds. New constructions of such fibrations will be explored using non-archimedean Monge-Ampère equations in addition to the minimal model program. An analog of the Gromov compactness theorem for non-archimedean curves with boundaries needs to be established, based on generalized tail conditions, which depend on novel analytic surgeries of the target spaces. The construction of virtual fundamental classes for the curve counts will rely on our previous works on derived non-archimedean geometry. PI will prove various properties of the mirror algebra obtained from the curve counts, including associativity, radius of convergence and singularity estimates. The local mirror algebras are expected to glue together to form the global mirror variety using wall-crossing formulas. A long-term goal is to show that the mirror construction is an involution, the best exhibition of mirror duality. PI also aims for applications outside mirror symmetry, in particular towards cluster algebras in representation theory and the moduli of KSBA stable pairs in birational geometry. PI expects fruitful future interactions with the Gross-Siebert program based on logarithmic geometry.&lt;br/&gt;&lt;br/&gt;This award reflects NSF's statutory mission and has been deemed worthy of support through evaluation using the Foundation's intellectual merit and broader impacts review criteria.</AbstractNarration>
<MinAmdLetterDate>04/07/2023</MinAmdLetterDate>
<MaxAmdLetterDate>04/07/2023</MaxAmdLetterDate>
<ARRAAmount/>
<TRAN_TYPE>Grant</TRAN_TYPE>
<CFDA_NUM>47.049</CFDA_NUM>
<NSF_PAR_USE_FLAG>1</NSF_PAR_USE_FLAG>
<FUND_AGCY_CODE>4900</FUND_AGCY_CODE>
<AWDG_AGCY_CODE>4900</AWDG_AGCY_CODE>
<AwardID>2302095</AwardID>
<Investigator>
<FirstName>Tony Yue</FirstName>
<LastName>Yu</LastName>
<PI_MID_INIT/>
<PI_SUFX_NAME/>
<PI_FULL_NAME>Tony Yue Yu</PI_FULL_NAME>
<EmailAddress><![CDATA[tyy@caltech.edu]]></EmailAddress>
<NSF_ID>000864794</NSF_ID>
<StartDate>04/07/2023</StartDate>
<EndDate/>
<RoleCode>Principal Investigator</RoleCode>
</Investigator>
<Institution>
<Name><![CDATA[California Institute of Technology]]></Name>
<CityName>PASADENA</CityName>
<ZipCode>911250001</ZipCode>
<PhoneNumber>6263956219</PhoneNumber>
<StreetAddress><![CDATA[1200 E CALIFORNIA BLVD]]></StreetAddress>
<StreetAddress2/>
<CountryName>United States</CountryName>
<StateName>California</StateName>
<StateCode>CA</StateCode>
<CONGRESSDISTRICT>28</CONGRESSDISTRICT>
<CONGRESS_DISTRICT_ORG>CA28</CONGRESS_DISTRICT_ORG>
<ORG_UEI_NUM>U2JMKHNS5TG4</ORG_UEI_NUM>
<ORG_LGL_BUS_NAME>CALIFORNIA INSTITUTE OF TECHNOLOGY</ORG_LGL_BUS_NAME>
<ORG_PRNT_UEI_NUM/>
</Institution>
<Performance_Institution>
<Name><![CDATA[California Institute of Technology]]></Name>
<CityName>PASADENA</CityName>
<StateCode>CA</StateCode>
<ZipCode>911250002</ZipCode>
<StreetAddress><![CDATA[1200 E CALIFORNIA BLVD]]></StreetAddress>
<CountryCode>US</CountryCode>
<CountryName>United States</CountryName>
<StateName>California</StateName>
<CountryFlag>1</CountryFlag>
<CONGRESSDISTRICT>28</CONGRESSDISTRICT>
<CONGRESS_DISTRICT_PERF>CA28</CONGRESS_DISTRICT_PERF>
</Performance_Institution>
<ProgramElement>
<Code>126400</Code>
<Text>ALGEBRA,NUMBER THEORY,AND COM</Text>
</ProgramElement>
<Appropriation>
<Code/>
<Name/>
<APP_SYMB_ID/>
</Appropriation>
<Fund>
<Code>01002324DB</Code>
<Name><![CDATA[NSF RESEARCH & RELATED ACTIVIT]]></Name>
<FUND_SYMB_ID>040100</FUND_SYMB_ID>
</Fund>
<FUND_OBLG>2023~249207</FUND_OBLG>
</Award>
</rootTag>
