<?xml version="1.0" encoding="UTF-8"?>
<rootTag>
<Award>
<AwardTitle><![CDATA[Braided tensor categories, higher Picard groups, and classification of topological phases of matter]]></AwardTitle>
<AGENCY>NSF</AGENCY>
<AwardEffectiveDate>06/01/2023</AwardEffectiveDate>
<AwardExpirationDate>05/31/2026</AwardExpirationDate>
<AwardTotalIntnAmount>182552.00</AwardTotalIntnAmount>
<AwardAmount>182552</AwardAmount>
<AwardInstrument>
<Value>Standard Grant</Value>
</AwardInstrument>
<Organization>
<Code>03040000</Code>
<Directorate>
<Abbreviation>MPS</Abbreviation>
<LongName>Direct For Mathematical &amp; Physical Scien</LongName>
</Directorate>
<Division>
<Abbreviation>DMS</Abbreviation>
<LongName>Division Of Mathematical Sciences</LongName>
</Division>
</Organization>
<ProgramOfficer>
<SignBlockName>James Matthew Douglass</SignBlockName>
<PO_EMAI>mdouglas@nsf.gov</PO_EMAI>
<PO_PHON>7032922467</PO_PHON>
</ProgramOfficer>
<AbstractNarration>This project concerns the study of braided tensor categories and their higher-dimensional analogs. These are abstract algebraic structures  consisting of objects that can be fused using certain natural rules. Such categories are indispensable in the study of classical and quantum symmetries.  They are also used as mathematical models for a potential hardware design of a quantum computer. Namely, they correspond to topological phases of matter relevant to quantum computation and are used to predict the existence of new types of such phases, their behavior, and their physical realization. This project is motivated by these connections and deals with algebraic aspects of the theory of (higher) tensor categories: their structure, classification, and arithmetic properties. The emphasis is on categories that are most widely used in applications. Such categories admit an additional symmetry constraint called braiding that is used to model the interaction of quantum particles. Student recruitment and training are essential components of the proposed research activity.&lt;br/&gt;&lt;br/&gt;This project will address fundamental questions concerning the structure and classification of braided tensor categories and 2-categories. Categorical techniques will be employed to interpret and solve algebraic problems. Previously developed tools such as categorical Witt and Picard groups will be generalized and combined into higher-categorical groups, providing a useful homotopy-theoretic machinery. The concrete research problems include the following: (1) classification of braided fusion 2-categories and description of their Witt invariants, (2) computation of groups of minimal extensions corresponding to symmetry-protected topological phases of matter, (3) study of Hecke algebras associated with fusion categories and their integral forms, (4) classification of  fiber functors on non-degenerate braided fusion categories using a categorical analog of Belavin-Drinfeld triples, and (5) classification of non-semisimple pointed braided tensor categories.&lt;br/&gt;&lt;br/&gt;This project is jointly funded by the Algebra and Number Theory program and the Established Program to Stimulate Competitive Research (EPSCoR).&lt;br/&gt;&lt;br/&gt;This award reflects NSF's statutory mission and has been deemed worthy of support through evaluation using the Foundation's intellectual merit and broader impacts review criteria.</AbstractNarration>
<MinAmdLetterDate>05/08/2023</MinAmdLetterDate>
<MaxAmdLetterDate>05/08/2023</MaxAmdLetterDate>
<ARRAAmount/>
<TRAN_TYPE>Grant</TRAN_TYPE>
<CFDA_NUM>47.049, 47.083</CFDA_NUM>
<NSF_PAR_USE_FLAG>1</NSF_PAR_USE_FLAG>
<FUND_AGCY_CODE>4900</FUND_AGCY_CODE>
<AWDG_AGCY_CODE>4900</AWDG_AGCY_CODE>
<AwardID>2302267</AwardID>
<Investigator>
<FirstName>Dmitri</FirstName>
<LastName>Nikshych</LastName>
<PI_MID_INIT/>
<PI_SUFX_NAME/>
<PI_FULL_NAME>Dmitri Nikshych</PI_FULL_NAME>
<EmailAddress><![CDATA[dmitri.nikshych@unh.edu]]></EmailAddress>
<NSF_ID>000490637</NSF_ID>
<StartDate>05/08/2023</StartDate>
<EndDate/>
<RoleCode>Principal Investigator</RoleCode>
</Investigator>
<Institution>
<Name><![CDATA[University of New Hampshire]]></Name>
<CityName>DURHAM</CityName>
<ZipCode>038242620</ZipCode>
<PhoneNumber>6038622172</PhoneNumber>
<StreetAddress><![CDATA[51 COLLEGE RD]]></StreetAddress>
<StreetAddress2><![CDATA[BLDG 107]]></StreetAddress2>
<CountryName>United States</CountryName>
<StateName>New Hampshire</StateName>
<StateCode>NH</StateCode>
<CONGRESSDISTRICT>01</CONGRESSDISTRICT>
<CONGRESS_DISTRICT_ORG>NH01</CONGRESS_DISTRICT_ORG>
<ORG_UEI_NUM>GBNGC495XA67</ORG_UEI_NUM>
<ORG_LGL_BUS_NAME>UNIVERSITY SYSTEM OF NEW HAMPSHIRE</ORG_LGL_BUS_NAME>
<ORG_PRNT_UEI_NUM/>
</Institution>
<Performance_Institution>
<Name><![CDATA[University of New Hampshire]]></Name>
<CityName>DURHAM</CityName>
<StateCode>NH</StateCode>
<ZipCode>038242620</ZipCode>
<StreetAddress><![CDATA[51 COLLEGE RD SERVICE BLDG 107]]></StreetAddress>
<CountryCode>US</CountryCode>
<CountryName>United States</CountryName>
<StateName>New Hampshire</StateName>
<CountryFlag>1</CountryFlag>
<CONGRESSDISTRICT>01</CONGRESSDISTRICT>
<CONGRESS_DISTRICT_PERF>NH01</CONGRESS_DISTRICT_PERF>
</Performance_Institution>
<ProgramElement>
<Code>126400</Code>
<Text>ALGEBRA,NUMBER THEORY,AND COM</Text>
</ProgramElement>
<ProgramElement>
<Code>915000</Code>
<Text>EPSCoR Co-Funding</Text>
</ProgramElement>
<ProgramReference>
<Code>9150</Code>
<Text>EXP PROG TO STIM COMP RES</Text>
</ProgramReference>
<Appropriation>
<Code/>
<Name/>
<APP_SYMB_ID/>
</Appropriation>
<Fund>
<Code>01002324DB</Code>
<Name><![CDATA[NSF RESEARCH & RELATED ACTIVIT]]></Name>
<FUND_SYMB_ID>040100</FUND_SYMB_ID>
</Fund>
<FUND_OBLG>2023~182552</FUND_OBLG>
</Award>
</rootTag>
