<?xml version="1.0" encoding="UTF-8"?>
<rootTag>
<Award>
<AwardTitle><![CDATA[CAREER: Distributed Inference-Making via Crowdsensing]]></AwardTitle>
<AGENCY>NSF</AGENCY>
<AwardEffectiveDate>10/15/2022</AwardEffectiveDate>
<AwardExpirationDate>05/31/2026</AwardExpirationDate>
<AwardTotalIntnAmount>489750.00</AwardTotalIntnAmount>
<AwardAmount>385540</AwardAmount>
<AwardInstrument>
<Value>Continuing Grant</Value>
</AwardInstrument>
<Organization>
<Code>05010000</Code>
<Directorate>
<Abbreviation>CSE</Abbreviation>
<LongName>Direct For Computer &amp; Info Scie &amp; Enginr</LongName>
</Directorate>
<Division>
<Abbreviation>CCF</Abbreviation>
<LongName>Division of Computing and Communication Foundations</LongName>
</Division>
</Organization>
<ProgramOfficer>
<SignBlockName>James Fowler</SignBlockName>
<PO_EMAI>jafowler@nsf.gov</PO_EMAI>
<PO_PHON>7032928910</PO_PHON>
</ProgramOfficer>
<AbstractNarration>Crowdsensing systems allow human crowd participants carrying smart devices to contribute sensing measurements from built-in sensors in their devices toward a distributed inference-making task. Some crowdsensing systems also employ human crowd participants as humans-as-sensors where humans themselves observe a phenomenon and contribute subjective inferences obtained. The human-powered nature of crowdsensing makes the performance of such systems to become dependent, in addition to aspects of signal processing for extracting information about a phenomenon from observations made, on factors pertinent to human nature. This makes optimization of crowdsensing performance to require jointly addressing signal processing and human aspects, which this project aims to address by converging interdisciplinary perspectives. The project will significantly advance human-powered societal-scale distributed sensing technologies that can sustain smarter, safer, and more resilient communities as well as will advance human-in-the-loop signal processing capabilities. The project also aims to significantly enhance student engagement, learning, recruitment, and retention through an elaborate plan on integrating research and educational activities as well as will enhance participation of underrepresented populations, including women and minorities. &lt;br/&gt;&lt;br/&gt;The project develops models, analytical approaches, and optimization techniques that address signal processing aspects jointly with traits pertinent to the nature of human crowd participants to lay the foundations of crowdsensing-based distributed inference-making systems. Specifically, the project aims to: 1) produce novel game theoretic market-based crowdsensing mechanisms that jointly address signal processing and selfishness aspects to enable optimal information acquisition from selfish human crowd participants, under factors such as participatory cost uncertainties, resource constraints, privacy concerns, and dependency structures, in a competitive market environment while providing optimal (monetary or nonmonetary) incentives to induce their desired participation; 2) produce prospect theoretic models and methods for optimally employing cognitively biased human crowd participants for distributed inference-making tasks; 3) analytically unravel the impact of attacks from malicious human crowd participants, who can challenge the integrity of the contributed data, and develop mitigation techniques; and, 4) produce a crowdsensing testbed that supports a variety of smart devices and applications for analysis and performance evaluation of crowdsensing techniques under real-world operating conditions.&lt;br/&gt;&lt;br/&gt;This award reflects NSF's statutory mission and has been deemed worthy of support through evaluation using the Foundation's intellectual merit and broader impacts review criteria.</AbstractNarration>
<MinAmdLetterDate>10/17/2022</MinAmdLetterDate>
<MaxAmdLetterDate>06/26/2024</MaxAmdLetterDate>
<ARRAAmount/>
<TRAN_TYPE>Grant</TRAN_TYPE>
<CFDA_NUM>47.070</CFDA_NUM>
<NSF_PAR_USE_FLAG>1</NSF_PAR_USE_FLAG>
<FUND_AGCY_CODE>4900</FUND_AGCY_CODE>
<AWDG_AGCY_CODE>4900</AWDG_AGCY_CODE>
<AwardID>2302197</AwardID>
<Investigator>
<FirstName>Swastik</FirstName>
<LastName>Brahma</LastName>
<PI_MID_INIT/>
<PI_SUFX_NAME/>
<PI_FULL_NAME>Swastik Brahma</PI_FULL_NAME>
<EmailAddress><![CDATA[brahmask@ucmail.uc.edu]]></EmailAddress>
<NSF_ID>000669890</NSF_ID>
<StartDate>10/17/2022</StartDate>
<EndDate/>
<RoleCode>Principal Investigator</RoleCode>
</Investigator>
<Institution>
<Name><![CDATA[University of Cincinnati Main Campus]]></Name>
<CityName>CINCINNATI</CityName>
<ZipCode>452202872</ZipCode>
<PhoneNumber>5135564358</PhoneNumber>
<StreetAddress><![CDATA[2600 CLIFTON AVE]]></StreetAddress>
<StreetAddress2/>
<CountryName>United States</CountryName>
<StateName>Ohio</StateName>
<StateCode>OH</StateCode>
<CONGRESSDISTRICT>01</CONGRESSDISTRICT>
<CONGRESS_DISTRICT_ORG>OH01</CONGRESS_DISTRICT_ORG>
<ORG_UEI_NUM>DZ4YCZ3QSPR5</ORG_UEI_NUM>
<ORG_LGL_BUS_NAME>CINCINNATI UNIV OF</ORG_LGL_BUS_NAME>
<ORG_PRNT_UEI_NUM>DZ4YCZ3QSPR5</ORG_PRNT_UEI_NUM>
</Institution>
<Performance_Institution>
<Name><![CDATA[University of Cincinnati Main Campus]]></Name>
<CityName>CINCINNATI</CityName>
<StateCode>OH</StateCode>
<ZipCode>452202872</ZipCode>
<StreetAddress><![CDATA[2600 CLIFTON AVE]]></StreetAddress>
<CountryCode>US</CountryCode>
<CountryName>United States</CountryName>
<StateName>Ohio</StateName>
<CountryFlag>1</CountryFlag>
<CONGRESSDISTRICT>01</CONGRESSDISTRICT>
<CONGRESS_DISTRICT_PERF>OH01</CONGRESS_DISTRICT_PERF>
</Performance_Institution>
<ProgramElement>
<Code>779700</Code>
<Text>Comm &amp; Information Foundations</Text>
</ProgramElement>
<ProgramReference>
<Code>1045</Code>
<Text>CAREER-Faculty Erly Career Dev</Text>
</ProgramReference>
<ProgramReference>
<Code>7936</Code>
<Text>SIGNAL PROCESSING</Text>
</ProgramReference>
<Appropriation>
<Code/>
<Name/>
<APP_SYMB_ID/>
</Appropriation>
<Appropriation>
<Code/>
<Name/>
<APP_SYMB_ID/>
</Appropriation>
<Appropriation>
<Code/>
<Name/>
<APP_SYMB_ID/>
</Appropriation>
<Fund>
<Code>01002122DB</Code>
<Name><![CDATA[NSF RESEARCH & RELATED ACTIVIT]]></Name>
<FUND_SYMB_ID>040100</FUND_SYMB_ID>
</Fund>
<Fund>
<Code>01002324DB</Code>
<Name><![CDATA[NSF RESEARCH & RELATED ACTIVIT]]></Name>
<FUND_SYMB_ID>040100</FUND_SYMB_ID>
</Fund>
<Fund>
<Code>01002425DB</Code>
<Name><![CDATA[NSF RESEARCH & RELATED ACTIVIT]]></Name>
<FUND_SYMB_ID>040100</FUND_SYMB_ID>
</Fund>
<FUND_OBLG>2021~189676</FUND_OBLG>
<FUND_OBLG>2023~96352</FUND_OBLG>
<FUND_OBLG>2024~99512</FUND_OBLG>
</Award>
</rootTag>
