<?xml version="1.0" encoding="UTF-8"?>
<rootTag>
<Award>
<AwardTitle><![CDATA[Collaborative Research: RAPID: Typhoon Merbok in coastal western Alaska: Extent of flooding and impacts on plant communities and ecosystem function]]></AwardTitle>
<AGENCY>NSF</AGENCY>
<AwardEffectiveDate>12/01/2022</AwardEffectiveDate>
<AwardExpirationDate>11/30/2024</AwardExpirationDate>
<AwardTotalIntnAmount>41789.00</AwardTotalIntnAmount>
<AwardAmount>41789</AwardAmount>
<AwardInstrument>
<Value>Standard Grant</Value>
</AwardInstrument>
<Organization>
<Code>06090100</Code>
<Directorate>
<Abbreviation>GEO</Abbreviation>
<LongName>Directorate For Geosciences</LongName>
</Directorate>
<Division>
<Abbreviation>OPP</Abbreviation>
<LongName>Office of Polar Programs (OPP)</LongName>
</Division>
</Organization>
<ProgramOfficer>
<SignBlockName>Colleen Strawhacker</SignBlockName>
<PO_EMAI>colstraw@nsf.gov</PO_EMAI>
<PO_PHON>7032927432</PO_PHON>
</ProgramOfficer>
<AbstractNarration>On September 16th, 2022, the Yukon-Kuskokwim (YK) Delta of western Alaska was hit by ex-Typhoon Merbok, a storm that many residents of the area described as the worst in their lifetime. The storm surge was several meters in height, and inland locations that normally do not flood under the highest tides of the year were inundated, resulting in extensive loss of homes, fishing boats, and subsistence cabins. This storm was unusual not only because of its size, but also its timing as the ground was not yet frozen or snow-covered. Since the Delta is flat, salty water extended for about a dozen or more miles inland, flooding Alaskan villages, hunting and fishing camps, and landscapes that are not acclimated to frequent floods. In this work, scientists will perform aerial and ground surveys to map the extent of the floods by looking for driftwood and other vegetation left behind by retreating water. Where driftwood is found, scientists will determine the amount of sediment deposited and measure pond salinity to test whether ponds switched from freshwater to salty water during the flood. The researchers will then set-up areas to observe longer-term effects of the floods on plants and the release of greenhouse gases to the atmosphere. As climate change contributes to larger and more frequent storms like Typhoon Merbok, understanding the consequences of them is becoming increasingly important to better prepare for the impacts of these storms on the landscape and the people who live in their path. &lt;br/&gt;&lt;br/&gt;This research consists of three components to address the extent and impact of Typhoon Merbok on the YK Delta region. First, researchers will conduct aerial and river surveys of drift lines and salinity along four rivers near Chevak, Alaska. For aerial surveys, transects ca. 30 km long and 2 km apart will be flown in mid-autumn 2022 with two observers photographing drift lines. All photographs will be geolocated. For river surveys, researchers will locate and sample debris, collect soil to quantity sediment deposition, and sample water bodies for salinity. Second, researchers will use high-resolution remotely-sensed imagery to locate fields of larger debris over a greater extent of the YK Delta. The elevation of debris from components one and two will be extracted from available LIDAR and structure-from-motion elevation models to determine the elevation of flood waters. Finally, researchers will establish monitoring plots to test hypotheses about impacts of the flooding, including evaluating changes to plant community composition, CO2 flux due to salt-kill, and CH4 flux due to suppression of methanogenesis by sulfates that occur in sea water. The project will produce valuable maps and data on the impacts of Merbok on the YK Delta Region, which will be made publicly available and be shared directly with local communities.&lt;br/&gt;&lt;br/&gt;This award reflects NSF's statutory mission and has been deemed worthy of support through evaluation using the Foundation's intellectual merit and broader impacts review criteria.</AbstractNarration>
<MinAmdLetterDate>11/16/2022</MinAmdLetterDate>
<MaxAmdLetterDate>11/16/2022</MaxAmdLetterDate>
<ARRAAmount/>
<TRAN_TYPE>Grant</TRAN_TYPE>
<CFDA_NUM>47.078</CFDA_NUM>
<NSF_PAR_USE_FLAG>1</NSF_PAR_USE_FLAG>
<FUND_AGCY_CODE>4900</FUND_AGCY_CODE>
<AWDG_AGCY_CODE>4900</AWDG_AGCY_CODE>
<AwardID>2302107</AwardID>
<Investigator>
<FirstName>Katharine</FirstName>
<LastName>Kelsey</LastName>
<PI_MID_INIT>C</PI_MID_INIT>
<PI_SUFX_NAME/>
<PI_FULL_NAME>Katharine C Kelsey</PI_FULL_NAME>
<EmailAddress><![CDATA[Katharine.Kelsey@UCDenver.edu]]></EmailAddress>
<NSF_ID>000793560</NSF_ID>
<StartDate>11/16/2022</StartDate>
<EndDate/>
<RoleCode>Principal Investigator</RoleCode>
</Investigator>
<Institution>
<Name><![CDATA[University of Colorado at Denver-Downtown Campus]]></Name>
<CityName>DENVER</CityName>
<ZipCode>802042055</ZipCode>
<PhoneNumber>3037240090</PhoneNumber>
<StreetAddress><![CDATA[1380 LAWRENCE ST STE 300]]></StreetAddress>
<StreetAddress2/>
<CountryName>United States</CountryName>
<StateName>Colorado</StateName>
<StateCode>CO</StateCode>
<CONGRESSDISTRICT>01</CONGRESSDISTRICT>
<CONGRESS_DISTRICT_ORG>CO01</CONGRESS_DISTRICT_ORG>
<ORG_UEI_NUM>M6CXZ6GSJW84</ORG_UEI_NUM>
<ORG_LGL_BUS_NAME>UNIVERSITY OF COLORADO AT DENVER</ORG_LGL_BUS_NAME>
<ORG_PRNT_UEI_NUM/>
</Institution>
<Performance_Institution>
<Name><![CDATA[University of Colorado at Denver-Downtown Campus]]></Name>
<CityName>DENVER</CityName>
<StateCode>CO</StateCode>
<ZipCode>802173364</ZipCode>
<StreetAddress><![CDATA[1200 Larimer Street, Suite 0316]]></StreetAddress>
<CountryCode>US</CountryCode>
<CountryName>United States</CountryName>
<StateName>Colorado</StateName>
<CountryFlag>1</CountryFlag>
<CONGRESSDISTRICT>01</CONGRESSDISTRICT>
<CONGRESS_DISTRICT_PERF>CO01</CONGRESS_DISTRICT_PERF>
</Performance_Institution>
<ProgramElement>
<Code>521900</Code>
<Text>ARCSS-Arctic System Science</Text>
</ProgramElement>
<ProgramReference>
<Code>1079</Code>
<Text>ARCTIC RESEARCH</Text>
</ProgramReference>
<ProgramReference>
<Code>5219</Code>
<Text>ARCTIC SYSTEM SCIENCE PROGRAM</Text>
</ProgramReference>
<ProgramReference>
<Code>5294</Code>
<Text>USGCRP</Text>
</ProgramReference>
<ProgramReference>
<Code>7914</Code>
<Text>RAPID</Text>
</ProgramReference>
<Appropriation>
<Code/>
<Name/>
<APP_SYMB_ID/>
</Appropriation>
<Fund>
<Code>0100CYXXDB</Code>
<Name><![CDATA[NSF RESEARCH & RELATED ACTIVIT]]></Name>
<FUND_SYMB_ID>040100</FUND_SYMB_ID>
</Fund>
<FUND_OBLG>2023~41789</FUND_OBLG>
</Award>
</rootTag>
