<?xml version="1.0" encoding="UTF-8"?>
<rootTag>
<Award>
<AwardTitle><![CDATA[Excellence in Research: The study of dynamics of an atmospheric boundary layer laden with polydisperse spray under high-wind conditions of a hurricane]]></AwardTitle>
<AGENCY>NSF</AGENCY>
<AwardEffectiveDate>10/01/2023</AwardEffectiveDate>
<AwardExpirationDate>09/30/2026</AwardExpirationDate>
<AwardTotalIntnAmount>577311.00</AwardTotalIntnAmount>
<AwardAmount>577311</AwardAmount>
<AwardInstrument>
<Value>Standard Grant</Value>
</AwardInstrument>
<Organization>
<Code>06010000</Code>
<Directorate>
<Abbreviation>GEO</Abbreviation>
<LongName>Directorate For Geosciences</LongName>
</Directorate>
<Division>
<Abbreviation>RISE</Abbreviation>
<LongName>Div of Res, Innovation, Synergies, &amp; Edu</LongName>
</Division>
</Organization>
<ProgramOfficer>
<SignBlockName>Rosa Leon-Zayas</SignBlockName>
<PO_EMAI>rleonzay@nsf.gov</PO_EMAI>
<PO_PHON>7032927514</PO_PHON>
</ProgramOfficer>
<AbstractNarration>Predicting hurricane intensity is a very challenging task because it requires an in-depth understanding of complex multi-scale phenomena governing hurricane motion. Past research has demonstrated that the ocean spray effects on hurricane dynamics depend strongly on the size of spray droplets. Therefore, the PI will focus on developing a comprehensive mathematical framework and its numerical implementation to accurately model the polydisperse ocean spray effect on the vertical fluxes of momentum and heat in a hurricane boundary layer. This will aid in improving the accuracy of hurricane forecasts, which in turn will help minimize property damage and loss of human life. The research project will also allow North Carolina A&amp;T State University, a state-supported HBCU, to sustain and expand recently established new research and educational capacity in applied mathematics and scientific computing with applications to atmospheric multiphase turbulent flows. &lt;br/&gt;&lt;br/&gt;Specifically, the PI will expand the currently existing mathematical model of a hurricane boundary layer laden with ocean spray by accurately accounting for spray polydispersity. The developed model will be used to conduct a comprehensive parametric study of its effect on the dynamics of the marine atmospheric boundary layer in high-wind hurricane conditions. To fill the current gap in understanding spray polydispersity's influence the PI plans to employ a modern theory of turbulent disperse multiphase flows and the Eulerian multi-fluid approach. This approach considers groups of droplets of different sizes, air, and water vapor as separate interacting turbulent continua, each described by its own set of conservation laws and characterized by its own velocity, temperature, and turbulent kinetic energy distributions. The conservation laws for polydisperse spray will be presented in the form of population balance equations. In particular, the method will consistently account for droplet breaking/coalescence and evaporation/condensation dynamics.  Combining this method with a higher-order multi-fluid turbulence model will enable the PI to accurately predict the influence of polydisperse ocean spray on hurricane dynamics and structure.&lt;br/&gt;&lt;br/&gt;This award reflects NSF's statutory mission and has been deemed worthy of support through evaluation using the Foundation's intellectual merit and broader impacts review criteria.</AbstractNarration>
<MinAmdLetterDate>05/12/2023</MinAmdLetterDate>
<MaxAmdLetterDate>05/12/2023</MaxAmdLetterDate>
<ARRAAmount/>
<TRAN_TYPE>Grant</TRAN_TYPE>
<CFDA_NUM>47.083</CFDA_NUM>
<NSF_PAR_USE_FLAG>1</NSF_PAR_USE_FLAG>
<FUND_AGCY_CODE>4900</FUND_AGCY_CODE>
<AWDG_AGCY_CODE>4900</AWDG_AGCY_CODE>
<AwardID>2302221</AwardID>
<Investigator>
<FirstName>Yevgeniy</FirstName>
<LastName>Rastigeyev</LastName>
<PI_MID_INIT/>
<PI_SUFX_NAME/>
<PI_FULL_NAME>Yevgeniy Rastigeyev</PI_FULL_NAME>
<EmailAddress><![CDATA[yarastig@ncat.edu]]></EmailAddress>
<NSF_ID>000083165</NSF_ID>
<StartDate>05/12/2023</StartDate>
<EndDate/>
<RoleCode>Principal Investigator</RoleCode>
</Investigator>
<Institution>
<Name><![CDATA[North Carolina Agricultural & Technical State University]]></Name>
<CityName>GREENSBORO</CityName>
<ZipCode>274110002</ZipCode>
<PhoneNumber>3363347995</PhoneNumber>
<StreetAddress><![CDATA[1601 E MARKET ST]]></StreetAddress>
<StreetAddress2/>
<CountryName>United States</CountryName>
<StateName>North Carolina</StateName>
<StateCode>NC</StateCode>
<CONGRESSDISTRICT>06</CONGRESSDISTRICT>
<CONGRESS_DISTRICT_ORG>NC06</CONGRESS_DISTRICT_ORG>
<ORG_UEI_NUM>SKH5GMBR9GL3</ORG_UEI_NUM>
<ORG_LGL_BUS_NAME>NORTH CAROLINA AGRICULTURAL AND TECHNICAL STATE UNIVERSITY</ORG_LGL_BUS_NAME>
<ORG_PRNT_UEI_NUM/>
</Institution>
<Performance_Institution>
<Name><![CDATA[North Carolina Agricultural & Technical State University]]></Name>
<CityName>GREENSBORO</CityName>
<StateCode>NC</StateCode>
<ZipCode>274110001</ZipCode>
<StreetAddress><![CDATA[1601 E MARKET ST DOWDY BLDG STE 418 221 DOWDY ADM BLDG]]></StreetAddress>
<CountryCode>US</CountryCode>
<CountryName>United States</CountryName>
<StateName>North Carolina</StateName>
<CountryFlag>1</CountryFlag>
<CONGRESSDISTRICT>06</CONGRESSDISTRICT>
<CONGRESS_DISTRICT_PERF>NC06</CONGRESS_DISTRICT_PERF>
</Performance_Institution>
<ProgramElement>
<Code>070Y00</Code>
<Text>HBCU-EiR - HBCU-Excellence in</Text>
</ProgramElement>
<Appropriation>
<Code/>
<Name/>
<APP_SYMB_ID/>
</Appropriation>
<Fund>
<Code>01002223DB</Code>
<Name><![CDATA[NSF RESEARCH & RELATED ACTIVIT]]></Name>
<FUND_SYMB_ID>040100</FUND_SYMB_ID>
</Fund>
<FUND_OBLG>2023~577311</FUND_OBLG>
</Award>
</rootTag>
