<?xml version="1.0" encoding="UTF-8"?>
<rootTag>
<Award>
<AwardTitle><![CDATA[GOALI/Collaborative Research: Control-Oriented Modeling and Predictive Control of High Efficiency Low-emission Natural Gas Engines]]></AwardTitle>
<AGENCY>NSF</AGENCY>
<AwardEffectiveDate>10/01/2022</AwardEffectiveDate>
<AwardExpirationDate>10/31/2024</AwardExpirationDate>
<AwardTotalIntnAmount>230000.00</AwardTotalIntnAmount>
<AwardAmount>166992</AwardAmount>
<AwardInstrument>
<Value>Standard Grant</Value>
</AwardInstrument>
<Organization>
<Code>07030000</Code>
<Directorate>
<Abbreviation>ENG</Abbreviation>
<LongName>Directorate For Engineering</LongName>
</Directorate>
<Division>
<Abbreviation>CMMI</Abbreviation>
<LongName>Div Of Civil, Mechanical, &amp; Manufact Inn</LongName>
</Division>
</Organization>
<ProgramOfficer>
<SignBlockName>Marcello Canova</SignBlockName>
<PO_EMAI>mcanova@nsf.gov</PO_EMAI>
<PO_PHON>7032922576</PO_PHON>
</ProgramOfficer>
<AbstractNarration>About 200 million internal combustion engines (ICEs) are produced in the world every year and used in energy, transport and service sectors. Furthermore, ICEs account for over 22% of the U.S. total energy consumption and produce the largest portion of CO2 greenhouse gas emissions in urban areas. Dual fuel natural gas (NG) engines in advanced low temperature combustion regimes represent the state-of-the-art ICE technology with some of the highest reported fuel conversion efficiencies and 25% lower CO2 emissions compared to conventional engines. However, achieving a robust and high-efficiency performance of these engines on a broad operational range using existing control technologies is not possible due to their highly nonlinear and uncertain dynamic behavior. This research aims at developing fundamental tools for dynamic modeling and control of nonlinear systems and applying them to high-efficiency low-emission advanced ICEs. The project will provide wide-ranging societal benefits through three major impact areas: first, by advancing research in nonlinear control systems, and mixing and reactive flow including combustion systems; second, by providing direct benefits for control of combustion engines, commonly used in power generation, automotive, locomotive, marine, oil and gas drilling, construction, utilities and manufacturing industries; and third, through educational and outreach activities delivered at industry sites, local communities and science fairs. &lt;br/&gt;&lt;br/&gt;This project is a collaborative effort between Michigan Technological University, University of Georgia, and the industry partner, Cummins Inc. The project intends to develop a suite of innovative control-oriented modeling and stochastic predictive control design tools to address control challenges for advanced dual fuel natural gas engines, as well as a broad range of other nonlinear and stochastic dynamic systems. The outcomes of this project result in six main components that include: (i) characterizing the dynamics of dual fuel NG engines in advanced combustion regimes, (ii) building the first physics-based control-oriented model for advanced dual fuel NG engines, (iii) developing new analytical tools for deriving models through the powerful fusion of machine learning and classical multivariate methods, (iv) providing solutions to fill the gaps between first-principles models and data-driven methods for estimating an accurate model, (v) bridging the gaps between parameter-varying systems and stochastic controls, and (vi) constructing, testing, and validating the combustion controllers for dual fuel NG engines. The outcomes from these six theoretical, modeling and experimental contributions will be generic dynamic modeling and predictive control design tools for nonlinear and stochastic industrial systems that are demonstrated on engine test-beds.&lt;br/&gt;&lt;br/&gt;This award reflects NSF's statutory mission and has been deemed worthy of support through evaluation using the Foundation's intellectual merit and broader impacts review criteria.</AbstractNarration>
<MinAmdLetterDate>03/07/2023</MinAmdLetterDate>
<MaxAmdLetterDate>03/07/2023</MaxAmdLetterDate>
<ARRAAmount/>
<TRAN_TYPE>Grant</TRAN_TYPE>
<CFDA_NUM>47.041</CFDA_NUM>
<NSF_PAR_USE_FLAG>1</NSF_PAR_USE_FLAG>
<FUND_AGCY_CODE>4900</FUND_AGCY_CODE>
<AWDG_AGCY_CODE>4900</AWDG_AGCY_CODE>
<AwardID>2302217</AwardID>
<Investigator>
<FirstName>Javad</FirstName>
<LastName>Mohammadpour Velni</LastName>
<PI_MID_INIT/>
<PI_SUFX_NAME/>
<PI_FULL_NAME>Javad Mohammadpour Velni</PI_FULL_NAME>
<EmailAddress><![CDATA[javadm@clemson.edu]]></EmailAddress>
<NSF_ID>000513663</NSF_ID>
<StartDate>03/07/2023</StartDate>
<EndDate/>
<RoleCode>Principal Investigator</RoleCode>
</Investigator>
<Institution>
<Name><![CDATA[Clemson University]]></Name>
<CityName>CLEMSON</CityName>
<ZipCode>296340001</ZipCode>
<PhoneNumber>8646562424</PhoneNumber>
<StreetAddress><![CDATA[201 SIKES HALL]]></StreetAddress>
<StreetAddress2/>
<CountryName>United States</CountryName>
<StateName>South Carolina</StateName>
<StateCode>SC</StateCode>
<CONGRESSDISTRICT>03</CONGRESSDISTRICT>
<CONGRESS_DISTRICT_ORG>SC03</CONGRESS_DISTRICT_ORG>
<ORG_UEI_NUM>H2BMNX7DSKU8</ORG_UEI_NUM>
<ORG_LGL_BUS_NAME>CLEMSON UNIVERSITY</ORG_LGL_BUS_NAME>
<ORG_PRNT_UEI_NUM/>
</Institution>
<Performance_Institution>
<Name><![CDATA[Clemson University]]></Name>
<CityName>CLEMSON</CityName>
<StateCode>SC</StateCode>
<ZipCode>296340001</ZipCode>
<StreetAddress><![CDATA[201 SIKES HALL]]></StreetAddress>
<CountryCode>US</CountryCode>
<CountryName>United States</CountryName>
<StateName>South Carolina</StateName>
<CountryFlag>1</CountryFlag>
<CONGRESSDISTRICT>03</CONGRESSDISTRICT>
<CONGRESS_DISTRICT_PERF>SC03</CONGRESS_DISTRICT_PERF>
</Performance_Institution>
<ProgramElement>
<Code>164200</Code>
<Text>Special Initiatives</Text>
</ProgramElement>
<ProgramElement>
<Code>756900</Code>
<Text>Dynamics, Control and System D</Text>
</ProgramElement>
<ProgramReference>
<Code>030E</Code>
<Text>CONTROL SYSTEMS</Text>
</ProgramReference>
<ProgramReference>
<Code>034E</Code>
<Text>Dynamical systems</Text>
</ProgramReference>
<ProgramReference>
<Code>091Z</Code>
<Text>Data Initiatives</Text>
</ProgramReference>
<ProgramReference>
<Code>1504</Code>
<Text>GRANT OPP FOR ACAD LIA W/INDUS</Text>
</ProgramReference>
<ProgramReference>
<Code>8024</Code>
<Text>Complex Systems</Text>
</ProgramReference>
<ProgramReference>
<Code>9150</Code>
<Text>EXP PROG TO STIM COMP RES</Text>
</ProgramReference>
<Appropriation>
<Code/>
<Name/>
<APP_SYMB_ID/>
</Appropriation>
<Appropriation>
<Code/>
<Name/>
<APP_SYMB_ID/>
</Appropriation>
<Fund>
<Code>01001819DB</Code>
<Name><![CDATA[NSF RESEARCH & RELATED ACTIVIT]]></Name>
<FUND_SYMB_ID>040100</FUND_SYMB_ID>
</Fund>
<Fund>
<Code>01002021DB</Code>
<Name><![CDATA[NSF RESEARCH & RELATED ACTIVIT]]></Name>
<FUND_SYMB_ID>040100</FUND_SYMB_ID>
</Fund>
<FUND_OBLG>2018~121001</FUND_OBLG>
<FUND_OBLG>2020~45991</FUND_OBLG>
</Award>
</rootTag>
