<?xml version="1.0" encoding="UTF-8"?>
<rootTag>
<Award>
<AwardTitle><![CDATA[Machine Learning Techniques for Predicting Blood Flow and  Cancer Cell Trafficking in Microcirculation]]></AwardTitle>
<AGENCY>NSF</AGENCY>
<AwardEffectiveDate>05/01/2023</AwardEffectiveDate>
<AwardExpirationDate>04/30/2026</AwardExpirationDate>
<AwardTotalIntnAmount>320014.00</AwardTotalIntnAmount>
<AwardAmount>320014</AwardAmount>
<AwardInstrument>
<Value>Standard Grant</Value>
</AwardInstrument>
<Organization>
<Code>07020000</Code>
<Directorate>
<Abbreviation>ENG</Abbreviation>
<LongName>Directorate For Engineering</LongName>
</Directorate>
<Division>
<Abbreviation>CBET</Abbreviation>
<LongName>Div Of Chem, Bioeng, Env, &amp; Transp Sys</LongName>
</Division>
</Organization>
<ProgramOfficer>
<SignBlockName>Ron Joslin</SignBlockName>
<PO_EMAI>rjoslin@nsf.gov</PO_EMAI>
<PO_PHON>7032927030</PO_PHON>
</ProgramOfficer>
<AbstractNarration>The exchange of oxygen between blood and tissue primarily occurs in microcirculation, which is made of narrow capillary vessels. Microcirculation is also associated with many diseases, such as cardiac and cerebral disorders, diabetes, and cancer. Red blood cells act as oxygen carriers. Their distribution in the microcirculation is critical to healthy functioning and disease progression. Sophisticated computer models to predict red cell motion in capillary vessels have emerged over the past decades. However, such models often require extensive computing time and resources and are not feasible for organ-scale prediction over many cardiac cycles. To overcome such limitations, this proposal will consider the application of Artificial Intelligence or Machine Learning (ML) techniques for the prediction of blood flow and cell trafficking. The broader impact will be accomplished through the proposed research, training of graduate and undergraduate students, and K-12 outreach.&lt;br/&gt;&lt;br/&gt;Specific research objectives include the developments of (i) ML models to predict vessel cross-sectional variation of the blood velocity, and red cell concentration, (ii) ML models coupling the blood flow, cell volume fraction and a single-parameter measure of cell deformation, (iii) ML models to predict full 3D deformed cell shape, and (iv) models for high-accuracy long time-series prediction. Models will be trained using high-fidelity simulation data of cell flow in bifurcations and vessels of varying geometry and hemodynamic parameters, creating a model bank. The trained ML models will then be validated against high-fidelity simulations of red cell flow in physiologically realistic vascular geometry. Finally, the capability of the ML models will be demonstrated by considering large-scale cerebral vasculatures for which high-fidelity simulation is not feasible. The translational aspect of the proposal involves the development of similar ML models for predicting cancer cell trafficking. The proposed ML models may provide a significant improvement in patient-specific (precision) diagnosis. PhD and undergraduate students will be mentored. The outreach component will involve coding and computing for middle and high school female students.&lt;br/&gt;&lt;br/&gt;This award reflects NSF's statutory mission and has been deemed worthy of support through evaluation using the Foundation's intellectual merit and broader impacts review criteria.</AbstractNarration>
<MinAmdLetterDate>04/05/2023</MinAmdLetterDate>
<MaxAmdLetterDate>04/05/2023</MaxAmdLetterDate>
<ARRAAmount/>
<TRAN_TYPE>Grant</TRAN_TYPE>
<CFDA_NUM>47.041</CFDA_NUM>
<NSF_PAR_USE_FLAG>1</NSF_PAR_USE_FLAG>
<FUND_AGCY_CODE>4900</FUND_AGCY_CODE>
<AWDG_AGCY_CODE>4900</AWDG_AGCY_CODE>
<AwardID>2302212</AwardID>
<Investigator>
<FirstName>Prosenjit</FirstName>
<LastName>Bagchi</LastName>
<PI_MID_INIT/>
<PI_SUFX_NAME/>
<PI_FULL_NAME>Prosenjit Bagchi</PI_FULL_NAME>
<EmailAddress><![CDATA[pbagchi@jove.rutgers.edu]]></EmailAddress>
<NSF_ID>000259867</NSF_ID>
<StartDate>04/05/2023</StartDate>
<EndDate/>
<RoleCode>Principal Investigator</RoleCode>
</Investigator>
<Institution>
<Name><![CDATA[Rutgers University New Brunswick]]></Name>
<CityName>NEW BRUNSWICK</CityName>
<ZipCode>089018559</ZipCode>
<PhoneNumber>8489320150</PhoneNumber>
<StreetAddress><![CDATA[3 RUTGERS PLZ]]></StreetAddress>
<StreetAddress2/>
<CountryName>United States</CountryName>
<StateName>New Jersey</StateName>
<StateCode>NJ</StateCode>
<CONGRESSDISTRICT>12</CONGRESSDISTRICT>
<CONGRESS_DISTRICT_ORG>NJ12</CONGRESS_DISTRICT_ORG>
<ORG_UEI_NUM>M1LVPE5GLSD9</ORG_UEI_NUM>
<ORG_LGL_BUS_NAME>RUTGERS, THE STATE UNIVERSITY</ORG_LGL_BUS_NAME>
<ORG_PRNT_UEI_NUM/>
</Institution>
<Performance_Institution>
<Name><![CDATA[Rutgers University New Brunswick]]></Name>
<CityName>NEW BRUNSWICK</CityName>
<StateCode>NJ</StateCode>
<ZipCode>089018559</ZipCode>
<StreetAddress><![CDATA[3 RUTGERS PLZA]]></StreetAddress>
<CountryCode>US</CountryCode>
<CountryName>United States</CountryName>
<StateName>New Jersey</StateName>
<CountryFlag>1</CountryFlag>
<CONGRESSDISTRICT>12</CONGRESSDISTRICT>
<CONGRESS_DISTRICT_PERF>NJ12</CONGRESS_DISTRICT_PERF>
</Performance_Institution>
<ProgramElement>
<Code>144300</Code>
<Text>FD-Fluid Dynamics</Text>
</ProgramElement>
<Appropriation>
<Code/>
<Name/>
<APP_SYMB_ID/>
</Appropriation>
<Fund>
<Code>01002324DB</Code>
<Name><![CDATA[NSF RESEARCH & RELATED ACTIVIT]]></Name>
<FUND_SYMB_ID>040100</FUND_SYMB_ID>
</Fund>
<FUND_OBLG>2023~320014</FUND_OBLG>
</Award>
</rootTag>
