<?xml version="1.0" encoding="UTF-8"?>
<rootTag>
<Award>
<AwardTitle><![CDATA[CBET-EPSRC: Direct methane conversion into valuable oxygenates via tandem catalysis]]></AwardTitle>
<AGENCY>NSF</AGENCY>
<AwardEffectiveDate>01/01/2023</AwardEffectiveDate>
<AwardExpirationDate>12/31/2025</AwardExpirationDate>
<AwardTotalIntnAmount>599999.00</AwardTotalIntnAmount>
<AwardAmount>599999</AwardAmount>
<AwardInstrument>
<Value>Standard Grant</Value>
</AwardInstrument>
<Organization>
<Code>07020000</Code>
<Directorate>
<Abbreviation>ENG</Abbreviation>
<LongName>Directorate For Engineering</LongName>
</Directorate>
<Division>
<Abbreviation>CBET</Abbreviation>
<LongName>Div Of Chem, Bioeng, Env, &amp; Transp Sys</LongName>
</Division>
</Organization>
<ProgramOfficer>
<SignBlockName>Robert McCabe</SignBlockName>
<PO_EMAI>rmccabe@nsf.gov</PO_EMAI>
<PO_PHON>7032924826</PO_PHON>
</ProgramOfficer>
<AbstractNarration>Research related to efficient utilization of natural gas for energy generation, fuels production and chemical manufacturing will remain a critical need as our nation and the global community transition to renewable energy.  To that end, this project represents an international effort between research teams in the U.S. and the United Kingdom (UK) to convert methane (the chief component of natural gas) to commodity chemicals via a novel, energy-efficient, intensified chemical manufacturing process.  The collaborative effort will feature fundamental research related to catalyst design, synthesis, and characterization by the U.S. team at Louisiana State University (the focus of this NSF-funded project), combined with related catalyst and reaction engineering research by the Cardiff Catalysis Institute (CCI) in collaboration with Imperial College London (funded by the Engineering and Physical Sciences Research Council, EPSRC). Beyond the technological objectives, the U.S. project will support student-led research through the LSU Research Experiences for Undergraduates program together with the LSU High School Summer Research (HSSR) program targeting underrepresented groups.&lt;br/&gt;   &lt;br/&gt;One of the most significant catalysis and reaction engineering challenges faced today is the conversion of methane to higher-value chemicals. The project explores a novel combined catalyst design and engineering approach to catalyze tandem reactions to convert methane to key chemical intermediates, namely acetic acid and methanol. The approach is based on the observation that supported AuPd alloy nanoparticles can form hydrogen peroxide by a direct synthesis route from hydrogen (H2) and oxygen (O2), and this can be used to initiate a tandem catalytic reaction. The central vision is the development of tandem trimetallic catalyst design that places the catalyst functionality for hydrogen peroxide formation near the catalyst functionality for carbonylation and partial oxidation to methanol/acetic acid products.  The tandem catalyst approach is further aided by a sophisticated micro-channel monolithic reactor design coupled to Taylor flow-based regimes of liquid and gas flow that enable separation of gas species along concentration gradients that shift equilibrium towards the desired products. The project builds on existing collaborative research between the U.S. and UK research teams (together with UK industry partners) who have the complementary expertise needed to bring together a unique combination of catalyst synthesis, characterization, and reaction engineering and implementation expertise.  The LSU team, in particular, adds critical expertise in catalyst synthesis, characterization, and evaluation.  The characterization component takes advantage of X-ray spectroscopic analysis capabilities of LSU’s in-house synchrotron facility (LSU-CAMD) together with atomic resolution imaging and elemental mapping via a recently acquired state-of-the-art transmission electron microscope.&lt;br/&gt;&lt;br/&gt;This award reflects NSF's statutory mission and has been deemed worthy of support through evaluation using the Foundation's intellectual merit and broader impacts review criteria.</AbstractNarration>
<MinAmdLetterDate>11/29/2022</MinAmdLetterDate>
<MaxAmdLetterDate>06/20/2024</MaxAmdLetterDate>
<ARRAAmount/>
<TRAN_TYPE>Grant</TRAN_TYPE>
<CFDA_NUM>47.041</CFDA_NUM>
<NSF_PAR_USE_FLAG>1</NSF_PAR_USE_FLAG>
<FUND_AGCY_CODE>4900</FUND_AGCY_CODE>
<AWDG_AGCY_CODE>4900</AWDG_AGCY_CODE>
<AwardID>2302161</AwardID>
<Investigator>
<FirstName>James</FirstName>
<LastName>Spivey</LastName>
<PI_MID_INIT>J</PI_MID_INIT>
<PI_SUFX_NAME/>
<PI_FULL_NAME>James J Spivey</PI_FULL_NAME>
<EmailAddress><![CDATA[jjspivey@lsu.edu]]></EmailAddress>
<NSF_ID>000253379</NSF_ID>
<StartDate>11/29/2022</StartDate>
<EndDate>06/20/2024</EndDate>
<RoleCode>Former Principal Investigator</RoleCode>
</Investigator>
<Investigator>
<FirstName>Kunlun</FirstName>
<LastName>Ding</LastName>
<PI_MID_INIT/>
<PI_SUFX_NAME/>
<PI_FULL_NAME>Kunlun Ding</PI_FULL_NAME>
<EmailAddress><![CDATA[kunlunding@lsu.edu]]></EmailAddress>
<NSF_ID>000724076</NSF_ID>
<StartDate>11/29/2022</StartDate>
<EndDate>06/20/2024</EndDate>
<RoleCode>Former Co-Principal Investigator</RoleCode>
</Investigator>
<Investigator>
<FirstName>Kunlun</FirstName>
<LastName>Ding</LastName>
<PI_MID_INIT/>
<PI_SUFX_NAME/>
<PI_FULL_NAME>Kunlun Ding</PI_FULL_NAME>
<EmailAddress><![CDATA[kunlunding@lsu.edu]]></EmailAddress>
<NSF_ID>000724076</NSF_ID>
<StartDate>06/20/2024</StartDate>
<EndDate/>
<RoleCode>Principal Investigator</RoleCode>
</Investigator>
<Institution>
<Name><![CDATA[Louisiana State University]]></Name>
<CityName>BATON ROUGE</CityName>
<ZipCode>708030001</ZipCode>
<PhoneNumber>2255782760</PhoneNumber>
<StreetAddress><![CDATA[202 HIMES HALL]]></StreetAddress>
<StreetAddress2/>
<CountryName>United States</CountryName>
<StateName>Louisiana</StateName>
<StateCode>LA</StateCode>
<CONGRESSDISTRICT>06</CONGRESSDISTRICT>
<CONGRESS_DISTRICT_ORG>LA06</CONGRESS_DISTRICT_ORG>
<ORG_UEI_NUM>ECQEYCHRNKJ4</ORG_UEI_NUM>
<ORG_LGL_BUS_NAME>LOUISIANA STATE UNIVERSITY</ORG_LGL_BUS_NAME>
<ORG_PRNT_UEI_NUM/>
</Institution>
<Performance_Institution>
<Name><![CDATA[Louisiana State University]]></Name>
<CityName>BATON ROUGE</CityName>
<StateCode>LA</StateCode>
<ZipCode>708032701</ZipCode>
<StreetAddress><![CDATA[202 HIMES HALL]]></StreetAddress>
<CountryCode>US</CountryCode>
<CountryName>United States</CountryName>
<StateName>Louisiana</StateName>
<CountryFlag>1</CountryFlag>
<CONGRESSDISTRICT>06</CONGRESSDISTRICT>
<CONGRESS_DISTRICT_PERF>LA06</CONGRESS_DISTRICT_PERF>
</Performance_Institution>
<ProgramElement>
<Code>135Y00</Code>
<Text>NSF/ENG-UKRI EPSRC Opportunity</Text>
</ProgramElement>
<ProgramReference>
<Code>022Z</Code>
<Text>International Partnerships</Text>
</ProgramReference>
<ProgramReference>
<Code>5946</Code>
<Text>UNITED KINGDOM</Text>
</ProgramReference>
<ProgramReference>
<Code>9150</Code>
<Text>EXP PROG TO STIM COMP RES</Text>
</ProgramReference>
<Appropriation>
<Code/>
<Name/>
<APP_SYMB_ID/>
</Appropriation>
<Fund>
<Code>01002324DB</Code>
<Name><![CDATA[NSF RESEARCH & RELATED ACTIVIT]]></Name>
<FUND_SYMB_ID>040100</FUND_SYMB_ID>
</Fund>
<FUND_OBLG>2023~599999</FUND_OBLG>
</Award>
</rootTag>
