<?xml version="1.0" encoding="UTF-8"?>
<rootTag>
<Award>
<AwardTitle><![CDATA[RET Site: Engaging and Training Alabama STEM Teachers in Sensing Technologies]]></AwardTitle>
<AGENCY>NSF</AGENCY>
<AwardEffectiveDate>08/15/2023</AwardEffectiveDate>
<AwardExpirationDate>07/31/2026</AwardExpirationDate>
<AwardTotalIntnAmount>602645.00</AwardTotalIntnAmount>
<AwardAmount>602645</AwardAmount>
<AwardInstrument>
<Value>Standard Grant</Value>
</AwardInstrument>
<Organization>
<Code>07050000</Code>
<Directorate>
<Abbreviation>ENG</Abbreviation>
<LongName>Directorate For Engineering</LongName>
</Directorate>
<Division>
<Abbreviation>EEC</Abbreviation>
<LongName>Div Of Engineering Education and Centers</LongName>
</Division>
</Organization>
<ProgramOfficer>
<SignBlockName>Matthew A. Verleger</SignBlockName>
<PO_EMAI>mverlege@nsf.gov</PO_EMAI>
<PO_PHON>7032922961</PO_PHON>
</ProgramOfficer>
<AbstractNarration>The three-year RET Site: Engaging and Training Alabama STEM Teachers in Sensing Technologies is hosted by the University of Alabama to advance STEM education in sensing and measurement technologies across multiple domains of engineering and computer science for middle school science teachers from west central Alabama. The site focus is motivated by the fact that knowledge of how to measure and analyze physical features of materials, devices, tissues, and/or the environment underlies many engineering research questions.  Each summer a group of 10 middle school teachers from west central Alabama will participate in 8-week research experiences and explore projects with applications connected to measuring the human body and the environment. Participants will increase their capacity to engage in engineering research and increase their understanding about its cross-cutting nature.  Teachers will translate their research experiences and knowledge about engineering/computer science into course materials to support their science teaching.  These specially developed materials combined with teachers’ increased awareness of engineering are expected to increase students’ enthusiasm for future studies and careers in STEM-related fields, which is a national need.&lt;br/&gt;&lt;br/&gt;The three-year RET Site: Engaging and Training Alabama STEM Teachers in Sensing Technologies is hosted by the University of Alabama to advance STEM education in sensing and measurement technologies across multiple domains of engineering and computer science for middle school science teachers from west central Alabama. Each summer, a group of 10 middle school teachers from west central Alabama will participate in 8-week research experiences under the mentorship of faculty from the College of Engineering at the University of Alabama in Tuscaloosa. Middle school science teachers will be recruited from school districts surrounding Tuscaloosa (e.g., Tuscaloosa City, Tuscaloosa County, Hale County, Greene County, Marengo County) for this program. The main objectives of this RET site are to 1) increase teachers' knowledge of engineering/computer science disciplines, engineering research, and engineering career opportunities and 2) increase teachers’ science teaching efficacy beliefs.  To meet these goals teachers will receive focused mentoring on their research project, participate in engineering workshops (learning the engineering design process, engineering careers, programming, and electronics), and receive support from science-teaching specialists to design course material informed by their experiences that aligns with the Alabama science standards.  During the academic year following their participation, teachers will join an RET community of practice to support each other during integration of their course material into their classrooms and receive support to publish their lessons through TeachEngineering.org. Faculty mentors will also visit the RET classrooms to support teacher’s delivery of their course materials and answer student questions about engineering and STEM careers.&lt;br/&gt;&lt;br/&gt;This award reflects NSF's statutory mission and has been deemed worthy of support through evaluation using the Foundation's intellectual merit and broader impacts review criteria.</AbstractNarration>
<MinAmdLetterDate>06/08/2023</MinAmdLetterDate>
<MaxAmdLetterDate>06/08/2023</MaxAmdLetterDate>
<ARRAAmount/>
<TRAN_TYPE>Grant</TRAN_TYPE>
<CFDA_NUM>47.041</CFDA_NUM>
<NSF_PAR_USE_FLAG>1</NSF_PAR_USE_FLAG>
<FUND_AGCY_CODE>4900</FUND_AGCY_CODE>
<AWDG_AGCY_CODE>4900</AWDG_AGCY_CODE>
<AwardID>2302144</AwardID>
<Investigator>
<FirstName>Todd</FirstName>
<LastName>Freeborn</LastName>
<PI_MID_INIT>J</PI_MID_INIT>
<PI_SUFX_NAME/>
<PI_FULL_NAME>Todd J Freeborn</PI_FULL_NAME>
<EmailAddress><![CDATA[tjfreeborn1@eng.ua.edu]]></EmailAddress>
<NSF_ID>000702808</NSF_ID>
<StartDate>06/08/2023</StartDate>
<EndDate/>
<RoleCode>Principal Investigator</RoleCode>
</Investigator>
<Investigator>
<FirstName>Chris</FirstName>
<LastName>Crawford</LastName>
<PI_MID_INIT>S</PI_MID_INIT>
<PI_SUFX_NAME/>
<PI_FULL_NAME>Chris S Crawford</PI_FULL_NAME>
<EmailAddress><![CDATA[crawford@cs.ua.edu]]></EmailAddress>
<NSF_ID>000751344</NSF_ID>
<StartDate>06/08/2023</StartDate>
<EndDate/>
<RoleCode>Co-Principal Investigator</RoleCode>
</Investigator>
<Institution>
<Name><![CDATA[University of Alabama Tuscaloosa]]></Name>
<CityName>TUSCALOOSA</CityName>
<ZipCode>354012029</ZipCode>
<PhoneNumber>2053485152</PhoneNumber>
<StreetAddress><![CDATA[801 UNIVERSITY BLVD]]></StreetAddress>
<StreetAddress2/>
<CountryName>United States</CountryName>
<StateName>Alabama</StateName>
<StateCode>AL</StateCode>
<CONGRESSDISTRICT>07</CONGRESSDISTRICT>
<CONGRESS_DISTRICT_ORG>AL07</CONGRESS_DISTRICT_ORG>
<ORG_UEI_NUM>RCNJEHZ83EV6</ORG_UEI_NUM>
<ORG_LGL_BUS_NAME>UNIVERSITY OF ALABAMA</ORG_LGL_BUS_NAME>
<ORG_PRNT_UEI_NUM>TWJWHYEM8T63</ORG_PRNT_UEI_NUM>
</Institution>
<Performance_Institution>
<Name><![CDATA[University of Alabama Tuscaloosa]]></Name>
<CityName>TUSCALOOSA</CityName>
<StateCode>AL</StateCode>
<ZipCode>354870001</ZipCode>
<StreetAddress><![CDATA[301 ROSE ADMIN BLDG]]></StreetAddress>
<CountryCode>US</CountryCode>
<CountryName>United States</CountryName>
<StateName>Alabama</StateName>
<CountryFlag>1</CountryFlag>
<CONGRESSDISTRICT>07</CONGRESSDISTRICT>
<CONGRESS_DISTRICT_PERF>AL07</CONGRESS_DISTRICT_PERF>
</Performance_Institution>
<ProgramElement>
<Code>135900</Code>
<Text>RES EXP FOR TEACHERS(RET)-SITE</Text>
</ProgramElement>
<ProgramReference>
<Code>115E</Code>
<Text>RESEARCH EXP FOR TEACHERS</Text>
</ProgramReference>
<ProgramReference>
<Code>9177</Code>
<Text>ELEMENTARY/SECONDARY EDUCATION</Text>
</ProgramReference>
<Appropriation>
<Code/>
<Name/>
<APP_SYMB_ID/>
</Appropriation>
<Fund>
<Code>01002324DB</Code>
<Name><![CDATA[NSF RESEARCH & RELATED ACTIVIT]]></Name>
<FUND_SYMB_ID>040100</FUND_SYMB_ID>
</Fund>
<FUND_OBLG>2023~602645</FUND_OBLG>
</Award>
</rootTag>
