<?xml version="1.0" encoding="UTF-8"?>
<rootTag>
<Award>
<AwardTitle><![CDATA[RET Site: Computer Science Research Opportunity for Smart Environments (ROSE)]]></AwardTitle>
<AGENCY>NSF</AGENCY>
<AwardEffectiveDate>05/01/2023</AwardEffectiveDate>
<AwardExpirationDate>04/30/2026</AwardExpirationDate>
<AwardTotalIntnAmount>600000.00</AwardTotalIntnAmount>
<AwardAmount>600000</AwardAmount>
<AwardInstrument>
<Value>Standard Grant</Value>
</AwardInstrument>
<Organization>
<Code>05050000</Code>
<Directorate>
<Abbreviation>CSE</Abbreviation>
<LongName>Direct For Computer &amp; Info Scie &amp; Enginr</LongName>
</Directorate>
<Division>
<Abbreviation>CNS</Abbreviation>
<LongName>Division Of Computer and Network Systems</LongName>
</Division>
</Organization>
<ProgramOfficer>
<SignBlockName>Allyson Kennedy</SignBlockName>
<PO_EMAI>aykenned@nsf.gov</PO_EMAI>
<PO_PHON>7032928905</PO_PHON>
</ProgramOfficer>
<AbstractNarration>Computer Science Research Opportunity for Smart Environments (ROSE), a three-year new RET site at Missouri State University (MSU), will provide a unique research experience to 30 middle and high school STEM teachers. ROSE is focused on topics of Internet of Things (IoT), smart environments, artificial intelligence, security, and data mining research. The College of Natural and Applied Sciences and the College of Education will partner with local school districts, including high-needs schools, in Southwest Missouri to enrich their knowledge of the next generation of IoT and smart environments. ROSE will provide research training and mentoring for participating teachers during a six weeklong summer workshop and academic year follow-ups. Teachers will work alongside faculty mentors to discover research challenges and practical solutions for multimedia processing, computer security, artificial intelligence, and machine learning technology through a guided research experience. This project will impact participating teachers’ professional development and best teaching practices in computational thinking, problem solving, and scientific research into STEM curriculum. Teachers will develop new lessons incorporating concepts from computational thinking, computer programming, network security, and the Internet. The ROSE project aims to develop long-term relationships with teachers via academic year classroom visits, monthly virtual re-group sessions, weekly office hours, and sharing of lesson plans and experiences during the open to public ROSE Annual Symposiums. ROSE will help teachers develop a passion for research in smart environments, which will subsequently help them increase their students' interest in computer science and desire to pursue future academic and career endeavors in STEM-related fields, which is a national need.&lt;br/&gt;&lt;br/&gt;In ROSE, participating teachers will work alongside MSU faculty and graduate student mentors to discover research challenges and practical solutions for next-generation smart environments where a variety of smart devices are working to make inhabitants' lives more comfortable. ROSE faculty and graduate student mentors will facilitate teachers to develop lesson plans, incorporating concepts from computer programming, algorithms, and data analysis. Participating teachers will integrate the knowledge and skills they acquire from ROSE research projects to create an inclusive classroom experience. ROSE will explore how research-based exploratory learning, when integrated into 6-12 grade curricula, influences student perceptions to connect abstract principles to practical aspects of problem-solving using computers and computing concepts. Long-range impacts of ROSE are: 1) building teacher and students’ confidence to tackle scientific problems; 2) enriching teachers’ professional development in STEM education; 3) creating innovative lesson plans to foster students’ curiosity, investigative skills and problem-solving abilities, and 4) improving students’ breadth of knowledge in computer science to prepare them for the workforce in a rapidly changing world.&lt;br/&gt;&lt;br/&gt;This award reflects NSF's statutory mission and has been deemed worthy of support through evaluation using the Foundation's intellectual merit and broader impacts review criteria.</AbstractNarration>
<MinAmdLetterDate>03/10/2023</MinAmdLetterDate>
<MaxAmdLetterDate>03/10/2023</MaxAmdLetterDate>
<ARRAAmount/>
<TRAN_TYPE>Grant</TRAN_TYPE>
<CFDA_NUM>47.070</CFDA_NUM>
<NSF_PAR_USE_FLAG>1</NSF_PAR_USE_FLAG>
<FUND_AGCY_CODE>4900</FUND_AGCY_CODE>
<AWDG_AGCY_CODE>4900</AWDG_AGCY_CODE>
<AwardID>2302060</AwardID>
<Investigator>
<FirstName>Ajay</FirstName>
<LastName>Katangur</LastName>
<PI_MID_INIT>K</PI_MID_INIT>
<PI_SUFX_NAME/>
<PI_FULL_NAME>Ajay K Katangur</PI_FULL_NAME>
<EmailAddress><![CDATA[ajaykatangur@missouristate.edu]]></EmailAddress>
<NSF_ID>000277033</NSF_ID>
<StartDate>03/10/2023</StartDate>
<EndDate/>
<RoleCode>Co-Principal Investigator</RoleCode>
</Investigator>
<Investigator>
<FirstName>Diana</FirstName>
<LastName>Piccolo</LastName>
<PI_MID_INIT/>
<PI_SUFX_NAME/>
<PI_FULL_NAME>Diana Piccolo</PI_FULL_NAME>
<EmailAddress><![CDATA[DPiccolo@missouristate.edu]]></EmailAddress>
<NSF_ID>000568389</NSF_ID>
<StartDate>03/10/2023</StartDate>
<EndDate/>
<RoleCode>Co-Principal Investigator</RoleCode>
</Investigator>
<Investigator>
<FirstName>Razib</FirstName>
<LastName>Iqbal</LastName>
<PI_MID_INIT/>
<PI_SUFX_NAME/>
<PI_FULL_NAME>Razib Iqbal</PI_FULL_NAME>
<EmailAddress><![CDATA[riqbal@missouristate.edu]]></EmailAddress>
<NSF_ID>000729634</NSF_ID>
<StartDate>03/10/2023</StartDate>
<EndDate/>
<RoleCode>Principal Investigator</RoleCode>
</Investigator>
<Investigator>
<FirstName>Siming</FirstName>
<LastName>Liu</LastName>
<PI_MID_INIT/>
<PI_SUFX_NAME/>
<PI_FULL_NAME>Siming Liu</PI_FULL_NAME>
<EmailAddress><![CDATA[simingliu@missouristate.edu]]></EmailAddress>
<NSF_ID>000867834</NSF_ID>
<StartDate>03/10/2023</StartDate>
<EndDate/>
<RoleCode>Co-Principal Investigator</RoleCode>
</Investigator>
<Institution>
<Name><![CDATA[Missouri State University]]></Name>
<CityName>SPRINGFIELD</CityName>
<ZipCode>658970001</ZipCode>
<PhoneNumber>4178365972</PhoneNumber>
<StreetAddress><![CDATA[901 S NATIONAL AVE]]></StreetAddress>
<StreetAddress2/>
<CountryName>United States</CountryName>
<StateName>Missouri</StateName>
<StateCode>MO</StateCode>
<CONGRESSDISTRICT>07</CONGRESSDISTRICT>
<CONGRESS_DISTRICT_ORG>MO07</CONGRESS_DISTRICT_ORG>
<ORG_UEI_NUM>CL7KJX2VFHS9</ORG_UEI_NUM>
<ORG_LGL_BUS_NAME>MISSOURI STATE UNIVERSITY</ORG_LGL_BUS_NAME>
<ORG_PRNT_UEI_NUM/>
</Institution>
<Performance_Institution>
<Name><![CDATA[Missouri State University]]></Name>
<CityName>SPRINGFIELD</CityName>
<StateCode>MO</StateCode>
<ZipCode>658970027</ZipCode>
<StreetAddress><![CDATA[901 S NATIONAL AVE]]></StreetAddress>
<CountryCode>US</CountryCode>
<CountryName>United States</CountryName>
<StateName>Missouri</StateName>
<CountryFlag>1</CountryFlag>
<CONGRESSDISTRICT>07</CONGRESSDISTRICT>
<CONGRESS_DISTRICT_PERF>MO07</CONGRESS_DISTRICT_PERF>
</Performance_Institution>
<ProgramElement>
<Code>135900</Code>
<Text>RES EXP FOR TEACHERS(RET)-SITE</Text>
</ProgramElement>
<ProgramReference>
<Code>1359</Code>
<Text>RET SITE-Res Exp for Tchr Site</Text>
</ProgramReference>
<Appropriation>
<Code/>
<Name/>
<APP_SYMB_ID/>
</Appropriation>
<Fund>
<Code>01002324DB</Code>
<Name><![CDATA[NSF RESEARCH & RELATED ACTIVIT]]></Name>
<FUND_SYMB_ID>040100</FUND_SYMB_ID>
</Fund>
<FUND_OBLG>2023~600000</FUND_OBLG>
</Award>
</rootTag>
