<?xml version="1.0" encoding="UTF-8"?>
<rootTag>
<Award>
<AwardTitle><![CDATA[RET Site: Computational Modeling and Simulation for Science, Technology, Engineering, and Mathematics Education]]></AwardTitle>
<AGENCY>NSF</AGENCY>
<AwardEffectiveDate>10/01/2023</AwardEffectiveDate>
<AwardExpirationDate>09/30/2026</AwardExpirationDate>
<AwardTotalIntnAmount>600000.00</AwardTotalIntnAmount>
<AwardAmount>600000</AwardAmount>
<AwardInstrument>
<Value>Standard Grant</Value>
</AwardInstrument>
<Organization>
<Code>07050000</Code>
<Directorate>
<Abbreviation>ENG</Abbreviation>
<LongName>Directorate For Engineering</LongName>
</Directorate>
<Division>
<Abbreviation>EEC</Abbreviation>
<LongName>Div Of Engineering Education and Centers</LongName>
</Division>
</Organization>
<ProgramOfficer>
<SignBlockName>Matthew A. Verleger</SignBlockName>
<PO_EMAI>mverlege@nsf.gov</PO_EMAI>
<PO_PHON>7032922961</PO_PHON>
</ProgramOfficer>
<AbstractNarration>This three-year RET project, RET Site: Computational Modeling and Simulation for Science, Technology, Engineering and Mathematics Education, is hosted by the University of Illinois Chicago (UIC). There is an urgent need for computational modeling and simulation (CMS) training of the future U.S. workforce. Future changes in the job skills, which require computing knowledge, will challenge current educational models. During a six-week summer program, ten teachers recruited from public and private high schools in the city of Chicago will be immersed in the cutting-edge research projects revolving around CMS for Science, Technology, Engineering, and Mathematics (STEM) education. The interdisciplinary projects will offer opportunities to develop innovative and technologically grounded lesson plans and classroom activities in the STEM using CMS tools. This RET focuses on areas including but not limited to (1) Nanotechnology, (2) Data-driven modeling and machine-learning, (3) Drug design and delivery, and (4) Biomechanics. The teachers will also work with the UIC team to devise inquiry-based lesson plans and learning modules to be integrated into the classroom in the following academic year. Lesson plans and learning modules will be disseminated through the UIC RET and Chicago Public Schools websites, and the NSF repository. To ensure seamless integration of teachers' experience into classroom practices, follow-up activities include classroom visits by the UIC team and providing feedback. &lt;br/&gt;&lt;br/&gt; &lt;br/&gt;&lt;br/&gt;This three-year RET project, RET Site: Computational Modeling and Simulation for Science, Technology, Engineering and Mathematics Education, is hosted by the University of Illinois Chicago (UIC). There is an urgent need for computational modeling and simulation (CMS) training of the future U.S. workforce. Future changes in the job skills, which require computing knowledge, will challenge current educational models. While all experimental observations need scientific explanation, in pre-college education, little attention has been paid to the advantages of computational modeling and simulation (CMS) for explaining such observations and pinpointing possible flaws in experimental measurements. This RET focuses on (1) Nanotechnology, (2) Data-driven modeling and machine-learning, (3) Drug design and delivery, and (4) Biomechanics. The CMS team in the Departments of Chemical, Civil and Materials, and Mechanical and Industrial Engineering, and Chemistry at the University of Illinois at Chicago (UIC) provides high school STEM teachers with the opportunity to learn about CMS. Partnering with minority-serving public and private high schools in Chicago, ten recruited teachers will be selected based on application materials and immersed in the cutting-edge research activities to enhance their perspectives on CMS as a tool, and to develop students’ knowledge about the STEM using this tool. The teachers will participate in a six-week summer program, and become part of a research community, including faculty mentors, an education advisor, and graduate and undergraduate students. Through professional development activities, the teachers will work with faculty mentors, an education advisor, and industry professionals to devise inquiry-based and Next Generation of Science Standards-aligned lesson plans and curricular modules to be integrated into the classroom in the following academic year. Lesson plans and learning modules will be disseminated through the UIC and Chicago Public Schools websites, annual conferences, and the NSF repository.&lt;br/&gt;&lt;br/&gt;This award reflects NSF's statutory mission and has been deemed worthy of support through evaluation using the Foundation's intellectual merit and broader impacts review criteria.</AbstractNarration>
<MinAmdLetterDate>09/11/2023</MinAmdLetterDate>
<MaxAmdLetterDate>09/11/2023</MaxAmdLetterDate>
<ARRAAmount/>
<TRAN_TYPE>Grant</TRAN_TYPE>
<CFDA_NUM>47.041</CFDA_NUM>
<NSF_PAR_USE_FLAG>1</NSF_PAR_USE_FLAG>
<FUND_AGCY_CODE>4900</FUND_AGCY_CODE>
<AWDG_AGCY_CODE>4900</AWDG_AGCY_CODE>
<AwardID>2302171</AwardID>
<Investigator>
<FirstName>Shafigh</FirstName>
<LastName>Mehraeen</LastName>
<PI_MID_INIT/>
<PI_SUFX_NAME/>
<PI_FULL_NAME>Shafigh Mehraeen</PI_FULL_NAME>
<EmailAddress><![CDATA[tranzabi@uic.edu]]></EmailAddress>
<NSF_ID>000733022</NSF_ID>
<StartDate>09/11/2023</StartDate>
<EndDate/>
<RoleCode>Principal Investigator</RoleCode>
</Investigator>
<Investigator>
<FirstName>Joseph</FirstName>
<LastName>Michaelis</LastName>
<PI_MID_INIT/>
<PI_SUFX_NAME/>
<PI_FULL_NAME>Joseph Michaelis</PI_FULL_NAME>
<EmailAddress><![CDATA[jmich@uic.edu]]></EmailAddress>
<NSF_ID>000803823</NSF_ID>
<StartDate>09/11/2023</StartDate>
<EndDate/>
<RoleCode>Co-Principal Investigator</RoleCode>
</Investigator>
<Institution>
<Name><![CDATA[University of Illinois at Chicago]]></Name>
<CityName>CHICAGO</CityName>
<ZipCode>606124305</ZipCode>
<PhoneNumber>3129962862</PhoneNumber>
<StreetAddress><![CDATA[809 S MARSHFIELD AVE M/C 551]]></StreetAddress>
<StreetAddress2/>
<CountryName>United States</CountryName>
<StateName>Illinois</StateName>
<StateCode>IL</StateCode>
<CONGRESSDISTRICT>07</CONGRESSDISTRICT>
<CONGRESS_DISTRICT_ORG>IL07</CONGRESS_DISTRICT_ORG>
<ORG_UEI_NUM>W8XEAJDKMXH3</ORG_UEI_NUM>
<ORG_LGL_BUS_NAME>UNIVERSITY OF ILLINOIS</ORG_LGL_BUS_NAME>
<ORG_PRNT_UEI_NUM/>
</Institution>
<Performance_Institution>
<Name><![CDATA[University of Illinois at Chicago]]></Name>
<CityName>CHICAGO</CityName>
<StateCode>IL</StateCode>
<ZipCode>606124305</ZipCode>
<StreetAddress><![CDATA[809 S MARSHFIELD RM 520]]></StreetAddress>
<CountryCode>US</CountryCode>
<CountryName>United States</CountryName>
<StateName>Illinois</StateName>
<CountryFlag>1</CountryFlag>
<CONGRESSDISTRICT>07</CONGRESSDISTRICT>
<CONGRESS_DISTRICT_PERF>IL07</CONGRESS_DISTRICT_PERF>
</Performance_Institution>
<ProgramElement>
<Code>135900</Code>
<Text>RES EXP FOR TEACHERS(RET)-SITE</Text>
</ProgramElement>
<ProgramReference>
<Code>115E</Code>
<Text>RESEARCH EXP FOR TEACHERS</Text>
</ProgramReference>
<ProgramReference>
<Code>9177</Code>
<Text>ELEMENTARY/SECONDARY EDUCATION</Text>
</ProgramReference>
<Appropriation>
<Code/>
<Name/>
<APP_SYMB_ID/>
</Appropriation>
<Fund>
<Code>01002324DB</Code>
<Name><![CDATA[NSF RESEARCH & RELATED ACTIVIT]]></Name>
<FUND_SYMB_ID>040100</FUND_SYMB_ID>
</Fund>
<FUND_OBLG>2023~600000</FUND_OBLG>
</Award>
</rootTag>
