<?xml version="1.0" encoding="UTF-8"?>
<rootTag>
<Award>
<AwardTitle><![CDATA[Dualities in Enumerative Algebraic Geometry]]></AwardTitle>
<AGENCY>NSF</AGENCY>
<AwardEffectiveDate>07/01/2023</AwardEffectiveDate>
<AwardExpirationDate>06/30/2026</AwardExpirationDate>
<AwardTotalIntnAmount>251418.00</AwardTotalIntnAmount>
<AwardAmount>251418</AwardAmount>
<AwardInstrument>
<Value>Standard Grant</Value>
</AwardInstrument>
<Organization>
<Code>03040000</Code>
<Directorate>
<Abbreviation>MPS</Abbreviation>
<LongName>Direct For Mathematical &amp; Physical Scien</LongName>
</Directorate>
<Division>
<Abbreviation>DMS</Abbreviation>
<LongName>Division Of Mathematical Sciences</LongName>
</Division>
</Organization>
<ProgramOfficer>
<SignBlockName>Adriana Salerno</SignBlockName>
<PO_EMAI>asalerno@nsf.gov</PO_EMAI>
<PO_PHON>7032922271</PO_PHON>
</ProgramOfficer>
<AbstractNarration>In this project, the PI will work broadly on interlinked areas centered around modern enumerative algebraic geometry, motivated by conjectural dualities in physics. Enumerative algebraic geometry concerns counting geometric objects satisfying a given list of constraints in a space defined by polynomial equations. In good situations, these counts do not change under generically varying the set of constraints and therefore define enumerative invariants. Among the most extensively studied enumerative invariants are Gromov-Witten invariants and Donaldson-Thomas invariants, which have important applications in mathematics and physics. While Gromov-Witten invariants correspond to counts of curves in a space, Donaldson-Thomas invariants are integers counting geometric objects called vector bundles or more generally sheaves. In mathematics, both the count of curves and sheaves in a space carry crucial information about geometric properties of the space, as such properties are used to characterize and classify different spaces. On the other hand in physics, Gromov-Witten and Donaldson-Thomas invariants appear in the context of string theory, where they correspond to counts of particles in gauge theory as well as black hole microstates in quantum gravity. This award will also support graduate students working with the PI. &lt;br/&gt;&lt;br/&gt;There are four main strands of research directions the project is branched into. In the first part, the project intends to investigate conjectural dualities, establishing new bridges between enumerative algebraic geometry and quantum physics. These dualities are expected to relate Gromov-Witten and Donaldson-Thomas invariants of toric Calabi-Yau threefolds to the quantization of the mirror curves. A second subject of study is related to canonical bases in representation theory. In particular, one of the goals of the project is to use enumerative algebraic geometry of surfaces to construct canonical bases for double affine Hecke algebras and their generalizations. In a third direction, the project intends to establish connections between refined Donaldson-Thomas invariants and invariants arising in real algebraic geometry. The focus of the final part of the project will be on holomorphic symplectic geometry. In this context, the goal is to provide a categorification of Floer theory for holomorphic symplectic manifold, motivated by structures in Donaldson-Thomas theory. The unifying ingredient here is the recent advance in the understanding of wall-crossing, mirror symmetry, logarithmic geometry, and tropical geometry.&lt;br/&gt;&lt;br/&gt;This award reflects NSF's statutory mission and has been deemed worthy of support through evaluation using the Foundation's intellectual merit and broader impacts review criteria.</AbstractNarration>
<MinAmdLetterDate>04/12/2023</MinAmdLetterDate>
<MaxAmdLetterDate>04/12/2023</MaxAmdLetterDate>
<ARRAAmount/>
<TRAN_TYPE>Grant</TRAN_TYPE>
<CFDA_NUM>47.049</CFDA_NUM>
<NSF_PAR_USE_FLAG>1</NSF_PAR_USE_FLAG>
<FUND_AGCY_CODE>4900</FUND_AGCY_CODE>
<AWDG_AGCY_CODE>4900</AWDG_AGCY_CODE>
<AwardID>2302117</AwardID>
<Investigator>
<FirstName>Pierrick</FirstName>
<LastName>Bousseau</LastName>
<PI_MID_INIT/>
<PI_SUFX_NAME/>
<PI_FULL_NAME>Pierrick Bousseau</PI_FULL_NAME>
<EmailAddress><![CDATA[Pierrick.Bousseau@uga.edu]]></EmailAddress>
<NSF_ID>000894383</NSF_ID>
<StartDate>04/12/2023</StartDate>
<EndDate/>
<RoleCode>Principal Investigator</RoleCode>
</Investigator>
<Institution>
<Name><![CDATA[University of Georgia Research Foundation Inc]]></Name>
<CityName>ATHENS</CityName>
<ZipCode>306021589</ZipCode>
<PhoneNumber>7065425939</PhoneNumber>
<StreetAddress><![CDATA[310 E CAMPUS RD RM 409]]></StreetAddress>
<StreetAddress2/>
<CountryName>United States</CountryName>
<StateName>Georgia</StateName>
<StateCode>GA</StateCode>
<CONGRESSDISTRICT>10</CONGRESSDISTRICT>
<CONGRESS_DISTRICT_ORG>GA10</CONGRESS_DISTRICT_ORG>
<ORG_UEI_NUM>NMJHD63STRC5</ORG_UEI_NUM>
<ORG_LGL_BUS_NAME>UNIVERSITY OF GEORGIA RESEARCH FOUNDATION, INC.</ORG_LGL_BUS_NAME>
<ORG_PRNT_UEI_NUM/>
</Institution>
<Performance_Institution>
<Name><![CDATA[University of Georgia]]></Name>
<CityName>ATHENS</CityName>
<StateCode>GA</StateCode>
<ZipCode>306021589</ZipCode>
<StreetAddress><![CDATA[310 EAST CAMPUS RD TUCKER HALL ROOM 409]]></StreetAddress>
<CountryCode>US</CountryCode>
<CountryName>United States</CountryName>
<StateName>Georgia</StateName>
<CountryFlag>1</CountryFlag>
<CONGRESSDISTRICT>10</CONGRESSDISTRICT>
<CONGRESS_DISTRICT_PERF>GA10</CONGRESS_DISTRICT_PERF>
</Performance_Institution>
<ProgramElement>
<Code>126400</Code>
<Text>ALGEBRA,NUMBER THEORY,AND COM</Text>
</ProgramElement>
<Appropriation>
<Code/>
<Name/>
<APP_SYMB_ID/>
</Appropriation>
<Fund>
<Code>01002324DB</Code>
<Name><![CDATA[NSF RESEARCH & RELATED ACTIVIT]]></Name>
<FUND_SYMB_ID>040100</FUND_SYMB_ID>
</Fund>
<FUND_OBLG>2023~251418</FUND_OBLG>
</Award>
</rootTag>
