<?xml version="1.0" encoding="UTF-8"?>
<rootTag>
<Award>
<AwardTitle><![CDATA[ERI: Stretch Effects on Combustion Characteristics of Flames with Non-Uniform Curvature]]></AwardTitle>
<AGENCY>NSF</AGENCY>
<AwardEffectiveDate>06/01/2023</AwardEffectiveDate>
<AwardExpirationDate>05/31/2025</AwardExpirationDate>
<AwardTotalIntnAmount>199993.00</AwardTotalIntnAmount>
<AwardAmount>199993</AwardAmount>
<AwardInstrument>
<Value>Standard Grant</Value>
</AwardInstrument>
<Organization>
<Code>07020000</Code>
<Directorate>
<Abbreviation>ENG</Abbreviation>
<LongName>Directorate For Engineering</LongName>
</Directorate>
<Division>
<Abbreviation>CBET</Abbreviation>
<LongName>Div Of Chem, Bioeng, Env, &amp; Transp Sys</LongName>
</Division>
</Organization>
<ProgramOfficer>
<SignBlockName>Harsha Chelliah</SignBlockName>
<PO_EMAI>hchellia@nsf.gov</PO_EMAI>
<PO_PHON>7032927281</PO_PHON>
</ProgramOfficer>
<AbstractNarration>From the flame of a match to state-of-the-art power and heat generation systems, combustion is ubiquitous in the world economy.  Despite its prevalence, the complexity of the underlying processes in a flame still represents a challenge for scientists and engineers, especially considering the need for more stringent regulations for harmful emissions, uncontrolled fires, and climate change mitigation.  To simplify the analysis of practical burners, it is common to employ reduced sets of physical and chemical processes retaining essential characteristics of the overall phenomenon.  However, such an approach often oversimplifies relevant combustion attributes by neglecting the effect of curvature and stretch inherent to real-world flames.  Therefore, the primary goal of this project is to provide a deep understanding of the influence of topography and stretch on combustion and sooting characteristics of non-uniformly curved flames.  Results from the proposed investigation will generate data for combustion model development and validation to advance power and heat generation technologies to sustain U.S. energy security using clean fuels and its position as a global leader in sustainability.  The project will also allow students from CSUN, a Master’s Hispanic Serving Institution, to participate in cutting-edge research and develop skillsets critical for preparing the future workforce in science and engineering.&lt;br/&gt;&lt;br/&gt;The proposed work will detail the effect of topography and stretch of non-uniformly curved non-premixed flame structures in their combustion and sooting characteristics.  To this end, this project will study stretched curved flames to provide: (1) novel non-premixed counterflow configurations with non-uniform curvature; (2) experimental data detailing stretch and non-uniform curvature influence on the flame structure, stability, temperature, soot formation, and extinction; (3) a simplified theoretical framework for the description of stretched non-premixed flames with non-uniform curvature.  New non-premixed opposed-flow experimental burners employing quadric surfaces, and combinations thereof, will be developed to produce flame topographies equivalent to those observed in flame elements from practical combustion systems.  Particle image velocimetry will be used for fluid flow characterization, whereas soot and thin filament pyrometry will be employed to determine soot formation and flame temperature.  Simplified reacting flow models based on potential flow solutions and infinitely fast chemistry will be developed to describe curvature effects on overall flame characteristics theoretically.  The analysis and configurations proposed in this project will allow a better understanding of curvature and stretch influence on flame phenomena.&lt;br/&gt;&lt;br/&gt;This award reflects NSF's statutory mission and has been deemed worthy of support through evaluation using the Foundation's intellectual merit and broader impacts review criteria.</AbstractNarration>
<MinAmdLetterDate>05/30/2023</MinAmdLetterDate>
<MaxAmdLetterDate>06/16/2023</MaxAmdLetterDate>
<ARRAAmount/>
<TRAN_TYPE>Grant</TRAN_TYPE>
<CFDA_NUM>47.041</CFDA_NUM>
<NSF_PAR_USE_FLAG>1</NSF_PAR_USE_FLAG>
<FUND_AGCY_CODE>4900</FUND_AGCY_CODE>
<AWDG_AGCY_CODE>4900</AWDG_AGCY_CODE>
<AwardID>2302003</AwardID>
<Investigator>
<FirstName>Vinicius</FirstName>
<LastName>Maron Sauer</LastName>
<PI_MID_INIT/>
<PI_SUFX_NAME/>
<PI_FULL_NAME>Vinicius Maron Sauer</PI_FULL_NAME>
<EmailAddress><![CDATA[vmsauer@csun.edu]]></EmailAddress>
<NSF_ID>000909151</NSF_ID>
<StartDate>05/30/2023</StartDate>
<EndDate/>
<RoleCode>Principal Investigator</RoleCode>
</Investigator>
<Institution>
<Name><![CDATA[The University Corporation, Northridge]]></Name>
<CityName>NORTHRIDGE</CityName>
<ZipCode>913300001</ZipCode>
<PhoneNumber>8186771403</PhoneNumber>
<StreetAddress><![CDATA[18111 NORDHOFF ST]]></StreetAddress>
<StreetAddress2/>
<CountryName>United States</CountryName>
<StateName>California</StateName>
<StateCode>CA</StateCode>
<CONGRESSDISTRICT>32</CONGRESSDISTRICT>
<CONGRESS_DISTRICT_ORG>CA32</CONGRESS_DISTRICT_ORG>
<ORG_UEI_NUM>LAGNHMC58DF3</ORG_UEI_NUM>
<ORG_LGL_BUS_NAME>THE UNIVERSITY CORPORATION</ORG_LGL_BUS_NAME>
<ORG_PRNT_UEI_NUM/>
</Institution>
<Performance_Institution>
<Name><![CDATA[California State University, Northridge]]></Name>
<CityName>NORTHRIDGE</CityName>
<StateCode>CA</StateCode>
<ZipCode>913308295</ZipCode>
<StreetAddress><![CDATA[18111 NORDHOFF ST]]></StreetAddress>
<CountryCode>US</CountryCode>
<CountryName>United States</CountryName>
<StateName>California</StateName>
<CountryFlag>1</CountryFlag>
<CONGRESSDISTRICT>32</CONGRESSDISTRICT>
<CONGRESS_DISTRICT_PERF>CA32</CONGRESS_DISTRICT_PERF>
</Performance_Institution>
<ProgramElement>
<Code>164200</Code>
<Text>Special Initiatives</Text>
</ProgramElement>
<Appropriation>
<Code/>
<Name/>
<APP_SYMB_ID/>
</Appropriation>
<Fund>
<Code>01002324DB</Code>
<Name><![CDATA[NSF RESEARCH & RELATED ACTIVIT]]></Name>
<FUND_SYMB_ID>040100</FUND_SYMB_ID>
</Fund>
<FUND_OBLG>2023~199993</FUND_OBLG>
</Award>
</rootTag>
