<?xml version="1.0" encoding="UTF-8"?>
<rootTag>
<Award>
<AwardTitle><![CDATA[The Hodge theory of Knizhnik-Zamolodchikov equations and Rigid Local Systems]]></AwardTitle>
<AGENCY>NSF</AGENCY>
<AwardEffectiveDate>08/01/2023</AwardEffectiveDate>
<AwardExpirationDate>07/31/2026</AwardExpirationDate>
<AwardTotalIntnAmount>185000.00</AwardTotalIntnAmount>
<AwardAmount>185000</AwardAmount>
<AwardInstrument>
<Value>Standard Grant</Value>
</AwardInstrument>
<Organization>
<Code>03040000</Code>
<Directorate>
<Abbreviation>MPS</Abbreviation>
<LongName>Direct For Mathematical &amp; Physical Scien</LongName>
</Directorate>
<Division>
<Abbreviation>DMS</Abbreviation>
<LongName>Division Of Mathematical Sciences</LongName>
</Division>
</Organization>
<ProgramOfficer>
<SignBlockName>James Matthew Douglass</SignBlockName>
<PO_EMAI>mdouglas@nsf.gov</PO_EMAI>
<PO_PHON>7032922467</PO_PHON>
</ProgramOfficer>
<AbstractNarration>The Knizhnik-Zamolodchikov differential equations link many areas of mathematics and physics, including representation theory (the study of symmetries), algebraic geometry (study of solutions of polynomial equations), and conformal field theory (from mathematical physics). The goal of this project is to develop Hodge theoretic techniques, which are complex analytic in nature, in the study of these differential equations. This work will produce new structures relating representation theory, Hodge theory, the theory of motives, and mathematical physics, which will further develop the relations between these fields and their computational aspects. The project will provide research training opportunities for graduate students.&lt;br/&gt;&lt;br/&gt;In more detail, three interrelated research projects will be undertaken. The first, is to develop a motivic factorization formula for invariants and conformal block local systems (which are local systems on the moduli of smooth pointed curves associated to a simple Lie algebra and representations) in genus zero. The second is to determine the structure of the Hodge-Galois fusion rings and representation rings that arise as a consequence of motivic factorization. Finally, the third is to compute examples, particularly for cases when the conformal blocks local system is rigid where the global monodromy is finite, using Hodge theoretic criteria.&lt;br/&gt;&lt;br/&gt;This award reflects NSF's statutory mission and has been deemed worthy of support through evaluation using the Foundation's intellectual merit and broader impacts review criteria.</AbstractNarration>
<MinAmdLetterDate>07/31/2023</MinAmdLetterDate>
<MaxAmdLetterDate>07/31/2023</MaxAmdLetterDate>
<ARRAAmount/>
<TRAN_TYPE>Grant</TRAN_TYPE>
<CFDA_NUM>47.049</CFDA_NUM>
<NSF_PAR_USE_FLAG>1</NSF_PAR_USE_FLAG>
<FUND_AGCY_CODE>4900</FUND_AGCY_CODE>
<AWDG_AGCY_CODE>4900</AWDG_AGCY_CODE>
<AwardID>2302288</AwardID>
<Investigator>
<FirstName>Prakash</FirstName>
<LastName>Belkale</LastName>
<PI_MID_INIT/>
<PI_SUFX_NAME/>
<PI_FULL_NAME>Prakash Belkale</PI_FULL_NAME>
<EmailAddress><![CDATA[belkale@email.unc.edu]]></EmailAddress>
<NSF_ID>000305395</NSF_ID>
<StartDate>07/31/2023</StartDate>
<EndDate/>
<RoleCode>Principal Investigator</RoleCode>
</Investigator>
<Institution>
<Name><![CDATA[University of North Carolina at Chapel Hill]]></Name>
<CityName>CHAPEL HILL</CityName>
<ZipCode>275995023</ZipCode>
<PhoneNumber>9199663411</PhoneNumber>
<StreetAddress><![CDATA[104 AIRPORT DR STE 2200]]></StreetAddress>
<StreetAddress2/>
<CountryName>United States</CountryName>
<StateName>North Carolina</StateName>
<StateCode>NC</StateCode>
<CONGRESSDISTRICT>04</CONGRESSDISTRICT>
<CONGRESS_DISTRICT_ORG>NC04</CONGRESS_DISTRICT_ORG>
<ORG_UEI_NUM>D3LHU66KBLD5</ORG_UEI_NUM>
<ORG_LGL_BUS_NAME>UNIVERSITY OF NORTH CAROLINA AT CHAPEL HILL</ORG_LGL_BUS_NAME>
<ORG_PRNT_UEI_NUM>D3LHU66KBLD5</ORG_PRNT_UEI_NUM>
</Institution>
<Performance_Institution>
<Name><![CDATA[University of North Carolina at Chapel Hill]]></Name>
<CityName>CHAPEL HILL</CityName>
<StateCode>NC</StateCode>
<ZipCode>275995023</ZipCode>
<StreetAddress><![CDATA[104 AIRPORT DR STE 2200]]></StreetAddress>
<CountryCode>US</CountryCode>
<CountryName>United States</CountryName>
<StateName>North Carolina</StateName>
<CountryFlag>1</CountryFlag>
<CONGRESSDISTRICT>04</CONGRESSDISTRICT>
<CONGRESS_DISTRICT_PERF>NC04</CONGRESS_DISTRICT_PERF>
</Performance_Institution>
<ProgramElement>
<Code>126400</Code>
<Text>ALGEBRA,NUMBER THEORY,AND COM</Text>
</ProgramElement>
<Appropriation>
<Code/>
<Name/>
<APP_SYMB_ID/>
</Appropriation>
<Fund>
<Code>01002324DB</Code>
<Name><![CDATA[NSF RESEARCH & RELATED ACTIVIT]]></Name>
<FUND_SYMB_ID>040100</FUND_SYMB_ID>
</Fund>
<FUND_OBLG>2023~185000</FUND_OBLG>
</Award>
</rootTag>
