<?xml version="1.0" encoding="UTF-8"?>
<rootTag>
<Award>
<AwardTitle><![CDATA[RET Site: Biologically Inspired Computing Models, Systems, and Applications]]></AwardTitle>
<AGENCY>NSF</AGENCY>
<AwardEffectiveDate>05/01/2023</AwardEffectiveDate>
<AwardExpirationDate>04/30/2026</AwardExpirationDate>
<AwardTotalIntnAmount>599239.00</AwardTotalIntnAmount>
<AwardAmount>599239</AwardAmount>
<AwardInstrument>
<Value>Standard Grant</Value>
</AwardInstrument>
<Organization>
<Code>05050000</Code>
<Directorate>
<Abbreviation>CSE</Abbreviation>
<LongName>Direct For Computer &amp; Info Scie &amp; Enginr</LongName>
</Directorate>
<Division>
<Abbreviation>CNS</Abbreviation>
<LongName>Division Of Computer and Network Systems</LongName>
</Division>
</Organization>
<ProgramOfficer>
<SignBlockName>Allyson Kennedy</SignBlockName>
<PO_EMAI>aykenned@nsf.gov</PO_EMAI>
<PO_PHON>7032928905</PO_PHON>
</ProgramOfficer>
<AbstractNarration>This award renews a Research Experience for Teachers site at the University of Notre Dame. The site will form partnerships between Notre Dame computer science students and faculty, Notre Dame students in pre-service education programs, and teachers from elementary and middle schools in the greater South Bend area. During the summer, teacher participants will work on research projects focusing on the advances, capabilities, and challenges associated with machine learning (ML) / artificial intelligence (AI) algorithms that are currently driving efforts across the technology, manufacturing, and government sectors. To translate their research experience into the classroom, teacher participants will develop new curricular materials that focus on the mathematical techniques at the heart of many applications students already use on a daily basis (e.g., ML algorithms that draw boxes around individual faces when using an smartphone camera) and the ethical implications of such technologies. These materials will address newly released computer science standards from the Indiana Department of Education and be shared at the local, state, and national levels. Through this RET site experience, teachers will gain tools to introduce and prepare future generations of students to understand and develop ML/AI software and systems. &lt;br/&gt;&lt;br/&gt;The Computing RET site will recruit teacher cohorts from elementary and middle schools in the greater South Bend area, as well as several local colleges that partner with area school districts to form in-service/pre-service student teacher partnerships. A specific aim is to pair pre-service teachers with the in-service teacher with whom they will complete their student teaching assignment. Selected participants will work with ND faculty and students for seven weeks during the summer on an appropriately tailored, ML/AI-centric research project. Teachers will also be supported by professional development activities that include but are not limited to (1) strategies for translating research into the classroom, (2) presentations that introduce participants to the technical state-of-the-art with respect to ML/AI hardware and software, (3) the ethical challenges posed by ML/AI systems, etc. Developed materials will be shared through multiple channels including a Computer Science Teachers Association (CSTA) regional chapter, and online repositories such as the CSTA or TeachEngineering.org. RET personnel will also engage with educational foundations in local school districts that aim to broadcast developed materials district-wide. Summer activities will be complemented by extensive, post-program follow-up activities that share an overarching theme of helping RET participants provide their students with context about the scientific background and motivation for a module objective. Notre Dame personnel and in-service teachers will also work with pre-service teachers to discuss strategies and best-practices for integrating STEM into “day-to-day” lessons, how to engage diverse groups of students with said content, etc. Post-program engagements will ensure the translation of lab experiences into classroom practice, and to foster and strengthen long-term partnership between engineering faculty and the local school districts.&lt;br/&gt;&lt;br/&gt;This award reflects NSF's statutory mission and has been deemed worthy of support through evaluation using the Foundation's intellectual merit and broader impacts review criteria.</AbstractNarration>
<MinAmdLetterDate>05/01/2023</MinAmdLetterDate>
<MaxAmdLetterDate>05/01/2023</MaxAmdLetterDate>
<ARRAAmount/>
<TRAN_TYPE>Grant</TRAN_TYPE>
<CFDA_NUM>47.070</CFDA_NUM>
<NSF_PAR_USE_FLAG>1</NSF_PAR_USE_FLAG>
<FUND_AGCY_CODE>4900</FUND_AGCY_CODE>
<AWDG_AGCY_CODE>4900</AWDG_AGCY_CODE>
<AwardID>2302070</AwardID>
<Investigator>
<FirstName>Gina</FirstName>
<LastName>Svarovsky</LastName>
<PI_MID_INIT>N</PI_MID_INIT>
<PI_SUFX_NAME/>
<PI_FULL_NAME>Gina N Svarovsky</PI_FULL_NAME>
<EmailAddress><![CDATA[gsvarovsky@nd.edu]]></EmailAddress>
<NSF_ID>000574832</NSF_ID>
<StartDate>05/01/2023</StartDate>
<EndDate/>
<RoleCode>Co-Principal Investigator</RoleCode>
</Investigator>
<Investigator>
<FirstName>Kevin</FirstName>
<LastName>Bowyer</LastName>
<PI_MID_INIT>W</PI_MID_INIT>
<PI_SUFX_NAME/>
<PI_FULL_NAME>Kevin W Bowyer</PI_FULL_NAME>
<EmailAddress><![CDATA[kwb@cse.nd.edu]]></EmailAddress>
<NSF_ID>000242008</NSF_ID>
<StartDate>05/01/2023</StartDate>
<EndDate/>
<RoleCode>Co-Principal Investigator</RoleCode>
</Investigator>
<Investigator>
<FirstName>Michael</FirstName>
<LastName>Niemier</LastName>
<PI_MID_INIT>T</PI_MID_INIT>
<PI_SUFX_NAME/>
<PI_FULL_NAME>Michael T Niemier</PI_FULL_NAME>
<EmailAddress><![CDATA[mniemier@nd.edu]]></EmailAddress>
<NSF_ID>000290726</NSF_ID>
<StartDate>05/01/2023</StartDate>
<EndDate/>
<RoleCode>Principal Investigator</RoleCode>
</Investigator>
<Institution>
<Name><![CDATA[University of Notre Dame]]></Name>
<CityName>NOTRE DAME</CityName>
<ZipCode>465565708</ZipCode>
<PhoneNumber>5746317432</PhoneNumber>
<StreetAddress><![CDATA[940 GRACE HALL]]></StreetAddress>
<StreetAddress2/>
<CountryName>United States</CountryName>
<StateName>Indiana</StateName>
<StateCode>IN</StateCode>
<CONGRESSDISTRICT>02</CONGRESSDISTRICT>
<CONGRESS_DISTRICT_ORG>IN02</CONGRESS_DISTRICT_ORG>
<ORG_UEI_NUM>FPU6XGFXMBE9</ORG_UEI_NUM>
<ORG_LGL_BUS_NAME>UNIVERSITY OF NOTRE DAME DU LAC</ORG_LGL_BUS_NAME>
<ORG_PRNT_UEI_NUM>FPU6XGFXMBE9</ORG_PRNT_UEI_NUM>
</Institution>
<Performance_Institution>
<Name><![CDATA[University of Notre Dame]]></Name>
<CityName>NOTRE DAME</CityName>
<StateCode>IN</StateCode>
<ZipCode>465565708</ZipCode>
<StreetAddress><![CDATA[940 Grace Hall]]></StreetAddress>
<CountryCode>US</CountryCode>
<CountryName>United States</CountryName>
<StateName>Indiana</StateName>
<CountryFlag>1</CountryFlag>
<CONGRESSDISTRICT>02</CONGRESSDISTRICT>
<CONGRESS_DISTRICT_PERF>IN02</CONGRESS_DISTRICT_PERF>
</Performance_Institution>
<ProgramElement>
<Code>135900</Code>
<Text>RES EXP FOR TEACHERS(RET)-SITE</Text>
</ProgramElement>
<ProgramReference>
<Code>1359</Code>
<Text>RET SITE-Res Exp for Tchr Site</Text>
</ProgramReference>
<Appropriation>
<Code/>
<Name/>
<APP_SYMB_ID/>
</Appropriation>
<Fund>
<Code>01002324DB</Code>
<Name><![CDATA[NSF RESEARCH & RELATED ACTIVIT]]></Name>
<FUND_SYMB_ID>040100</FUND_SYMB_ID>
</Fund>
<FUND_OBLG>2023~599239</FUND_OBLG>
</Award>
</rootTag>
