<?xml version="1.0" encoding="UTF-8"?>
<rootTag>
<Award>
<AwardTitle><![CDATA[New perspectives in combinatorial algebra]]></AwardTitle>
<AGENCY>NSF</AGENCY>
<AwardEffectiveDate>07/01/2023</AwardEffectiveDate>
<AwardExpirationDate>06/30/2026</AwardExpirationDate>
<AwardTotalIntnAmount>344491.00</AwardTotalIntnAmount>
<AwardAmount>224894</AwardAmount>
<AwardInstrument>
<Value>Continuing Grant</Value>
</AwardInstrument>
<Organization>
<Code>03040000</Code>
<Directorate>
<Abbreviation>MPS</Abbreviation>
<LongName>Direct For Mathematical &amp; Physical Scien</LongName>
</Directorate>
<Division>
<Abbreviation>DMS</Abbreviation>
<LongName>Division Of Mathematical Sciences</LongName>
</Division>
</Organization>
<ProgramOfficer>
<SignBlockName>James Matthew Douglass</SignBlockName>
<PO_EMAI>mdouglas@nsf.gov</PO_EMAI>
<PO_PHON>7032922467</PO_PHON>
</ProgramOfficer>
<AbstractNarration>The purpose of this project is to study some classical topics in combinatorics and algebra from the perspective of new modern techniques. The PI is interested in algebraic computations such as the equations that characterize a space, and how they interact with seemingly unrelated computations. The project is broken into three subprojects with a different theme. These include the study of the space of polynomials with repeated roots, super homogeneous spaces, and the use of Lie algebras in representation stability theory. The commonality among them involves viewing specific algebraic computations from a different angle to get a different algebraic computation that surprisingly is much more tractable. This expands on previous work of the PI and his collaborators, and the intention is to take it into new directions. The project will also provide opportunities for training graduate students.&lt;br/&gt;&lt;br/&gt;The PI will work on three main topics sitting between representation theory and commutative algebra, with applications flowing between these subjects in both directions. The first topic concerns computing the equations and syzygies of multiple root loci in spaces of binary forms. The PI plans to study them all together as the degree of the binary forms grows using certain monad-type constructions. Recently, this was successfully used to give a new proof of the generic Green conjecture on canonically embedded projective curves. The second topic concerns the calculation of syzygies of determinantal-like varieties via their connection to the coherent cohomology of super homogeneous spaces and super analogues of the classical Grothendieck-Springer resolution. This is motivated by the existence of unexpected actions of Lie superalgebras on these syzygies and, in fact, offers a conceptual explanation for their existence. On the other hand, it also offers a new strategy to find super analogues of the Borel-Weil-Bott theorem, which the PI plans to explore. The third topic concerns curried algebras; a concept recently introduced by the PI in collaboration with Andrew Snowden. This provides a deep connection between representation stability theory and constructions in Lie theory such as the Bernstein-Gelfand-Gelfand category O. The PI plans to import these techniques from Lie theory to find and prove new structural results in representation stability and its applications.&lt;br/&gt;&lt;br/&gt;This award reflects NSF's statutory mission and has been deemed worthy of support through evaluation using the Foundation's intellectual merit and broader impacts review criteria.</AbstractNarration>
<MinAmdLetterDate>04/10/2023</MinAmdLetterDate>
<MaxAmdLetterDate>06/06/2024</MaxAmdLetterDate>
<ARRAAmount/>
<TRAN_TYPE>Grant</TRAN_TYPE>
<CFDA_NUM>47.049</CFDA_NUM>
<NSF_PAR_USE_FLAG>1</NSF_PAR_USE_FLAG>
<FUND_AGCY_CODE>4900</FUND_AGCY_CODE>
<AWDG_AGCY_CODE>4900</AWDG_AGCY_CODE>
<AwardID>2302149</AwardID>
<Investigator>
<FirstName>Steven</FirstName>
<LastName>Sam</LastName>
<PI_MID_INIT>V</PI_MID_INIT>
<PI_SUFX_NAME/>
<PI_FULL_NAME>Steven V Sam</PI_FULL_NAME>
<EmailAddress><![CDATA[ssam@ucsd.edu]]></EmailAddress>
<NSF_ID>000596609</NSF_ID>
<StartDate>04/10/2023</StartDate>
<EndDate/>
<RoleCode>Principal Investigator</RoleCode>
</Investigator>
<Institution>
<Name><![CDATA[University of California-San Diego]]></Name>
<CityName>LA JOLLA</CityName>
<ZipCode>920930021</ZipCode>
<PhoneNumber>8585344896</PhoneNumber>
<StreetAddress><![CDATA[9500 GILMAN DR]]></StreetAddress>
<StreetAddress2/>
<CountryName>United States</CountryName>
<StateName>California</StateName>
<StateCode>CA</StateCode>
<CONGRESSDISTRICT>50</CONGRESSDISTRICT>
<CONGRESS_DISTRICT_ORG>CA50</CONGRESS_DISTRICT_ORG>
<ORG_UEI_NUM>UYTTZT6G9DT1</ORG_UEI_NUM>
<ORG_LGL_BUS_NAME>UNIVERSITY OF CALIFORNIA, SAN DIEGO</ORG_LGL_BUS_NAME>
<ORG_PRNT_UEI_NUM/>
</Institution>
<Performance_Institution>
<Name><![CDATA[University of California-San Diego]]></Name>
<CityName>LA JOLLA</CityName>
<StateCode>CA</StateCode>
<ZipCode>920935004</ZipCode>
<StreetAddress><![CDATA[9500 GILMAN DR]]></StreetAddress>
<CountryCode>US</CountryCode>
<CountryName>United States</CountryName>
<StateName>California</StateName>
<CountryFlag>1</CountryFlag>
<CONGRESSDISTRICT>50</CONGRESSDISTRICT>
<CONGRESS_DISTRICT_PERF>CA50</CONGRESS_DISTRICT_PERF>
</Performance_Institution>
<ProgramElement>
<Code>126400</Code>
<Text>ALGEBRA,NUMBER THEORY,AND COM</Text>
</ProgramElement>
<Appropriation>
<Code/>
<Name/>
<APP_SYMB_ID/>
</Appropriation>
<Appropriation>
<Code/>
<Name/>
<APP_SYMB_ID/>
</Appropriation>
<Fund>
<Code>01002324DB</Code>
<Name><![CDATA[NSF RESEARCH & RELATED ACTIVIT]]></Name>
<FUND_SYMB_ID>040100</FUND_SYMB_ID>
</Fund>
<Fund>
<Code>01002425DB</Code>
<Name><![CDATA[NSF RESEARCH & RELATED ACTIVIT]]></Name>
<FUND_SYMB_ID>040100</FUND_SYMB_ID>
</Fund>
<FUND_OBLG>2023~112772</FUND_OBLG>
<FUND_OBLG>2024~112122</FUND_OBLG>
</Award>
</rootTag>
