<?xml version="1.0" encoding="UTF-8"?>
<rootTag>
<Award>
<AwardTitle><![CDATA[CRII: SaTC: Physical Side-Channel Attacks in Biometric System]]></AwardTitle>
<AGENCY>NSF</AGENCY>
<AwardEffectiveDate>10/01/2022</AwardEffectiveDate>
<AwardExpirationDate>06/30/2024</AwardExpirationDate>
<AwardTotalIntnAmount>174428.00</AwardTotalIntnAmount>
<AwardAmount>152994</AwardAmount>
<AwardInstrument>
<Value>Standard Grant</Value>
</AwardInstrument>
<Organization>
<Code>05050000</Code>
<Directorate>
<Abbreviation>CSE</Abbreviation>
<LongName>Direct For Computer &amp; Info Scie &amp; Enginr</LongName>
</Directorate>
<Division>
<Abbreviation>CNS</Abbreviation>
<LongName>Division Of Computer and Network Systems</LongName>
</Division>
</Organization>
<ProgramOfficer>
<SignBlockName>Qiaoyan Yu</SignBlockName>
<PO_EMAI>qyu@nsf.gov</PO_EMAI>
<PO_PHON>7032920000</PO_PHON>
</ProgramOfficer>
<AbstractNarration>Biometric traits are permanent and difficult to revoke if compromised, unlike keys or passwords. By requiring the storage of biometric trait measurements (templates) for subjects, biometric systems are vulnerable to violation of user privacy. Unprotected storage of biometric reference data poses severe privacy threats such as identity theft. Despite recent research in the security of biometric systems, research on physical side-channel attacks in biometric systems are still nascent, especially when compared to cryptographic and information technologies. Although side-channel attacks are well-developed techniques in the information technology security and cryptography fields, they have been understudied in the context of biometric systems. The project’s novel aspects are developing methodologies such as metrics, deep learning algorithms, protocols, and tools for physical side-channel attacks and countermeasures in biometric systems. This project intends to be a first step towards bridging the knowledge gap between seemingly isolated research field on hardware security and biometric security. The project's broader significance and importance are improvement of security and privacy of biometric systems against physical side channel attacks followed by protection schemes and involvement in the ongoing biometric evaluation and standardization efforts led by the National Institute of Standards and Technology.&lt;br/&gt;&lt;br/&gt;This project offers insights for future biometric designers on how to efficiently take advantage of physical side-channel attack frameworks to recognize vulnerabilities in biometric systems. The project outcomes advance both attack (physical side-channel) and defense mechanism (domain-specific architecture) in biometric systems. The biometric protection scheme is evaluated according to International Organization for Standardization and the International Electrotechnical Commission (ISO/IEC) Standard 24745. Due to the wide adoption of biometric systems in society, this project can have a positive impact on a broad range of activities involving identity cards, border identity checkpoints, and patient authentication in healthcare.&lt;br/&gt;&lt;br/&gt;This award reflects NSF's statutory mission and has been deemed worthy of support through evaluation using the Foundation's intellectual merit and broader impacts review criteria.</AbstractNarration>
<MinAmdLetterDate>11/04/2022</MinAmdLetterDate>
<MaxAmdLetterDate>11/04/2022</MaxAmdLetterDate>
<ARRAAmount/>
<TRAN_TYPE>Grant</TRAN_TYPE>
<CFDA_NUM>47.070</CFDA_NUM>
<NSF_PAR_USE_FLAG>1</NSF_PAR_USE_FLAG>
<FUND_AGCY_CODE>4900</FUND_AGCY_CODE>
<AWDG_AGCY_CODE>4900</AWDG_AGCY_CODE>
<AwardID>2302084</AwardID>
<Investigator>
<FirstName>Nima</FirstName>
<LastName>Karimian</LastName>
<PI_MID_INIT/>
<PI_SUFX_NAME/>
<PI_FULL_NAME>Nima Karimian</PI_FULL_NAME>
<EmailAddress><![CDATA[nima.karimian@mail.wvu.edu]]></EmailAddress>
<NSF_ID>000798441</NSF_ID>
<StartDate>11/04/2022</StartDate>
<EndDate/>
<RoleCode>Principal Investigator</RoleCode>
</Investigator>
<Institution>
<Name><![CDATA[West Virginia University Research Corporation]]></Name>
<CityName>MORGANTOWN</CityName>
<ZipCode>265052742</ZipCode>
<PhoneNumber>3042933998</PhoneNumber>
<StreetAddress><![CDATA[886 CHESTNUT RIDGE ROAD]]></StreetAddress>
<StreetAddress2/>
<CountryName>United States</CountryName>
<StateName>West Virginia</StateName>
<StateCode>WV</StateCode>
<CONGRESSDISTRICT>02</CONGRESSDISTRICT>
<CONGRESS_DISTRICT_ORG>WV02</CONGRESS_DISTRICT_ORG>
<ORG_UEI_NUM>M7PNRH24BBM8</ORG_UEI_NUM>
<ORG_LGL_BUS_NAME>WEST VIRGINIA UNIVERSITY RESEARCH CORPORATION</ORG_LGL_BUS_NAME>
<ORG_PRNT_UEI_NUM/>
</Institution>
<Performance_Institution>
<Name><![CDATA[West Virginia University Research Corporation]]></Name>
<CityName>MORGANTOWN</CityName>
<StateCode>WV</StateCode>
<ZipCode>265052742</ZipCode>
<StreetAddress><![CDATA[886 CHESTNUT RIDGE ROAD]]></StreetAddress>
<CountryCode>US</CountryCode>
<CountryName>United States</CountryName>
<StateName>West Virginia</StateName>
<CountryFlag>1</CountryFlag>
<CONGRESSDISTRICT>02</CONGRESSDISTRICT>
<CONGRESS_DISTRICT_PERF>WV02</CONGRESS_DISTRICT_PERF>
</Performance_Institution>
<ProgramElement>
<Code>806000</Code>
<Text>Secure &amp;Trustworthy Cyberspace</Text>
</ProgramElement>
<ProgramReference>
<Code>025Z</Code>
<Text>SaTC: Secure and Trustworthy Cyberspace</Text>
</ProgramReference>
<ProgramReference>
<Code>102Z</Code>
<Text>COVID-Disproportionate Impcts Inst-Indiv</Text>
</ProgramReference>
<ProgramReference>
<Code>8228</Code>
<Text>CISE Resrch Initiatn Initiatve</Text>
</ProgramReference>
<Appropriation>
<Code/>
<Name/>
<APP_SYMB_ID/>
</Appropriation>
<Fund>
<Code>01002122DB</Code>
<Name><![CDATA[NSF RESEARCH & RELATED ACTIVIT]]></Name>
<FUND_SYMB_ID>040100</FUND_SYMB_ID>
</Fund>
<FUND_OBLG>2021~152994</FUND_OBLG>
<POR>
<DRECONTENT><![CDATA[<div class="porColContainerWBG"> <div class="porContentCol"><p>The outcomes of this project include the following:</p> <ol> <li> <p><strong>Methods to generate new biometric identities</strong>: We have created an innovative framework that leverages cutting edge technology like Generative Adversarial Networks (GANs) and non linear dynamic models to generate fresh biometric identities particularly focusing on ECG biometrics. This novel approach aims to overcome the limitations of existing data in profiling attacks. Has the potential to significantly boost the security of systems.</p> </li> <li> <p><strong>Trustworthy ECG biometric system for medical devices</strong>: &nbsp;key milestone in our project was. Showcasing a dependable ECG biometric system tailored for implantable medical devices. This system ensures the security and authenticity of ECG based identification making it well suited for uses.</p> </li> <li> <p><strong>Deep learning framework for biometric authentication</strong>: We have crafted a learning framework dedicated to establishing a sturdy biometric verification system. This framework employs techniques like recurrent neural networks specifically utilizing gated recurrent unit algorithms to fortify the security and dependability of biometric systems against potential side channel attacks.</p> </li> <li> <p><strong>Development of biometric template protection mechanisms</strong>: Our team has devised techniques that safeguard biometric templates through the use of generation and hardware security features. These approaches are now accessible to the public enabling researchers to delve into improving the security of ECG based biometric systems, against potential side channel threats.</p> </li> <li> <p><strong>Dissemination of research outcomes</strong>: The outcomes of our research were shared through avenues, including three conference presentations organizing a summer camp, for high school students and hosting a targeted webinar.These initiatives have contributed to raising awareness and fostering cooperation, among scientists and others.</p> </li> <li> <p><strong>Publication of research findings</strong>: We actively published research papers based on the new results and insights obtained during the project. These publications have contributed to the broader scientific community's knowledge and have been made available in the NSF Public Access Repository.</p> </li> <li> <p><strong>Training and professional development</strong>: The project provided valuable training and hands-on experience to one master's student and two Ph.D. students in the field of biometric system security. This included participation in prestigious competitions, where our team secured second and first places in the IEEE International Joint Conference on Biometrics (IJCB) 2023 and 2024, respectively.</p> </li> <li> <p><strong>Integration into educational curriculum</strong>: The knowledge and findings from the project have been integrated into a graduate course, ensuring that future generations of students benefit from the advancements made during the project. This has had a lasting educational impact, promoting continued growth in the field of biometric systems.</p> </li> <li> <p><strong>Collaboration with academic institutions</strong>: The project involved collaboration with San Jose State University, leveraging their expertise to advance our research. This partnership resulted in the publication of a journal paper and demonstrated the importance of collaborative efforts in achieving significant research outcomes.</p> </li> </ol> <p>&nbsp;</p><br> <p>  Last Modified: 06/24/2024<br> Modified by: Nima&nbsp;Karimian</p></div> <div class="porSideCol" ></div> </div>]]></DRECONTENT>
<POR_COPY_TXT><![CDATA[  The outcomes of this project include the following:     Methods to generate new biometric identities: We have created an innovative framework that leverages cutting edge technology like Generative Adversarial Networks (GANs) and non linear dynamic models to generate fresh biometric identities particularly focusing on ECG biometrics. This novel approach aims to overcome the limitations of existing data in profiling attacks. Has the potential to significantly boost the security of systems.     Trustworthy ECG biometric system for medical devices: key milestone in our project was. Showcasing a dependable ECG biometric system tailored for implantable medical devices. This system ensures the security and authenticity of ECG based identification making it well suited for uses.     Deep learning framework for biometric authentication: We have crafted a learning framework dedicated to establishing a sturdy biometric verification system. This framework employs techniques like recurrent neural networks specifically utilizing gated recurrent unit algorithms to fortify the security and dependability of biometric systems against potential side channel attacks.     Development of biometric template protection mechanisms: Our team has devised techniques that safeguard biometric templates through the use of generation and hardware security features. These approaches are now accessible to the public enabling researchers to delve into improving the security of ECG based biometric systems, against potential side channel threats.     Dissemination of research outcomes: The outcomes of our research were shared through avenues, including three conference presentations organizing a summer camp, for high school students and hosting a targeted webinar.These initiatives have contributed to raising awareness and fostering cooperation, among scientists and others.     Publication of research findings: We actively published research papers based on the new results and insights obtained during the project. These publications have contributed to the broader scientific community's knowledge and have been made available in the NSF Public Access Repository.     Training and professional development: The project provided valuable training and hands-on experience to one master's student and two Ph.D. students in the field of biometric system security. This included participation in prestigious competitions, where our team secured second and first places in the IEEE International Joint Conference on Biometrics (IJCB) 2023 and 2024, respectively.     Integration into educational curriculum: The knowledge and findings from the project have been integrated into a graduate course, ensuring that future generations of students benefit from the advancements made during the project. This has had a lasting educational impact, promoting continued growth in the field of biometric systems.     Collaboration with academic institutions: The project involved collaboration with San Jose State University, leveraging their expertise to advance our research. This partnership resulted in the publication of a journal paper and demonstrated the importance of collaborative efforts in achieving significant research outcomes.          Last Modified: 06/24/2024       Submitted by: NimaKarimian]]></POR_COPY_TXT>
</POR>
</Award>
</rootTag>
