<?xml version="1.0" encoding="UTF-8"?>
<rootTag>
<Award>
<AwardTitle><![CDATA[Topics in noncommutative algebra 2022: homological regularities]]></AwardTitle>
<AGENCY>NSF</AGENCY>
<AwardEffectiveDate>07/01/2023</AwardEffectiveDate>
<AwardExpirationDate>06/30/2026</AwardExpirationDate>
<AwardTotalIntnAmount>330000.00</AwardTotalIntnAmount>
<AwardAmount>219020</AwardAmount>
<AwardInstrument>
<Value>Continuing Grant</Value>
</AwardInstrument>
<Organization>
<Code>03040000</Code>
<Directorate>
<Abbreviation>MPS</Abbreviation>
<LongName>Direct For Mathematical &amp; Physical Scien</LongName>
</Directorate>
<Division>
<Abbreviation>DMS</Abbreviation>
<LongName>Division Of Mathematical Sciences</LongName>
</Division>
</Organization>
<ProgramOfficer>
<SignBlockName>James Matthew Douglass</SignBlockName>
<PO_EMAI>mdouglas@nsf.gov</PO_EMAI>
<PO_PHON>7032922467</PO_PHON>
</ProgramOfficer>
<AbstractNarration>Many phenomena in sciences, specially in mathematics and physics, can be described by noncommuting variables, that is, the product XY of two variables X and Y may not equal to the product YX in the opposite order. A noncommutative algebra is a mathematical concept that encodes such a phenomenon, and the subject of noncommutative algebra naturally has many applications in quantum mechanics, quantum field theory, string theory, and so on. The study of noncommutativity has become more and more common in modern science and technology. For example, a quantum group is equivalent to a Hopf algebra whose underlying algebraic structure is noncommutative and/or whose underlying coalgebraic structure is noncocommutative. The study of noncommutative algebras is both important and challenging. In many cases, noncommutative algebras arise as noncommutative analogues and generalizations of classical objects coming from other fields such as commutative algebra, algebraic geometry, and Lie theory. To understand the structure of noncommutative algebras, the PI will investigate invariants that are defined by homological means. These invariants capture hidden structures and symmetries of noncommutative algebras. This research project combines ideas and methodology from several areas of mathematics such as algebraic geometry, commutative algebra, linear algebra, homological algebra, and combinatorics. The proposed research activities will make contributions to teaching, undergraduate and graduate student training, and outreach.&lt;br/&gt; &lt;br/&gt;A major part of the project concerns homological invariants such as Castelnuovo-Mumford regularity, Tor-regularity, and Artin-Schelter regularity for connected graded algebras. A weighted version of homological regularities with an extra parameter will also be introduced that incorporates different classical homological concepts. This is a new research direction in noncommutative algebra with connections to representation theory, noncommutative algebraic geometry, and noncommutative invariant theory. The PI will investigate and prove homological identities involving these invariants for connected graded algebras and their associated categories, and thus expand the foundations for this theory. One particular sub-project is the classification of non-Artin-Schelter regular algebras that are close to being Artin-Schelter regular. In addition this project concerns other active research topics in noncommutative algebra: the automorphism problem, the cancellation problem, operad theory, and noncommutative discriminants.&lt;br/&gt;&lt;br/&gt;This award reflects NSF's statutory mission and has been deemed worthy of support through evaluation using the Foundation's intellectual merit and broader impacts review criteria.</AbstractNarration>
<MinAmdLetterDate>04/14/2023</MinAmdLetterDate>
<MaxAmdLetterDate>06/04/2024</MaxAmdLetterDate>
<ARRAAmount/>
<TRAN_TYPE>Grant</TRAN_TYPE>
<CFDA_NUM>47.049</CFDA_NUM>
<NSF_PAR_USE_FLAG>1</NSF_PAR_USE_FLAG>
<FUND_AGCY_CODE>4900</FUND_AGCY_CODE>
<AWDG_AGCY_CODE>4900</AWDG_AGCY_CODE>
<AwardID>2302087</AwardID>
<Investigator>
<FirstName>Jian</FirstName>
<LastName>Zhang</LastName>
<PI_MID_INIT>J</PI_MID_INIT>
<PI_SUFX_NAME/>
<PI_FULL_NAME>Jian J Zhang</PI_FULL_NAME>
<EmailAddress><![CDATA[zhang@math.washington.edu]]></EmailAddress>
<NSF_ID>000103958</NSF_ID>
<StartDate>04/14/2023</StartDate>
<EndDate/>
<RoleCode>Principal Investigator</RoleCode>
</Investigator>
<Institution>
<Name><![CDATA[University of Washington]]></Name>
<CityName>SEATTLE</CityName>
<ZipCode>981951016</ZipCode>
<PhoneNumber>2065434043</PhoneNumber>
<StreetAddress><![CDATA[4333 BROOKLYN AVE NE]]></StreetAddress>
<StreetAddress2/>
<CountryName>United States</CountryName>
<StateName>Washington</StateName>
<StateCode>WA</StateCode>
<CONGRESSDISTRICT>07</CONGRESSDISTRICT>
<CONGRESS_DISTRICT_ORG>WA07</CONGRESS_DISTRICT_ORG>
<ORG_UEI_NUM>HD1WMN6945W6</ORG_UEI_NUM>
<ORG_LGL_BUS_NAME>UNIVERSITY OF WASHINGTON</ORG_LGL_BUS_NAME>
<ORG_PRNT_UEI_NUM/>
</Institution>
<Performance_Institution>
<Name><![CDATA[University of Washington]]></Name>
<CityName>Seattle</CityName>
<StateCode>WA</StateCode>
<ZipCode>981950001</ZipCode>
<StreetAddress><![CDATA[4333 Brooklyn Ave NE]]></StreetAddress>
<CountryCode>US</CountryCode>
<CountryName>United States</CountryName>
<StateName>Washington</StateName>
<CountryFlag>1</CountryFlag>
<CONGRESSDISTRICT>07</CONGRESSDISTRICT>
<CONGRESS_DISTRICT_PERF>WA07</CONGRESS_DISTRICT_PERF>
</Performance_Institution>
<ProgramElement>
<Code>126400</Code>
<Text>ALGEBRA,NUMBER THEORY,AND COM</Text>
</ProgramElement>
<Appropriation>
<Code/>
<Name/>
<APP_SYMB_ID/>
</Appropriation>
<Appropriation>
<Code/>
<Name/>
<APP_SYMB_ID/>
</Appropriation>
<Fund>
<Code>01002324DB</Code>
<Name><![CDATA[NSF RESEARCH & RELATED ACTIVIT]]></Name>
<FUND_SYMB_ID>040100</FUND_SYMB_ID>
</Fund>
<Fund>
<Code>01002425DB</Code>
<Name><![CDATA[NSF RESEARCH & RELATED ACTIVIT]]></Name>
<FUND_SYMB_ID>040100</FUND_SYMB_ID>
</Fund>
<FUND_OBLG>2023~110334</FUND_OBLG>
<FUND_OBLG>2024~108686</FUND_OBLG>
</Award>
</rootTag>
