<?xml version="1.0" encoding="UTF-8"?>
<rootTag>
<Award>
<AwardTitle><![CDATA[Iwasawa theory of elliptic curves and the Birch--Swinnerton-Dyer conjecture]]></AwardTitle>
<AGENCY>NSF</AGENCY>
<AwardEffectiveDate>07/01/2023</AwardEffectiveDate>
<AwardExpirationDate>06/30/2026</AwardExpirationDate>
<AwardTotalIntnAmount>151998.00</AwardTotalIntnAmount>
<AwardAmount>151998</AwardAmount>
<AwardInstrument>
<Value>Standard Grant</Value>
</AwardInstrument>
<Organization>
<Code>03040000</Code>
<Directorate>
<Abbreviation>MPS</Abbreviation>
<LongName>Direct For Mathematical &amp; Physical Scien</LongName>
</Directorate>
<Division>
<Abbreviation>DMS</Abbreviation>
<LongName>Division Of Mathematical Sciences</LongName>
</Division>
</Organization>
<ProgramOfficer>
<SignBlockName>Andrew Pollington</SignBlockName>
<PO_EMAI>adpollin@nsf.gov</PO_EMAI>
<PO_PHON>7032924878</PO_PHON>
</ProgramOfficer>
<AbstractNarration>The study of rational number solutions of polynomial equations has a rich history. The case of elliptic curves, essentially cubic equations in two variables, continues to be fascinating. The Birch and Swinnerton-Dyer conjecture (BSD) connects the arithmetic of an elliptic curve to the associated Hasse-Weil L-function. Iwasawa theory seeks to shed light on the mysterious arithmetic incarnation of L-values. The PI aims to study cases of the BSD conjecture and variants, primarily based on Iwasawa theory. The PI also aims to train graduate students, and introduce undergraduates to research.  &lt;br/&gt;&lt;br/&gt;The last decade has witnessed a key progress towards the BSD conjecture for elliptic curves of rank zero or one, as initiated by Skinner and Zhang. An aim of this project is to establish some of the key missing cases. For instance, the PI seeks the p-converse and p-part of the BSD formula for primes p of non-ordinary reduction. The project aims to develop two-variable Euler systems over an imaginary quadratic field for an elliptic curve as well as anticyclotomic Iwasawa theory at non-split primes.&lt;br/&gt;&lt;br/&gt;This award reflects NSF's statutory mission and has been deemed worthy of support through evaluation using the Foundation's intellectual merit and broader impacts review criteria.</AbstractNarration>
<MinAmdLetterDate>06/27/2023</MinAmdLetterDate>
<MaxAmdLetterDate>06/27/2023</MaxAmdLetterDate>
<ARRAAmount/>
<TRAN_TYPE>Grant</TRAN_TYPE>
<CFDA_NUM>47.049</CFDA_NUM>
<NSF_PAR_USE_FLAG>1</NSF_PAR_USE_FLAG>
<FUND_AGCY_CODE>4900</FUND_AGCY_CODE>
<AWDG_AGCY_CODE>4900</AWDG_AGCY_CODE>
<AwardID>2302064</AwardID>
<Investigator>
<FirstName>Ashay</FirstName>
<LastName>Burungale</LastName>
<PI_MID_INIT/>
<PI_SUFX_NAME/>
<PI_FULL_NAME>Ashay Burungale</PI_FULL_NAME>
<EmailAddress><![CDATA[ashayburungale@gmail.com]]></EmailAddress>
<NSF_ID>000788531</NSF_ID>
<StartDate>06/27/2023</StartDate>
<EndDate/>
<RoleCode>Principal Investigator</RoleCode>
</Investigator>
<Institution>
<Name><![CDATA[University of Texas at Austin]]></Name>
<CityName>AUSTIN</CityName>
<ZipCode>787121139</ZipCode>
<PhoneNumber>5124716424</PhoneNumber>
<StreetAddress><![CDATA[110 INNER CAMPUS DR]]></StreetAddress>
<StreetAddress2/>
<CountryName>United States</CountryName>
<StateName>Texas</StateName>
<StateCode>TX</StateCode>
<CONGRESSDISTRICT>25</CONGRESSDISTRICT>
<CONGRESS_DISTRICT_ORG>TX25</CONGRESS_DISTRICT_ORG>
<ORG_UEI_NUM>V6AFQPN18437</ORG_UEI_NUM>
<ORG_LGL_BUS_NAME>UNIVERSITY OF TEXAS AT AUSTIN</ORG_LGL_BUS_NAME>
<ORG_PRNT_UEI_NUM/>
</Institution>
<Performance_Institution>
<Name><![CDATA[University of Texas at Austin]]></Name>
<CityName>AUSTIN</CityName>
<StateCode>TX</StateCode>
<ZipCode>787121139</ZipCode>
<StreetAddress><![CDATA[110 INNER CAMPUS DR]]></StreetAddress>
<CountryCode>US</CountryCode>
<CountryName>United States</CountryName>
<StateName>Texas</StateName>
<CountryFlag>1</CountryFlag>
<CONGRESSDISTRICT>25</CONGRESSDISTRICT>
<CONGRESS_DISTRICT_PERF>TX25</CONGRESS_DISTRICT_PERF>
</Performance_Institution>
<ProgramElement>
<Code>126400</Code>
<Text>ALGEBRA,NUMBER THEORY,AND COM</Text>
</ProgramElement>
<Appropriation>
<Code/>
<Name/>
<APP_SYMB_ID/>
</Appropriation>
<Fund>
<Code>01002324DB</Code>
<Name><![CDATA[NSF RESEARCH & RELATED ACTIVIT]]></Name>
<FUND_SYMB_ID>040100</FUND_SYMB_ID>
</Fund>
<FUND_OBLG>2023~151998</FUND_OBLG>
</Award>
</rootTag>
